1,0,0,0,0,0,0.1638,0
1,0,0,0,0,0,0.39829,0
1,0.50009,0.49864,0.50107,0.095238,0.062842,1,0
1,0,0,0,0.095238,0.071451,1,0.0084034
1,0,0,0,0.095238,0.067565,1,0.016807
1,0.50008,0.49867,0.50095,0.095238,0.062842,1,0.02521
1,0.50006,0.4987,0.50092,0.095238,0.062842,1,0.033613
1,0.50002,0.49875,0.5009,0.095238,0.062842,1,0.042017
1,0.49996,0.49883,0.5009,0.095238,0.067565,1,0.05042
1,0.49988,0.49897,0.50092,0.095238,0.10054,1,0.058824
1,0.49995,0.49877,0.50096,0.22544,0.063984,0.94822,0.067227
1,0.4998,0.49913,0.50096,0.095238,0.14555,1,0.067227
1,0,0,0,0,0,0.94822,0.07563
1,0.49982,0.49902,0.50091,0.25126,0.19433,1,0.07563
1,0.49983,0.49896,0.50087,0.36625,0.24442,1,0.084034
1,0,0,0,0.45714,0.24001,1,0.092437
1,0,0,0,0.49828,0.24001,1,0.10084
1,0,0,0,0.9044,0.24001,1,0.10924
1,0,0,0,0.90476,0.24149,1,0.11765
1,0,0,0,0.78028,0.24869,1,0.12605
1,0,0,0,0.8992,0.079405,0.94822,0.13445
1,0,0,0,0.55742,0.24869,1,0.13445
1,0.50043,0.4981,0.50011,0.90476,0.13361,0.94822,0.14286
1,0.49972,0.49888,0.50031,0.60086,0.24869,1,0.14286
1,0.50038,0.49845,0.50009,0.67333,0.035709,0.90616,0.15126
1,0,0,0,0.89439,0.18252,0.94822,0.15126
1,0.49972,0.49885,0.50022,0.6421,0.25135,1,0.15126
1,0,0,0,0.89812,0.087043,0.90616,0.15966
1,0.50021,0.49922,0.50024,0.4053,0.24086,0.94822,0.15966
1,0.49953,0.49945,0.50026,0.32264,0.26172,1,0.15966
1,0.49972,0.49877,0.50059,0.4031,0.10716,0.8362,0.16807
1,0.50018,0.4984,0.50015,0.72273,0.043811,0.86944,0.16807
1,0.50056,0.49836,0.49992,0.90476,0.12838,0.90616,0.16807
1,0.50007,0.49989,0.50031,0.095238,0.29593,0.94822,0.16807
1,0.49944,0.49984,0.50025,0.1279,0.27891,1,0.16807
1,0,0,0,0.19048,0.084,0.80542,0.17647
1,0.49956,0.4993,0.50073,0.19048,0.18484,0.8362,0.17647
1,0,0,0,0.90476,0.12899,0.86944,0.17647
1,0.50049,0.49876,0.49993,0.76415,0.17056,0.90616,0.17647
1,0.5001,0.50002,0.50025,0.095238,0.35123,0.94822,0.17647
1,0.49947,0.49996,0.50017,0.095238,0.30173,1,0.17647
1,0,0,0,0,0.026657,0.74904,0.18487
1,0,0,0,0.19048,0.089307,0.77648,0.18487
1,0,0,0,0.19048,0.18418,0.80542,0.18487
1,0,0,0,0.32148,0.26158,0.8362,0.18487
1,0.50027,0.49855,0.5002,0.90293,0.21459,0.86944,0.18487
1,0,0,0,0.34178,0.23299,0.90616,0.18487
1,0.50011,0.50016,0.50019,0.095238,0.41084,0.94822,0.18487
1,0.49954,0.50003,0.50007,0.095238,0.32895,1,0.18487
1,0.50028,0.50021,0.50098,0,0.073427,0.7227,0.19328
1,0,0,0,0.90455,0.13058,0.74904,0.19328
1,0,0,0,0.59019,0.19025,0.77648,0.19328
1,0.49978,0.49857,0.50081,0.59299,0.2631,0.80542,0.19328
1,0,0,0,0.76638,0.3352,0.8362,0.19328
1,0.50001,0.49953,0.50045,0.48292,0.30018,0.86944,0.19328
1,0.50005,0.50035,0.50018,0.095238,0.30336,0.90616,0.19328
1,0.5001,0.50029,0.50012,0.095238,0.45375,0.94822,0.19328
1,0.4996,0.50011,0.49998,0.095238,0.35952,1,0.19328
1,0.50047,0.50038,0.50084,0,0.073259,0.69726,0.20168
1,0.50084,0.49889,0.50069,0.90476,0.17962,0.7227,0.20168
1,0,0,0,0.90476,0.2406,0.74904,0.20168
1,0,0,0,0.90476,0.27579,0.77648,0.20168
1,0,0,0,0.90476,0.3463,0.80542,0.20168
1,0,0,0,0.56692,0.41837,0.8362,0.20168
1,0.49979,0.50044,0.50069,0.095238,0.38522,0.86944,0.20168
1,0.50001,0.50058,0.50019,0.095238,0.37714,0.90616,0.20168
1,0.50006,0.50043,0.50005,0.095238,0.49896,0.94822,0.20168
1,0.49965,0.50021,0.4999,0.095238,0.38663,1,0.20168
1,0.50105,0.49899,0.50049,0.90476,0.15253,0.69726,0.21008
1,0,0,0,0.90476,0.26184,0.7227,0.21008
1,0,0,0,0.5081,0.34925,0.74904,0.21008
1,0.4997,0.49972,0.50122,0.19279,0.37209,0.77648,0.21008
1,0.49949,0.49956,0.50115,0.1892,0.43697,0.80542,0.21008
1,0.49956,0.50015,0.50111,0.095238,0.50634,0.8362,0.21008
1,0.4998,0.50066,0.50078,0.095238,0.46901,0.86944,0.21008
1,0.49993,0.50079,0.50021,0.095238,0.45259,0.90616,0.21008
1,0.49998,0.5006,0.50001,0.095238,0.55013,0.94822,0.21008
1,0.49969,0.50032,0.49983,0.095238,0.41587,1,0.21008
1,0.50105,0.49872,0.50034,0.89628,0.10242,0.67255,0.21849
1,0.50106,0.49908,0.50048,0.90476,0.18829,0.69726,0.21849
1,0.50081,0.49922,0.5007,0.77727,0.19629,0.7227,0.21849
1,0.50004,0.50019,0.50118,0.095238,0.26102,0.74904,0.21849
1,0,0,0,0.095238,0.36012,0.77648,0.21849
1,0.49946,0.49982,0.50123,0.095238,0.48665,0.80542,0.21849
1,0,0,0,0.095238,0.5969,0.8362,0.21849
1,0.49981,0.50085,0.50086,0.095238,0.55282,0.86944,0.21849
1,0.49982,0.50099,0.50024,0.095238,0.52887,0.90616,0.21849
1,0.49986,0.50078,0.5,0.095238,0.60567,0.94822,0.21849
1,0.49971,0.50044,0.49978,0.095238,0.44717,1,0.21849
1,0.50078,0.49892,0.50042,0.56553,0.049621,0.64844,0.22689
1,0.50105,0.49874,0.5003,0.90476,0.1274,0.67255,0.22689
1,0.50094,0.4993,0.50041,0.65848,0.086233,0.69726,0.22689
1,0.50043,0.50024,0.50082,0.095238,0.096123,0.7227,0.22689
1,0.5001,0.50005,0.50106,0.095238,0.17389,0.74904,0.22689
1,0,0,0,0.095238,0.28593,0.77648,0.22689
1,0,0,0,0.095238,0.42934,0.80542,0.22689
1,0.4997,0.50033,0.50117,0.095238,0.59044,0.8362,0.22689
1,0.49982,0.50102,0.50093,0.095238,0.63495,0.86944,0.22689
1,0.49969,0.50117,0.50029,0.095238,0.60557,0.90616,0.22689
1,0.49971,0.50098,0.50002,0.095238,0.66439,0.94822,0.22689
1,0.49971,0.50057,0.49975,0.095238,0.48007,1,0.22689
1,0,0,0,0,0,0.62485,0.23529
1,0,0,0,0.36394,0.076222,0.64844,0.23529
1,0.50014,0.49992,0.50093,0.095238,0.089295,0.74904,0.23529
1,0.49979,0.4997,0.50102,0.095238,0.22826,0.77648,0.23529
1,0.49967,0.49969,0.50105,0.095238,0.38326,0.80542,0.23529
1,0,0,0,0.095238,0.5599,0.8362,0.23529
1,0.49981,0.50117,0.501,0.095238,0.71693,0.86944,0.23529
1,0.49954,0.50134,0.50034,0.095238,0.68243,0.90616,0.23529
1,0.49954,0.50117,0.50007,0.095238,0.72542,0.94822,0.23529
1,0.49969,0.5007,0.49974,0.095238,0.50988,1,0.23529
1,0.50036,0.4996,0.50063,0.03249,0.042677,0.62485,0.2437
1,0.50018,0.49982,0.50082,0.095238,0.031265,0.74904,0.2437
1,0.49984,0.49967,0.50094,0.095238,0.19053,0.77648,0.2437
1,0.49977,0.4997,0.50097,0.095238,0.36319,0.80542,0.2437
1,0.49994,0.50028,0.50104,0.095238,0.5472,0.8362,0.2437
1,0.49981,0.5012,0.50098,0.095238,0.74609,0.86944,0.2437
1,0.49939,0.50148,0.50041,0.095238,0.75928,0.90616,0.2437
1,0.4994,0.50125,0.50007,0.095238,0.72585,0.94822,0.2437
1,0.49967,0.5007,0.49966,0.095238,0.47984,1,0.2437
1,0.5005,0.49919,0.50052,0.29053,0.073818,0.62485,0.2521
1,0.50018,0.49983,0.50077,0.095238,0.031265,0.74904,0.2521
1,0.49989,0.49973,0.50088,0.095238,0.19053,0.77648,0.2521
1,0.49987,0.49976,0.5009,0.095238,0.36319,0.80542,0.2521
1,0.50004,0.50029,0.50097,0.095238,0.5472,0.8362,0.2521
1,0.49985,0.50103,0.50083,0.095238,0.67458,0.86944,0.2521
1,0.49926,0.50151,0.50042,0.095238,0.78453,0.90616,0.2521
1,0.4993,0.50121,0.50002,0.095238,0.66567,0.94822,0.2521
1,0.49965,0.50069,0.49959,0.095238,0.4514,1,0.2521
1,0,0,0,0,0,0.60171,0.2605
1,0.50041,0.49942,0.50053,0.14873,0.055978,0.62485,0.2605
1,0.50042,0.50002,0.50046,0,0.038656,0.67255,0.2605
1,0,0,0,0,0,0.7227,0.2605
1,0.50017,0.49991,0.50075,0.095238,0.072022,0.74904,0.2605
1,0.49994,0.49982,0.50083,0.095238,0.21024,0.77648,0.2605
1,0.49996,0.49985,0.50083,0.095238,0.37336,0.80542,0.2605
1,0.50015,0.50021,0.50083,0.095238,0.49706,0.8362,0.2605
1,0.49988,0.50086,0.50067,0.095238,0.60615,0.86944,0.2605
1,0.4992,0.50137,0.50034,0.095238,0.72061,0.90616,0.2605
1,0.49922,0.50114,0.49999,0.095238,0.60529,0.94822,0.2605
1,0.49963,0.50065,0.49954,0.095238,0.42497,1,0.2605
1,0,0,0,0.40169,0.0276,0.57878,0.26891
1,0.5003,0.49953,0.50055,0.25488,0.031265,0.74904,0.26891
1,0.5,0.49983,0.50072,0.095238,0.19025,0.77648,0.26891
1,0.50008,0.49982,0.50067,0.095238,0.31577,0.80542,0.26891
1,0.50025,0.50008,0.50062,0.095238,0.41575,0.8362,0.26891
1,0.4999,0.5007,0.50052,0.095238,0.54512,0.86944,0.26891
1,0.49916,0.50123,0.50027,0.095238,0.65737,0.90616,0.26891
1,0.49918,0.50106,0.49997,0.095238,0.54483,0.94822,0.26891
1,0.49961,0.50058,0.49948,0.095238,0.39611,1,0.26891
1,0.50023,0.49933,0.50044,0.32067,0.1143,0.77648,0.27731
1,0.50018,0.49974,0.50047,0.095238,0.23493,0.80542,0.27731
1,0.50033,0.49997,0.50042,0.095238,0.33991,0.8362,0.27731
1,0.49993,0.50056,0.50038,0.095238,0.48641,0.86944,0.27731
1,0.49916,0.50109,0.50021,0.095238,0.59517,0.90616,0.27731
1,0.49917,0.50096,0.49996,0.095238,0.4837,0.94822,0.27731
1,0.4996,0.50046,0.49941,0.095238,0.36061,1,0.27731
1,0.50031,0.49835,0.50111,0.58013,0.069578,0.46639,0.28571
1,0.50051,0.49839,0.50117,0.5665,0.070053,0.4888,0.28571
1,0,0,0,0,0,0.64844,0.28571
1,0.50041,0.49893,0.5002,0.49786,0.054444,0.77648,0.28571
1,0.50028,0.49965,0.50028,0.095238,0.15301,0.80542,0.28571
1,0.50039,0.49989,0.50024,0.095238,0.27801,0.8362,0.28571
1,0.49996,0.50042,0.50023,0.095238,0.4186,0.86944,0.28571
1,0.4992,0.50095,0.50017,0.095238,0.53453,0.90616,0.28571
1,0.4992,0.50083,0.49994,0.095238,0.42118,0.94822,0.28571
1,0.4996,0.50032,0.49934,0.095238,0.32419,1,0.28571
1,0.5001,0.4984,0.50125,0.59223,0.067569,0.42122,0.29412
1,0,0,0,0.095238,0.12701,0.44392,0.29412
1,0,0,0,0.095238,0.18956,0.46639,0.29412
1,0.50018,0.49946,0.50143,0.095238,0.1692,0.4888,0.29412
1,0.50046,0.49913,0.5013,0.29239,0.093883,0.5112,0.29412
1,0.50045,0.49939,0.50125,0.20798,0.069578,0.53361,0.29412
1,0,0,0,0,0,0.62485,0.29412
1,0,0,0,0,0,0.64844,0.29412
1,0.50052,0.49904,0.49998,0.38591,0.072505,0.80542,0.29412
1,0.50042,0.49983,0.50009,0.095238,0.22268,0.8362,0.29412
1,0.49999,0.50032,0.50011,0.095238,0.3613,0.86944,0.29412
1,0.49927,0.50084,0.50014,0.095238,0.47544,0.90616,0.29412
1,0.49927,0.50069,0.49992,0.095238,0.35839,0.94822,0.29412
1,0.49961,0.50015,0.49926,0.095238,0.28888,1,0.29412
1,0.49948,0.4971,0.50584,0.44337,0.046554,0,0.30252
1,0,0,0,0,0,0.093843,0.30252
1,0,0,0,0.47153,0.043811,0.13056,0.30252
1,0,0,0,0,0,0.1638,0.30252
1,0.49934,0.49872,0.5032,0.11131,0.021418,0.22352,0.30252
1,0.50038,0.4979,0.50145,0.89005,0.086412,0.39829,0.30252
1,0.49976,0.49961,0.50154,0.095238,0.18518,0.42122,0.30252
1,0.49976,0.49979,0.50141,0.095238,0.2493,0.44392,0.30252
1,0.49989,0.49984,0.50146,0.095238,0.30735,0.46639,0.30252
1,0.50012,0.49973,0.5015,0.095238,0.26856,0.4888,0.30252
1,0,0,0,0.095238,0.15661,0.5112,0.30252
1,0.50047,0.49938,0.5012,0.26198,0.069578,0.53361,0.30252
1,0,0,0,0,0,0.62485,0.30252
1,0.50045,0.49975,0.49992,0.095238,0.15171,0.8362,0.30252
1,0.50003,0.50024,0.50002,0.095238,0.30665,0.86944,0.30252
1,0.49937,0.50071,0.5001,0.095238,0.40638,0.90616,0.30252
1,0.49937,0.50052,0.49988,0.095238,0.29386,0.94822,0.30252
1,0.49964,0.49996,0.49916,0.095238,0.24568,1,0.30252
1,0.49954,0.49691,0.50579,0.58302,0.087438,0,0.31092
1,0,0,0,0,0,0.093843,0.31092
1,0.49906,0.4985,0.50427,0.095238,0.043811,0.13056,0.31092
1,0.49912,0.49883,0.50355,0.095238,0.082898,0.19458,0.31092
1,0.49936,0.49871,0.50317,0.2289,0.11623,0.22352,0.31092
1,0.49961,0.49863,0.50268,0.25282,0.061097,0.25096,0.31092
1,0.49992,0.49811,0.5021,0.6359,0.057675,0.2773,0.31092
1,0,0,0,0.63315,0.032806,0.30274,0.31092
1,0,0,0,0,0,0.35156,0.31092
1,0.5003,0.49819,0.50169,0.68293,0.055978,0.37515,0.31092
1,0.50028,0.49846,0.50162,0.68817,0.14795,0.39829,0.31092
1,0.49978,0.49991,0.50163,0.095238,0.26218,0.42122,0.31092
1,0.49973,0.50016,0.50151,0.095238,0.36228,0.44392,0.31092
1,0,0,0,0.095238,0.37937,0.46639,0.31092
1,0.5001,0.49981,0.50141,0.095238,0.24558,0.4888,0.31092
1,0.50028,0.4997,0.50133,0.095238,0.11282,0.5112,0.31092
1,0,0,0,0,0,0.53361,0.31092
1,0,0,0,0,0,0.62485,0.31092
1,0,0,0,0,0,0.77648,0.31092
1,0.50067,0.49911,0.49966,0.44244,0.098275,0.8362,0.31092
1,0.50006,0.50022,0.49995,0.095238,0.2684,0.86944,0.31092
1,0.49949,0.5006,0.50006,0.095238,0.33886,0.90616,0.31092
1,0.49948,0.50035,0.49981,0.095238,0.22929,0.94822,0.31092
1,0.49967,0.49977,0.49906,0.095238,0.20449,1,0.31092
1,0.49936,0.49734,0.50579,0.34453,0.079429,0,0.31933
1,0.49911,0.49885,0.50345,0.095238,0.084,0.19458,0.31933
1,0.4993,0.49892,0.50308,0.095238,0.089307,0.22352,0.31933
1,0.49949,0.49908,0.50273,0.095238,0.14135,0.25096,0.31933
1,0,0,0,0.28675,0.17301,0.2773,0.31933
1,0,0,0,0.62916,0.14174,0.30274,0.31933
1,0.50002,0.49836,0.50152,0.76378,0.14337,0.32745,0.31933
1,0,0,0,0.90476,0.14602,0.35156,0.31933
1,0.50037,0.49821,0.50173,0.82621,0.15706,0.37515,0.31933
1,0.49995,0.49982,0.50201,0.095238,0.24188,0.39829,0.31933
1,0.49983,0.50024,0.50175,0.095238,0.3369,0.42122,0.31933
1,0,0,0,0.095238,0.44423,0.44392,0.31933
1,0,0,0,0.095238,0.40931,0.46639,0.31933
1,0.50002,0.50003,0.50141,0.095238,0.28972,0.4888,0.31933
1,0.50036,0.49944,0.50125,0.38718,0.19055,0.5112,0.31933
1,0.50057,0.49898,0.50099,0.64665,0.11257,0.53361,0.31933
1,0,0,0,0,0,0.55608,0.31933
1,0,0,0,0,0,0.60171,0.31933
1,0,0,0,0,0,0.80542,0.31933
1,0.50045,0.49971,0.49972,0.095238,0.060626,0.8362,0.31933
1,0.50009,0.50027,0.49994,0.095238,0.25795,0.86944,0.31933
1,0.49962,0.5005,0.50001,0.095238,0.27419,0.90616,0.31933
1,0.49959,0.50018,0.49972,0.095238,0.16485,0.94822,0.31933
1,0.49971,0.49959,0.49895,0.095238,0.16695,1,0.31933
1,0,0,0,0.095238,0.031365,0,0.32773
1,0.4995,0.49906,0.50255,0.095238,0.10957,0.25096,0.32773
1,0,0,0,0.095238,0.073427,0.2773,0.32773
1,0,0,0,0.095238,0.086233,0.30274,0.32773
1,0.49955,0.49971,0.50169,0.095238,0.18642,0.32745,0.32773
1,0,0,0,0.095238,0.27117,0.35156,0.32773
1,0.49989,0.49983,0.50216,0.095238,0.28018,0.37515,0.32773
1,0.49999,0.50016,0.50217,0.095238,0.33672,0.39829,0.32773
1,0.49987,0.50064,0.50192,0.095238,0.42977,0.42122,0.32773
1,0.49972,0.5009,0.50172,0.095238,0.52584,0.44392,0.32773
1,0.49975,0.50067,0.50154,0.095238,0.47598,0.46639,0.32773
1,0.4999,0.50036,0.50146,0.095238,0.37816,0.4888,0.32773
1,0.50037,0.49932,0.5012,0.63086,0.28888,0.5112,0.32773
1,0.50053,0.49897,0.50097,0.78788,0.18951,0.53361,0.32773
1,0,0,0,0.58174,0.067458,0.55608,0.32773
1,0.50042,0.49978,0.4997,0.095238,0.060626,0.8362,0.32773
1,0.50012,0.5003,0.49991,0.095238,0.23497,0.86944,0.32773
1,0.49974,0.50041,0.49994,0.095238,0.21169,0.90616,0.32773
1,0.49968,0.5,0.49961,0.095238,0.10107,0.94822,0.32773
1,0.49974,0.49942,0.49885,0.095238,0.12845,1,0.32773
1,0.49927,0.49905,0.50281,0,0.036807,0.22352,0.33613
1,0.49952,0.49897,0.50231,0.095238,0.031265,0.25096,0.33613
1,0.49951,0.49969,0.50142,0.095238,0.12333,0.32745,0.33613
1,0.4996,0.49991,0.50178,0.095238,0.26659,0.35156,0.33613
1,0.49983,0.50019,0.50225,0.095238,0.40574,0.37515,0.33613
1,0.49999,0.50055,0.50232,0.095238,0.44819,0.39829,0.33613
1,0.50015,0.50033,0.50193,0.49797,0.52359,0.42122,0.33613
1,0.49977,0.50107,0.5017,0.095238,0.4874,0.44392,0.33613
1,0.49972,0.5008,0.50146,0.095238,0.4358,0.46639,0.33613
1,0.4998,0.50058,0.50144,0.095238,0.40837,0.4888,0.33613
1,0.50011,0.49989,0.50122,0.38202,0.28887,0.5112,0.33613
1,0.50022,0.49963,0.501,0.44433,0.1677,0.53361,0.33613
1,0.50022,0.49956,0.5008,0.32756,0.067458,0.55608,0.33613
1,0.50035,0.49988,0.49967,0.026019,0.021091,0.8362,0.33613
1,0.50015,0.50027,0.49985,0.095238,0.18436,0.86944,0.33613
1,0.49985,0.50031,0.49986,0.095238,0.1494,0.90616,0.33613
1,0.49976,0.49984,0.49946,0.095238,0.041559,0.94822,0.33613
1,0.49977,0.49929,0.49874,0.095238,0.091447,1,0.33613
1,0,0,0,0,0,0.19458,0.34454
1,0.49943,0.49979,0.50124,0.095238,0.1359,0.32745,0.34454
1,0.49952,0.50002,0.50162,0.095238,0.27277,0.35156,0.34454
1,0.49979,0.50033,0.50216,0.095238,0.4117,0.37515,0.34454
1,0.50022,0.50019,0.50227,0.51182,0.54945,0.39829,0.34454
1,0.50019,0.50055,0.50194,0.45369,0.47809,0.42122,0.34454
1,0.49983,0.5011,0.50159,0.095238,0.37903,0.44392,0.34454
1,0.49973,0.50077,0.50129,0.095238,0.30923,0.46639,0.34454
1,0.49976,0.50054,0.50123,0.095238,0.28929,0.4888,0.34454
1,0,0,0,0.095238,0.2281,0.5112,0.34454
1,0.49993,0.50022,0.50099,0.095238,0.11188,0.53361,0.34454
1,0,0,0,0,0,0.55608,0.34454
1,0.50017,0.50025,0.49979,0.095238,0.14449,0.86944,0.34454
1,0.49993,0.50019,0.49974,0.095238,0.084012,0.90616,0.34454
1,0.49979,0.49918,0.49863,0.095238,0.049797,1,0.34454
1,0,0,0,0,0,0.19458,0.35294
1,0.49946,0.49913,0.50207,0.095238,0.058601,0.25096,0.35294
1,0.49948,0.49941,0.50161,0.095238,0.096123,0.2773,0.35294
1,0.49941,0.49969,0.50123,0.095238,0.11689,0.30274,0.35294
1,0.49932,0.50002,0.50117,0.095238,0.21763,0.32745,0.35294
1,0.49962,0.49959,0.50137,0.44207,0.32315,0.35156,0.35294
1,0.4999,0.49998,0.50195,0.40505,0.44549,0.37515,0.35294
1,0.50023,0.50031,0.5022,0.53621,0.54196,0.39829,0.35294
1,0.50002,0.50127,0.50203,0.095238,0.41262,0.42122,0.35294
1,0.49986,0.50115,0.50151,0.095238,0.29152,0.44392,0.35294
1,0.49974,0.50075,0.50112,0.095238,0.19152,0.46639,0.35294
1,0.49974,0.50045,0.50101,0.095238,0.15685,0.4888,0.35294
1,0.49977,0.50045,0.50105,0.095238,0.19118,0.5112,0.35294
1,0.5001,0.49952,0.5007,0.47393,0.068923,0.53361,0.35294
1,0.50016,0.50024,0.49975,0.095238,0.12518,0.86944,0.35294
1,0.49997,0.50009,0.49962,0.095238,0.039898,0.90616,0.35294
1,0.49947,0.49939,0.50144,0.08941,0.04772,0.2773,0.36134
1,0.49937,0.49974,0.50112,0.095238,0.11689,0.30274,0.36134
1,0.49928,0.49998,0.50097,0.095238,0.1615,0.32745,0.36134
1,0.49936,0.50018,0.50127,0.095238,0.25617,0.35156,0.36134
1,0.4998,0.50014,0.50174,0.30062,0.35723,0.37515,0.36134
1,0.50007,0.50074,0.50213,0.30698,0.47315,0.39829,0.36134
1,0.50001,0.50139,0.50197,0.095238,0.38331,0.42122,0.36134
1,0.49985,0.50125,0.50146,0.095238,0.24801,0.44392,0.36134
1,0.49972,0.50078,0.50101,0.095238,0.11448,0.46639,0.36134
1,0.49975,0.50031,0.50083,0.095238,0.070309,0.5112,0.36134
1,0.49979,0.50024,0.50075,0.045686,0.030423,0.53361,0.36134
1,0.50016,0.50014,0.49964,0.095238,0.068132,0.86944,0.36134
1,0.49943,0.49943,0.50067,0.33625,0.069306,0.32745,0.36975
1,0.49932,0.5001,0.50102,0.095238,0.16806,0.35156,0.36975
1,0.49961,0.5005,0.50159,0.095238,0.29301,0.37515,0.36975
1,0.4999,0.50114,0.50202,0.095238,0.41262,0.39829,0.36975
1,0.49998,0.50142,0.50185,0.095238,0.33181,0.42122,0.36975
1,0.49981,0.50133,0.5014,0.095238,0.2212,0.44392,0.36975
1,0.49966,0.50092,0.50099,0.095238,0.11448,0.46639,0.36975
1,0.49956,0.49937,0.5007,0.51763,0.1342,0.35156,0.37815
1,0.49997,0.49934,0.50113,0.78811,0.27098,0.37515,0.37815
1,0.50029,0.49974,0.50143,0.80952,0.28542,0.39829,0.37815
1,0.50033,0.50022,0.50143,0.78171,0.29471,0.42122,0.37815
1,0.49978,0.5013,0.50127,0.095238,0.15976,0.44392,0.37815
1,0.49965,0.50086,0.50085,0.095238,0.032299,0.46639,0.37815
1,0.49977,0.49913,0.49838,0.095238,0.06279,1,0.37815
1,0.49968,0.49905,0.50052,0.70392,0.1043,0.35156,0.38655
1,0.49999,0.49917,0.50084,0.80952,0.14886,0.37515,0.38655
1,0.50026,0.49958,0.50112,0.80952,0.16115,0.39829,0.38655
1,0.50025,0.50017,0.50122,0.73618,0.20528,0.42122,0.38655
1,0.4997,0.5014,0.50124,0.095238,0.19294,0.44392,0.38655
1,0.4996,0.50099,0.50085,0.095238,0.071439,0.46639,0.38655
1,0.49974,0.49921,0.49837,0.095238,0.11263,1,0.38655
1,0.49992,0.50032,0.50106,0.30786,0.061372,0.39829,0.39496
1,0.50011,0.50028,0.50101,0.55201,0.089579,0.42122,0.39496
1,0.4999,0.50064,0.50093,0.45873,0.13167,0.44392,0.39496
1,0.49971,0.50065,0.50072,0.29263,0.069578,0.46639,0.39496
1,0.4998,0.49964,0.49886,0.095238,0.037957,0.94822,0.39496
1,0.49971,0.49932,0.49837,0.095238,0.16207,1,0.39496
1,0.49999,0.50019,0.50071,0.64921,0.091711,0.44392,0.40336
1,0.4997,0.49933,0.4983,0.095238,0.14509,1,0.40336
1,0.4997,0.49933,0.49823,0.095238,0.11563,1,0.41176
1,0.4997,0.49935,0.49817,0.095238,0.087438,1,0.42017
1,0.49971,0.49938,0.49813,0.095238,0.06279,1,0.42857
1,0.49983,0.49912,0.50027,0.095238,0.038045,0.60171,0.45378
1,0,0,0,0.55427,0.035102,0.57878,0.46218
1,0.49982,0.49923,0.50038,0.095238,0.11245,0.60171,0.46218
1,0.49982,0.49888,0.5002,0.095238,0.14886,0.62485,0.46218
1,0.49973,0.49868,0.49995,0.095238,0.14602,0.64844,0.46218
1,0.49966,0.4987,0.49982,0.095238,0.10272,0.67255,0.46218
1,0.4997,0.4999,0.49995,0.30233,0.032299,0.53361,0.47059
1,0.50004,0.49892,0.49999,0.80461,0.13026,0.55608,0.47059
1,0.49983,0.49951,0.50037,0.27064,0.15534,0.57878,0.47059
1,0.49981,0.49944,0.50052,0.095238,0.22403,0.60171,0.47059
1,0.49981,0.4991,0.50035,0.095238,0.2762,0.62485,0.47059
1,0.49971,0.49887,0.50007,0.095238,0.26302,0.64844,0.47059
1,0.49963,0.4988,0.49987,0.095238,0.15805,0.67255,0.47059
1,0.4997,0.49896,0.49987,0.095238,0.062207,0.69726,0.47059
1,0.49968,0.49988,0.49988,0.31146,0.032299,0.53361,0.47899
1,0.50001,0.49898,0.49998,0.80241,0.15976,0.55608,0.47899
1,0.49966,0.50007,0.50059,0.095238,0.28526,0.57878,0.47899
1,0.49981,0.49966,0.50064,0.095238,0.32681,0.60171,0.47899
1,0.49982,0.49938,0.50051,0.095238,0.40235,0.62485,0.47899
1,0.49971,0.49909,0.50018,0.095238,0.348,0.64844,0.47899
1,0.49961,0.49904,0.5,0.095238,0.24552,0.67255,0.47899
1,0,0,0,0.095238,0.1453,0.69726,0.47899
1,0,0,0,0.17886,0.10499,0.7227,0.47899
1,0,0,0,0.095238,0.054444,0.77648,0.47899
1,0.49984,0.49981,0.49946,0.095238,0.050763,0.80542,0.47899
1,0,0,0,0.095238,0.064822,0.90616,0.47899
1,0.49952,0.50023,0.49989,0.095238,0.032299,0.53361,0.48739
1,0.49967,0.49981,0.50011,0.31944,0.15976,0.55608,0.48739
1,0.49965,0.50009,0.50056,0.095238,0.29471,0.57878,0.48739
1,0.4998,0.4999,0.50076,0.095238,0.43147,0.60171,0.48739
1,0.49983,0.49966,0.50065,0.095238,0.51002,0.62485,0.48739
1,0.49973,0.49937,0.50032,0.095238,0.43506,0.64844,0.48739
1,0.4996,0.49932,0.50016,0.095238,0.33455,0.67255,0.48739
1,0,0,0,0.095238,0.24108,0.69726,0.48739
1,0,0,0,0.29481,0.16283,0.7227,0.48739
1,0,0,0,0.01901,0.058601,0.74904,0.48739
1,0,0,0,0,0,0.77648,0.48739
1,0.49983,0.49984,0.49949,0.095238,0.082898,0.80542,0.48739
1,0.49953,0.50018,0.49888,0.095238,0.038333,0.86944,0.48739
1,0.49943,0.50016,0.49872,0.095238,0.084012,0.90616,0.48739
1,0.4995,0.50019,0.49983,0.095238,0.032299,0.53361,0.4958
1,0.49949,0.50015,0.50012,0.095238,0.15851,0.55608,0.4958
1,0.49964,0.50002,0.50047,0.095238,0.27263,0.57878,0.4958
1,0.49983,0.49988,0.50069,0.095238,0.40171,0.60171,0.4958
1,0.49987,0.49981,0.50069,0.095238,0.53653,0.62485,0.4958
1,0.49974,0.49968,0.50047,0.095238,0.52323,0.64844,0.4958
1,0.4996,0.49963,0.50034,0.095238,0.42374,0.67255,0.4958
1,0.49963,0.49967,0.50037,0.095238,0.32968,0.69726,0.4958
1,0.49991,0.49918,0.50015,0.28333,0.17792,0.7227,0.4958
1,0,0,0,0,0,0.74904,0.4958
1,0,0,0,0,0,0.77648,0.4958
1,0,0,0,0.11693,0.082898,0.80542,0.4958
1,0.49951,0.5002,0.49887,0.095238,0.05603,0.86944,0.4958
1,0,0,0,0,0,0.94822,0.4958
1,0.49946,0.5,0.5,0.095238,0.11594,0.55608,0.5042
1,0.49961,0.49993,0.50038,0.095238,0.25045,0.57878,0.5042
1,0.49982,0.49986,0.50063,0.095238,0.38714,0.60171,0.5042
1,0.49989,0.49988,0.50068,0.095238,0.52584,0.62485,0.5042
1,0.49973,0.49998,0.50063,0.095238,0.61173,0.64844,0.5042
1,0.49961,0.49989,0.5005,0.095238,0.49589,0.67255,0.5042
1,0.49965,0.4998,0.50048,0.095238,0.35535,0.69726,0.5042
1,0,0,0,0.10432,0.22056,0.7227,0.5042
1,0.49996,0.49939,0.50003,0.095238,0.066228,0.74904,0.5042
1,0,0,0,0.16348,0.05462,0.80542,0.5042
1,0,0,0,0.095238,0.055523,0.8362,0.5042
1,0.49952,0.50013,0.49886,0.095238,0.055139,0.86944,0.5042
1,0,0,0,0,0,0.5112,0.51261
1,0.49944,0.50007,0.49971,0.095238,0.032299,0.53361,0.51261
1,0.49939,0.5,0.49999,0.095238,0.15976,0.55608,0.51261
1,0.49953,0.49994,0.50037,0.095238,0.29313,0.57878,0.51261
1,0.49977,0.4999,0.50062,0.095238,0.41576,0.60171,0.51261
1,0.49985,0.49998,0.50071,0.095238,0.54701,0.62485,0.51261
1,0.49978,0.49992,0.50057,0.095238,0.52602,0.64844,0.51261
1,0.49968,0.49984,0.50048,0.095238,0.42374,0.67255,0.51261
1,0.49971,0.4998,0.50051,0.095238,0.33326,0.69726,0.51261
1,0,0,0,0.10238,0.18571,0.7227,0.51261
1,0.5,0.49934,0.50004,0.095238,0.058601,0.74904,0.51261
1,0,0,0,0,0,0.77648,0.51261
1,0,0,0,0,0,0.80542,0.51261
1,0,0,0,0.095238,0.098275,0.8362,0.51261
1,0,0,0,0.095238,0.043811,0.86944,0.51261
1,0.49964,0.49944,0.49958,0.45363,0.070456,0.53361,0.52101
1,0.49949,0.4995,0.49987,0.33732,0.17153,0.55608,0.52101
1,0.49961,0.49944,0.50023,0.33864,0.30121,0.57878,0.52101
1,0.49968,0.49989,0.50061,0.095238,0.4359,0.60171,0.52101
1,0.49979,0.50003,0.50073,0.095238,0.56509,0.62485,0.52101
1,0.49979,0.49984,0.50052,0.095238,0.45652,0.64844,0.52101
1,0.49975,0.4997,0.50041,0.095238,0.33608,0.67255,0.52101
1,0.49981,0.49962,0.50043,0.095238,0.24108,0.69726,0.52101
1,0.49995,0.49943,0.5003,0.095238,0.14417,0.7227,0.52101
1,0.50005,0.49924,0.5,0.091762,0.026657,0.74904,0.52101
1,0,0,0,0,0,0.8362,0.52101
1,0,0,0,0.095238,0.043811,0.86944,0.52101
1,0,0,0,0,0,0.90616,0.52101
1,0.49945,0.49978,0.49838,0.1595,0.058194,0.94822,0.52101
1,0.49955,0.50028,0.49973,0.095238,0.042677,0.37515,0.52941
1,0.49956,0.50087,0.49982,0.095238,0.068923,0.46639,0.52941
1,0,0,0,0.095238,0.070053,0.4888,0.52941
1,0.49972,0.49994,0.49964,0.35065,0.070053,0.5112,0.52941
1,0.49983,0.4989,0.49953,0.78837,0.13052,0.53361,0.52941
1,0.49926,0.49999,0.50006,0.095238,0.25404,0.55608,0.52941
1,0.49936,0.49988,0.50037,0.095238,0.35439,0.57878,0.52941
1,0.49957,0.4999,0.50064,0.095238,0.47388,0.60171,0.52941
1,0.49974,0.49986,0.50064,0.095238,0.48745,0.62485,0.52941
1,0.49979,0.49968,0.50044,0.095238,0.37564,0.64844,0.52941
1,0,0,0,0.095238,0.27364,0.67255,0.52941
1,0.49991,0.49938,0.50032,0.095238,0.1453,0.69726,0.52941
1,0.50002,0.49927,0.50023,0.095238,0.090154,0.7227,0.52941
1,0,0,0,0,0,0.74904,0.52941
1,0,0,0,0,0,0.77648,0.52941
1,0,0,0,0,0,0.80542,0.52941
1,0,0,0,0,0,0.8362,0.52941
1,0,0,0,0.095238,0.088572,0.86944,0.52941
1,0.49944,0.49978,0.49842,0.19322,0.10259,0.94822,0.52941
1,0.4993,0.49992,0.4999,0.08941,0.04772,0.2773,0.53782
1,0.49941,0.49931,0.49924,0.53738,0.062207,0.30274,0.53782
1,0.49951,0.49903,0.49901,0.78158,0.098307,0.32745,0.53782
1,0.49926,0.50034,0.49952,0.095238,0.13607,0.35156,0.53782
1,0.49981,0.49954,0.49963,0.58347,0.13422,0.37515,0.53782
1,0.4998,0.49993,0.49987,0.42603,0.099745,0.39829,0.53782
1,0.49954,0.50075,0.50001,0.095238,0.089579,0.42122,0.53782
1,0.49949,0.50098,0.49994,0.095238,0.11167,0.44392,0.53782
1,0.49952,0.5011,0.49993,0.095238,0.16795,0.46639,0.53782
1,0.49959,0.50097,0.49995,0.095238,0.2009,0.4888,0.53782
1,0.49956,0.50062,0.49994,0.095238,0.2009,0.5112,0.53782
1,0.49973,0.49928,0.49975,0.6473,0.22891,0.53361,0.53782
1,0.49928,0.49987,0.50013,0.18471,0.31722,0.55608,0.53782
1,0.49926,0.49994,0.50047,0.095238,0.43105,0.57878,0.53782
1,0.49944,0.49996,0.50072,0.095238,0.54192,0.60171,0.53782
1,0.49966,0.4997,0.50058,0.095238,0.43189,0.62485,0.53782
1,0.49977,0.49948,0.50037,0.095238,0.3018,0.64844,0.53782
1,0.49987,0.49931,0.50026,0.095238,0.18642,0.67255,0.53782
1,0.50001,0.49918,0.50023,0.095238,0.086233,0.69726,0.53782
1,0,0,0,0,0,0.7227,0.53782
1,0,0,0,0,0,0.74904,0.53782
1,0,0,0,0,0,0.77648,0.53782
1,0,0,0,0,0,0.80542,0.53782
1,0,0,0,0,0,0.8362,0.53782
1,0,0,0,0.095238,0.1082,0.86944,0.53782
1,0.4994,0.49979,0.4987,0.095238,0.064822,0.90616,0.53782
1,0.49938,0.5,0.49853,0.095238,0.14859,0.94822,0.53782
1,0.49949,0.49927,0.50033,0.36043,0.058601,0.25096,0.54622
1,0.49925,0.50007,0.49996,0.095238,0.12967,0.2773,0.54622
1,0.49901,0.50032,0.4995,0.095238,0.17928,0.30274,0.54622
1,0.49909,0.5,0.49924,0.33215,0.19802,0.32745,0.54622
1,0.49914,0.50048,0.49962,0.10238,0.24441,0.35156,0.54622
1,0.49943,0.50055,0.5,0.095238,0.24852,0.37515,0.54622
1,0.49955,0.50067,0.50019,0.095238,0.20898,0.39829,0.54622
1,0.49947,0.50096,0.50018,0.095238,0.20528,0.42122,0.54622
1,0.4994,0.50127,0.50011,0.095238,0.24273,0.44392,0.54622
1,0.49947,0.50137,0.50009,0.095238,0.28748,0.46639,0.54622
1,0.49957,0.50124,0.50015,0.095238,0.33356,0.4888,0.54622
1,0.49957,0.50084,0.50016,0.095238,0.33356,0.5112,0.54622
1,0.49958,0.49989,0.50008,0.40072,0.35089,0.53361,0.54622
1,0.4992,0.50014,0.50035,0.095238,0.41358,0.55608,0.54622
1,0.49919,0.50001,0.5006,0.095238,0.50575,0.57878,0.54622
1,0.49936,0.49991,0.50074,0.095238,0.54628,0.60171,0.54622
1,0.49959,0.4996,0.50056,0.095238,0.40754,0.62485,0.54622
1,0.49975,0.49934,0.50033,0.095238,0.26659,0.64844,0.54622
1,0.49993,0.49909,0.50017,0.095238,0.12333,0.67255,0.54622
1,0.50005,0.49912,0.50015,0,0.026989,0.69726,0.54622
1,0,0,0,0,0,0.77648,0.54622
1,0,0,0,0,0,0.80542,0.54622
1,0,0,0,0,0,0.8362,0.54622
1,0,0,0,0.095238,0.080487,0.86944,0.54622
1,0.49941,0.49986,0.49882,0.095238,0.1409,0.90616,0.54622
1,0.4994,0.50005,0.49862,0.095238,0.19485,0.94822,0.54622
1,0.50007,0.49995,0.49818,0.23283,0.027879,1,0.54622
1,0,0,0,0,0,0.22352,0.55462
1,0,0,0,0.095238,0.15351,0.25096,0.55462
1,0.49916,0.50025,0.50008,0.095238,0.22706,0.2773,0.55462
1,0.49888,0.50053,0.49963,0.095238,0.29777,0.30274,0.55462
1,0.49879,0.50061,0.49948,0.095238,0.31352,0.32745,0.55462
1,0.499,0.50066,0.49979,0.095238,0.36313,0.35156,0.55462
1,0.49932,0.50071,0.5002,0.095238,0.3719,0.37515,0.55462
1,0.49946,0.50085,0.5004,0.095238,0.33335,0.39829,0.55462
1,0.49938,0.5012,0.50038,0.095238,0.33222,0.42122,0.55462
1,0.49931,0.50155,0.5003,0.095238,0.37442,0.44392,0.55462
1,0.49942,0.50163,0.50026,0.095238,0.4055,0.46639,0.55462
1,0.49956,0.50149,0.50037,0.095238,0.46565,0.4888,0.55462
1,0.49959,0.50105,0.50042,0.095238,0.46649,0.5112,0.55462
1,0.49942,0.50061,0.50047,0.095238,0.47876,0.53361,0.55462
1,0.49921,0.5003,0.50059,0.095238,0.526,0.55608,0.55462
1,0.49915,0.50015,0.50078,0.095238,0.60061,0.57878,0.55462
1,0.4993,0.49988,0.50078,0.095238,0.54628,0.60171,0.55462
1,0.49952,0.49956,0.50058,0.095238,0.40754,0.62485,0.55462
1,0.49974,0.49927,0.50034,0.095238,0.26659,0.64844,0.55462
1,0.49999,0.49899,0.50014,0.095238,0.12333,0.67255,0.55462
1,0,0,0,0,0,0.69726,0.55462
1,0,0,0,0,0,0.77648,0.55462
1,0,0,0,0.23165,0.050763,0.80542,0.55462
1,0,0,0,0,0,0.8362,0.55462
1,0.49988,0.49945,0.49884,0.095238,0.038333,0.86944,0.55462
1,0.49946,0.49992,0.49893,0.095238,0.211,0.90616,0.55462
1,0.49945,0.50009,0.4987,0.095238,0.23681,0.94822,0.55462
1,0.50027,0.49967,0.49816,0.46021,0.064666,1,0.55462
1,0.49954,0.49904,0.50033,0.549,0.12109,0.25096,0.56303
1,0.49909,0.50027,0.50012,0.095238,0.2449,0.2773,0.56303
1,0.49877,0.50059,0.49972,0.095238,0.33732,0.30274,0.56303
1,0.49866,0.50066,0.49959,0.095238,0.3639,0.32745,0.56303
1,0.49887,0.50074,0.49994,0.095238,0.43718,0.35156,0.56303
1,0.49919,0.50086,0.50042,0.095238,0.4957,0.37515,0.56303
1,0.49935,0.50103,0.50061,0.095238,0.46073,0.39829,0.56303
1,0.49929,0.50143,0.50058,0.095238,0.46121,0.42122,0.56303
1,0.49923,0.50181,0.50049,0.095238,0.49974,0.44392,0.56303
1,0.49936,0.50189,0.50046,0.095238,0.53034,0.46639,0.56303
1,0.49956,0.50168,0.50058,0.095238,0.5753,0.4888,0.56303
1,0.49962,0.50125,0.5007,0.095238,0.59952,0.5112,0.56303
1,0.49947,0.50079,0.50076,0.095238,0.60882,0.53361,0.56303
1,0.49925,0.50048,0.50086,0.095238,0.64615,0.55608,0.56303
1,0.49918,0.5002,0.5009,0.095238,0.62933,0.57878,0.56303
1,0.49929,0.49991,0.50085,0.095238,0.55572,0.60171,0.56303
1,0.4995,0.49958,0.50063,0.095238,0.41989,0.62485,0.56303
1,0.49975,0.49927,0.50036,0.095238,0.28474,0.64844,0.56303
1,0.50005,0.49897,0.50016,0.095238,0.15805,0.67255,0.56303
1,0.50028,0.49879,0.50006,0.095238,0.065749,0.69726,0.56303
1,0,0,0,0,0,0.7227,0.56303
1,0,0,0,0,0,0.74904,0.56303
1,0,0,0,0.57704,0.089307,0.77648,0.56303
1,0,0,0,0.095238,0.040413,0.80542,0.56303
1,0,0,0,0,0,0.8362,0.56303
1,0.5,0.49936,0.49883,0.095238,0.038333,0.86944,0.56303
1,0.49955,0.49994,0.49901,0.095238,0.25566,0.90616,0.56303
1,0.49952,0.50014,0.49879,0.095238,0.28011,0.94822,0.56303
1,0.50029,0.49987,0.49825,0.41027,0.10263,1,0.56303
1,0.49947,0.49906,0.50029,0.47128,0.058601,0.25096,0.57143
1,0.49927,0.49948,0.49991,0.44082,0.15969,0.2773,0.57143
1,0.49874,0.50034,0.49965,0.095238,0.21873,0.30274,0.57143
1,0.49861,0.50041,0.49954,0.095238,0.2531,0.32745,0.57143
1,0.49882,0.50046,0.49988,0.095238,0.32309,0.35156,0.57143
1,0.49915,0.50059,0.50037,0.095238,0.38879,0.37515,0.57143
1,0.49928,0.50102,0.5007,0.095238,0.48416,0.39829,0.57143
1,0.49947,0.50076,0.50049,0.4837,0.48653,0.42122,0.57143
1,0.49951,0.50091,0.50026,0.5372,0.4344,0.44392,0.57143
1,0.49979,0.50063,0.50014,0.69202,0.42086,0.46639,0.57143
1,0.49985,0.50088,0.50038,0.39735,0.44868,0.4888,0.57143
1,0.49975,0.50101,0.50069,0.095238,0.50721,0.5112,0.57143
1,0.4996,0.50065,0.50085,0.095238,0.57337,0.53361,0.57143
1,0.49939,0.50033,0.50089,0.095238,0.57701,0.55608,0.57143
1,0.49963,0.49908,0.50064,0.629,0.52085,0.57878,0.57143
1,0.49952,0.49934,0.50068,0.33371,0.44819,0.60171,0.57143
1,0.49953,0.49961,0.50065,0.095238,0.40574,0.62485,0.57143
1,0.49979,0.49938,0.50044,0.095238,0.33693,0.64844,0.57143
1,0.50012,0.49904,0.5002,0.095238,0.21142,0.67255,0.57143
1,0.50038,0.49871,0.50001,0.095238,0.065749,0.69726,0.57143
1,0,0,0,0,0,0.74904,0.57143
1,0,0,0,0.4286,0.059204,0.77648,0.57143
1,0,0,0,0.095238,0.061959,0.80542,0.57143
1,0,0,0,0,0,0.8362,0.57143
1,0,0,0,0.095238,0.038333,0.86944,0.57143
1,0.4997,0.4999,0.49903,0.095238,0.25566,0.90616,0.57143
1,0.49965,0.50003,0.49874,0.095238,0.23011,0.94822,0.57143
1,0.50033,0.49997,0.4983,0.41015,0.14245,1,0.57143
1,0.49913,0.4996,0.49993,0.26923,0.072137,0.2773,0.57983
1,0.49886,0.49969,0.49952,0.31534,0.10076,0.30274,0.57983
1,0.49858,0.50019,0.49955,0.095238,0.15805,0.32745,0.57983
1,0.49877,0.50019,0.49985,0.095238,0.20631,0.35156,0.57983
1,0.49909,0.50036,0.50033,0.095238,0.29591,0.37515,0.57983
1,0.49924,0.50081,0.50064,0.095238,0.39891,0.39829,0.57983
1,0.49968,0.49995,0.50026,0.80952,0.37937,0.42122,0.57983
1,0.49972,0.50017,0.50004,0.80952,0.3086,0.44392,0.57983
1,0.49993,0.50013,0.49998,0.80952,0.28836,0.46639,0.57983
1,0.50021,0.49985,0.50014,0.80952,0.32715,0.4888,0.57983
1,0.50022,0.49977,0.50044,0.61846,0.38844,0.5112,0.57983
1,0.49977,0.5004,0.50085,0.095238,0.47168,0.53361,0.57983
1,0.49957,0.50011,0.50086,0.095238,0.45986,0.55608,0.57983
1,0.49976,0.49898,0.50059,0.58744,0.39804,0.57878,0.57983
1,0.49957,0.49944,0.50065,0.21491,0.33672,0.60171,0.57983
1,0.49966,0.49947,0.50052,0.095238,0.28018,0.62485,0.57983
1,0.49993,0.49925,0.50031,0.095238,0.22831,0.64844,0.57983
1,0.50025,0.49896,0.50012,0.095238,0.15805,0.67255,0.57983
1,0.50048,0.49868,0.49998,0.095238,0.065749,0.69726,0.57983
1,0,0,0,0.80952,0.10244,0.77648,0.57983
1,0.50023,0.49924,0.49908,0,0.034012,0.8362,0.57983
1,0.50026,0.49929,0.49887,0.095238,0.081229,0.86944,0.57983
1,0.49987,0.4999,0.49905,0.095238,0.27263,0.90616,0.57983
1,0.4998,0.49992,0.49867,0.095238,0.1783,0.94822,0.57983
1,0.50029,0.50027,0.49835,0.23516,0.13361,1,0.57983
1,0.49858,0.49996,0.49958,0.095238,0.062323,0.32745,0.58824
1,0.49875,0.49996,0.49984,0.095238,0.10791,0.35156,0.58824
1,0.49934,0.49931,0.50009,0.57637,0.21272,0.37515,0.58824
1,0.49949,0.4998,0.50039,0.55907,0.32357,0.39829,0.58824
1,0.49969,0.49973,0.50017,0.80952,0.28482,0.42122,0.58824
1,0.49978,0.49989,0.49993,0.80952,0.19186,0.44392,0.58824
1,0.50002,0.49981,0.49988,0.80952,0.15627,0.46639,0.58824
1,0.5003,0.49954,0.50007,0.80952,0.21034,0.4888,0.58824
1,0.50039,0.49932,0.50037,0.70584,0.28278,0.5112,0.58824
1,0.49993,0.50014,0.50081,0.095238,0.36507,0.53361,0.58824
1,0.49975,0.49987,0.50079,0.095238,0.3305,0.55608,0.58824
1,0.49963,0.49971,0.50072,0.095238,0.28185,0.57878,0.58824
1,0.49965,0.49959,0.50062,0.095238,0.23745,0.60171,0.58824
1,0.49982,0.49938,0.5004,0.095238,0.15706,0.62485,0.58824
1,0.50009,0.49919,0.5002,0.095238,0.13607,0.64844,0.58824
1,0,0,0,0.095238,0.062323,0.67255,0.58824
1,0,0,0,0,0,0.7227,0.58824
1,0,0,0,0.77922,0.059204,0.77648,0.58824
1,0,0,0,0,0,0.8362,0.58824
1,0.5004,0.49929,0.49888,0.095238,0.1082,0.86944,0.58824
1,0.50004,0.49995,0.49908,0.095238,0.30754,0.90616,0.58824
1,0.49997,0.49983,0.49859,0.095238,0.13618,0.94822,0.58824
1,0.50027,0.50047,0.49833,0.095238,0.10995,1,0.58824
1,0.49872,0.49983,0.49987,0.090133,0.048491,0.35156,0.59664
1,0.4992,0.49944,0.50013,0.42557,0.15416,0.37515,0.59664
1,0.49943,0.4997,0.50028,0.46388,0.19443,0.39829,0.59664
1,0.49944,0.50027,0.50023,0.34495,0.16915,0.42122,0.59664
1,0.49964,0.50019,0.49998,0.49075,0.09588,0.44392,0.59664
1,0.49978,0.50039,0.49999,0.28599,0.030423,0.46639,0.59664
1,0.50017,0.49981,0.50012,0.47195,0.093883,0.4888,0.59664
1,0.50033,0.49953,0.50043,0.44108,0.19118,0.5112,0.59664
1,0.50016,0.49965,0.50069,0.22437,0.25134,0.53361,0.59664
1,0.50016,0.49896,0.50052,0.48775,0.19891,0.55608,0.59664
1,0.50011,0.49869,0.50041,0.59454,0.16425,0.57878,0.59664
1,0.49982,0.49947,0.50048,0.095238,0.10856,0.60171,0.59664
1,0.49999,0.49934,0.50029,0.095238,0.055978,0.62485,0.59664
1,0,0,0,0,0,0.67255,0.59664
1,0.50094,0.49783,0.49974,0.59086,0.062207,0.69726,0.59664
1,0,0,0,0.80952,0.10244,0.77648,0.59664
1,0.50054,0.4993,0.49888,0.095238,0.12518,0.86944,0.59664
1,0.50021,0.5,0.49907,0.095238,0.33599,0.90616,0.59664
1,0.50013,0.4998,0.4985,0.095238,0.11508,0.94822,0.59664
1,0.50032,0.50044,0.49825,0.095238,0.107,1,0.59664
1,0,0,0,0,0,0.30274,0.60504
1,0.49898,0.49989,0.5002,0.095238,0.073818,0.37515,0.60504
1,0.49921,0.5001,0.50027,0.095238,0.065972,0.39829,0.60504
1,0,0,0,0.095238,0.067569,0.42122,0.60504
1,0.49945,0.50065,0.50009,0.095238,0.029317,0.44392,0.60504
1,0,0,0,0,0,0.4888,0.60504
1,0.5002,0.49989,0.50049,0.095238,0.094446,0.5112,0.60504
1,0.50018,0.4997,0.50068,0.095238,0.1677,0.53361,0.60504
1,0,0,0,0.31971,0.068775,0.55608,0.60504
1,0,0,0,0.49873,0.065066,0.57878,0.60504
1,0.5007,0.49836,0.4999,0.63041,0.049621,0.64844,0.60504
1,0.50101,0.49787,0.49978,0.80952,0.11672,0.67255,0.60504
1,0.50101,0.4978,0.49979,0.71543,0.14174,0.69726,0.60504
1,0.50061,0.49828,0.49986,0.32065,0.072137,0.7227,0.60504
1,0,0,0,0.68861,0.059204,0.77648,0.60504
1,0,0,0,0,0,0.80542,0.60504
1,0.50065,0.49932,0.49888,0.095238,0.14449,0.86944,0.60504
1,0.50038,0.50003,0.49902,0.095238,0.35108,0.90616,0.60504
1,0.50029,0.4998,0.49841,0.095238,0.11508,0.94822,0.60504
1,0.50038,0.50036,0.49811,0.095238,0.080315,1,0.60504
1,0,0,0,0,0,0.46639,0.61345
1,0.50023,0.49981,0.50047,0.095238,0.070309,0.5112,0.61345
1,0.50022,0.4997,0.50066,0.095238,0.15565,0.53361,0.61345
1,0,0,0,0,0,0.57878,0.61345
1,0,0,0,0.44803,0.07197,0.60171,0.61345
1,0.50032,0.4994,0.50029,0.28226,0.11271,0.62485,0.61345
1,0.50084,0.49837,0.49997,0.79893,0.15323,0.64844,0.61345
1,0.50082,0.49858,0.49988,0.40523,0.069306,0.67255,0.61345
1,0.50065,0.49877,0.49993,0.095238,0.032806,0.69726,0.61345
1,0,0,0,0,0,0.7227,0.61345
1,0,0,0,0.095238,0.058601,0.74904,0.61345
1,0,0,0,0.53172,0.059204,0.77648,0.61345
1,0.50075,0.49933,0.49884,0.095238,0.14449,0.86944,0.61345
1,0.50054,0.50004,0.49893,0.095238,0.35108,0.90616,0.61345
1,0.50044,0.49982,0.49829,0.095238,0.11886,0.94822,0.61345
1,0.50045,0.50023,0.49791,0.095238,0.036672,1,0.61345
1,0.49881,0.49925,0.5,0.40818,0.062207,0.30274,0.62185
1,0.49873,0.49924,0.49994,0.42527,0.059563,0.32745,0.62185
1,0.50023,0.49975,0.5004,0.095238,0.03166,0.5112,0.62185
1,0.50025,0.49967,0.50058,0.095238,0.11257,0.53361,0.62185
1,0.50024,0.49931,0.5004,0.29439,0.075136,0.57878,0.62185
1,0.50016,0.49966,0.50037,0.095238,0.038045,0.60171,0.62185
1,0.50027,0.49988,0.5004,0.095238,0.14122,0.62485,0.62185
1,0.50045,0.49966,0.50023,0.095238,0.13607,0.64844,0.62185
1,0.50057,0.49932,0.50002,0,0.038656,0.67255,0.62185
1,0,0,0,0,0,0.7227,0.62185
1,0.50041,0.498,0.49968,0.42985,0.031265,0.74904,0.62185
1,0.50046,0.49772,0.49942,0.63953,0.078702,0.77648,0.62185
1,0,0,0,0,0,0.80542,0.62185
1,0.50083,0.4993,0.49877,0.095238,0.12518,0.86944,0.62185
1,0.50067,0.50004,0.49881,0.095238,0.34437,0.90616,0.62185
1,0.50057,0.49988,0.49819,0.095238,0.14859,0.94822,0.62185
1,0.49812,0.49899,0.50298,0.095238,0.031365,0,0.63025
1,0.49866,0.49948,0.50004,0.23914,0.023447,0.32745,0.63025
1,0.49895,0.49914,0.50001,0.48844,0.062582,0.35156,0.63025
1,0,0,0,0.25884,0.035102,0.57878,0.63025
1,0.50033,0.49979,0.50029,0.095238,0.073818,0.62485,0.63025
1,0.50026,0.49888,0.50001,0,0.019238,0.7227,0.63025
1,0,0,0,0.80952,0.089295,0.74904,0.63025
1,0.50029,0.49803,0.49948,0.4522,0.061867,0.77648,0.63025
1,0.50085,0.49932,0.49872,0.095238,0.12518,0.86944,0.63025
1,0.50075,0.50004,0.49869,0.095238,0.34437,0.90616,0.63025
1,0.50067,0.49995,0.49808,0.095238,0.18418,0.94822,0.63025
1,0.4982,0.49887,0.50292,0.20818,0.062842,0,0.63866
1,0,0,0,0,0,0.55608,0.63866
1,0,0,0,0,0,0.67255,0.63866
1,0.50015,0.49901,0.50007,0,0.049046,0.7227,0.63866
1,0,0,0,0.52844,0.066228,0.74904,0.63866
1,0.50085,0.49933,0.49867,0.095238,0.12518,0.86944,0.63866
1,0,0,0,0.095238,0.34437,0.90616,0.63866
1,0.50076,0.50002,0.49796,0.095238,0.21544,0.94822,0.63866
1,0.49828,0.4988,0.50282,0.24078,0.046554,0,0.64706
1,0,0,0,0,0,0.60171,0.64706
1,0,0,0,0,0,0.62485,0.64706
1,0,0,0,0.12577,0.020867,0.64844,0.64706
1,0.50026,0.49846,0.49992,0.35941,0.049046,0.7227,0.64706
1,0,0,0,0.095238,0.066228,0.74904,0.64706
1,0.5008,0.49935,0.49862,0.095238,0.13193,0.86944,0.64706
1,0,0,0,0.37743,0.34662,0.90616,0.64706
1,0.50081,0.50007,0.49784,0.095238,0.24239,0.94822,0.64706
1,0,0,0,0,0,0.62485,0.65546
1,0,0,0,0,0,0.69726,0.65546
1,0.49995,0.49917,0.50011,0.095238,0.13202,0.7227,0.65546
1,0.4998,0.49908,0.49998,0.095238,0.14329,0.74904,0.65546
1,0.5001,0.49819,0.49943,0.46558,0.036807,0.77648,0.65546
1,0,0,0,0,0,0.8362,0.65546
1,0.50081,0.49915,0.49855,0.26827,0.18173,0.86944,0.65546
1,0.50096,0.49962,0.49825,0.36991,0.36627,0.90616,0.65546
1,0.50085,0.50009,0.49772,0.095238,0.248,0.94822,0.65546
1,0.50015,0.49912,0.4999,0.095238,0.032806,0.69726,0.66387
1,0.49985,0.49933,0.50011,0.095238,0.17935,0.7227,0.66387
1,0.49997,0.4985,0.49983,0.53116,0.19766,0.74904,0.66387
1,0.49976,0.49912,0.4996,0,0.036807,0.77648,0.66387
1,0.50031,0.49911,0.49888,0.026019,0.021091,0.8362,0.66387
1,0,0,0,0.30915,0.21364,0.86944,0.66387
1,0.50087,0.49981,0.49823,0.30845,0.40266,0.90616,0.66387
1,0.50098,0.49971,0.49754,0.3162,0.25275,0.94822,0.66387
1,0.50057,0.49999,0.497,0.095238,0.031365,1,0.66387
1,0.50031,0.49855,0.49973,0.46651,0.073259,0.69726,0.67227
1,0.50003,0.49874,0.49991,0.49773,0.22355,0.7227,0.67227
1,0.49974,0.49915,0.49992,0.2603,0.2337,0.74904,0.67227
1,0.49976,0.49917,0.49958,0.095238,0.092913,0.77648,0.67227
1,0.50025,0.49917,0.49893,0.095238,0.11048,0.8362,0.67227
1,0.50049,0.49956,0.4986,0.095238,0.23759,0.86944,0.67227
1,0.50075,0.49995,0.49825,0.2764,0.44418,0.90616,0.67227
1,0.50092,0.49982,0.49752,0.27474,0.27091,0.94822,0.67227
1,0.50055,0.50005,0.49693,0.095238,0.079429,1,0.67227
1,0,0,0,0,0,0.64844,0.68067
1,0.50023,0.49866,0.49967,0.39352,0.073259,0.69726,0.68067
1,0.49988,0.49914,0.49988,0.28913,0.22355,0.7227,0.68067
1,0.4999,0.49882,0.49976,0.55404,0.28997,0.74904,0.68067
1,0.49972,0.49945,0.49962,0.095238,0.17486,0.77648,0.68067
1,0.49997,0.49928,0.49925,0.095238,0.11737,0.80542,0.68067
1,0.50016,0.49936,0.49901,0.095238,0.20394,0.8362,0.68067
1,0.50037,0.49965,0.49863,0.095238,0.28888,0.86944,0.68067
1,0.50052,0.50032,0.49834,0.095238,0.47067,0.90616,0.68067
1,0.50074,0.5002,0.49761,0.095238,0.30001,0.94822,0.68067
1,0.50055,0.50002,0.49682,0.095238,0.075156,1,0.68067
1,0.50026,0.49937,0.49993,0.095238,0.076222,0.64844,0.68908
1,0.50021,0.49918,0.49981,0.095238,0.083106,0.67255,0.68908
1,0.50039,0.49821,0.49952,0.6768,0.12229,0.69726,0.68908
1,0.50004,0.49874,0.49967,0.53876,0.24345,0.7227,0.68908
1,0,0,0,0.77162,0.36066,0.74904,0.68908
1,0.4998,0.49947,0.4996,0.24564,0.27284,0.77648,0.68908
1,0,0,0,0.095238,0.21761,0.80542,0.68908
1,0.50009,0.49953,0.49906,0.095238,0.28458,0.8362,0.68908
1,0.50025,0.49976,0.49869,0.095238,0.35582,0.86944,0.68908
1,0.50038,0.50041,0.49842,0.095238,0.51015,0.90616,0.68908
1,0.50064,0.50028,0.49768,0.095238,0.33719,0.94822,0.68908
1,0.50055,0.49999,0.49674,0.095238,0.071451,1,0.68908
1,0.50042,0.49956,0.4997,0.48128,0.067569,0.57878,0.69748
1,0,0,0,0.53952,0.065972,0.60171,0.69748
1,0.50024,0.49935,0.49992,0.095238,0.091827,0.64844,0.69748
1,0.50017,0.49933,0.4999,0.095238,0.1927,0.67255,0.69748
1,0.5,0.49939,0.4998,0.095238,0.23086,0.69726,0.69748
1,0.50034,0.49803,0.49944,1,0.31054,0.7227,0.69748
1,0.50019,0.49841,0.49953,1,0.43574,0.74904,0.69748
1,0.49989,0.49945,0.49956,0.40527,0.36638,0.77648,0.69748
1,0.4999,0.49977,0.49939,0.095238,0.31786,0.80542,0.69748
1,0.50004,0.49969,0.49911,0.095238,0.36217,0.8362,0.69748
1,0.50013,0.4999,0.49878,0.095238,0.43112,0.86944,0.69748
1,0.50022,0.50051,0.49854,0.095238,0.55983,0.90616,0.69748
1,0.50053,0.50038,0.4978,0.095238,0.38,0.94822,0.69748
1,0.50055,0.49997,0.49668,0.095238,0.071451,1,0.69748
1,0,0,0,0.26624,0.069578,0.53361,0.70588
1,0,0,0,0.22049,0.070644,0.55608,0.70588
1,0.50013,0.50047,0.4999,0.095238,0.15974,0.57878,0.70588
1,0.50025,0.49983,0.49986,0.327,0.14795,0.60171,0.70588
1,0.50015,0.49977,0.49998,0.095238,0.11271,0.62485,0.70588
1,0.50021,0.49941,0.49996,0.095238,0.13785,0.64844,0.70588
1,0.50016,0.4994,0.49994,0.095238,0.25557,0.67255,0.70588
1,0.50043,0.49832,0.49958,0.79425,0.34695,0.69726,0.70588
1,0.50035,0.49816,0.49944,1,0.40182,0.7227,0.70588
1,0.50022,0.49855,0.4995,1,0.50258,0.74904,0.70588
1,0.50013,0.49903,0.49945,0.76891,0.46069,0.77648,0.70588
1,0,0,0,0.095238,0.41803,0.80542,0.70588
1,0.50001,0.49985,0.49917,0.095238,0.4473,0.8362,0.70588
1,0.50004,0.50004,0.49889,0.095238,0.51099,0.86944,0.70588
1,0.50006,0.50063,0.49871,0.095238,0.61718,0.90616,0.70588
1,0.50042,0.50042,0.4979,0.095238,0.38386,0.94822,0.70588
1,0.50055,0.49997,0.49667,0.095238,0.082064,1,0.70588
1,0,0,0,0,0,0,0.71429
1,0,0,0,0,0,0.55608,0.71429
1,0.50016,0.50033,0.49971,0.095238,0.071055,0.57878,0.71429
1,0.50008,0.50032,0.49993,0.095238,0.17695,0.60171,0.71429
1,0.50008,0.50001,0.50011,0.095238,0.23714,0.62485,0.71429
1,0.50016,0.4996,0.50009,0.095238,0.24757,0.64844,0.71429
1,0.50038,0.49884,0.49985,0.46631,0.32667,0.67255,0.71429
1,0,0,0,1,0.44303,0.69726,0.71429
1,0.50037,0.49831,0.49948,1,0.50428,0.7227,0.71429
1,0.50023,0.49869,0.49952,1,0.58492,0.74904,0.71429
1,0.49983,0.50007,0.4997,0.28571,0.55799,0.77648,0.71429
1,0.49987,0.50019,0.49952,0.095238,0.51809,0.80542,0.71429
1,0,0,0,0.095238,0.53631,0.8362,0.71429
1,0,0,0,0.095238,0.59351,0.86944,0.71429
1,0.49993,0.5007,0.49885,0.095238,0.64248,0.90616,0.71429
1,0.50031,0.50047,0.49803,0.095238,0.39465,0.94822,0.71429
1,0.50055,0.50003,0.49671,0.095238,0.11509,1,0.71429
1,0,0,0,0,0,0,0.72269
1,0.50012,0.50042,0.49962,0,0.0276,0.57878,0.72269
1,0.50011,0.50019,0.49977,0.095238,0.099745,0.60171,0.72269
1,0.50009,0.49995,0.50002,0.095238,0.1956,0.62485,0.72269
1,0.50014,0.4997,0.50013,0.095238,0.29296,0.64844,0.72269
1,0.50068,0.49815,0.49974,0.94624,0.41236,0.67255,0.72269
1,0.50059,0.49819,0.4996,1,0.51411,0.69726,0.72269
1,0.50038,0.49847,0.49956,1,0.61229,0.7227,0.72269
1,0.50024,0.49882,0.49958,0.99848,0.67708,0.74904,0.72269
1,0.49982,0.50023,0.49977,0.28571,0.65688,0.77648,0.72269
1,0.50004,0.49984,0.49947,0.3822,0.61799,0.80542,0.72269
1,0.49999,0.50014,0.49931,0.095238,0.62745,0.8362,0.72269
1,0.49991,0.50031,0.49914,0.095238,0.67761,0.86944,0.72269
1,0.49982,0.50074,0.49898,0.095238,0.65578,0.90616,0.72269
1,0.5002,0.50053,0.49819,0.095238,0.41282,0.94822,0.72269
1,0.50055,0.50007,0.49677,0.095238,0.13622,1,0.72269
1,0.50015,0.50004,0.49961,0.095238,0.025212,0.60171,0.73109
1,0.50013,0.4998,0.49985,0.095238,0.10356,0.62485,0.73109
1,0.50018,0.49962,0.50001,0.095238,0.23147,0.64844,0.73109
1,0.50078,0.49793,0.49958,1,0.32667,0.67255,0.73109
1,0.50068,0.49803,0.49946,1,0.42908,0.69726,0.73109
1,0.50046,0.49833,0.49946,1,0.5548,0.7227,0.73109
1,0.50026,0.4988,0.49958,1,0.69615,0.74904,0.73109
1,0.4998,0.50036,0.49986,0.28571,0.75664,0.77648,0.73109
1,0,0,0,0.39183,0.71772,0.80542,0.73109
1,0.49999,0.50026,0.49939,0.095238,0.71982,0.8362,0.73109
1,0.49988,0.50044,0.49927,0.095238,0.76264,0.86944,0.73109
1,0.49973,0.5008,0.49911,0.095238,0.67429,0.90616,0.73109
1,0,0,0,0.095238,0.43741,0.94822,0.73109
1,0.50054,0.50014,0.49687,0.095238,0.16695,1,0.73109
1,0.50016,0.49976,0.49971,0.095238,0.064147,0.62485,0.7395
1,0.50024,0.4995,0.49982,0.10372,0.13785,0.64844,0.7395
1,0.50085,0.49782,0.49942,1,0.23826,0.67255,0.7395
1,0.50075,0.49793,0.49934,1,0.36601,0.69726,0.7395
1,0,0,0,1,0.50901,0.7227,0.7395
1,0.50028,0.49867,0.49953,1,0.66146,0.74904,0.7395
1,0.49993,0.49993,0.49982,0.54916,0.82257,0.77648,0.7395
1,0.5,0.5001,0.49964,0.38335,0.81722,0.80542,0.7395
1,0,0,0,0.16289,0.8129,0.8362,0.7395
1,0.49988,0.50053,0.49938,0.12236,0.84823,0.86944,0.7395
1,0.49967,0.50086,0.49923,0.095238,0.69755,0.90616,0.7395
1,0.5,0.50071,0.49851,0.095238,0.46664,0.94822,0.7395
1,0.50053,0.50024,0.49699,0.095238,0.20449,1,0.7395
1,0.50029,0.49942,0.4996,0.10396,0.049621,0.64844,0.7479
1,0.50089,0.49782,0.49927,1,0.19026,0.67255,0.7479
1,0.50079,0.49792,0.49926,1,0.3375,0.69726,0.7479
1,0.50053,0.49818,0.49935,1,0.48949,0.7227,0.7479
1,0.50028,0.49858,0.49952,1,0.64707,0.74904,0.7479
1,0,0,0,0.85647,0.8115,0.77648,0.7479
1,0,0,0,0.60994,0.91648,0.80542,0.7479
1,0.50021,0.49989,0.49942,0.43645,0.90636,0.8362,0.7479
1,0.49995,0.50048,0.49945,0.2228,0.93177,0.86944,0.7479
1,0.49963,0.50092,0.49932,0.095238,0.72506,0.90616,0.7479
1,0.49991,0.50078,0.49865,0.095238,0.49161,0.94822,0.7479
1,0.50051,0.50034,0.49713,0.095238,0.24098,1,0.7479
1,0.50044,0.49915,0.4993,0.4979,0.064147,0.62485,0.7563
1,0,0,0,0.10012,0.10934,0.64844,0.7563
1,0,0,0,1,0.2156,0.67255,0.7563
1,0.50079,0.49802,0.4992,1,0.35205,0.69726,0.7563
1,0.50054,0.49821,0.49933,1,0.49935,0.7227,0.7563
1,0.50025,0.49856,0.49954,1,0.6543,0.74904,0.7563
1,0.50013,0.49905,0.49963,0.95732,0.81705,0.77648,0.7563
1,0.49999,0.50008,0.49975,0.5033,0.98891,0.80542,0.7563
1,0.50006,0.50044,0.49961,0.1965,1,0.8362,0.7563
1,0.4999,0.50074,0.49954,0.095238,0.95939,0.86944,0.7563
1,0.49971,0.5007,0.49929,0.25156,0.75173,0.90616,0.7563
1,0.49985,0.50086,0.49873,0.095238,0.52105,0.94822,0.7563
1,0.50048,0.50046,0.49727,0.095238,0.2778,1,0.7563
1,0.4992,0.49916,0.50186,0.095238,0.046554,0,0.76471
1,0.50022,0.49988,0.49928,0.095238,0.042677,0.62485,0.76471
1,0.50072,0.49857,0.49916,0.82538,0.17944,0.64844,0.76471
1,0.50087,0.49821,0.49915,1,0.296,0.67255,0.76471
1,0,0,0,1,0.40503,0.69726,0.76471
1,0.50051,0.49832,0.49933,1,0.53695,0.7227,0.76471
1,0.50004,0.49907,0.49968,0.73003,0.68249,0.74904,0.76471
1,0.5,0.49928,0.49969,0.82804,0.83891,0.77648,0.76471
1,0,0,0,0.41432,0.89545,0.80542,0.76471
1,0.50017,0.50013,0.49948,0.30043,0.9438,0.8362,0.76471
1,0.49992,0.50078,0.49955,0.095238,0.98596,0.86944,0.76471
1,0.4996,0.50101,0.49935,0.095238,0.77914,0.90616,0.76471
1,0.4998,0.50092,0.49877,0.095238,0.55417,0.94822,0.76471
1,0.50046,0.50054,0.49738,0.095238,0.29358,1,0.76471
1,0.49934,0.49901,0.50177,0.2131,0.062842,0,0.77311
1,0,0,0,0,0,0.57878,0.77311
1,0.5002,0.50014,0.49908,0.095238,0.065972,0.60171,0.77311
1,0.50021,0.50006,0.4992,0.095238,0.11271,0.62485,0.77311
1,0,0,0,1,0.2071,0.64844,0.77311
1,0.50086,0.49837,0.49903,1,0.32891,0.67255,0.77311
1,0,0,0,1,0.42908,0.69726,0.77311
1,0,0,0,1,0.5548,0.7227,0.77311
1,0.50007,0.49893,0.49962,0.82899,0.69615,0.74904,0.77311
1,0.4998,0.49964,0.49968,0.54894,0.77582,0.77648,0.77311
1,0.49982,0.50018,0.49956,0.22091,0.79719,0.80542,0.77311
1,0.50026,0.49977,0.49931,0.40882,0.85733,0.8362,0.77311
1,0.50024,0.49994,0.4993,0.54388,0.95726,0.86944,0.77311
1,0.49961,0.50105,0.4993,0.095238,0.80981,0.90616,0.77311
1,0.49977,0.50094,0.49873,0.095238,0.57285,0.94822,0.77311
1,0.50044,0.50055,0.49742,0.095238,0.27249,1,0.77311
1,0.4994,0.49913,0.50176,0.1674,0.062842,0,0.78151
1,0.50038,0.50014,0.49902,0.095238,0.031121,0.5112,0.78151
1,0,0,0,0.095238,0.070456,0.53361,0.78151
1,0,0,0,0.095238,0.09588,0.55608,0.78151
1,0,0,0,0.095238,0.15358,0.57878,0.78151
1,0,0,0,0.095238,0.19356,0.60171,0.78151
1,0,0,0,0.095238,0.15706,0.62485,0.78151
1,0.50073,0.49881,0.49877,0.76419,0.15323,0.64844,0.78151
1,0,0,0,1,0.23826,0.67255,0.78151
1,0,0,0,0.97069,0.36601,0.69726,0.78151
1,0,0,0,0.56951,0.50901,0.7227,0.78151
1,0.49994,0.49923,0.49958,0.64494,0.66146,0.74904,0.78151
1,0,0,0,0.28571,0.6699,0.77648,0.78151
1,0,0,0,0.22091,0.70036,0.80542,0.78151
1,0.50006,0.5002,0.49931,0.095238,0.77408,0.8362,0.78151
1,0.50023,0.49996,0.49919,0.47519,0.88942,0.86944,0.78151
1,0.49963,0.50102,0.49917,0.095238,0.81453,0.90616,0.78151
1,0.49977,0.5009,0.49861,0.095238,0.56377,0.94822,0.78151
1,0.50041,0.50058,0.49744,0.095238,0.25745,1,0.78151
1,0.4995,0.49918,0.50174,0.16739,0.062842,0,0.78992
1,0,0,0,0,0,0.4888,0.78992
1,0.50036,0.50022,0.49898,0.095238,0.069841,0.5112,0.78992
1,0,0,0,0,0,0.53361,0.78992
1,0,0,0,0.095238,0.029317,0.55608,0.78992
1,0,0,0,0.095238,0.097333,0.57878,0.78992
1,0.5002,0.50028,0.49887,0.095238,0.12051,0.60171,0.78992
1,0.50027,0.50005,0.49877,0.095238,0.055978,0.62485,0.78992
1,0.50037,0.49988,0.49871,0.095238,0.049621,0.64844,0.78992
1,0,0,0,0.86264,0.19026,0.67255,0.78992
1,0,0,0,0.68929,0.3375,0.69726,0.78992
1,0,0,0,0.99445,0.48949,0.7227,0.78992
1,0.49993,0.49924,0.49939,0.5813,0.5716,0.74904,0.78992
1,0,0,0,0.28571,0.56421,0.77648,0.78992
1,0,0,0,0.095238,0.60579,0.80542,0.78992
1,0.50003,0.50012,0.49918,0.095238,0.69532,0.8362,0.78992
1,0.50009,0.5003,0.49913,0.23723,0.82722,0.86944,0.78992
1,0.49965,0.50098,0.49899,0.095238,0.81078,0.90616,0.78992
1,0.49978,0.50086,0.49844,0.095238,0.55918,0.94822,0.78992
1,0.50037,0.50062,0.49744,0.095238,0.24958,1,0.78992
1,0.49956,0.49936,0.50177,0.095238,0.062842,0,0.79832
1,0,0,0,0.095238,0.11282,0.4888,0.79832
1,0,0,0,0.095238,0.069841,0.5112,0.79832
1,0,0,0,0,0,0.55608,0.79832
1,0.50024,0.5002,0.49866,0.095238,0.035102,0.57878,0.79832
1,0,0,0,0.095238,0.061372,0.60171,0.79832
1,0.50038,0.49994,0.49852,0.095238,0.049621,0.64844,0.79832
1,0,0,0,0.40989,0.19026,0.67255,0.79832
1,0,0,0,0.93139,0.3375,0.69726,0.79832
1,0,0,0,0.57863,0.4773,0.7227,0.79832
1,0.50005,0.49889,0.49906,0.71652,0.46266,0.74904,0.79832
1,0.49962,0.49966,0.49913,0.28571,0.45906,0.77648,0.79832
1,0.49982,0.49947,0.49895,0.40624,0.51484,0.80542,0.79832
1,0.49997,0.50008,0.49905,0.095238,0.62288,0.8362,0.79832
1,0.50003,0.50035,0.499,0.1777,0.77033,0.86944,0.79832
1,0,0,0,0.095238,0.80215,0.90616,0.79832
1,0,0,0,0.095238,0.55867,0.94822,0.79832
1,0.50032,0.50067,0.4974,0.095238,0.24869,1,0.79832
1,0.49967,0.49943,0.50177,0.095238,0.062842,0,0.80672
1,0,0,0,0,0,0.46639,0.80672
1,0.50017,0.50031,0.49896,0.095238,0.11357,0.4888,0.80672
1,0,0,0,0,0,0.57878,0.80672
1,0.50031,0.50021,0.49843,0,0.077236,0.64844,0.80672
1,0,0,0,0.095238,0.17545,0.67255,0.80672
1,0,0,0,0.095238,0.28589,0.69726,0.80672
1,0.50003,0.50011,0.49892,0.095238,0.41863,0.7227,0.80672
1,0.50004,0.49898,0.4988,0.60803,0.35413,0.74904,0.80672
1,0.49987,0.49884,0.4987,0.6916,0.35509,0.77648,0.80672
1,0.4999,0.49905,0.49867,0.6135,0.42997,0.80542,0.80672
1,0.49989,0.50008,0.49892,0.095238,0.55931,0.8362,0.80672
1,0.50002,0.50019,0.49879,0.21919,0.69195,0.86944,0.80672
1,0.49981,0.50044,0.49843,0.2826,0.73331,0.90616,0.80672
1,0,0,0,0.095238,0.55867,0.94822,0.80672
1,0.50028,0.50071,0.49732,0.095238,0.24869,1,0.80672
1,0.49978,0.49951,0.50177,0.095238,0.062842,0,0.81513
1,0.49961,0.49864,0.50051,0.095238,0.050763,0.19458,0.81513
1,0.49945,0.49891,0.50054,0.095238,0.09366,0.22352,0.81513
1,0.49935,0.49922,0.50062,0.095238,0.089295,0.25096,0.81513
1,0.49981,0.50015,0.49904,0.095238,0.033329,0.44392,0.81513
1,0,0,0,0.095238,0.069578,0.46639,0.81513
1,0.50012,0.50033,0.49887,0.095238,0.11357,0.4888,0.81513
1,0,0,0,0,0,0.53361,0.81513
1,0.50043,0.49997,0.49819,0.095238,0.10242,0.67255,0.81513
1,0.50032,0.50004,0.49839,0.095238,0.24135,0.69726,0.81513
1,0.50008,0.50005,0.49864,0.095238,0.32881,0.7227,0.81513
1,0.49978,0.49981,0.49868,0.095238,0.24675,0.74904,0.81513
1,0.49981,0.49897,0.49847,0.57262,0.25389,0.77648,0.81513
1,0.49973,0.4994,0.49856,0.40893,0.35565,0.80542,0.81513
1,0.4998,0.50011,0.49878,0.095238,0.50249,0.8362,0.81513
1,0.49994,0.50025,0.49862,0.14847,0.6142,0.86944,0.81513
1,0.49977,0.50046,0.49819,0.19159,0.66273,0.90616,0.81513
1,0.49979,0.50073,0.49783,0.095238,0.55918,0.94822,0.81513
1,0.50023,0.50076,0.4972,0.095238,0.24958,1,0.81513
1,0.49988,0.49958,0.50175,0.095238,0.062842,0,0.82353
1,0.4996,0.4988,0.50052,0.095238,0.12671,0.19458,0.82353
1,0.49941,0.49917,0.50058,0.095238,0.19604,0.22352,0.82353
1,0.49932,0.49947,0.50067,0.095238,0.17389,0.25096,0.82353
1,0.49945,0.49952,0.50048,0.095238,0.049046,0.2773,0.82353
1,0,0,0,0.095238,0.069841,0.4888,0.82353
1,0.50023,0.5,0.49855,0.26449,0.070053,0.5112,0.82353
1,0,0,0,0,0,0.53361,0.82353
1,0,0,0,0,0,0.55608,0.82353
1,0.50044,0.49995,0.49799,0.095238,0.059563,0.67255,0.82353
1,0,0,0,0.095238,0.15253,0.69726,0.82353
1,0,0,0,0.095238,0.21723,0.7227,0.82353
1,0.49984,0.49972,0.49836,0.095238,0.14329,0.74904,0.82353
1,0.49955,0.49976,0.49839,0.095238,0.16099,0.77648,0.82353
1,0.4996,0.49969,0.49843,0.2603,0.29841,0.80542,0.82353
1,0.49984,0.4998,0.49854,0.28229,0.44292,0.8362,0.82353
1,0.49985,0.5003,0.49845,0.095238,0.54073,0.86944,0.82353
1,0.49982,0.50023,0.49791,0.24593,0.59075,0.90616,0.82353
1,0.49981,0.50065,0.49759,0.095238,0.52717,0.94822,0.82353
1,0.50018,0.50081,0.49706,0.095238,0.25745,1,0.82353
1,0.49996,0.49965,0.50171,0.095238,0.062842,0,0.83193
1,0.49962,0.4988,0.50038,0.095238,0.082898,0.19458,0.83193
1,0.49942,0.49922,0.50039,0.095238,0.14896,0.22352,0.83193
1,0.49931,0.49969,0.50061,0.095238,0.21059,0.25096,0.83193
1,0.49948,0.49967,0.50044,0.095238,0.073427,0.2773,0.83193
1,0,0,0,0,0,0.5112,0.83193
1,0,0,0,0,0,0.53361,0.83193
1,0,0,0,0,0,0.55608,0.83193
1,0.50037,0.49987,0.49788,0.095238,0.065158,0.69726,0.83193
1,0.50017,0.49983,0.49802,0.095238,0.1066,0.7227,0.83193
1,0,0,0,0.095238,0.058601,0.74904,0.83193
1,0.49959,0.49976,0.49815,0.095238,0.10244,0.77648,0.83193
1,0.49948,0.5,0.4983,0.095238,0.24145,0.80542,0.83193
1,0.49966,0.50012,0.49842,0.095238,0.36217,0.8362,0.83193
1,0.5,0.49968,0.49812,0.42887,0.47366,0.86944,0.83193
1,0.49974,0.50038,0.49774,0.095238,0.51821,0.90616,0.83193
1,0.49984,0.50052,0.49733,0.095238,0.46147,0.94822,0.83193
1,0.50012,0.50088,0.49689,0.095238,0.27249,1,0.83193
1,0.50004,0.49971,0.50164,0.095238,0.062842,0,0.84034
1,0.49959,0.49892,0.50024,0.030438,0.01836,0.19458,0.84034
1,0.49943,0.4993,0.50017,0.095238,0.092913,0.22352,0.84034
1,0.49932,0.49995,0.5005,0.095238,0.24713,0.25096,0.84034
1,0.4995,0.49998,0.50043,0.095238,0.1627,0.2773,0.84034
1,0.49966,0.49994,0.50009,0.095238,0.073259,0.30274,0.84034
1,0.49974,0.50042,0.49871,0,0.032299,0.46639,0.84034
1,0,0,0,0,0,0.57878,0.84034
1,0,0,0,0,0,0.62485,0.84034
1,0,0,0,0,0,0.69726,0.84034
1,0,0,0,0,0,0.7227,0.84034
1,0,0,0,0,0,0.74904,0.84034
1,0,0,0,0.095238,0.054444,0.77648,0.84034
1,0.4995,0.5,0.49809,0.095238,0.18066,0.80542,0.84034
1,0.49963,0.5001,0.4982,0.095238,0.28222,0.8362,0.84034
1,0.49975,0.50025,0.49807,0.095238,0.41623,0.86944,0.84034
1,0.49975,0.50029,0.49754,0.095238,0.44375,0.90616,0.84034
1,0.49987,0.50042,0.49711,0.095238,0.39572,0.94822,0.84034
1,0.50017,0.50068,0.49663,0.24985,0.29307,1,0.84034
1,0.5001,0.49976,0.50156,0.095238,0.062842,0,0.84874
1,0.49944,0.49948,0.49999,0.095238,0.078702,0.22352,0.84874
1,0.49937,0.50015,0.5003,0.095238,0.2419,0.25096,0.84874
1,0.49955,0.50033,0.50039,0.095238,0.26184,0.2773,0.84874
1,0.4997,0.50019,0.50008,0.095238,0.15666,0.30274,0.84874
1,0,0,0,0,0,0.4888,0.84874
1,0,0,0,0,0,0.7227,0.84874
1,0.49954,0.49993,0.49785,0.095238,0.099014,0.80542,0.84874
1,0.49961,0.50006,0.49797,0.095238,0.20633,0.8362,0.84874
1,0.4997,0.50026,0.4979,0.095238,0.37301,0.86944,0.84874
1,0.49976,0.50021,0.49737,0.095238,0.36929,0.90616,0.84874
1,0.4999,0.50035,0.49691,0.095238,0.33006,0.94822,0.84874
1,0.50011,0.50076,0.49641,0.21972,0.29378,1,0.84874
1,0.50018,0.49968,0.50142,0.16732,0.062842,0,0.85714
1,0.49946,0.49968,0.49982,0.095238,0.078702,0.22352,0.85714
1,0.49946,0.50034,0.50008,0.095238,0.2419,0.25096,0.85714
1,0.49964,0.50058,0.50024,0.095238,0.31211,0.2773,0.85714
1,0.49979,0.5003,0.49992,0.095238,0.16055,0.30274,0.85714
1,0,0,0,0,0,0.4888,0.85714
1,0,0,0,0,0,0.55608,0.85714
1,0,0,0,0,0,0.77648,0.85714
1,0,0,0,0.23196,0.01836,0.80542,0.85714
1,0,0,0,0.095238,0.155,0.8362,0.85714
1,0,0,0,0.095238,0.30018,0.86944,0.85714
1,0,0,0,0.23498,0.29366,0.90616,0.85714
1,0,0,0,0.095238,0.26476,0.94822,0.85714
1,0.49999,0.50102,0.49622,0.095238,0.30012,1,0.85714
1,0.5002,0.4997,0.5013,0.16731,0.062842,0,0.86555
1,0.4995,0.49992,0.4997,0.095238,0.12237,0.22352,0.86555
1,0.49957,0.50054,0.49989,0.095238,0.27176,0.25096,0.86555
1,0.49975,0.50076,0.50005,0.095238,0.34105,0.2773,0.86555
1,0.49986,0.5005,0.49981,0.095238,0.21275,0.30274,0.86555
1,0.49974,0.50031,0.49951,0.095238,0.11778,0.32745,0.86555
1,0,0,0,0,0,0.39829,0.86555
1,0.49978,0.50016,0.49812,0.25652,0.069841,0.5112,0.86555
1,0,0,0,0,0,0.53361,0.86555
1,0,0,0,0,0,0.55608,0.86555
1,0.49993,0.49997,0.49736,0.095238,0.026657,0.74904,0.86555
1,0,0,0,0,0,0.77648,0.86555
1,0.49961,0.50006,0.49757,0.095238,0.12506,0.8362,0.86555
1,0,0,0,0.24496,0.21459,0.86944,0.86555
1,0.5001,0.49919,0.49684,0.59616,0.21729,0.90616,0.86555
1,0.49995,0.50025,0.49656,0.095238,0.20034,0.94822,0.86555
1,0,0,0,0.095238,0.30121,1,0.86555
1,0.5002,0.49972,0.50117,0.1673,0.062842,0,0.87395
1,0.4996,0.49939,0.49995,0.095238,0.061959,0.19458,0.87395
1,0.49957,0.50011,0.49961,0.095238,0.17146,0.22352,0.87395
1,0.49971,0.5007,0.49972,0.095238,0.3115,0.25096,0.87395
1,0.49991,0.50074,0.49975,0.095238,0.28477,0.2773,0.87395
1,0.49997,0.50046,0.49955,0.095238,0.15253,0.30274,0.87395
1,0.49979,0.50033,0.49936,0.095238,0.10242,0.32745,0.87395
1,0.49979,0.49999,0.49797,0.31925,0.03166,0.5112,0.87395
1,0,0,0,0,0,0.53361,0.87395
1,0,0,0,0,0,0.55608,0.87395
1,0.49992,0.50004,0.49723,0.095238,0.031265,0.74904,0.87395
1,0,0,0,0,0,0.80542,0.87395
1,0,0,0,0.51133,0.060626,0.8362,0.87395
1,0.4997,0.50004,0.49721,0.095238,0.12899,0.86944,0.87395
1,0.49986,0.49984,0.49682,0.19226,0.1409,0.90616,0.87395
1,0.50009,0.49986,0.4963,0.29318,0.13829,0.94822,0.87395
1,0.49992,0.50102,0.49566,0.095238,0.26942,1,0.87395
1,0.50019,0.49972,0.50105,0.16729,0.062842,0,0.88235
1,0.49961,0.49955,0.49996,0.095238,0.11569,0.19458,0.88235
1,0.49966,0.50032,0.49958,0.095238,0.25583,0.22352,0.88235
1,0,0,0,0.095238,0.36721,0.25096,0.88235
1,0.50006,0.50071,0.49949,0.095238,0.24345,0.2773,0.88235
1,0.50006,0.50045,0.49932,0.095238,0.11662,0.30274,0.88235
1,0,0,0,0,0,0.53361,0.88235
1,0,0,0,0,0,0.77648,0.88235
1,0,0,0,0,0,0.80542,0.88235
1,0,0,0,0.22542,0.043811,0.86944,0.88235
1,0.49981,0.49995,0.49666,0.095238,0.064822,0.90616,0.88235
1,0.5002,0.49952,0.49604,0.47915,0.084268,0.94822,0.88235
1,0,0,0,0.095238,0.24205,1,0.88235
1,0.50017,0.49971,0.50094,0.16727,0.062842,0,0.89076
1,0.49969,0.49949,0.49985,0.095238,0.061959,0.19458,0.89076
1,0.49981,0.50025,0.49943,0.095238,0.2161,0.22352,0.89076
1,0.50001,0.50085,0.49943,0.095238,0.37785,0.25096,0.89076
1,0,0,0,0.095238,0.22355,0.2773,0.89076
1,0.50013,0.50039,0.49911,0.095238,0.073259,0.30274,0.89076
1,0.49937,0.50022,0.49864,0.14435,0.025212,0.39829,0.89076
1,0,0,0,0,0,0.80542,0.89076
1,0,0,0,0,0,0.8362,0.89076
1,0.50019,0.49951,0.49586,0.51037,0.063984,0.94822,0.89076
1,0.49983,0.50099,0.49507,0.095238,0.22084,1,0.89076
1,0.50013,0.4997,0.50086,0.16725,0.062842,0,0.89916
1,0,0,0,0.095238,0.061959,0.19458,0.89916
1,0.49994,0.50021,0.49936,0.095238,0.2161,0.22352,0.89916
1,0.50018,0.50065,0.49919,0.095238,0.2919,0.25096,0.89916
1,0.50026,0.5006,0.49909,0.095238,0.19121,0.2773,0.89916
1,0.50014,0.50045,0.49902,0.095238,0.10288,0.30274,0.89916
1,0,0,0,0,0,0.42122,0.89916
1,0,0,0,0,0,0.8362,0.89916
1,0,0,0,0,0,0.86944,0.89916
1,0,0,0,0,0,0.90616,0.89916
1,0,0,0,0.26066,0.071391,0.94822,0.89916
1,0.49977,0.50099,0.49479,0.095238,0.20773,1,0.89916
1,0.50005,0.4998,0.50083,0.095238,0.062842,0,0.90756
1,0.49967,0.4992,0.50052,0.095238,0.076234,0.1638,0.90756
1,0,0,0,0.095238,0.11569,0.19458,0.90756
1,0.50003,0.50024,0.49937,0.095238,0.2602,0.22352,0.90756
1,0.50031,0.50043,0.499,0.095238,0.20619,0.25096,0.90756
1,0.50034,0.50041,0.49888,0.095238,0.10676,0.2773,0.90756
1,0.49954,0.49991,0.49854,0.31918,0.022496,0.37515,0.90756
1,0,0,0,0,0,0.42122,0.90756
1,0,0,0,0,0,0.55608,0.90756
1,0.50003,0.49979,0.49556,0.43414,0.063984,0.94822,0.90756
1,0.49968,0.501,0.49455,0.095238,0.20432,1,0.90756
1,0.50003,0.49972,0.50075,0.095238,0.031365,0,0.91597
1,0.49969,0.49911,0.50074,0.095238,0.038333,0.13056,0.91597
1,0.49969,0.49922,0.50049,0.095238,0.076234,0.1638,0.91597
1,0,0,0,0.095238,0.14105,0.19458,0.91597
1,0.50012,0.50007,0.49928,0.095238,0.19503,0.22352,0.91597
1,0.50039,0.5002,0.49885,0.095238,0.11639,0.25096,0.91597
1,0,0,0,0,0,0.39829,0.91597
1,0.49991,0.50002,0.49541,0.34602,0.071391,0.94822,0.91597
1,0.4996,0.50096,0.49429,0.095238,0.18163,1,0.91597
1,0,0,0,0.095238,0.050763,0.19458,0.92437
1,0.50019,0.49985,0.49915,0.095238,0.089307,0.22352,0.92437
1,0.50041,0.5,0.49874,0.095238,0.031265,0.25096,0.92437
1,0.49978,0.50017,0.49518,0.24251,0.037957,0.94822,0.92437
1,0,0,0,0.28771,0.16453,1,0.92437
1,0,0,0,0.35992,0.15997,1,0.93277
1,0,0,0,0,0,0.4888,0.94118
1,0,0,0,0,0,0.90616,0.94118
1,0,0,0,0,0,0.94822,0.94118
1,0.4994,0.50051,0.49349,0.31267,0.15997,1,0.94118
1,0.4992,0.50076,0.49333,0.1636,0.15997,1,0.94958
1,0,0,0,0,0,0.4888,0.95798
1,0.49915,0.50059,0.49311,0.24772,0.15775,1,0.95798
1,0,0,0,0,0,0.94822,0.96639
1,0.49926,0.49999,0.4928,0.54702,0.12365,1,0.96639
1,0,0,0,0,0,0.44392,0.97479
1,0.499,0.50051,0.4928,0.22815,0.107,1,0.97479
1,0.4991,0.50011,0.49264,0.44836,0.107,1,0.98319
1,0,0,0,0,0,0.1638,0.9916
1,0.49908,0.50013,0.49259,0.40498,0.076142,1,0.9916
1,0.49981,0.49903,0.50003,0.3198,0.043811,0.13056,1
1,0,0,0,0,0,0.1638,1
1,0,0,0,0,0,0.19458,1
1,0.49955,0.50034,0.4983,0,0.038656,0.32745,1
1,0.49901,0.50041,0.49265,0.23692,0.062842,1,1
