1,1,0,0,0,0,0.17531,0
1,1,0,0,0,0,0.20117,0
1,1,0,0,0,0,0.3951,0
1,0.95206,0.039491,0.021937,0.071654,0.071369,1,0
1,1,0,0,0.086971,0.062802,1,0.0070423
1,0.95313,0.020968,0.037458,0.0010089,0.022334,0.95313,0.014085
1,1,0,0,0.059611,0.06078,1,0.014085
1,0.94515,0.023181,0.037681,0.0045604,0.061652,0.95313,0.021127
1,0.95156,0.029527,0.029728,0.024674,0.060763,1,0.021127
1,0.93995,0.023494,0.040098,0.0060449,0.083314,0.95313,0.028169
1,0.95309,0.024265,0.032304,0.014727,0.060746,1,0.028169
1,0.92568,0.027668,0.041967,0.010813,0.13612,0.95313,0.035211
1,0.95467,0.020238,0.035629,0.01216,0.06073,1,0.035211
1,0.91875,0.02809,0.046038,0.016646,0.15786,0.95313,0.042254
1,0.95617,0.017131,0.039915,0.014716,0.060719,1,0.042254
1,0.9178,0.025738,0.051647,0.020756,0.15784,0.95313,0.049296
1,0.95683,0.014782,0.046032,0.014519,0.060702,1,0.049296
1,0.94433,0.01499,0.069985,0.021742,0.015951,0.91524,0.056338
1,0.91592,0.023709,0.05883,0.022787,0.15783,0.95313,0.056338
1,0.95534,0.013781,0.052591,0.021144,0.072419,1,0.056338
1,0.92278,0.021451,0.060621,0.076765,0.15783,0.95313,0.06338
1,0.94985,0.015035,0.056771,0.05161,0.11176,1,0.06338
1,1,0,0,0,0,0.91524,0.070423
1,0.91952,0.019365,0.073041,0.061496,0.14947,0.95313,0.070423
1,0.93895,0.017691,0.064957,0.071382,0.16003,1,0.070423
1,0.93585,0.013241,0.090176,0.071172,0.089792,0.95313,0.077465
1,0.93129,0.01886,0.080764,0.086871,0.18416,1,0.077465
1,0.96311,0.009546,0.12137,0.24116,0.032234,0.95313,0.084507
1,0.92604,0.018352,0.10936,0.084063,0.1843,1,0.084507
1,0.93407,0.0090336,0.15733,0.0077906,0.02544,0.95313,0.091549
1,0.92016,0.01693,0.16276,0.054995,0.16641,1,0.091549
1,0.95574,0.0086972,0.17155,0.21764,0.017556,0.95313,0.098592
1,1,0,0,0.16433,0.15377,1,0.098592
1,1,0,0,0.17669,0.012012,0.95313,0.10563
1,1,0,1,0.16612,0.15327,1,0.10563
1,0.93634,0.010939,0.19457,0.20829,0.053135,0.95313,0.11268
1,0.90846,0.017181,0.30881,0.098209,0.15326,1,0.11268
1,0.93583,0.012886,0.20544,0.2863,0.070397,0.95313,0.11972
1,1,0,0,0.070488,0.14373,1,0.11972
1,0.93254,0.013933,0.21811,0.31502,0.070508,0.95313,0.12676
1,1,0,0,0.050642,0.11248,1,0.12676
1,0,0,1,0.13439,0.11915,0.95313,0.1338
1,0.93349,0.011226,0.27282,0.10754,0.067608,1,0.1338
1,0.91272,0.012726,0.11869,0.012118,0.018962,0.91524,0.14085
1,0.87014,0.021985,0.16107,0.18844,0.16259,0.95313,0.14085
1,0.94123,0.0082072,0.24573,0.032116,0.012117,1,0.14085
1,0.92892,0.014309,0.086266,0.16128,0.037746,0.91524,0.14789
1,0.84829,0.027412,0.13512,0.18535,0.20596,0.95313,0.14789
1,0.94251,0.00829,0.18726,0.032889,0.02139,1,0.14789
1,0.94165,0.016761,0.077421,0.020294,0.015556,0.88214,0.15493
1,1,0,0,0.20082,0.095442,0.91524,0.15493
1,1,0,0,0.14669,0.2601,0.95313,0.15493
1,0.93488,0.010102,0.12921,0.033427,0.064147,1,0.15493
1,1,0,0,0.28436,0.059446,0.88214,0.16197
1,0.9083,0.026526,0.048091,0.25032,0.1578,0.91524,0.16197
1,0.82257,0.037497,0.085049,0.17723,0.27743,0.95313,0.16197
1,0.93063,0.011465,0.091067,0.032403,0.091475,1,0.16197
1,0.89234,0.17294,0.33809,0.021271,0.046552,0.79883,0.16901
1,0.96827,0.056751,0.16697,0.11591,0.075869,0.82469,0.16901
1,0.97158,0.020473,0.096675,0.020834,0.022129,0.85229,0.16901
1,0.94791,0.025276,0.031916,0.19851,0.10816,0.88214,0.16901
1,0.88261,0.036481,0.033457,0.22157,0.23492,0.91524,0.16901
1,0.84872,0.039149,0.057856,0.2457,0.29398,0.95313,0.16901
1,0.93465,0.011289,0.067555,0.032066,0.091475,1,0.16901
1,0.74256,0.42778,0.30851,0.20101,0.049607,0.77434,0.17606
1,1,0,0,0.25819,0.12179,0.79883,0.17606
1,0.97218,0.074408,0.1298,0.21821,0.14925,0.82469,0.17606
1,0.97618,0.024637,0.058082,0.12082,0.082353,0.85229,0.17606
1,0.93799,0.033483,0.021094,0.20655,0.17194,0.88214,0.17606
1,0.82427,0.052581,0.034649,0.1106,0.31612,0.91524,0.17606
1,0.77395,0.0461,0.074273,0.017411,0.32332,0.95313,0.17606
1,0.94264,0.011038,0.046185,0.058615,0.091475,1,0.17606
1,0.47564,0.60319,0.13566,0.14217,0.063891,0.75094,0.1831
1,1,0,0,0.27326,0.17144,0.77434,0.1831
1,0.86977,0.35466,0.22957,0.26504,0.22538,0.79883,0.1831
1,1,0,0,0.17644,0.24994,0.82469,0.1831
1,1,0,0,0.13786,0.18473,0.85229,0.1831
1,1,0,0,0.26649,0.25354,0.88214,0.1831
1,0.78365,0.074749,0.032503,0.10411,0.39883,0.91524,0.1831
1,0.79451,0.05245,0.042253,0.10254,0.36231,0.95313,0.1831
1,0.9545,0.009368,0.036329,0.073408,0.064219,1,0.1831
1,0,1,0,0.030488,0.087236,0.75094,0.19014
1,1,1,1,0.27876,0.25102,0.77434,0.19014
1,0,0,1,0.28219,0.33808,0.79883,0.19014
1,1,1,0,0.40197,0.3554,0.82469,0.19014
1,0.95934,0.060174,0.018544,0.1886,0.28659,0.85229,0.19014
1,1,0,0,0.24885,0.33604,0.88214,0.19014
1,0.73496,0.10516,0.033178,0.094494,0.48219,0.91524,0.19014
1,0.77419,0.055979,0.045308,0.020619,0.37027,0.95313,0.19014
1,0.95938,0.0080486,0.033264,0.039829,0.036562,1,0.19014
1,0.38738,0.60779,0.028668,0.086372,0.054535,0.72841,0.19718
1,0,1,0,0.18456,0.18576,0.75094,0.19718
1,1,1,0,0.26481,0.31287,0.77434,0.19718
1,0.67313,0.64696,0.12051,0.21803,0.44865,0.79883,0.19718
1,1,1,0,0.31815,0.46229,0.82469,0.19718
1,1,0,0,0.25912,0.38831,0.85229,0.19718
1,0.85315,0.095761,0.012062,0.13297,0.42026,0.88214,0.19718
1,0.68734,0.14051,0.034173,0.085795,0.5569,0.91524,0.19718
1,0.81423,0.046093,0.031225,0.014506,0.32983,0.95313,0.19718
1,0.96035,0.0078102,0.028624,0.011848,0.029707,1,0.19718
1,0.57266,0.50211,0.014332,0.28871,0.065247,0.70661,0.20423
1,0.28392,0.74509,0.012882,0.19134,0.1867,0.72841,0.20423
1,0,1,0,0.39556,0.26694,0.75094,0.20423
1,0,1,0,0.25218,0.40525,0.77434,0.20423
1,1,0,0,0.32624,0.55039,0.79883,0.20423
1,1,0,0,0.3949,0.55815,0.82469,0.20423
1,0.88895,0.15802,0.013741,0.13322,0.48997,0.85229,0.20423
1,0.80433,0.13722,0.013482,0.1079,0.50757,0.88214,0.20423
1,0.70979,0.12847,0.027874,0.048541,0.52747,0.91524,0.20423
1,0.84805,0.03923,0.02012,0.022622,0.29849,0.95313,0.20423
1,0.69175,0.38527,0.0084662,0.29624,0.069341,0.68538,0.21127
1,0.45111,0.61916,0.0061223,0.28122,0.17808,0.70661,0.21127
1,0,1,0,0.18103,0.28952,0.72841,0.21127
1,0.13954,0.91723,0.018231,0.26218,0.36847,0.75094,0.21127
1,0.2926,0.92764,0.064072,0.53038,0.49927,0.77434,0.21127
1,0.48004,0.84145,0.037226,0.31054,0.62944,0.79883,0.21127
1,1,0,0,0.3382,0.65635,0.82469,0.21127
1,0.82153,0.24381,0.013798,0.11504,0.59066,0.85229,0.21127
1,0.79149,0.15509,0.01113,0.099391,0.53251,0.88214,0.21127
1,0.78874,0.093073,0.013599,0.064195,0.44653,0.91524,0.21127
1,0.87502,0.035255,0.011852,0.046904,0.27938,0.95313,0.21127
1,0.82063,0.22549,0.0053868,0.22903,0.084897,0.64445,0.21831
1,0.76639,0.29967,0.0055836,0.27271,0.090425,0.66473,0.21831
1,0.5822,0.49516,0.0034765,0.27282,0.18432,0.68538,0.21831
1,0.31299,0.72269,0.0025257,0.21148,0.29119,0.70661,0.21831
1,0.13528,0.88132,0.0043229,0.19758,0.38902,0.72841,0.21831
1,0.077863,0.95197,0.0098626,0.21749,0.48372,0.75094,0.21831
1,0,1,0,0.24868,0.5862,0.77434,0.21831
1,0.35275,0.89974,0.023685,0.29729,0.72069,0.79883,0.21831
1,0.64133,0.64015,0.019826,0.19167,0.75649,0.82469,0.21831
1,0.78177,0.29865,0.010202,0.11842,0.63492,0.85229,0.21831
1,0.83568,0.1201,0.0070035,0.069696,0.45374,0.88214,0.21831
1,0.85284,0.065089,0.0067887,0.072416,0.36367,0.91524,0.21831
1,0.88526,0.034796,0.0084362,0.048633,0.27491,0.95313,0.21831
1,0.81363,0.25604,0.0057463,0.28936,0.13522,0.64445,0.22535
1,0.72961,0.36233,0.004467,0.31408,0.16743,0.66473,0.22535
1,0.55765,0.50058,0.0021144,0.21826,0.19098,0.68538,0.22535
1,0.35216,0.6421,0.0020165,0.1019,0.1971,0.70661,0.22535
1,0.17811,0.82197,0.003057,0.12426,0.28115,0.72841,0.22535
1,0,1,0,0.16402,0.42085,0.75094,0.22535
1,0.10797,0.95479,0.012412,0.15543,0.56106,0.77434,0.22535
1,0,1,0,0.17285,0.68869,0.79883,0.22535
1,0.52999,0.70236,0.017074,0.12547,0.79192,0.82469,0.22535
1,1,0,0,0.099873,0.57919,0.85229,0.22535
1,0.87812,0.092445,0.0039842,0.074644,0.37958,0.88214,0.22535
1,0.89897,0.044638,0.0044296,0.068229,0.28041,0.91524,0.22535
1,0.89527,0.03308,0.0066699,0.037676,0.26104,0.95313,0.22535
1,0.87963,0.15988,0.0053034,0.18741,0.042913,0.62453,0.23239
1,0.86835,0.22018,0.01098,0.40357,0.089064,0.64445,0.23239
1,0.74676,0.24051,0.0028863,0.029509,0.027784,0.66473,0.23239
1,0.60841,0.36437,0.0023201,0.017833,0.051313,0.68538,0.23239
1,0.43671,0.5214,0.0029932,0.013709,0.076825,0.70661,0.23239
1,0,1,0,0.063535,0.19939,0.72841,0.23239
1,0,1,0,0.058947,0.32691,0.75094,0.23239
1,0,1,0,0.099828,0.45987,0.77434,0.23239
1,1,1,0,0.12509,0.61269,0.79883,0.23239
1,0,1,0,0.083313,0.75608,0.82469,0.23239
1,0.79834,0.26418,0.0042291,0.070585,0.53412,0.85229,0.23239
1,0.89652,0.074764,0.0041106,0.032448,0.31344,0.88214,0.23239
1,0.92891,0.030454,0.0044651,0.044765,0.1971,0.91524,0.23239
1,0.926,0.024447,0.0045819,0.050036,0.20233,0.95313,0.23239
1,0.97072,0.0078916,0.0097291,0.0030481,0.02404,1,0.23239
1,1,0,0,0.17151,0.050363,0.62453,0.23944
1,1,0,0,0,0,0.64445,0.23944
1,0.31399,0.65185,0.0043491,0.016824,0.097803,0.72841,0.23944
1,0.18279,0.82948,0.00441,0.036492,0.24768,0.75094,0.23944
1,0,1,0,0.055989,0.37368,0.77434,0.23944
1,0,1,0,0.06502,0.54728,0.79883,0.23944
1,0.49631,0.68492,0.0056109,0.078523,0.71317,0.82469,0.23944
1,0.79184,0.26144,0.0031619,0.050677,0.49841,0.85229,0.23944
1,0.91285,0.063606,0.003643,0.024152,0.26158,0.88214,0.23944
1,0.95386,0.020393,0.0048688,0.050291,0.11387,0.91524,0.23944
1,0.94458,0.019021,0.0039918,0.051407,0.15244,0.95313,0.23944
1,0.85905,0.15158,0.0033653,0.00066832,0.02014,0.62453,0.24648
1,0.36226,0.60668,0.0036876,0.0063983,0.07923,0.72841,0.24648
1,0.30173,0.71657,0.006382,0.030162,0.14038,0.75094,0.24648
1,0.27646,0.80069,0.0062533,0.032319,0.30659,0.77434,0.24648
1,0.37265,0.77542,0.0042702,0.047939,0.49954,0.79883,0.24648
1,0.4796,0.67424,0.0033808,0.061271,0.68185,0.82469,0.24648
1,0.80435,0.2483,0.0018374,0.064726,0.45589,0.85229,0.24648
1,0.9252,0.059377,0.0025057,0.052204,0.23261,0.88214,0.24648
1,0.96768,0.013957,0.0075238,0.030357,0.031896,0.91524,0.24648
1,0.9487,0.016977,0.0047734,0.010783,0.12273,0.95313,0.24648
1,0.90284,0.20411,0.0035333,0.28088,0.06103,0.6049,0.25352
1,0.85401,0.17235,0.0023629,0.0080798,0.038162,0.62453,0.25352
1,0.39939,0.61517,0.0076459,0.0093972,0.073047,0.75094,0.25352
1,0.34409,0.73646,0.0044757,0.035706,0.27074,0.77434,0.25352
1,0.39014,0.74273,0.0022832,0.046534,0.47936,0.79883,0.25352
1,0.46815,0.66824,0.0018593,0.064838,0.66379,0.82469,0.25352
1,0.80577,0.24574,0.0011858,0.075576,0.43043,0.85229,0.25352
1,0.93674,0.050928,0.0025802,0.050439,0.18299,0.88214,0.25352
1,0.96466,0.016617,0.0052599,0.033709,0.054941,0.91524,0.25352
1,0.95052,0.017983,0.0035687,0.020067,0.12819,0.95313,0.25352
1,0.97583,0.0087778,0.0042867,0.042841,0.035757,1,0.25352
1,0.87485,0.20259,0.0017518,0.079626,0.049191,0.6049,0.26056
1,0.457,0.52934,0.0024278,0.019957,0.063841,0.72841,0.26056
1,0.43092,0.58876,0.0046991,0.01617,0.090897,0.75094,0.26056
1,0.36599,0.70168,0.0024894,0.018458,0.27588,0.77434,0.26056
1,0.38537,0.72471,0.0012603,0.034275,0.48215,0.79883,0.26056
1,0.48618,0.64469,0.00088224,0.087066,0.63114,0.82469,0.26056
1,0.79722,0.25592,0.00075724,0.09151,0.42514,0.85229,0.26056
1,0.93605,0.052107,0.0022698,0.046446,0.17131,0.88214,0.26056
1,0.95437,0.023927,0.0028048,0.042841,0.11416,0.91524,0.26056
1,0.94587,0.022614,0.0021352,0.042841,0.16535,0.95313,0.26056
1,0.97023,0.011399,0.0029852,0.030618,0.07603,1,0.26056
1,0.85367,0.23409,0.0013707,0,0.022756,0.56636,0.26761
1,1,0,0,0.047048,0.054485,0.58555,0.26761
1,1,0,0,0.10246,0.036918,0.6049,0.26761
1,1,0,0,0.0081012,0.033484,0.72841,0.26761
1,0.40443,0.6248,0.0015279,0.036023,0.17321,0.75094,0.26761
1,0.35396,0.70615,0.0010195,0.023014,0.32581,0.77434,0.26761
1,0.36333,0.72641,0.000676,0.030286,0.51102,0.79883,0.26761
1,0.5486,0.54458,0.00075571,0.032294,0.52127,0.82469,0.26761
1,0.77281,0.26996,0.00062028,0.071587,0.42661,0.85229,0.26761
1,0.91818,0.065548,0.001723,0.026238,0.2042,0.88214,0.26761
1,0.94439,0.031285,0.0018397,0.042841,0.15508,0.91524,0.26761
1,0.93881,0.027652,0.0016057,0.042841,0.19549,0.95313,0.26761
1,0.97432,0.010635,0.0025888,0.042841,0.060658,1,0.26761
1,0.52269,0.47667,0.0012316,0.014517,0.072097,0.72841,0.27465
1,0.44081,0.62918,0.00088335,0.12357,0.21974,0.75094,0.27465
1,0.36411,0.69806,0.00050317,0.045818,0.35758,0.77434,0.27465
1,0.46492,0.62864,0.00053481,0.051636,0.42063,0.79883,0.27465
1,0.64712,0.43686,0.00058089,0.048811,0.41132,0.82469,0.27465
1,0.78757,0.24627,0.00052115,0.065615,0.3848,0.85229,0.27465
1,0.92645,0.058067,0.0018512,0.016759,0.16361,0.88214,0.27465
1,0.9517,0.028028,0.0018311,0.042841,0.12385,0.91524,0.27465
1,0.95667,0.019932,0.0017283,0.042841,0.12926,0.95313,0.27465
1,0.97505,0.010915,0.0022151,0.042841,0.060669,1,0.27465
1,0.80965,0.17237,0.0059895,0.038083,0.030745,0.45269,0.28169
1,1,0,0,0,0,0.64445,0.28169
1,0.52371,0.51869,0.0011484,0.055001,0.13861,0.75094,0.28169
1,0.5014,0.55681,0.00088654,0.039737,0.23795,0.77434,0.28169
1,0.55425,0.51617,0.00068411,0.026786,0.32405,0.79883,0.28169
1,0.72365,0.33245,0.00080361,0.027086,0.30134,0.82469,0.28169
1,0.78321,0.23824,0.00048666,0.043882,0.36415,0.85229,0.28169
1,0.94235,0.048081,0.0018644,0.042841,0.11238,0.88214,0.28169
1,0.9644,0.020916,0.0024646,0.042841,0.057869,0.91524,0.28169
1,0.96738,0.015383,0.0020126,0.042841,0.075864,0.95313,0.28169
1,0.97259,0.012771,0.0016536,0.042841,0.083453,1,0.28169
1,0.74572,0.23993,0.0025284,0.096392,0.088042,0.43364,0.28873
1,1,0,0,0.095448,0.13917,0.45269,0.28873
1,0.82731,0.19597,0.0048794,0.096392,0.10885,0.47167,0.28873
1,0.8628,0.18868,0.0029921,0.096392,0.064385,0.49058,0.28873
1,1,0,0,0,0,0.6049,0.28873
1,0.61505,0.41118,0.0017951,0.017856,0.058063,0.75094,0.28873
1,0.67688,0.41216,0.0029472,0.13883,0.11644,0.77434,0.28873
1,0.6574,0.40894,0.00096322,0.052729,0.2322,0.79883,0.28873
1,0.80489,0.24017,0.0012617,0.047416,0.1915,0.82469,0.28873
1,0.81022,0.20712,0.00044349,0.048177,0.31447,0.85229,0.28873
1,0.93668,0.053431,0.0013945,0.042841,0.12405,0.88214,0.28873
1,0.96083,0.024084,0.0018259,0.042841,0.07543,0.91524,0.28873
1,0.96822,0.015756,0.0017596,0.042841,0.073325,0.95313,0.28873
1,0.97109,0.014031,0.0013949,0.037319,0.094798,1,0.28873
1,0.54904,0.46295,0.003341,0.20349,0.051496,0.3951,0.29577
1,0.62577,0.37982,0.0016149,0.16923,0.13817,0.41445,0.29577
1,0.66424,0.31945,0.0015411,0.091298,0.21032,0.43364,0.29577
1,0.66781,0.30574,0.0029986,0.023458,0.27339,0.45269,0.29577
1,0,1,0,0.030738,0.25979,0.47167,0.29577
1,0.80286,0.25414,0.0017755,0.060755,0.17451,0.49058,0.29577
1,0.83909,0.26703,0.0016353,0.096392,0.10361,0.50942,0.29577
1,0.82567,0.32665,0.0012401,0.096392,0.098826,0.52833,0.29577
1,1,0,0,0,0,0.62453,0.29577
1,0,1,0,0,0.019251,0.64445,0.29577
1,0.71924,0.30357,0.0037258,0,0.017717,0.77434,0.29577
1,0.74979,0.312,0.0018151,0.087402,0.13992,0.79883,0.29577
1,0.8611,0.16716,0.002549,0.042438,0.082619,0.82469,0.29577
1,0.8326,0.17909,0.00046197,0.044334,0.26656,0.85229,0.29577
1,0.91057,0.07472,0.00081746,0.028069,0.18721,0.88214,0.29577
1,0.94362,0.036921,0.00094535,0.042841,0.14953,0.91524,0.29577
1,0.95924,0.021724,0.0011067,0.042841,0.12478,0.95313,0.29577
1,0.96827,0.016463,0.0010402,0.041785,0.11866,1,0.29577
1,0.56553,0.059418,0.30585,0.066729,0.030012,0.11786,0.30282
1,0,0,1,0.042224,0,0.14771,0.30282
1,1,0,0,0,0,0.17531,0.30282
1,0.32815,0.6787,0.0053507,0.20349,0.081669,0.37547,0.30282
1,0.39588,0.60187,0.0014626,0.16206,0.19296,0.3951,0.30282
1,0.46887,0.49666,0.00095,0.073286,0.27309,0.41445,0.30282
1,0.53904,0.41927,0.0015275,0.032015,0.34676,0.43364,0.30282
1,0.56752,0.40176,0.0031723,0.012533,0.42156,0.45269,0.30282
1,0.63158,0.37368,0.0035516,0.013675,0.39736,0.47167,0.30282
1,0.73111,0.33714,0.0016222,0.050651,0.29507,0.49058,0.30282
1,1,0,0,0.050739,0.23924,0.50942,0.30282
1,0.77714,0.40459,0.0014267,0.096392,0.17579,0.52833,0.30282
1,0.83064,0.36723,0.0020915,0.095062,0.051196,0.54731,0.30282
1,0.89701,0.34078,0.0025177,0.29997,0.028618,0.56636,0.30282
1,0.81523,0.23215,0.0034865,0.097035,0.048824,0.79883,0.30282
1,0.87926,0.14003,0.0029527,0.036503,0.036079,0.82469,0.30282
1,0.86081,0.15154,0.00047574,0.061286,0.21642,0.85229,0.30282
1,0.8771,0.10912,0.000377,0.049616,0.26755,0.88214,0.30282
1,0.91269,0.058148,0.0006808,0.021534,0.23094,0.91524,0.30282
1,0.94221,0.032302,0.00080581,0.030972,0.19058,0.95313,0.30282
1,0.96689,0.018075,0.00085381,0.043197,0.13075,1,0.30282
1,0.52128,0.028807,0.56584,0.21871,0.026473,0,0.30986
1,1,0,0,0,0,0.084758,0.30986
1,0.50454,0.072999,0.30091,0.049528,0.078019,0.11786,0.30986
1,0.52795,0.13558,0.19997,0.067089,0.11046,0.14771,0.30986
1,0.61717,0.18498,0.11579,0.11531,0.073214,0.17531,0.30986
1,0.59789,0.27065,0.045951,0.11781,0.10288,0.20117,0.30986
1,0.57606,0.33701,0.019769,0.11084,0.099048,0.22566,0.30986
1,0.58768,0.3517,0.014899,0.11781,0.036379,0.24906,0.30986
1,0.55195,0.43286,0.014615,0.19851,0.036646,0.27159,0.30986
1,0,1,0,0.015735,0,0.35555,0.30986
1,0,1,0,0.20349,0.14842,0.37547,0.30986
1,0.27868,0.68967,0.0011551,0.075929,0.29512,0.3951,0.30986
1,0.36404,0.59421,0.0011709,0.043715,0.39499,0.41445,0.30986
1,0.50485,0.45279,0.0017194,0.025272,0.41432,0.43364,0.30986
1,0.68062,0.29034,0.0024261,0.0092451,0.33943,0.45269,0.30986
1,1,0,0,0.010468,0.32802,0.47167,0.30986
1,0.76623,0.29804,0.0013364,0.040517,0.27784,0.49058,0.30986
1,0.7376,0.38538,0.0017122,0.03656,0.26336,0.50942,0.30986
1,0.7399,0.42382,0.0022117,0.014827,0.19558,0.52833,0.30986
1,0,1,0,0.077803,0.051702,0.54731,0.30986
1,1,1,0,0,0,0.62453,0.30986
1,1,0,0,0,0,0.77434,0.30986
1,0.80471,0.21485,0.0024417,0.026024,0.040301,0.79883,0.30986
1,0.87587,0.13536,0.0022838,0.016175,0.032334,0.82469,0.30986
1,0.88854,0.12088,0.00062603,0.064456,0.15322,0.85229,0.30986
1,0.83558,0.15517,0.00019057,0.076777,0.34973,0.88214,0.30986
1,0.89026,0.078915,0.00043241,0.037651,0.28976,0.91524,0.30986
1,0.93064,0.042075,0.00055932,0.042841,0.23615,0.95313,0.30986
1,0.96905,0.017755,0.00075351,0.048271,0.12354,1,0.30986
1,1,0,0,0.021286,0,0.084758,0.3169
1,0.56352,0.11416,0.20293,0.059028,0.065874,0.14771,0.3169
1,0.53021,0.24855,0.10861,0.11781,0.16638,0.17531,0.3169
1,0.50476,0.35517,0.049464,0.088998,0.19077,0.20117,0.3169
1,0.48537,0.44453,0.019792,0.11781,0.20105,0.22566,0.3169
1,0.46497,0.48185,0.011118,0.11333,0.16326,0.24906,0.3169
1,0.43371,0.56447,0.010154,0.20425,0.16879,0.27159,0.3169
1,1,0,0,0.20349,0.14684,0.29339,0.3169
1,0,1,0,0.20349,0.12303,0.31462,0.3169
1,0.20417,0.79842,0.0048791,0.20349,0.12657,0.33527,0.3169
1,0.17599,0.82954,0.0081048,0.20349,0.13245,0.35555,0.3169
1,0.20334,0.80319,0.0031462,0.1896,0.23498,0.37547,0.3169
1,0.22749,0.73177,0.0014381,0.030826,0.36323,0.3951,0.3169
1,0.38181,0.57348,0.0011516,0.030623,0.39577,0.41445,0.3169
1,0.64226,0.3138,0.0011898,0.0099305,0.29454,0.43364,0.3169
1,1,0,0,0.0075978,0.19598,0.45269,0.3169
1,0.85538,0.14851,0.001726,0.0038321,0.17416,0.47167,0.3169
1,0.86892,0.17014,0.0011195,0.010275,0.137,0.49058,0.3169
1,0.8407,0.25111,0.0012284,0.016802,0.137,0.50942,0.3169
1,0.84558,0.28355,0.0025045,0.004237,0.049307,0.52833,0.3169
1,0.81827,0.36266,0.0054814,0,0.018184,0.54731,0.3169
1,0.83567,0.34943,0.0024894,0,0.024623,0.56636,0.3169
1,1,0,0,0,0,0.6049,0.3169
1,1,0,0,0,0,0.79883,0.3169
1,0.87076,0.15617,0.0011641,0.087717,0.07893,0.82469,0.3169
1,0.92001,0.090511,0.000982,0.090808,0.077075,0.85229,0.3169
1,0.86394,0.13735,0.00014471,0.11339,0.31344,0.88214,0.3169
1,0.91915,0.057459,0.00048303,0.032289,0.21555,0.91524,0.3169
1,0.95068,0.029985,0.00061939,0.041286,0.16602,0.95313,0.3169
1,0.98217,0.014552,0.0006396,0.18584,0.085564,1,0.3169
1,0.48161,0.040049,0.50246,0.017306,0.014839,0.084758,0.32394
1,0.59368,0.17771,0.11908,0.033189,0.057285,0.17531,0.32394
1,0.57663,0.28824,0.054816,0.041858,0.09707,0.20117,0.32394
1,0.4572,0.46632,0.02281,0.06179,0.2101,0.22566,0.32394
1,0.38829,0.57105,0.011145,0.11326,0.24729,0.24906,0.32394
1,0,1,0,0.055458,0.27909,0.27159,0.32394
1,0,1,0,0.20349,0.27425,0.29339,0.32394
1,0,1,0,0.20349,0.26285,0.31462,0.32394
1,0.1252,0.8795,0.0030746,0.20349,0.26887,0.33527,0.32394
1,0,1,0,0.20349,0.27551,0.35555,0.32394
1,0.12708,0.85054,0.0028532,0.057964,0.34318,0.37547,0.32394
1,0.18798,0.77985,0.0021265,0.031919,0.45828,0.3951,0.32394
1,0.4837,0.47267,0.00085925,0.030858,0.31547,0.41445,0.32394
1,0.77158,0.19532,0.0010828,0.0095942,0.17224,0.43364,0.32394
1,1,0,0,0.0082255,0.07968,0.45269,0.32394
1,0.93113,0.071862,0.0021575,0.0011696,0.030857,0.47167,0.32394
1,0.91976,0.12667,0.0010103,0.087158,0.091798,0.49058,0.32394
1,0.90196,0.19719,0.0010762,0.11576,0.091798,0.50942,0.32394
1,0.89853,0.32043,0.0037532,0.36348,0.10584,0.52833,0.32394
1,1,1,0,0.0058071,0.048213,0.54731,0.32394
1,1,0,0,0,0,0.6049,0.32394
1,0.85668,0.15544,0.00086269,0.031233,0.082642,0.82469,0.32394
1,0.92819,0.078614,0.0011353,0.07751,0.040574,0.85229,0.32394
1,0.89334,0.10959,0.00016691,0.11962,0.25224,0.88214,0.32394
1,0.94281,0.041476,0.00055392,0.042841,0.14415,0.91524,0.32394
1,0.96801,0.021005,0.00066181,0.073273,0.096831,0.95313,0.32394
1,0.98192,0.012899,0.0007006,0.11655,0.060896,1,0.32394
1,0,0,1,0,0,0,0.33099
1,0,0,1,0,0,0.04687,0.33099
1,0.61959,0.25474,0.065164,0.0071502,0.039018,0.20117,0.33099
1,0.48871,0.43417,0.025573,0.015046,0.16292,0.22566,0.33099
1,0.48088,0.45755,0.012045,0.050889,0.12259,0.24906,0.33099
1,0.39647,0.55557,0.010202,0.070722,0.14864,0.27159,0.33099
1,0.23728,0.70727,0.0089861,0.034813,0.22309,0.29339,0.33099
1,0.10513,0.86441,0.0061043,0.044184,0.34128,0.31462,0.33099
1,0.071971,0.92727,0.0033167,0.16163,0.41154,0.33527,0.33099
1,0,1,0,0.10507,0.42024,0.35555,0.33099
1,0.092069,0.88942,0.004138,0.038017,0.46921,0.37547,0.33099
1,0.22324,0.74036,0.001961,0.020495,0.43163,0.3951,0.33099
1,0.55864,0.39835,0.00079792,0.023378,0.26655,0.41445,0.33099
1,0.83842,0.13718,0.001299,0.0091187,0.10371,0.43364,0.33099
1,0.92562,0.1041,0.0010513,0.016061,0.075264,0.49058,0.33099
1,0.85561,0.26503,0.0011639,0.10264,0.21485,0.50942,0.33099
1,0.83473,0.35094,0.0018189,0.1252,0.17683,0.52833,0.33099
1,0.84648,0.33456,0.0046508,0.036068,0.033757,0.54731,0.33099
1,0.92487,0.076469,0.0010419,0.042687,0.032668,0.85229,0.33099
1,0.91767,0.080795,0.00027039,0.093096,0.17546,0.88214,0.33099
1,0.95682,0.031503,0.00072787,0.044722,0.084303,0.91524,0.33099
1,0.98054,0.015481,0.00090603,0.15142,0.035212,0.95313,0.33099
1,0.98277,0.010499,0.001168,0.042841,0.017189,1,0.33099
1,1,0,0,0.0080113,0.065619,0.22566,0.33803
1,0.56278,0.36095,0.015886,0.0015037,0.015973,0.24906,0.33803
1,0.47461,0.44697,0.013004,0.001643,0.032318,0.27159,0.33803
1,0.31945,0.61199,0.0082232,0.014984,0.11415,0.29339,0.33803
1,0.16216,0.79323,0.0044471,0.022674,0.2354,0.31462,0.33803
1,0.073904,0.9069,0.004459,0.036396,0.38714,0.33527,0.33803
1,0.044662,0.94785,0.0072336,0.060858,0.54137,0.35555,0.33803
1,0.071631,0.91585,0.0065344,0.036623,0.59878,0.37547,0.33803
1,0.26622,0.71379,0.0015579,0.065388,0.43154,0.3951,0.33803
1,0.59671,0.36846,0.00081842,0.032527,0.2664,0.41445,0.33803
1,0.85611,0.12275,0.00139,0.00576,0.10334,0.43364,0.33803
1,0.91644,0.11519,0.00093878,0.0090673,0.12964,0.49058,0.33803
1,0.87699,0.20106,0.0014823,0.0090287,0.15821,0.50942,0.33803
1,0.89615,0.26657,0.0018816,0.18415,0.10891,0.52833,0.33803
1,0.93756,0.058139,0.00048431,0.06692,0.097209,0.88214,0.33803
1,0.96812,0.022659,0.0011839,0.034654,0.014423,0.91524,0.33803
1,0,1,0,0,0,0.20117,0.34507
1,0.414,0.5091,0.0091138,0.0013302,0.013889,0.29339,0.34507
1,0.21965,0.72429,0.0037635,0.0061991,0.16408,0.31462,0.34507
1,0.10331,0.86761,0.0036702,0.0076621,0.33266,0.33527,0.34507
1,0.068275,0.92341,0.0046423,0.067194,0.50303,0.35555,0.34507
1,0.086147,0.90478,0.0058683,0.056141,0.61371,0.37547,0.34507
1,0.28779,0.69851,0.0017068,0.074301,0.45225,0.3951,0.34507
1,0.60433,0.36781,0.00096843,0.040232,0.29908,0.41445,0.34507
1,0.8499,0.13345,0.0013388,0.019218,0.15345,0.43364,0.34507
1,0.93713,0.057932,0.0025839,0.0038643,0.065186,0.45269,0.34507
1,0.95402,0.051987,0.0019068,0.0095814,0.039657,0.47167,0.34507
1,0.92436,0.11154,0.0010488,0.039951,0.15077,0.49058,0.34507
1,1,0,0,0.030711,0.075503,0.50942,0.34507
1,1,0,0,0,0,0.54731,0.34507
1,0.95212,0.041188,0.0009428,0.031604,0.018234,0.88214,0.34507
1,1,0,0,0,0,0.20117,0.35211
1,0.54663,0.37742,0.011675,0.010982,0.039351,0.24906,0.35211
1,0.46073,0.46873,0.0074398,0.02177,0.064919,0.27159,0.35211
1,0.37488,0.55534,0.0054406,0.011166,0.075414,0.29339,0.35211
1,0.24662,0.70394,0.0027436,0.023479,0.16408,0.31462,0.35211
1,0.13137,0.84793,0.0023434,0.050334,0.33266,0.33527,0.35211
1,0.081542,0.90219,0.0049631,0.016451,0.50303,0.35555,0.35211
1,0.091674,0.90226,0.0067098,0.062252,0.66367,0.37547,0.35211
1,0.27564,0.7133,0.0025763,0.069227,0.51525,0.3951,0.35211
1,0.57539,0.40549,0.0014639,0.052821,0.37483,0.41445,0.35211
1,0.82215,0.17109,0.0014973,0.057422,0.25018,0.43364,0.35211
1,1,0,0,0.032326,0.12184,0.45269,0.35211
1,0.95965,0.046049,0.002429,0.0071052,0.029523,0.47167,0.35211
1,1,0,0,0.054993,0.10603,0.49058,0.35211
1,0.91746,0.15318,0.0013365,0.065058,0.14332,0.50942,0.35211
1,0.92848,0.075169,0.00065174,0.053266,0.025168,0.85229,0.35211
1,0.4867,0.43444,0.0070268,0.0084118,0.038746,0.27159,0.35915
1,0.34508,0.61429,0.0028254,0.070715,0.15259,0.29339,0.35915
1,0.2133,0.75556,0.002005,0.054479,0.25539,0.31462,0.35915
1,0.13218,0.85399,0.0023282,0.065176,0.38714,0.33527,0.35915
1,0.10902,0.8884,0.0031643,0.090776,0.51556,0.35555,0.35915
1,0.12156,0.88054,0.0051875,0.10005,0.65123,0.37547,0.35915
1,0.2654,0.72241,0.0038361,0.053451,0.57096,0.3951,0.35915
1,0.55991,0.42259,0.0022725,0.047245,0.42494,0.41445,0.35915
1,0.82589,0.1682,0.0021742,0.053185,0.26771,0.43364,0.35915
1,0.9356,0.064692,0.003437,0.031402,0.12107,0.45269,0.35915
1,0.96215,0.043715,0.0027845,0.00757,0.029212,0.47167,0.35915
1,0.94656,0.078564,0.0013804,0.02946,0.10586,0.49058,0.35915
1,0.94109,0.11032,0.0012988,0.05652,0.087592,0.50942,0.35915
1,0.51511,0.40003,0.006733,0.0012831,0.014584,0.27159,0.3662
1,0.41861,0.59203,0.0023371,0.18419,0.14793,0.29339,0.3662
1,0.32575,0.6653,0.0014589,0.11787,0.17419,0.31462,0.3662
1,0.21144,0.77061,0.0014774,0.06177,0.29083,0.33527,0.3662
1,0.1793,0.82485,0.0016661,0.11239,0.43018,0.35555,0.3662
1,0.16972,0.82759,0.0037986,0.073725,0.58076,0.37547,0.3662
1,0.31828,0.66551,0.0034143,0.038263,0.52922,0.3951,0.3662
1,0.63204,0.35101,0.0020665,0.039457,0.36639,0.41445,0.3662
1,0.87266,0.12778,0.0031321,0.071217,0.20893,0.43364,0.3662
1,0.95054,0.053116,0.005148,0.056197,0.081958,0.45269,0.3662
1,0.9838,0.011044,0.00092731,0.030582,0.0062002,1,0.3662
1,0.46467,0.53759,0.0020994,0.13948,0.068725,0.31462,0.37324
1,0.3227,0.67843,0.0010811,0.11037,0.21155,0.33527,0.37324
1,0.26429,0.75528,0.0010547,0.14525,0.36601,0.35555,0.37324
1,0.25752,0.77513,0.0018858,0.17576,0.52716,0.37547,0.37324
1,0.36239,0.64212,0.0028085,0.085273,0.52975,0.3951,0.37324
1,0.65371,0.33626,0.0021303,0.047419,0.36715,0.41445,0.37324
1,1,0,0,0.042847,0.21028,0.43364,0.37324
1,1,0,0,0.040892,0.085353,0.45269,0.37324
1,0.96439,0.041667,0.0029658,0.0053144,0.028618,0.47167,0.37324
1,0.97785,0.017613,0.00058087,0.091418,0.036773,0.95313,0.37324
1,0.98505,0.011153,0.00077269,0.058249,0.0064169,1,0.37324
1,0.43737,0.59601,0.0012832,0.17222,0.15556,0.33527,0.38028
1,0.36137,0.67926,0.00083747,0.18128,0.30871,0.35555,0.38028
1,0.3576,0.66841,0.0010994,0.1377,0.41637,0.37547,0.38028
1,0.49503,0.53845,0.0012924,0.14714,0.43163,0.3951,0.38028
1,0.68482,0.34547,0.0016539,0.14536,0.39194,0.41445,0.38028
1,0.86545,0.13491,0.0030918,0.049498,0.22999,0.43364,0.38028
1,0.94842,0.053483,0.0045439,0.018332,0.076803,0.45269,0.38028
1,0.97716,0.026619,0.00037785,0.25439,0.10819,0.95313,0.38028
1,0.98593,0.013555,0.00047905,0.15426,0.03974,1,0.38028
1,1,0,0,0.1888,0.11035,0.33527,0.38732
1,0.49396,0.56456,0.00084711,0.20639,0.21699,0.35555,0.38732
1,0.50788,0.51776,0.00061919,0.12552,0.27747,0.37547,0.38732
1,0.62633,0.38662,0.00074091,0.092444,0.28231,0.3951,0.38732
1,0.70909,0.30411,0.0014285,0.088961,0.34425,0.41445,0.38732
1,0.85995,0.14519,0.0020955,0.055792,0.23962,0.43364,0.38732
1,0.9397,0.063216,0.0027873,0.01254,0.10223,0.45269,0.38732
1,0.98068,0.030508,0.0013584,0.4063,0.11154,0.95313,0.38732
1,0.98645,0.020732,0.0010362,0.36281,0.095253,1,0.38732
1,0.56439,0.40603,0.0018338,0.023757,0.019428,0.33527,0.39437
1,0.61159,0.402,0.0010033,0.10304,0.076958,0.35555,0.39437
1,0.67066,0.35585,0.00069541,0.12464,0.12955,0.37547,0.39437
1,0.77296,0.25091,0.00075484,0.12087,0.13441,0.3951,0.39437
1,0.81402,0.21915,0.00090186,0.15134,0.2319,0.41445,0.39437
1,0.87401,0.14625,0.0013888,0.11061,0.23223,0.43364,0.39437
1,0.94025,0.072258,0.0018069,0.075552,0.12421,0.45269,0.39437
1,0.98409,0.020736,0.00094434,0.29979,0.048268,0.95313,0.39437
1,0.98321,0.029009,0.0012488,0.4273,0.15074,1,0.39437
1,0.86987,0.14238,0.0010478,0.077767,0.1023,0.41445,0.40141
1,0.90433,0.11844,0.0012213,0.12511,0.16447,0.43364,0.40141
1,0.979,0.039512,0.0014862,0.48065,0.20616,1,0.40141
1,0.92466,0.083533,0.0013981,0.043053,0.065997,0.43364,0.40845
1,0.98128,0.037413,0.0020655,0.50784,0.18539,1,0.40845
1,0.9855,0.029843,0.0027722,0.50914,0.13052,1,0.41549
1,0.98844,0.022149,0.0023371,0.44875,0.077341,1,0.42254
1,0.98767,0.014844,0.00050453,0.20135,0.035085,1,0.42958
1,0.98825,0.014953,0.00056498,0.21956,0.032201,1,0.43662
1,0.98619,0.013149,0.00054279,0.083377,0.0086003,1,0.44366
1,0.92488,0.12549,7.4544e-05,0.043768,0.041574,0.64445,0.4507
1,0.97102,0.038174,0.0017499,0.020244,0.056046,0.56636,0.45775
1,1,0,0,0.0026733,0.030951,0.58555,0.45775
1,0.95775,0.058996,0.00039797,0.0046418,0.024251,0.6049,0.45775
1,0.9358,0.094832,0.00011599,0.016498,0.048879,0.62453,0.45775
1,0.88142,0.18524,4.3588e-05,0.053665,0.14637,0.64445,0.45775
1,0.89881,0.17016,7.3536e-05,0.044994,0.053624,0.66473,0.45775
1,0.97315,0.035584,0.0021979,0.061213,0.084753,0.54731,0.46479
1,0.95614,0.063256,0.0013357,0.097752,0.17739,0.56636,0.46479
1,0.95477,0.059021,0.0010415,0.025101,0.11282,0.58555,0.46479
1,0.93892,0.083414,0.00028856,0.024342,0.10426,0.6049,0.46479
1,0.89545,0.15725,9.5797e-05,0.071932,0.17754,0.62453,0.46479
1,0.81786,0.26489,7.7006e-05,0.06369,0.25241,0.64445,0.46479
1,0.8205,0.27527,6.3772e-05,0.052902,0.19507,0.66473,0.46479
1,0.87326,0.21794,0.00014048,0.035706,0.056307,0.68538,0.46479
1,0.97139,0.035118,0.0022208,0.041832,0.080114,0.52833,0.47183
1,0.95973,0.055079,0.0020892,0.11136,0.19592,0.54731,0.47183
1,0.91697,0.10504,0.0016144,0.072046,0.30165,0.56636,0.47183
1,0.91652,0.10829,0.0008456,0.059928,0.24803,0.58555,0.47183
1,0.88329,0.14831,0.00033208,0.031227,0.24296,0.6049,0.47183
1,0.803,0.26157,0.00020658,0.062998,0.32357,0.62453,0.47183
1,0.71149,0.37788,0.00022817,0.056953,0.37607,0.64445,0.47183
1,0.77306,0.33269,0.00011928,0.060609,0.25644,0.66473,0.47183
1,0.85066,0.26844,0.00013405,0.08511,0.12068,0.68538,0.47183
1,0.86965,0.29491,0.00041427,0.16243,0.077364,0.70661,0.47183
1,0.5465,0.56597,0.00025033,0.016717,0.059374,0.77434,0.47183
1,0.72983,0.45193,0.00017052,0.11415,0.045807,0.79883,0.47183
1,0.96457,0.050045,0.00071281,0.041793,0.037757,0.88214,0.47183
1,0.97161,0.032654,0.0027081,0.028266,0.066169,0.52833,0.47887
1,1,0,0,0.051908,0.22063,0.54731,0.47887
1,0.87921,0.14294,0.0020158,0.065639,0.38191,0.56636,0.47887
1,0.83666,0.19197,0.001271,0.048509,0.39519,0.58555,0.47887
1,0.79559,0.24967,0.00057407,0.058759,0.39046,0.6049,0.47887
1,0.69253,0.37224,0.00046621,0.055398,0.44593,0.62453,0.47887
1,0.60606,0.47982,0.00052041,0.054564,0.47708,0.64445,0.47887
1,0.69109,0.4189,0.00027754,0.056764,0.3407,0.66473,0.47887
1,0.75289,0.39044,0.00028365,0.074931,0.25245,0.68538,0.47887
1,0,1,0,0.18044,0.17924,0.70661,0.47887
1,1,0,0,0.12637,0.060152,0.72841,0.47887
1,1,0,0,0.10477,0.11759,0.77434,0.47887
1,0.75914,0.49567,0.00030063,0.26933,0.052985,0.79883,0.47887
1,1,0,0,0,0,0.91524,0.47887
1,0.97091,0.031726,0.0031353,0.018505,0.056357,0.52833,0.48592
1,0.94463,0.061815,0.0026185,0.046947,0.2179,0.54731,0.48592
1,0.87109,0.14658,0.001953,0.057732,0.38035,0.56636,0.48592
1,0.72325,0.30472,0.0022772,0.046718,0.54403,0.58555,0.48592
1,0.66057,0.37987,0.001277,0.046874,0.53958,0.6049,0.48592
1,0.55487,0.50156,0.0010798,0.051077,0.57946,0.62453,0.48592
1,0.50603,0.57046,0.00095564,0.054472,0.56524,0.64445,0.48592
1,0.56879,0.53749,0.00067098,0.054312,0.45397,0.66473,0.48592
1,0.62462,0.5258,0.00073009,0.068854,0.38521,0.68538,0.48592
1,1,1,0,0.14132,0.27828,0.70661,0.48592
1,1,0,0,0.21229,0.095453,0.72841,0.48592
1,0,1,0,0,0,0.75094,0.48592
1,0,1,0,0.14371,0.14905,0.77434,0.48592
1,0.68387,0.52591,0.00039979,0.0973,0.046185,0.79883,0.48592
1,0.97291,0.048086,0.00080262,0.05975,0.022795,0.88214,0.48592
1,0.96867,0.032852,0.0034151,0.013536,0.056324,0.52833,0.49296
1,0.94065,0.061469,0.0026097,0.018899,0.19773,0.54731,0.49296
1,0.87289,0.14095,0.0016551,0.054605,0.35528,0.56636,0.49296
1,0.73039,0.29569,0.0017234,0.055314,0.51461,0.58555,0.49296
1,0.53775,0.49766,0.0022331,0.054989,0.66394,0.6049,0.49296
1,0.42492,0.62913,0.0020105,0.079491,0.71928,0.62453,0.49296
1,0.3949,0.67047,0.001711,0.063364,0.67221,0.64445,0.49296
1,0.43259,0.65963,0.0014276,0.056801,0.57946,0.66473,0.49296
1,0.53329,0.60272,0.0012368,0.05568,0.45832,0.68538,0.49296
1,1,0,0,0.12524,0.27794,0.70661,0.49296
1,0.80716,0.43185,0.00045278,0.2319,0.093998,0.72841,0.49296
1,1,1,0,0,0,0.75094,0.49296
1,1,1,0,0.021545,0.027718,0.77434,0.49296
1,1,0,0,0.26726,0.063808,0.79883,0.49296
1,0.87682,0.33767,0.00041063,0.0146,0.043201,0.82469,0.49296
1,0.96986,0.029827,0.0042852,0,0.025456,0.52833,0.5
1,0.9486,0.054854,0.0022582,0.046386,0.15679,0.54731,0.5
1,0.8863,0.12415,0.0012539,0.054716,0.30268,0.56636,0.5
1,0.74369,0.27226,0.0013132,0.038066,0.46099,0.58555,0.5
1,0.54729,0.48512,0.0016486,0.060164,0.62367,0.6049,0.5
1,0.35395,0.69556,0.0025613,0.099817,0.78943,0.62453,0.5
1,0.30484,0.74949,0.0026212,0.076186,0.76695,0.64445,0.5
1,0.38323,0.69637,0.00176,0.055942,0.60788,0.66473,0.5
1,0.52009,0.61194,0.0012599,0.069004,0.45579,0.68538,0.5
1,0.65889,0.52968,0.00091849,0.095317,0.31846,0.70661,0.5
1,0.74614,0.50909,0.00028042,0.22332,0.1796,0.72841,0.5
1,1,0,0,0,0.022395,0.75094,0.5
1,1,1,0,0,0,0.77434,0.5
1,0,1,0,0.21322,0.072769,0.79883,0.5
1,0.85902,0.4498,0.00027544,0.071215,0.13639,0.82469,0.5
1,0.95857,0.14919,0.0010235,0.0078142,0.031612,0.85229,0.5
1,1,0,0,0,0,0.91524,0.5
1,0.94814,0.054433,0.0022037,0.050946,0.13882,0.54731,0.50704
1,0.87643,0.12985,0.001121,0.044752,0.29382,0.56636,0.50704
1,0.72667,0.28634,0.0010954,0.041823,0.45527,0.58555,0.50704
1,0.51737,0.50549,0.0015698,0.051608,0.61948,0.6049,0.50704
1,0.32234,0.7137,0.0026783,0.081989,0.78616,0.62453,0.50704
1,0.31807,0.74577,0.0019344,0.1163,0.72786,0.64445,0.50704
1,0.43427,0.67863,0.0011171,0.14542,0.55889,0.66473,0.50704
1,0.56615,0.56568,0.00089582,0.088807,0.38983,0.68538,0.50704
1,0.70374,0.44713,0.00071903,0.05416,0.22842,0.70661,0.50704
1,1,0,0,0.13949,0.11029,0.72841,0.50704
1,0.74287,0.47311,6.4896e-05,0.12057,0.022362,0.75094,0.50704
1,0,1,0,0,0,0.77434,0.50704
1,0,1,0,0,0,0.79883,0.50704
1,0.88659,0.44738,0.00034692,0.050199,0.11256,0.82469,0.50704
1,1,0,0,0.040832,0.080375,0.85229,0.50704
1,0.96382,0.035083,0.0048052,0.014395,0.039207,0.52833,0.51408
1,0.92598,0.072754,0.002101,0.028326,0.18935,0.54731,0.51408
1,0.8562,0.16494,0.00078084,0.11742,0.34104,0.56636,0.51408
1,0.67475,0.34089,0.0010394,0.062233,0.49728,0.58555,0.51408
1,0.47049,0.55884,0.0014281,0.086355,0.65208,0.6049,0.51408
1,0.2771,0.7516,0.002925,0.084862,0.81183,0.62453,0.51408
1,0.3143,0.7578,0.0015678,0.15862,0.70986,0.64445,0.51408
1,0.45036,0.68732,0.00091525,0.22399,0.54143,0.66473,0.51408
1,0.55554,0.56077,0.00083956,0.083302,0.365,0.68538,0.51408
1,0,1,0,0.029329,0.18423,0.70661,0.51408
1,0.76719,0.46553,5.6798e-05,0.1217,0.053218,0.75094,0.51408
1,0,1,0,0,0,0.77434,0.51408
1,1,0,0,0,0,0.79883,0.51408
1,0.94981,0.47509,0.0011269,0.47115,0.12129,0.82469,0.51408
1,1,0,0,0.062282,0.086931,0.85229,0.51408
1,0.97728,0.028978,0.0020071,0,0.019484,0.91524,0.51408
1,1,0,0,0,0,0.50942,0.52113
1,1,0,0,0.025248,0.087142,0.52833,0.52113
1,0.89783,0.099073,0.0019472,0.031282,0.24876,0.54731,0.52113
1,0.80159,0.21466,0.00081787,0.097485,0.39485,0.56636,0.52113
1,0.61221,0.40678,0.0010148,0.084337,0.54485,0.58555,0.52113
1,0.39764,0.62736,0.0016506,0.096836,0.70252,0.6049,0.52113
1,0.25542,0.78958,0.0023149,0.16144,0.83427,0.62453,0.52113
1,0.30243,0.75709,0.0013209,0.13996,0.66725,0.64445,0.52113
1,0.44467,0.68057,0.00075339,0.21541,0.49916,0.66473,0.52113
1,0.56087,0.55216,0.0006769,0.10577,0.33253,0.68538,0.52113
1,0.70473,0.42464,0.00060209,0.057062,0.18201,0.70661,0.52113
1,1,1,0,0.25295,0.050785,0.82469,0.52113
1,1,0,0,0.054273,0.14737,0.85229,0.52113
1,1,0,0,0.00011353,0.015528,0.88214,0.52113
1,0.98222,0.023911,0.00050317,0.07848,0.028551,0.95313,0.52113
1,0.73287,0.3489,0.0010987,0.010383,0.029568,0.35555,0.52817
1,0.885,0.16523,0.0011921,0.0012702,0.02924,0.45269,0.52817
1,0.91641,0.13741,0.0014294,0.10528,0.07183,0.47167,0.52817
1,1,0,0,0.085408,0.12296,0.49058,0.52817
1,0.94904,0.070735,0.0026061,0.13531,0.093742,0.50942,0.52817
1,0.94404,0.07315,0.0021955,0.17062,0.15017,0.52833,0.52817
1,1,0,0,0.098566,0.27771,0.54731,0.52817
1,0.74897,0.26253,0.00079808,0.085511,0.42927,0.56636,0.52817
1,0.52829,0.47554,0.0013144,0.05945,0.58786,0.58555,0.52817
1,0.322,0.69178,0.002102,0.087336,0.75022,0.6049,0.52817
1,0.23521,0.78885,0.0021852,0.10517,0.78324,0.62453,0.52817
1,0.27105,0.77086,0.001248,0.11213,0.64283,0.64445,0.52817
1,0.39548,0.69743,0.00071927,0.16994,0.47965,0.66473,0.52817
1,0.54739,0.55065,0.00064535,0.10582,0.30322,0.68538,0.52817
1,0.75212,0.38693,0.0005553,0.11662,0.12245,0.70661,0.52817
1,1,0,0,0,0,0.72841,0.52817
1,1,0,0,0,0,0.77434,0.52817
1,0.9266,0.42261,0.00026858,0.018233,0.015667,0.79883,0.52817
1,1,0,0,0,0,0.82469,0.52817
1,1,1,0,0.092453,0.17737,0.85229,0.52817
1,0.97986,0.037424,0.00075219,0.019426,0.035335,0.91524,0.52817
1,0.97713,0.03306,0.00031396,0.077133,0.081075,0.95313,0.52817
1,0.72876,0.36447,0.0012645,0.08038,0.032779,0.33527,0.53521
1,0.70068,0.44288,0.00090753,0.11381,0.1095,0.35555,0.53521
1,0.7247,0.42988,0.00075951,0.12422,0.11956,0.37547,0.53521
1,0.79015,0.34208,0.00084691,0.10051,0.060719,0.3951,0.53521
1,0.80419,0.29107,0.00088219,0.019638,0.042874,0.41445,0.53521
1,0.83993,0.26607,0.00094132,0.083934,0.065413,0.43364,0.53521
1,0.85208,0.23703,0.00095737,0.074393,0.097431,0.45269,0.53521
1,0.83139,0.25225,0.00097731,0.091123,0.21238,0.47167,0.53521
1,0.84804,0.20965,0.001397,0.091928,0.26074,0.49058,0.53521
1,0.88318,0.15367,0.0012776,0.1167,0.24826,0.50942,0.53521
1,0.89213,0.14241,0.00097187,0.18315,0.27438,0.52833,0.53521
1,0.80339,0.19918,0.0011531,0.060395,0.37305,0.54731,0.53521
1,0.65253,0.34687,0.0010641,0.05688,0.49599,0.56636,0.53521
1,0.44101,0.55313,0.0016533,0.048914,0.63791,0.58555,0.53521
1,0.25291,0.74714,0.0028289,0.062023,0.78974,0.6049,0.53521
1,0.23488,0.77911,0.0015482,0.081014,0.70957,0.62453,0.53521
1,0.28333,0.75204,0.00073662,0.10241,0.56056,0.64445,0.53521
1,0.37612,0.6869,0.00055895,0.11961,0.41954,0.66473,0.53521
1,1,0,0,0.080412,0.27714,0.68538,0.53521
1,0,1,0,0.041798,0.10584,0.70661,0.53521
1,1,0,0,0,0,0.77434,0.53521
1,1,0,0,0,0,0.79883,0.53521
1,1,0,0,0.093843,0.055635,0.82469,0.53521
1,1,0,0,0.10261,0.14775,0.85229,0.53521
1,0.97687,0.033264,0.00034901,0.038253,0.066513,0.95313,0.53521
1,0.66603,0.37648,0.0030826,0.1236,0.082147,0.29339,0.54225
1,0.66121,0.42976,0.0015466,0.13681,0.11301,0.31462,0.54225
1,0.65396,0.47676,0.0010671,0.13202,0.13888,0.33527,0.54225
1,0.5748,0.58685,0.00093466,0.11203,0.23534,0.35555,0.54225
1,0.57831,0.59483,0.00073367,0.12478,0.26737,0.37547,0.54225
1,0.68447,0.49463,0.00063677,0.14328,0.19491,0.3951,0.54225
1,0.73358,0.42465,0.00066245,0.11295,0.1584,0.41445,0.54225
1,0.71164,0.43429,0.00066951,0.088901,0.21593,0.43364,0.54225
1,0.72689,0.40245,0.00078502,0.0836,0.24865,0.45269,0.54225
1,0.72389,0.37781,0.0011116,0.066667,0.31254,0.47167,0.54225
1,0.70447,0.36909,0.0018565,0.062496,0.41101,0.49058,0.54225
1,0.75912,0.29347,0.0013855,0.091984,0.40316,0.50942,0.54225
1,0.77785,0.26791,0.00079032,0.14589,0.41949,0.52833,0.54225
1,0.68733,0.32388,0.0010548,0.078294,0.48959,0.54731,0.54225
1,0.52481,0.47011,0.0014703,0.055179,0.59606,0.56636,0.54225
1,0.33877,0.65165,0.0022741,0.052232,0.71799,0.58555,0.54225
1,0.20069,0.79145,0.0034519,0.043835,0.81519,0.6049,0.54225
1,0.23171,0.78419,0.00095179,0.096731,0.65777,0.62453,0.54225
1,0.30834,0.74768,0.00038172,0.16455,0.49645,0.64445,0.54225
1,0.38511,0.66377,0.00034225,0.10069,0.33807,0.66473,0.54225
1,0.54616,0.53201,0.0005355,0.11017,0.19714,0.68538,0.54225
1,0.70588,0.39796,0.00091708,0.034219,0.060691,0.70661,0.54225
1,1,0,0,0,0,0.72841,0.54225
1,1,0,0,0,0,0.75094,0.54225
1,1,0,0,0,0,0.77434,0.54225
1,1,0,0,0,0,0.79883,0.54225
1,1,1,0,0.042665,0.13853,0.82469,0.54225
1,1,0,0,0.071369,0.16724,0.85229,0.54225
1,0.98405,0.096591,0.00060768,0.016907,0.039468,0.88214,0.54225
1,0.98147,0.027625,0.00043651,0.018304,0.013939,0.95313,0.54225
1,0.62445,0.23749,0.0143,0.035151,0.035135,0.24906,0.5493
1,1,0,0,0.10417,0.10719,0.27159,0.5493
1,0,1,0,0.10812,0.18745,0.29339,0.5493
1,0.52042,0.56978,0.0014135,0.12181,0.25282,0.31462,0.5493
1,0.52186,0.61121,0.0011139,0.12476,0.26876,0.33527,0.5493
1,0,1,0,0.11442,0.35583,0.35555,0.5493
1,0.44067,0.72287,0.0011283,0.12093,0.39524,0.37547,0.5493
1,0.53525,0.64454,0.00074071,0.12624,0.32628,0.3951,0.5493
1,0.5768,0.60068,0.00069495,0.11385,0.30708,0.41445,0.5493
1,0.5486,0.61815,0.00089517,0.10335,0.3685,0.43364,0.5493
1,0.553,0.59152,0.0012193,0.079206,0.40196,0.45269,0.5493
1,0.57008,0.54967,0.0016278,0.070638,0.44485,0.47167,0.5493
1,0.55732,0.53247,0.0023986,0.072765,0.53467,0.49058,0.5493
1,0.58834,0.47443,0.0020781,0.083086,0.55812,0.50942,0.5493
1,0.59862,0.43941,0.0014503,0.091215,0.56975,0.52833,0.5493
1,0.52398,0.48408,0.0016119,0.067275,0.62278,0.54731,0.5493
1,0.39532,0.60534,0.0019162,0.081038,0.70967,0.56636,0.5493
1,0.23913,0.75177,0.0033986,0.062441,0.81933,0.58555,0.5493
1,0.18548,0.80774,0.0026385,0.054183,0.78159,0.6049,0.5493
1,0.21142,0.79625,0.00075985,0.079896,0.61635,0.62453,0.5493
1,0.29984,0.75809,0.00026142,0.18133,0.45021,0.64445,0.5493
1,0.36218,0.67134,0.00028711,0.080635,0.28552,0.66473,0.5493
1,1,0,0,0.038508,0.12065,0.68538,0.5493
1,1,0,0,0,0,0.75094,0.5493
1,1,0,0,0,0,0.77434,0.5493
1,1,1,0,0.24732,0.029412,0.79883,0.5493
1,1,1,0,0.008204,0.1547,0.82469,0.5493
1,1,1,0,0.094696,0.22317,0.85229,0.5493
1,0.98344,0.11105,0.00048823,0.017972,0.046268,0.88214,0.5493
1,0.98529,0.021658,0.00023154,0.066024,0.010361,1,0.5493
1,1,0,0,0,0,0.22566,0.55634
1,1,0,0,0.08897,0.096903,0.24906,0.55634
1,0.50948,0.45424,0.0053561,0.10229,0.22122,0.27159,0.55634
1,0.44871,0.5873,0.0028011,0.10427,0.30499,0.29339,0.55634
1,0.38442,0.69593,0.0021003,0.11592,0.39261,0.31462,0.55634
1,0.38143,0.73345,0.0017407,0.11191,0.40704,0.33527,0.55634
1,0.33646,0.7981,0.0020856,0.10953,0.47512,0.35555,0.55634
1,0.30733,0.8254,0.0022762,0.11238,0.53423,0.37547,0.55634
1,0.3773,0.7766,0.0015123,0.11174,0.46944,0.3951,0.55634
1,0.40842,0.754,0.0013815,0.11124,0.45765,0.41445,0.55634
1,0.3904,0.76028,0.0018717,0.096416,0.50217,0.43364,0.55634
1,0.37721,0.75496,0.002625,0.078129,0.554,0.45269,0.55634
1,0.40116,0.71759,0.0029005,0.080263,0.588,0.47167,0.55634
1,0.40231,0.68821,0.0035455,0.078048,0.65894,0.49058,0.55634
1,0.40889,0.65403,0.0033062,0.085172,0.71311,0.50942,0.55634
1,0.43089,0.61697,0.0020361,0.11806,0.72195,0.52833,0.55634
1,0.38085,0.6452,0.0019194,0.12405,0.76406,0.54731,0.55634
1,0.26697,0.73153,0.0032688,0.085421,0.83585,0.56636,0.55634
1,0.1766,0.8383,0.0035381,0.16625,0.93114,0.58555,0.55634
1,0.16539,0.83726,0.0019568,0.095529,0.77399,0.6049,0.55634
1,0.18978,0.82791,0.00055013,0.1225,0.60684,0.62453,0.55634
1,0.22658,0.79346,0.00028227,0.098187,0.43734,0.64445,0.55634
1,0.30254,0.71137,0.0003906,0.048571,0.2652,0.66473,0.55634
1,0.46731,0.55999,0.00097592,0.015324,0.092086,0.68538,0.55634
1,1,0,0,0.17939,0.044679,0.77434,0.55634
1,1,0,0,0.18964,0.064474,0.79883,0.55634
1,1,0,0,0.084626,0.084125,0.82469,0.55634
1,0.96544,0.44176,0.00054401,0.060074,0.21038,0.85229,0.55634
1,0.97848,0.14375,0.00037624,0.019852,0.08622,0.88214,0.55634
1,0.97825,0.036663,0.00027773,0.025253,0.040401,0.95313,0.55634
1,0.98108,0.027363,0.00018241,0.049991,0.045268,1,0.55634
1,0.601,0.27132,0.012465,0.09473,0.088631,0.24906,0.56338
1,0.4583,0.50179,0.005354,0.11268,0.27774,0.27159,0.56338
1,0.35122,0.6822,0.0038239,0.12085,0.41985,0.29339,0.56338
1,0.28661,0.77988,0.0033777,0.11162,0.50807,0.31462,0.56338
1,0.26395,0.82532,0.003162,0.10317,0.54735,0.33527,0.56338
1,0.2384,0.86465,0.0035323,0.10538,0.60195,0.35555,0.56338
1,0.21335,0.88921,0.0041366,0.11238,0.66424,0.37547,0.56338
1,0.25338,0.8686,0.0031874,0.11748,0.61623,0.3951,0.56338
1,0.26761,0.86054,0.0031618,0.11118,0.60872,0.41445,0.56338
1,0.25652,0.86463,0.0039156,0.10012,0.644,0.43364,0.56338
1,0.24061,0.86628,0.0051652,0.08593,0.70068,0.45269,0.56338
1,0.25342,0.84461,0.0055901,0.085324,0.73569,0.47167,0.56338
1,0.26166,0.81662,0.005877,0.083328,0.79394,0.49058,0.56338
1,0.25722,0.79543,0.0056914,0.086687,0.8681,0.50942,0.56338
1,0.27613,0.76362,0.0036307,0.11935,0.87507,0.52833,0.56338
1,0.25286,0.77783,0.0030524,0.16365,0.90968,0.54731,0.56338
1,0.18736,0.81472,0.0043642,0.10385,0.92763,0.56636,0.56338
1,0.18659,0.8402,0.0019952,0.20992,0.85563,0.58555,0.56338
1,0.14395,0.86755,0.0016476,0.13809,0.77378,0.6049,0.56338
1,0.15446,0.86102,0.00059268,0.12523,0.60658,0.62453,0.56338
1,0.18649,0.83471,0.00028436,0.11556,0.43698,0.64445,0.56338
1,0.24706,0.76721,0.00042669,0.061937,0.26461,0.66473,0.56338
1,0.39741,0.63152,0.00092058,0.022991,0.090425,0.68538,0.56338
1,0.50829,0.60908,0.00058296,0.027292,0.09687,0.70661,0.56338
1,1,0,0,0,0,0.75094,0.56338
1,1,0,0,0,0,0.77434,0.56338
1,1,1,0,0.10899,0.046624,0.79883,0.56338
1,1,1,0,0.28392,0.087747,0.82469,0.56338
1,0.9774,0.36305,0.00042774,0.064071,0.12897,0.85229,0.56338
1,0.9672,0.19914,0.00028253,0.027322,0.15201,0.88214,0.56338
1,0.97627,0.067496,0.00030362,0.0051302,0.049418,0.91524,0.56338
1,0.96738,0.054138,0.00022738,0.011852,0.10364,0.95313,0.56338
1,0.98109,0.026738,0.00021563,0.028712,0.029723,1,0.56338
1,0.60371,0.26565,0.011541,0.10724,0.088792,0.24906,0.57042
1,0.50469,0.45683,0.0049871,0.13518,0.23485,0.27159,0.57042
1,0.42045,0.61327,0.0029593,0.13087,0.33995,0.29339,0.57042
1,0.38644,0.68551,0.0020923,0.10214,0.3746,0.31462,0.57042
1,0.34121,0.76205,0.0020485,0.10341,0.43917,0.33527,0.57042
1,0.32373,0.79795,0.0020556,0.095456,0.46847,0.35555,0.57042
1,0.28912,0.84007,0.0023524,0.11303,0.53353,0.37547,0.57042
1,0.23951,0.8807,0.0033321,0.12173,0.62041,0.3951,0.57042
1,0.17868,0.91687,0.0058264,0.10558,0.73371,0.41445,0.57042
1,0.16974,0.9202,0.0069663,0.087723,0.7583,0.43364,0.57042
1,0.16991,0.91742,0.0078148,0.085823,0.78244,0.45269,0.57042
1,0.17462,0.90686,0.0084699,0.086774,0.81793,0.47167,0.57042
1,0.18187,0.88607,0.0082372,0.086091,0.87093,0.49058,0.57042
1,0.18962,0.85916,0.0067568,0.087646,0.92057,0.50942,0.57042
1,0.1877,0.84633,0.0052094,0.1209,0.97068,0.52833,0.57042
1,0.20124,0.81489,0.0033119,0.1095,0.90359,0.54731,0.57042
1,0.20582,0.79325,0.0022832,0.086759,0.79931,0.56636,0.57042
1,0.19975,0.80874,0.0012496,0.1321,0.71609,0.58555,0.57042
1,0.1596,0.85201,0.00090181,0.13342,0.66272,0.6049,0.57042
1,0.11652,0.89375,0.00083166,0.11287,0.61742,0.62453,0.57042
1,0.1342,0.87735,0.00045156,0.094987,0.45164,0.64445,0.57042
1,0.1836,0.83205,0.00052282,0.082023,0.28772,0.66473,0.57042
1,0.29895,0.72426,0.0010057,0.025116,0.11794,0.68538,0.57042
1,0.50637,0.60921,0.00069016,0.030745,0.032184,0.70661,0.57042
1,1,1,0,0,0,0.72841,0.57042
1,1,1,0,0,0,0.75094,0.57042
1,1,1,0,0.096878,0.028651,0.77434,0.57042
1,1,0,0,0.039681,0.025268,0.79883,0.57042
1,1,1,0,8.5682e-05,0.020101,0.82469,0.57042
1,1,0,0,0.053341,0.10332,0.85229,0.57042
1,0.94244,0.28081,0.00028614,0.021352,0.23637,0.88214,0.57042
1,0.97753,0.065781,0.00032084,0.0027654,0.021995,0.91524,0.57042
1,0.96525,0.058754,0.00021597,0.0092922,0.10473,0.95313,0.57042
1,0.98068,0.028136,0.00020001,0.032686,0.029729,1,0.57042
1,0.61369,0.21325,0.012271,0,0.022645,0.24906,0.57746
1,0.62647,0.35632,0.0063891,0.1991,0.13067,0.27159,0.57746
1,0.53809,0.4931,0.0023971,0.13646,0.21307,0.29339,0.57746
1,0.50388,0.574,0.0014637,0.10816,0.24685,0.31462,0.57746
1,0.45688,0.66264,0.0012603,0.11271,0.30969,0.33527,0.57746
1,0.44631,0.69898,0.0011361,0.10619,0.32795,0.35555,0.57746
1,0.38555,0.76792,0.0013403,0.10923,0.4022,0.37547,0.57746
1,0.30277,0.84201,0.002072,0.12055,0.50986,0.3951,0.57746
1,0.23007,0.89291,0.0036265,0.11534,0.61226,0.41445,0.57746
1,0.23571,0.89429,0.0037139,0.1211,0.60538,0.43364,0.57746
1,0.217,0.90016,0.0046973,0.099777,0.63424,0.45269,0.57746
1,0.22952,0.89678,0.0040147,0.15997,0.66883,0.47167,0.57746
1,0.21442,0.87721,0.0043108,0.10191,0.72441,0.49058,0.57746
1,0.21827,0.84767,0.0029773,0.096497,0.77771,0.50942,0.57746
1,0.20559,0.82842,0.0024183,0.080747,0.82491,0.52833,0.57746
1,0.20489,0.80606,0.0018943,0.074757,0.79934,0.54731,0.57746
1,0.23159,0.76755,0.0011428,0.084551,0.68037,0.56636,0.57746
1,0.23284,0.76864,0.00072317,0.10728,0.58188,0.58555,0.57746
1,0.18781,0.81079,0.00059154,0.083069,0.51677,0.6049,0.57746
1,0.123,0.87358,0.00079262,0.048098,0.49713,0.62453,0.57746
1,0.092554,0.90941,0.00091212,0.056794,0.46248,0.64445,0.57746
1,0.12211,0.88148,0.0011353,0.051767,0.30722,0.66473,0.57746
1,0.21273,0.80365,0.0012757,0.032156,0.14653,0.68538,0.57746
1,0.4353,0.66168,0.00078139,0.012205,0.023095,0.70661,0.57746
1,1,0,0,0,0,0.75094,0.57746
1,1,1,0,0.21967,0.11566,0.77434,0.57746
1,0.96774,0.36604,0.00040419,0.02633,0.1327,0.85229,0.57746
1,0.91404,0.34771,0.00029371,0.021024,0.29337,0.88214,0.57746
1,0.96942,0.055431,0.00018564,0.028787,0.077625,0.95313,0.57746
1,0.64349,0.26077,0.0054926,0.017612,0.021923,0.27159,0.58451
1,0.65148,0.36248,0.0026146,0.11373,0.076825,0.29339,0.58451
1,0.61254,0.44329,0.0013603,0.067537,0.10946,0.31462,0.58451
1,0.57639,0.5302,0.00097277,0.080858,0.16687,0.33527,0.58451
1,0.58177,0.57908,0.00084161,0.12819,0.1941,0.35555,0.58451
1,0.47859,0.68332,0.00090914,0.092689,0.28577,0.37547,0.58451
1,0.35143,0.80337,0.0015484,0.098496,0.4227,0.3951,0.58451
1,0.31888,0.84417,0.0019105,0.12372,0.46341,0.41445,0.58451
1,0.31236,0.85256,0.0021756,0.11186,0.45251,0.43364,0.58451
1,0.28215,0.87265,0.0027612,0.11304,0.48644,0.45269,0.58451
1,0.26542,0.87955,0.0030509,0.12393,0.52277,0.47167,0.58451
1,0.26316,0.8592,0.0021314,0.11643,0.57479,0.49058,0.58451
1,0.26456,0.82315,0.001129,0.10219,0.62878,0.50942,0.58451
1,0.24215,0.80183,0.00082623,0.076726,0.68318,0.52833,0.58451
1,0.21406,0.80016,0.00099466,0.074837,0.71235,0.54731,0.58451
1,0.25572,0.74027,0.00076656,0.075651,0.57666,0.56636,0.58451
1,0.26799,0.72058,0.00062843,0.074661,0.45775,0.58555,0.58451
1,0.24059,0.75568,0.00040882,0.075466,0.37353,0.6049,0.58451
1,0.16872,0.8329,0.00043668,0.064167,0.34931,0.62453,0.58451
1,0.10735,0.89691,0.00069699,0.064358,0.35627,0.64445,0.58451
1,0.11882,0.888,0.0014801,0.073806,0.24574,0.66473,0.58451
1,0,1,0,0.10332,0.09652,0.68538,0.58451
1,1,1,0,0,0,0.75094,0.58451
1,1,1,0,0.2107,0.11916,0.77434,0.58451
1,0.98125,0.33545,0.0012837,0,0.020245,0.82469,0.58451
1,0.96497,0.34028,0.00042235,0.015851,0.10754,0.85229,0.58451
1,0.90018,0.36785,0.00024886,0.029834,0.29863,0.88214,0.58451
1,0.96827,0.091168,0.00021318,0.026767,0.053963,0.91524,0.58451
1,0.97329,0.048692,0.00023544,0.022179,0.03429,0.95313,0.58451
1,0.65518,0.36654,0.0016248,0.00025062,0.025768,0.31462,0.59155
1,0.67027,0.39446,0.0011124,0.0077542,0.027301,0.33527,0.59155
1,0.67753,0.45025,0.00086019,0.076904,0.062897,0.35555,0.59155
1,0.55912,0.61044,0.00073635,0.10089,0.20063,0.37547,0.59155
1,0.40654,0.75794,0.0011755,0.085159,0.34101,0.3951,0.59155
1,0.41947,0.7731,0.0012293,0.10896,0.31776,0.41445,0.59155
1,0.41734,0.79051,0.0015262,0.12002,0.29976,0.43364,0.59155
1,0.36765,0.82626,0.0020458,0.11266,0.33287,0.45269,0.59155
1,0.3168,0.85777,0.0029658,0.11822,0.38325,0.47167,0.59155
1,0.32113,0.83048,0.0015244,0.1137,0.42891,0.49058,0.59155
1,0.33475,0.78123,0.0005192,0.1126,0.47903,0.50942,0.59155
1,0.29307,0.76356,0.00033755,0.07745,0.54866,0.52833,0.59155
1,0.24585,0.77488,0.00049375,0.08221,0.60388,0.54731,0.59155
1,0.27847,0.72047,0.0006683,0.087068,0.4978,0.56636,0.59155
1,0.31146,0.67541,0.00065308,0.077229,0.35448,0.58555,0.59155
1,0.30811,0.68883,0.00046543,0.074719,0.23797,0.6049,0.59155
1,0.23418,0.77455,0.00051299,0.075312,0.2017,0.62453,0.59155
1,0.15015,0.86207,0.00074938,0.083951,0.21759,0.64445,0.59155
1,0,1,0,0.078534,0.19976,0.66473,0.59155
1,0,1,0,0.032705,0.082714,0.68538,0.59155
1,0.29767,0.76556,0.00064582,0.012276,0.030229,0.70661,0.59155
1,0,1,0,0,0,0.72841,0.59155
1,1,0,0,0,0,0.75094,0.59155
1,1,0,0,0.35507,0.087447,0.77434,0.59155
1,0.98063,0.33147,0.0010575,0.076775,0.024173,0.79883,0.59155
1,1,0,0,0,0,0.82469,0.59155
1,0.95669,0.33718,0.00043533,0.014103,0.10361,0.85229,0.59155
1,0.8693,0.40935,0.00026664,0.034633,0.32694,0.88214,0.59155
1,0.94397,0.13973,0.00018701,0.02183,0.13673,0.91524,0.59155
1,0.96906,0.056101,0.00021188,0.025782,0.048341,0.95313,0.59155
1,0.26248,0.051305,0.70548,0.015026,0.024484,0,0.59859
1,0.60496,0.55626,0.00069802,0.089287,0.14285,0.37547,0.59859
1,0.52864,0.65253,0.00080537,0.082552,0.20306,0.3951,0.59859
1,0.52293,0.68498,0.0011145,0.091847,0.18318,0.41445,0.59859
1,0.5184,0.70667,0.0018421,0.090294,0.14753,0.43364,0.59859
1,0.47624,0.7562,0.0024612,0.12013,0.17999,0.45269,0.59859
1,0,1,0,0.12896,0.24011,0.47167,0.59859
1,0.39719,0.79106,0.0017163,0.1309,0.29246,0.49058,0.59859
1,0.40551,0.7187,0.00042198,0.078035,0.33417,0.50942,0.59859
1,0.36186,0.71623,0.00023335,0.09995,0.4282,0.52833,0.59859
1,0.34625,0.71097,0.00026171,0.15529,0.46,0.54731,0.59859
1,0.33145,0.69296,0.00060622,0.15435,0.42085,0.56636,0.59859
1,0.3374,0.65757,0.00095366,0.10339,0.29489,0.58555,0.59859
1,0.36411,0.63844,0.0009053,0.081293,0.1356,0.6049,0.59859
1,0.31009,0.70037,0.0014652,0.065482,0.056146,0.62453,0.59859
1,0.17434,0.82744,0.0015429,0.032131,0.10306,0.64445,0.59859
1,0,1,0,0.041367,0.068408,0.66473,0.59859
1,0.096005,0.92262,0.00082928,0.10822,0.2078,0.68538,0.59859
1,0.1941,0.86897,0.00020066,0.10195,0.14419,0.70661,0.59859
1,0.4834,0.7364,0.00036098,0.14871,0.058219,0.72841,0.59859
1,1,0,0,0.094809,0.044324,0.77434,0.59859
1,0.9376,0.36062,0.00044786,0.012627,0.12512,0.85229,0.59859
1,0.86588,0.38908,0.00025111,0.035414,0.29078,0.88214,0.59859
1,0.9045,0.20429,0.00020058,0.017886,0.22,0.91524,0.59859
1,0.96719,0.056197,0.00026906,0.0058435,0.03244,0.95313,0.59859
1,0,1,0,0,0,0.31462,0.60563
1,0.63615,0.50851,0.00068131,0.06632,0.096225,0.37547,0.60563
1,0.66059,0.51304,0.00097087,0.071217,0.052946,0.3951,0.60563
1,0.61354,0.58328,0.0014383,0.053618,0.056785,0.41445,0.60563
1,0.57146,0.62993,0.0029504,0.0057643,0.022345,0.43364,0.60563
1,0.54394,0.66747,0.0038042,0.027536,0.037585,0.45269,0.60563
1,0.46471,0.73906,0.0061106,0.033996,0.085536,0.47167,0.60563
1,0,1,0,0.036031,0.1478,0.49058,0.60563
1,0.5019,0.64136,0.00047368,0.087271,0.2048,0.50942,0.60563
1,0.43859,0.66392,0.00024843,0.1317,0.32552,0.52833,0.60563
1,0.43351,0.63014,0.00029847,0.15032,0.32508,0.54731,0.60563
1,1,0,0,0.14706,0.26815,0.56636,0.60563
1,1,0,0,0.071622,0.30193,0.58555,0.60563
1,0.28984,0.69703,0.0013342,0.032131,0.15745,0.6049,0.60563
1,1,0,0,0.035751,0.097142,0.62453,0.60563
1,0.1628,0.8678,0.0013141,0.12104,0.1295,0.64445,0.60563
1,0.12541,0.8952,0.0020669,0.11042,0.10285,0.66473,0.60563
1,0.070619,0.94379,0.00052002,0.1016,0.23992,0.68538,0.60563
1,0.10147,0.93097,0.0001616,0.099573,0.25284,0.70661,0.60563
1,0.27643,0.83959,0.0002814,0.073969,0.16426,0.72841,0.60563
1,0.70591,0.57643,0.00053294,0,0.023073,0.75094,0.60563
1,1,0,0,0,0,0.77434,0.60563
1,1,0,0,0,0,0.79883,0.60563
1,0.95109,0.36403,0.00093396,0.044233,0.05288,0.82469,0.60563
1,0.94543,0.2899,0.00056672,0.018891,0.041946,0.85229,0.60563
1,0.88403,0.31975,0.00029705,0.022258,0.2007,0.88214,0.60563
1,0.87082,0.24693,0.00023239,0.016179,0.2588,0.91524,0.60563
1,0.96539,0.058316,0.00027624,0.008354,0.02544,0.95313,0.60563
1,1,0,0,0,0,0.43364,0.61268
1,1,1,0,0,0,0.47167,0.61268
1,0.56311,0.57541,0.00060846,0.069625,0.11374,0.50942,0.61268
1,0.44525,0.64232,0.00028238,0.091594,0.27345,0.52833,0.61268
1,0.50033,0.55127,0.00042769,0.11471,0.2109,0.54731,0.61268
1,0.5179,0.47852,0.0017086,0.077379,0.11625,0.56636,0.61268
1,0,1,0,0.040902,0.18236,0.58555,0.61268
1,0.22033,0.81493,0.0010772,0.14974,0.2754,0.6049,0.61268
1,0.14315,0.88548,0.0010799,0.11491,0.24399,0.62453,0.61268
1,0.083872,0.93582,0.001019,0.10447,0.2565,0.64445,0.61268
1,0.061613,0.95165,0.00099799,0.097999,0.23999,0.66473,0.61268
1,0.040942,0.96773,0.00043355,0.092179,0.32182,0.68538,0.61268
1,0.050804,0.96055,0.00038473,0.064865,0.33748,0.70661,0.61268
1,0,1,0,0.032658,0.20771,0.72841,0.61268
1,0.62072,0.59748,0.00050614,0,0.023206,0.75094,0.61268
1,1,0,0,0.15963,0.038212,0.77434,0.61268
1,0.951,0.40131,0.0014509,0.30082,0.05433,0.79883,0.61268
1,0.92688,0.39075,0.00078961,0.064079,0.073086,0.82469,0.61268
1,0.93219,0.27648,0.00073155,0.0087717,0.017273,0.85229,0.61268
1,0.89868,0.26284,0.00041972,0.031111,0.11869,0.88214,0.61268
1,0.84819,0.26733,0.00026027,0.01828,0.26698,0.91524,0.61268
1,0.95853,0.068581,0.00023787,0.017068,0.046429,0.95313,0.61268
1,0.2784,0.045174,0.72358,0.17937,0.036201,0,0.61972
1,0.55604,0.56421,0.00057182,0.035944,0.096598,0.50942,0.61972
1,0.46173,0.61866,0.00032587,0.073187,0.23115,0.52833,0.61972
1,0.53238,0.51679,0.00060565,0.1051,0.15302,0.54731,0.61972
1,0.42234,0.598,0.0023306,0.12387,0.1233,0.58555,0.61972
1,0.18342,0.84064,0.0013804,0.10182,0.28174,0.6049,0.61972
1,0.069816,0.9473,0.0017476,0.095355,0.3917,0.62453,0.61972
1,0.039589,0.97206,0.0014538,0.093327,0.39708,0.64445,0.61972
1,0.028156,0.97966,0.00095955,0.092025,0.38173,0.66473,0.61972
1,0.029785,0.97608,0.0004185,0.078138,0.35435,0.68538,0.61972
1,0,1,0,0.032131,0.21844,0.70661,0.61972
1,0,1,0,0.032131,0.11467,0.72841,0.61972
1,0.80841,0.52107,0.00060586,0.16065,0.077441,0.77434,0.61972
1,1,0,0,0,0,0.79883,0.61972
1,0.89728,0.2373,0.00066227,0.047211,0.069313,0.88214,0.61972
1,0.81818,0.29136,0.00030795,0.015239,0.2793,0.91524,0.61972
1,0.93712,0.099728,0.00017485,0.026354,0.11787,0.95313,0.61972
1,0.292,0.052242,0.70819,0.3312,0.079497,0,0.62676
1,0.69156,0.35418,0.0016452,0.15999,0.073486,0.31462,0.62676
1,0.66522,0.42784,0.0010062,0.15726,0.11549,0.33527,0.62676
1,0.68481,0.45936,0.0010746,0.19163,0.11561,0.35555,0.62676
1,0.61389,0.48314,0.00073896,0,0.020728,0.50942,0.62676
1,0.54351,0.5174,0.00041214,0.031188,0.12074,0.52833,0.62676
1,0.48466,0.55678,0.00067758,0.085997,0.17831,0.54731,0.62676
1,0.53398,0.43959,0.0029071,0,0.022984,0.56636,0.62676
1,0.44396,0.58578,0.0022913,0.1157,0.081164,0.58555,0.62676
1,0.20118,0.82699,0.0014707,0.084656,0.23005,0.6049,0.62676
1,0.062613,0.95364,0.0020889,0.072915,0.3908,0.62453,0.62676
1,0.021744,0.98579,0.0023837,0.080877,0.50837,0.64445,0.62676
1,0.02224,0.98425,0.0010914,0.070591,0.39925,0.66473,0.62676
1,0.037035,0.96715,0.00038855,0.040127,0.27372,0.68538,0.62676
1,0.090013,0.90982,0.00036761,0.032131,0.13079,0.70661,0.62676
1,0.22941,0.76451,0.00080042,0,0.018773,0.72841,0.62676
1,0.54831,0.62207,0.00041893,0.2455,0.033912,0.75094,0.62676
1,0.68445,0.59967,0.00039945,0.16065,0.13462,0.77434,0.62676
1,0.86561,0.40552,0.0011465,0.10751,0.017056,0.79883,0.62676
1,0.80332,0.29377,0.00034279,0.015729,0.26664,0.91524,0.62676
1,0.9068,0.1377,0.00016267,0.022256,0.18347,0.95313,0.62676
1,0.28416,0.057482,0.70485,0.39486,0.11178,0,0.6338
1,0.75447,0.3717,0.0015377,0.19731,0.040051,0.35555,0.6338
1,0.6975,0.44752,0.00075183,0.14118,0.080497,0.37547,0.6338
1,0.66244,0.45723,0.00060458,0.010565,0.039196,0.3951,0.6338
1,0.60674,0.42618,0.0011821,0.068571,0.038829,0.54731,0.6338
1,0,1,0,0.090399,0.065624,0.56636,0.6338
1,0.43576,0.55569,0.0030058,0.0072508,0.028168,0.58555,0.6338
1,0.23457,0.80375,0.0015716,0.080016,0.17333,0.6049,0.6338
1,0.087779,0.93251,0.0021232,0.036123,0.28403,0.62453,0.6338
1,0.027464,0.98082,0.0025109,0.032131,0.42341,0.64445,0.6338
1,0,1,0,0.032131,0.29574,0.66473,0.6338
1,0.057641,0.94773,0.00035494,0.032131,0.17518,0.68538,0.6338
1,0.12382,0.87007,0.00040773,0.032131,0.054602,0.70661,0.6338
1,0,1,0,0.16065,0.10666,0.75094,0.6338
1,0.58976,0.55626,0.000601,0.02142,0.071697,0.77434,0.6338
1,0.82534,0.26115,0.001789,0.019767,0.063591,0.88214,0.6338
1,0.77633,0.3114,0.00036888,0.020694,0.27289,0.91524,0.6338
1,0.89912,0.14383,0.00016484,0.02169,0.18287,0.95313,0.6338
1,0.25198,0.057275,0.72108,0.3523,0.12569,0,0.64085
1,0,1,0,0,0,0.54731,0.64085
1,0.31438,0.73053,0.0021309,0.054106,0.06388,0.6049,0.64085
1,0.10949,0.91932,0.002289,0.032131,0.22882,0.62453,0.64085
1,0.040864,0.97296,0.0022413,0.032131,0.34024,0.64445,0.64085
1,0.054854,0.95909,0.00096425,0.032131,0.19966,0.66473,0.64085
1,0.09604,0.91264,0.00049094,0.032056,0.072775,0.68538,0.64085
1,0.24786,0.75373,0.00032229,0.16065,0.033757,0.72841,0.64085
1,0,1,0,0.16065,0.15176,0.75094,0.64085
1,1,0,0,0.02518,0.081314,0.88214,0.64085
1,0.72746,0.35092,0.00040113,0.021575,0.3043,0.91524,0.64085
1,0.89891,0.14099,0.00016395,0.025101,0.16713,0.95313,0.64085
1,0.25562,0.060911,0.72009,0.42513,0.14472,0,0.64789
1,0,1,0,0,0,0.58555,0.64789
1,0.3146,0.73258,0.002317,0.037479,0.063691,0.6049,0.64789
1,0,1,0,0.032131,0.17289,0.62453,0.64789
1,0,1,0,0.045885,0.26889,0.64445,0.64789
1,0.090249,0.93243,0.0009637,0.032131,0.11858,0.66473,0.64789
1,0.18261,0.8013,0.00015598,0.16065,0.11313,0.72841,0.64789
1,0,1,0,0.15068,0.14974,0.75094,0.64789
1,0.46954,0.54503,0.0006513,0.024321,0.033834,0.77434,0.64789
1,0.61539,0.48715,0.00070526,0.036738,0.035101,0.79883,0.64789
1,0.65962,0.4464,0.00077311,0.013257,0.051174,0.82469,0.64789
1,0.68548,0.38821,0.0011462,0.028185,0.071891,0.85229,0.64789
1,1,0,0,0.03055,0.14308,0.88214,0.64789
1,0.67414,0.39736,0.00040495,0.032174,0.34303,0.91524,0.64789
1,0.91932,0.11117,0.00019031,0.025126,0.097914,0.95313,0.64789
1,0.96803,0.043905,0.0001991,0.014527,0.014984,1,0.64789
1,0.24962,0.064651,0.72339,0.4705,0.16475,0,0.65493
1,0,1,0,0,0,0.6049,0.65493
1,0.23323,0.82544,0.00219,0.032131,0.06433,0.62453,0.65493
1,0.10465,0.93026,0.0014967,0.033512,0.18063,0.64445,0.65493
1,0.13941,0.89465,0.0012229,0.032131,0.049179,0.66473,0.65493
1,0.19786,0.81882,0.00035025,0.17361,0.03354,0.70661,0.65493
1,0.13132,0.8421,0.00010541,0.15902,0.19487,0.72841,0.65493
1,0.19321,0.77124,0.00017649,0.20024,0.21616,0.75094,0.65493
1,0.41224,0.65551,0.00021202,0.25839,0.14329,0.77434,0.65493
1,0.52062,0.50622,0.00088425,0.0043612,0.035518,0.79883,0.65493
1,0.61642,0.43299,0.0010859,0.016986,0.017628,0.82469,0.65493
1,0.58884,0.44209,0.0011582,0.044675,0.11199,0.85229,0.65493
1,0.60225,0.43988,0.0013125,0.070486,0.22898,0.88214,0.65493
1,0.71324,0.35017,0.00031173,0.0557,0.28137,0.91524,0.65493
1,0.94202,0.089662,0.00020219,0.087051,0.035923,0.95313,0.65493
1,0.25179,0.061781,0.73697,0.48865,0.1557,0,0.66197
1,0.1883,0.86572,0.0013725,0.032131,0.074558,0.64445,0.66197
1,0,1,0,0,0,0.68538,0.66197
1,0.16725,0.83934,0.00031298,0.16065,0.09437,0.70661,0.66197
1,0.10259,0.86579,0.00014564,0.16635,0.26148,0.72841,0.66197
1,0.12964,0.83835,0.00011548,0.22591,0.32033,0.75094,0.66197
1,0.21487,0.7313,0.0002143,0.04533,0.22092,0.77434,0.66197
1,0.38229,0.59662,0.00057396,0.015123,0.11135,0.79883,0.66197
1,1,0,0,0.023091,0.094564,0.85229,0.66197
1,0.51951,0.49702,0.00093043,0.051724,0.2777,0.88214,0.66197
1,0.73902,0.30073,0.00030354,0.034468,0.21583,0.91524,0.66197
1,0.93262,0.086716,0.00027708,0.014165,0.020084,0.95313,0.66197
1,0.96264,0.050656,0.00017399,0.022264,0.032373,1,0.66197
1,0.24308,0.055665,0.76192,0.45589,0.13555,0,0.66901
1,0.75083,0.28331,0.00026714,0,0.021001,0.37547,0.66901
1,0.14881,0.85295,0.00037188,0.16065,0.15577,0.70661,0.66901
1,0.074307,0.87764,0.00042968,0.10407,0.31539,0.72841,0.66901
1,0.097688,0.88989,0.00014794,0.33509,0.43595,0.75094,0.66901
1,0.12869,0.81068,0.00018423,0.052664,0.32578,0.77434,0.66901
1,0.26512,0.67898,0.00044171,0.02394,0.18652,0.79883,0.66901
1,0.41204,0.53838,0.0010884,0.0095664,0.085264,0.82469,0.66901
1,0,1,0,0.0060084,0,0.85229,0.66901
1,0.49636,0.49463,0.0006862,0.034802,0.26276,0.88214,0.66901
1,0.77102,0.2491,0.00031955,0.016018,0.14444,0.91524,0.66901
1,0.92572,0.092573,0.00026312,0.012145,0.028173,0.95313,0.66901
1,0.96029,0.05159,0.00019061,0.009575,0.03039,1,0.66901
1,0.22545,0.051743,0.78823,0.41286,0.12484,0,0.67606
1,0.21006,0.83937,0.001195,0.01071,0.070802,0.66473,0.67606
1,0.18637,0.82889,0.0016666,0.01071,0.067958,0.68538,0.67606
1,0.11755,0.84275,0.0012486,0.01071,0.18183,0.70661,0.67606
1,1,0,0,0.1191,0.35388,0.72841,0.67606
1,0.11242,0.91231,0.00039506,0.57205,0.54086,0.75094,0.67606
1,0.074475,0.86764,0.0002736,0.044777,0.42619,0.77434,0.67606
1,0.18411,0.74609,0.00040681,0.048588,0.25585,0.79883,0.67606
1,0.2758,0.6523,0.0007062,0.018874,0.1883,0.82469,0.67606
1,0.4408,0.49098,0.0012911,0.052911,0.11128,0.85229,0.67606
1,0.45236,0.52553,0.00050289,0.038822,0.28331,0.88214,0.67606
1,0.79624,0.21027,0.00036313,0.0029132,0.084469,0.91524,0.67606
1,0.20901,0.046709,0.81891,0.35639,0.10565,0,0.6831
1,0,1,0,0,0,0.66473,0.6831
1,0.18714,0.83018,0.0016512,0.01071,0.12984,0.68538,0.6831
1,0.098123,0.8637,0.0014632,0.01071,0.27708,0.70661,0.6831
1,0.052473,0.88169,0.0018021,0.01071,0.41096,0.72841,0.6831
1,0.13316,0.90838,0.00086687,0.69644,0.57911,0.75094,0.6831
1,0.053579,0.89736,0.00026316,0.083236,0.49142,0.77434,0.6831
1,0.11029,0.81676,0.00059835,0.045456,0.34945,0.79883,0.6831
1,0.18042,0.75461,0.00046376,0.064249,0.29583,0.82469,0.6831
1,0.33166,0.60334,0.00064448,0.077846,0.21372,0.85229,0.6831
1,0.39571,0.58276,0.00036335,0.065272,0.33284,0.88214,0.6831
1,0.79618,0.20666,0.00033426,0.0097977,0.073558,0.91524,0.6831
1,0.91616,0.099829,0.00025619,0.0093693,0.034812,0.95313,0.6831
1,0.95971,0.050407,0.00022685,0.0032859,0.016089,1,0.6831
1,0.16934,0.036103,0.86468,0.13491,0.050135,0,0.69014
1,0.47634,0.5844,0.00028812,0.018867,0.045402,0.62453,0.69014
1,0.2887,0.7699,0.00069919,0.01071,0.10904,0.66473,0.69014
1,0,1,0,0.01071,0.20078,0.68538,0.69014
1,0.096577,0.86288,0.0018991,0.01071,0.34514,0.70661,0.69014
1,0.043788,0.89674,0.002014,0.01071,0.49942,0.72841,0.69014
1,0,1,0,0.79583,0.64286,0.75094,0.69014
1,0.12105,0.91274,0.00033046,0.63893,0.57301,0.77434,0.69014
1,0,1,0,0.23108,0.45244,0.79883,0.69014
1,0.10824,0.83165,0.00057762,0.062233,0.39866,0.82469,0.69014
1,0.23287,0.70586,0.00044056,0.086933,0.31619,0.85229,0.69014
1,0.38298,0.58639,0.00028598,0.067117,0.32726,0.88214,0.69014
1,0.79889,0.20005,0.00033506,0.012347,0.059474,0.91524,0.69014
1,0.91338,0.10156,0.00026494,0.00769,0.034868,0.95313,0.69014
1,0.70091,0.35081,0.00049119,0.11363,0.062141,0.58555,0.69718
1,0.63692,0.42771,0.0002414,0.084472,0.044574,0.6049,0.69718
1,0.46647,0.65301,0.00012955,0.13944,0.117,0.64445,0.69718
1,0.29288,0.75834,0.0003008,0.01071,0.18893,0.66473,0.69718
1,0,1,0,0.01071,0.32178,0.68538,0.69718
1,0,1,0,0.01071,0.42519,0.70661,0.69718
1,0.04107,0.90042,0.0023677,0.01071,0.57296,0.72841,0.69718
1,0.18138,0.91436,0.0065642,1,0.72581,0.75094,0.69718
1,0.19225,0.91131,0.0056514,0.99605,0.66513,0.77434,0.69718
1,0.048307,0.92427,0.00037015,0.22711,0.55959,0.79883,0.69718
1,0.069207,0.8833,0.00084279,0.081738,0.48965,0.82469,0.69718
1,0.16832,0.79035,0.00034642,0.13834,0.4186,0.85229,0.69718
1,0.36436,0.5933,0.00026313,0.057251,0.32717,0.88214,0.69718
1,0.79365,0.20119,0.00033148,0.010892,0.059008,0.91524,0.69718
1,0.8512,0.14421,0.0010021,0,0.016656,0.52833,0.70423
1,1,0,0,0.15146,0.056641,0.54731,0.70423
1,0.7389,0.29188,0.00090335,0.12733,0.1379,0.56636,0.70423
1,1,0,0,0.07639,0.20094,0.58555,0.70423
1,0.54102,0.51869,0.00015028,0.081687,0.19469,0.6049,0.70423
1,0.50119,0.56536,6.8903e-05,0.058176,0.1631,0.62453,0.70423
1,0.37486,0.69293,6.6914e-05,0.050782,0.2428,0.64445,0.70423
1,0.27152,0.76931,0.00025145,0.01071,0.30599,0.66473,0.70423
1,0.17067,0.83585,0.0013617,0.01071,0.41464,0.68538,0.70423
1,0.090733,0.86499,0.0024043,0.01071,0.5303,0.70661,0.70423
1,0,1,0,0.54018,0.65261,0.72841,0.70423
1,0.15398,0.93164,0.0066572,0.99605,0.8048,0.75094,0.70423
1,0.13949,0.93976,0.0054932,0.99746,0.76392,0.77434,0.70423
1,0.027979,0.95552,0.00043497,0.24634,0.66884,0.79883,0.70423
1,0.048424,0.9227,0.001089,0.16586,0.58566,0.82469,0.70423
1,0.10551,0.85507,0.00038933,0.10984,0.52091,0.85229,0.70423
1,0.32164,0.61906,0.00032519,0.025578,0.34988,0.88214,0.70423
1,0.74056,0.25159,0.00022143,0.01351,0.13109,0.91524,0.70423
1,0.91132,0.10358,0.0002969,0.010016,0.034923,0.95313,0.70423
1,0.14167,0.035418,0.91303,0.087912,0.032507,0,0.71127
1,1,0,0,0.0031659,0,0.54731,0.71127
1,0.80238,0.19249,0.0013566,0.034283,0.045868,0.56636,0.71127
1,0.73969,0.27141,0.00043053,0.034339,0.066791,0.58555,0.71127
1,0.57304,0.46734,0.00012466,0.052144,0.19863,0.6049,0.71127
1,0.45168,0.6383,0.00019019,0.13146,0.3111,0.62453,0.71127
1,0.36065,0.69893,0.00012871,0.054779,0.33832,0.64445,0.71127
1,0.31835,0.71685,0.00032619,0.01071,0.34581,0.66473,0.71127
1,0.23123,0.76774,0.0014807,0.01071,0.43157,0.68538,0.71127
1,0,1,0,0.01071,0.56475,0.70661,0.71127
1,0.35571,0.81726,0.010094,0.99605,0.63375,0.72841,0.71127
1,0.20348,0.90415,0.0067168,0.99605,0.74024,0.75094,0.71127
1,0.026712,0.97819,0.00074953,0.58398,0.86702,0.77434,0.71127
1,0.01759,0.97493,0.00054229,0.31004,0.77923,0.79883,0.71127
1,0,1,0,0.19033,0.68452,0.82469,0.71127
1,0.071401,0.90157,0.00046637,0.1298,0.62275,0.85229,0.71127
1,0,1,0,0.022541,0.39143,0.88214,0.71127
1,0.71399,0.27667,0.00018738,0.017029,0.16752,0.91524,0.71127
1,0.91903,0.093838,0.00040246,0.0024227,0.0082503,0.95313,0.71127
1,0,0,1,0.21627,0.042935,0,0.71831
1,1,0,0,0,0,0.54731,0.71831
1,1,0,0,0,0,0.56636,0.71831
1,0.79451,0.20191,0.00043545,0,0.02049,0.58555,0.71831
1,0.70902,0.34909,0.00015702,0.11297,0.12993,0.6049,0.71831
1,0.53867,0.51819,0.00012196,0.07012,0.25365,0.62453,0.71831
1,0.55963,0.48417,7.8351e-05,0.028541,0.19783,0.64445,0.71831
1,0.53423,0.49634,0.00024276,0.01071,0.21372,0.66473,0.71831
1,1,0,0,0.01071,0.33752,0.68538,0.71831
1,0.24942,0.66033,0.0016053,0.01071,0.44114,0.70661,0.71831
1,0.49259,0.7072,0.010678,0.99605,0.51997,0.72841,0.71831
1,0.28296,0.85384,0.0070264,0.99605,0.64883,0.75094,0.71831
1,0.016133,0.97389,0.00056867,0.28585,0.80955,0.77434,0.71831
1,0.0081397,0.98573,0.0018506,0.21121,0.89025,0.79883,0.71831
1,0,1,0,0.15436,0.78506,0.82469,0.71831
1,0.060006,0.91541,0.00050648,0.12547,0.66212,0.85229,0.71831
1,0.27144,0.67226,0.00028046,0.036252,0.41903,0.88214,0.71831
1,0.74029,0.24975,0.00021559,0.018784,0.14066,0.91524,0.71831
1,0.89691,0.11999,0.00031919,0.0048089,0.07378,0.95313,0.71831
1,0,0,1,0.32925,0.081469,0,0.72535
1,0.79843,0.23197,0.0001838,0.072153,0.042779,0.6049,0.72535
1,0.69122,0.34892,0.0001057,0.058619,0.14572,0.62453,0.72535
1,0.73068,0.29028,0.00010666,0.011012,0.077547,0.64445,0.72535
1,0,1,0,0.01071,0.11479,0.66473,0.72535
1,1,0,0,0.01071,0.28655,0.68538,0.72535
1,0.46754,0.43627,0.00082962,0.045788,0.3117,0.70661,0.72535
1,0.62261,0.5791,0.011859,0.99605,0.41921,0.72841,0.72535
1,0.36559,0.79486,0.0077028,0.99605,0.57398,0.75094,0.72535
1,0.022447,0.9653,0.00045842,0.29456,0.75319,0.77434,0.72535
1,0.0058334,0.9897,0.0030751,0.19812,0.94434,0.79883,0.72535
1,0.017046,0.98169,0.0020519,0.38262,0.88662,0.82469,0.72535
1,0.062762,0.91842,0.00033236,0.16944,0.67317,0.85229,0.72535
1,0.2944,0.66006,0.00014956,0.071056,0.41924,0.88214,0.72535
1,0.74336,0.24158,0.00024286,0.0085168,0.14122,0.91524,0.72535
1,0.87914,0.14417,0.0002928,0.014521,0.1263,0.95313,0.72535
1,0.95249,0.054967,0.0003025,0.010303,0.033562,1,0.72535
1,0.18413,0.052003,0.86817,0.41753,0.12542,0,0.73239
1,0.81232,0.19539,0.00017688,0.0080562,0.036673,0.64445,0.73239
1,0.7869,0.21347,0.00030131,0.01071,0.10787,0.66473,0.73239
1,0.75217,0.21407,0.00058129,0.01071,0.16027,0.68538,0.73239
1,0.8712,0.2832,0.021862,0.99605,0.19365,0.70661,0.73239
1,0.72628,0.45866,0.013581,0.99605,0.34323,0.72841,0.73239
1,0.44016,0.73648,0.0086052,0.99605,0.52182,0.75094,0.73239
1,0.034231,0.95525,0.00037491,0.35845,0.70625,0.77434,0.73239
1,0,1,0,0.18446,0.9061,0.79883,0.73239
1,0.01153,0.98538,0.0024054,0.28104,0.91773,0.82469,0.73239
1,0.057636,0.91873,0.00041829,0.11837,0.68526,0.85229,0.73239
1,0.31013,0.65923,8.7842e-05,0.11013,0.43674,0.88214,0.73239
1,0.73163,0.26007,0.00018118,0.031377,0.18243,0.91524,0.73239
1,0,1,0,0.023368,0.09147,0.95313,0.73239
1,0.95659,0.050312,0.00035269,0.019769,0.017634,1,0.73239
1,0.19127,0.058943,0.82105,0.45242,0.16467,0,0.73944
1,0.88156,0.093955,0.00043605,0.030708,0.057146,0.68538,0.73944
1,0.9179,0.14904,0.0074425,0.69445,0.12512,0.70661,0.73944
1,0.80155,0.35912,0.015658,0.996,0.29424,0.72841,0.73944
1,0.51169,0.67582,0.0097702,0.99605,0.48036,0.75094,0.73944
1,0.10582,0.93301,0.0014435,0.73209,0.67736,0.77434,0.73944
1,0.0069825,0.98792,0.002965,0.17222,0.88475,0.79883,0.73944
1,0,1,0,0.20328,0.93669,0.82469,0.73944
1,0.061509,0.92219,0.00030632,0.16731,0.70866,0.85229,0.73944
1,0.40006,0.66261,0.00011689,0.33592,0.46957,0.88214,0.73944
1,0.69746,0.29307,0.00015525,0.034448,0.24449,0.91524,0.73944
1,0.92061,0.095931,0.00050389,0.028108,0.039607,0.95313,0.73944
1,0.95041,0.062154,0.00021969,0.070936,0.073136,1,0.73944
1,0.20051,0.06363,0.77803,0.4715,0.18908,0,0.74648
1,0.86218,0.13388,0.00034887,0,0.02199,0.62453,0.74648
1,0.91836,0.067971,0.00049275,0.0010539,0.019428,0.66473,0.74648
1,1,0,0,0.53646,0.094314,0.70661,0.74648
1,0.85045,0.2881,0.017283,0.99605,0.2799,0.72841,0.74648
1,0.56178,0.63272,0.010606,0.99605,0.47199,0.75094,0.74648
1,0,1,0,0.90809,0.67167,0.77434,0.74648
1,0,1,0,0.15691,0.88059,0.79883,0.74648
1,0.0094775,0.98816,0.0032585,0.23515,0.96437,0.82469,0.74648
1,0.14263,0.91516,0.0015111,0.59211,0.74228,0.85229,0.74648
1,0.39843,0.67708,0.00014752,0.36459,0.51478,0.88214,0.74648
1,0.70489,0.28723,0.0001513,0.042657,0.26179,0.91524,0.74648
1,0.91533,0.095198,0.00050129,0.021592,0.062374,0.95313,0.74648
1,0.94209,0.076127,0.00014749,0.11345,0.12864,1,0.74648
1,0.21116,0.067424,0.73753,0.48592,0.20718,0,0.75352
1,1,0,0,0,0,0.62453,0.75352
1,0.91673,0.096194,0.00071747,0.12988,0.070041,0.64445,0.75352
1,1,0,0,0,0,0.66473,0.75352
1,0.95098,0.029254,0.00032529,0.0031959,0.027034,0.68538,0.75352
1,0.89983,0.051352,0.00073008,0.01071,0.12503,0.70661,0.75352
1,0.87602,0.24278,0.014843,0.96082,0.30647,0.72841,0.75352
1,0.59714,0.60344,0.011078,0.99605,0.4877,0.75094,0.75352
1,0.1644,0.91437,0.0039746,0.83811,0.68238,0.77434,0.75352
1,0.0089615,0.98856,0.002678,0.25125,0.88844,0.79883,0.75352
1,0.010087,0.98919,0.0037743,0.27192,1,0.82469,0.75352
1,0.089824,0.92867,0.00062278,0.38848,0.78477,0.85229,0.75352
1,0.36725,0.68658,0.00010252,0.30857,0.55524,0.88214,0.75352
1,0.71985,0.28277,0.00012331,0.073839,0.28501,0.91524,0.75352
1,0.89868,0.11092,0.00038016,0.037068,0.12851,0.95313,0.75352
1,0.93965,0.092589,0.0001064,0.21337,0.18115,1,0.75352
1,0.2301,0.070212,0.69822,0.51296,0.21745,0,0.76056
1,0.93136,0.059688,0.00063528,0.016406,0.019823,0.64445,0.76056
1,1,0,0,0.096583,0.077508,0.66473,0.76056
1,0.96565,0.025662,0.00027285,0.13104,0.11628,0.68538,0.76056
1,0.92213,0.037627,0.00099758,0.015523,0.16014,0.70661,0.76056
1,0.88585,0.18016,0.0035169,0.72525,0.32602,0.72841,0.76056
1,0.62024,0.57909,0.0098842,0.96903,0.51213,0.75094,0.76056
1,0.094888,0.92937,0.00074805,0.55705,0.70896,0.77434,0.76056
1,0.010876,0.98949,0.0030146,0.33581,0.91418,0.79883,0.76056
1,0.013062,0.98723,0.0039173,0.28637,0.99468,0.82469,0.76056
1,0.090592,0.92973,0.00092144,0.3827,0.82518,0.85229,0.76056
1,0.33013,0.67855,8.9565e-05,0.1918,0.58007,0.88214,0.76056
1,0.70173,0.29045,0.00017161,0.053048,0.32604,0.91524,0.76056
1,0.88725,0.12864,0.00024315,0.08595,0.19467,0.95313,0.76056
1,0.92183,0.10019,0.00011159,0.14715,0.21505,1,0.76056
1,0.24828,0.070232,0.66518,0.51882,0.21744,0,0.76761
1,0.96713,0.042237,0.00034543,0.12034,0.030745,0.54731,0.76761
1,0.92622,0.08379,0.00057878,0.11901,0.040412,0.62453,0.76761
1,0.96041,0.050157,0.0014811,0.19506,0.02039,0.64445,0.76761
1,0.96349,0.037606,0.00086628,0.17015,0.13029,0.66473,0.76761
1,0.94085,0.035298,0.00043897,0.030141,0.24759,0.68538,0.76761
1,1,0,0,0.38363,0.2687,0.70661,0.76761
1,0.90864,0.17949,0.010368,0.89529,0.38924,0.72841,0.76761
1,0.63191,0.56528,0.0085655,0.9387,0.55319,0.75094,0.76761
1,0.063526,0.92941,0.00096587,0.3075,0.73805,0.77434,0.76761
1,0,1,0,0.31078,0.85965,0.79883,0.76761
1,0.023921,0.97403,0.0025544,0.22815,0.88622,0.82469,0.76761
1,0.12511,0.92125,0.0018868,0.49309,0.85269,0.85229,0.76761
1,0.41382,0.66789,0.00027386,0.36242,0.61526,0.88214,0.76761
1,0.68785,0.30495,0.00021845,0.060204,0.37911,0.91524,0.76761
1,0.86187,0.15006,0.00023928,0.087978,0.2642,0.95313,0.76761
1,0.91817,0.095979,0.0001496,0.12111,0.21544,1,0.76761
1,0.25566,0.069378,0.63651,0.4937,0.21757,0,0.77465
1,0.98159,0.029114,0.0006344,0.21583,0.058496,0.52833,0.77465
1,0,1,0,0,0,0.58555,0.77465
1,0.91227,0.09426,0.0005948,0.083748,0.036562,0.6049,0.77465
1,0.92948,0.070297,0.00040404,0.067789,0.039851,0.62453,0.77465
1,1,0,0,0.079179,0.069075,0.64445,0.77465
1,0.96108,0.045868,0.00091081,0.23771,0.21437,0.66473,0.77465
1,1,0,0,0.40678,0.3531,0.68538,0.77465
1,1,0,0,0.70743,0.39567,0.70661,0.77465
1,0.79699,0.16963,0.00076767,0.2806,0.48313,0.72841,0.77465
1,0.33525,0.58421,0.00091657,0.18438,0.62068,0.75094,0.77465
1,0.07171,0.9127,0.0018751,0.2252,0.73501,0.77434,0.77465
1,0.035787,0.96607,0.0020892,0.29925,0.74316,0.79883,0.77465
1,0.050034,0.94769,0.0013867,0.23687,0.77891,0.82469,0.77465
1,0.16585,0.90488,0.0029663,0.55431,0.86522,0.85229,0.77465
1,0.43026,0.66358,0.00049509,0.3877,0.65912,0.88214,0.77465
1,0.67802,0.32306,0.00028141,0.085733,0.43981,0.91524,0.77465
1,0.82618,0.17472,0.00033831,0.071247,0.33494,0.95313,0.77465
1,0.90306,0.093248,0.00031373,0.042141,0.21829,1,0.77465
1,0.26646,0.069099,0.60743,0.48022,0.21839,0,0.78169
1,0.98287,0.017578,0.00025352,0.018608,0.043879,0.50942,0.78169
1,1,0,0,0.13592,0.060585,0.54731,0.78169
1,1,0,0,0,0,0.56636,0.78169
1,1,0,0,0,0,0.58555,0.78169
1,1,0,0,0.005248,0.021862,0.6049,0.78169
1,0.92998,0.068058,0.00030508,0.063405,0.066569,0.62453,0.78169
1,0.93962,0.055939,0.00044108,0.070722,0.12313,0.64445,0.78169
1,1,0,0,0.20504,0.20755,0.66473,0.78169
1,0.98718,0.017421,0.00081309,0.4024,0.25983,0.68538,0.78169
1,1,0,0,0.40718,0.39629,0.70661,0.78169
1,1,0,0,0.67036,0.53294,0.72841,0.78169
1,0.48052,0.4626,0.00048963,0.23999,0.5477,0.75094,0.78169
1,0,1,0,0.29927,0.62788,0.77434,0.78169
1,0,1,0,0.27948,0.62694,0.79883,0.78169
1,0.11843,0.89559,0.00074368,0.32709,0.67343,0.82469,0.78169
1,0.19382,0.846,0.0012072,0.36535,0.77364,0.85229,0.78169
1,0.40829,0.66333,0.00064583,0.33474,0.70999,0.88214,0.78169
1,0.65643,0.34339,0.00056412,0.087126,0.50533,0.91524,0.78169
1,0.792,0.20163,0.00048058,0.076235,0.40619,0.95313,0.78169
1,0.90344,0.094242,0.00028731,0.070932,0.23252,1,0.78169
1,0.27287,0.072241,0.57632,0.47768,0.23179,0,0.78873
1,1,0,0,0,0,0.52833,0.78873
1,1,0,0,0,0,0.54731,0.78873
1,1,0,0,0,0,0.56636,0.78873
1,0.91499,0.074135,0.00023634,0.01668,0.11656,0.62453,0.78873
1,0.96495,0.034615,0.00055928,0.093732,0.050168,0.64445,0.78873
1,1,0,0,0.16499,0.065786,0.66473,0.78873
1,1,0,0,0.3165,0.17218,0.68538,0.78873
1,1,0,0,0.45741,0.34657,0.70661,0.78873
1,0.85191,0.093635,0.0012701,0.080327,0.40147,0.72841,0.78873
1,0.68132,0.30104,0.00022415,0.31191,0.42588,0.75094,0.78873
1,0,1,0,0.36561,0.50989,0.77434,0.78873
1,0,1,0,0.28589,0.51128,0.79883,0.78873
1,0.2204,0.80371,0.00051541,0.32551,0.5709,0.82469,0.78873
1,0.2783,0.75176,0.00074846,0.3015,0.68693,0.85229,0.78873
1,0.36439,0.66295,0.0014283,0.23065,0.7664,0.88214,0.78873
1,0.65713,0.36285,0.00077886,0.13991,0.57395,0.91524,0.78873
1,0.74491,0.23106,0.0010166,0.058039,0.47762,0.95313,0.78873
1,0.89278,0.099375,0.00034419,0.067511,0.25623,1,0.78873
1,0.29266,0.068807,0.55208,0.46507,0.21902,0,0.79577
1,1,0,0,0.011205,0.020001,0.49058,0.79577
1,1,0,0,0,0,0.50942,0.79577
1,1,0,0,0,0,0.54731,0.79577
1,1,0,0,0,0,0.56636,0.79577
1,0.92304,0.069347,0.00058318,0.019615,0.060774,0.6049,0.79577
1,0.958,0.050728,0.00046632,0.16421,0.06178,0.62453,0.79577
1,1,0,0,0.015502,0,0.66473,0.79577
1,1,0,0,0.11747,0.1579,0.68538,0.79577
1,0.9823,0.015842,0.00056846,0.24712,0.28722,0.70661,0.79577
1,0.93172,0.044548,0.00064475,0.11099,0.26936,0.72841,0.79577
1,0.76181,0.1801,0.00029773,0.14843,0.31024,0.75094,0.79577
1,0.47047,0.53551,0.00049431,0.3186,0.39546,0.77434,0.79577
1,0.32624,0.69099,0.0008065,0.2945,0.3968,0.79883,0.79577
1,0.31889,0.67122,0.00030837,0.20696,0.47337,0.82469,0.79577
1,0.40455,0.63036,0.00059607,0.29662,0.60733,0.85229,0.79577
1,0.34665,0.64014,0.0039773,0.13419,0.80243,0.88214,0.79577
1,0.62031,0.38298,0.002423,0.10016,0.6446,0.91524,0.79577
1,0.71958,0.24326,0.0016908,0.057036,0.52512,0.95313,0.79577
1,0.89473,0.094476,0.00039537,0.073421,0.25368,1,0.79577
1,0.30596,0.068177,0.52676,0.45486,0.21742,0,0.80282
1,1,0,0,0,0,0.54731,0.80282
1,1,0,0,0,0,0.6049,0.80282
1,1,0,0,0.049312,0.027762,0.64445,0.80282
1,1,0,0,0,0,0.66473,0.80282
1,1,0,0,0.016068,0.067697,0.68538,0.80282
1,1,0,0,0.10429,0.18602,0.70661,0.80282
1,1,0,0,0.15416,0.1372,0.72841,0.80282
1,0.8806,0.097491,0.00026602,0.20701,0.20734,0.75094,0.80282
1,0.64917,0.33365,0.0004995,0.25164,0.27488,0.77434,0.80282
1,0.52822,0.48877,0.00081865,0.28088,0.28509,0.79883,0.80282
1,0.49295,0.50781,0.00029048,0.21969,0.38008,0.82469,0.80282
1,0.51016,0.50061,0.00046534,0.23301,0.53806,0.85229,0.80282
1,0.46927,0.54342,0.0028271,0.21706,0.75563,0.88214,0.80282
1,1,0,0,0.23006,0.71658,0.91524,0.80282
1,0.78097,0.18338,0.0013183,0.079898,0.47069,0.95313,0.80282
1,0.89655,0.088471,0.00048782,0.071562,0.24621,1,0.80282
1,0.33335,0.065499,0.50399,0.46095,0.20488,0,0.80986
1,0.75716,0.12583,0.0076022,0.017398,0.044535,0.24906,0.80986
1,0.78258,0.14046,0.0033475,0.041204,0.057857,0.27159,0.80986
1,0.98274,0.018128,0.00076329,0.03565,0.029812,0.45269,0.80986
1,1,0,0,0,0,0.47167,0.80986
1,1,0,0,0,0,0.58555,0.80986
1,1,0,0,0,0,0.66473,0.80986
1,1,0,0,0.028461,0.071252,0.68538,0.80986
1,0.98943,0.0076303,0.00091464,0.051458,0.097014,0.70661,0.80986
1,0.91656,0.052709,0.00067446,0.070135,0.10857,0.75094,0.80986
1,0.81481,0.17518,0.0008208,0.24933,0.15303,0.77434,0.80986
1,0.73592,0.29894,0.0016062,0.32143,0.17424,0.79883,0.80986
1,0.65923,0.34709,0.00036313,0.21185,0.29144,0.82469,0.80986
1,0.62579,0.38175,0.00048609,0.21992,0.48367,0.85229,0.80986
1,0.55668,0.4492,0.0031647,0.22321,0.71781,0.88214,0.80986
1,1,0,0,0.23789,0.67407,0.91524,0.80986
1,0.8232,0.13578,0.0014007,0.077838,0.41928,0.95313,0.80986
1,0.89922,0.081547,0.00062137,0.06656,0.23339,1,0.80986
1,0.34466,0.06048,0.485,0.41734,0.18827,0,0.8169
1,0.72415,0.083137,0.018391,0.053594,0.077103,0.20117,0.8169
1,0.71756,0.13039,0.0098191,0.06276,0.11596,0.22566,0.8169
1,1,0,0,0.10966,0.15387,0.24906,0.8169
1,0.70862,0.21773,0.0036169,0.070461,0.17345,0.27159,0.8169
1,0.82501,0.12558,0.0017047,0.014994,0.032323,0.29339,0.8169
1,0.98813,0.01701,0.0021161,0.18423,0.032951,0.45269,0.8169
1,1,0,0,0,0,0.47167,0.8169
1,0.99275,0.0080575,0.00046994,0.093057,0.083369,0.50942,0.8169
1,1,0,0,0.032621,0.087781,0.52833,0.8169
1,1,0,0,0,0,0.54731,0.8169
1,0.99389,0.0060133,0.00087403,0.081781,0.036862,0.68538,0.8169
1,0.98841,0.0091472,0.0013407,0.030002,0.084364,0.70661,0.8169
1,0.86771,0.082621,0.0015462,0.019957,0.036662,0.77434,0.8169
1,0.86101,0.16319,0.0028322,0.30094,0.068813,0.79883,0.8169
1,0.79032,0.22783,0.00058098,0.22688,0.22569,0.82469,0.8169
1,0.71012,0.2897,0.00059387,0.1959,0.44965,0.85229,0.8169
1,0.62395,0.34178,0.0041373,0.15102,0.66071,0.88214,0.8169
1,0.7942,0.2458,0.0029093,0.34436,0.63284,0.91524,0.8169
1,0.84699,0.10018,0.0020991,0.043391,0.37221,0.95313,0.8169
1,0.91328,0.063821,0.00095038,0.042877,0.17879,1,0.8169
1,0.36397,0.060336,0.46225,0.42206,0.18653,0,0.82394
1,0.66303,0.19464,0.0094568,0.11942,0.2242,0.22566,0.82394
1,0.61762,0.28641,0.0082986,0.11134,0.27956,0.24906,0.82394
1,0.68563,0.26209,0.0039005,0.10737,0.22351,0.27159,0.82394
1,0.81642,0.14317,0.0016764,0.035333,0.059641,0.29339,0.82394
1,1,0,0,0,0,0.49058,0.82394
1,0.99405,0.0052924,0.00042811,0.006906,0.040135,0.50942,0.82394
1,1,0,0,0.16262,0.07558,0.52833,0.82394
1,1,0,0,0.29339,0.039174,0.54731,0.82394
1,0.99264,0.0068278,0.00099527,0.042117,0.036796,0.68538,0.82394
1,1,0,0,0.094676,0.094386,0.70661,0.82394
1,0.98407,0.010214,0.0014926,0.012156,0.022451,0.72841,0.82394
1,0.91173,0.052109,0.0016004,0.01698,0.022179,0.77434,0.82394
1,0.8689,0.16199,0.0010428,0.27457,0.20526,0.82469,0.82394
1,0.78297,0.19926,0.00070846,0.13464,0.39662,0.85229,0.82394
1,0.73187,0.24095,0.0040354,0.18579,0.59846,0.88214,0.82394
1,0.81797,0.18531,0.0039768,0.30497,0.59753,0.91524,0.82394
1,0.88169,0.07073,0.0021352,0.06104,0.32278,0.95313,0.82394
1,0.93042,0.04991,0.001217,0.054644,0.12333,1,0.82394
1,0.38422,0.060803,0.4401,0.43265,0.18653,0,0.83099
1,0.68005,0.18151,0.0085839,0.078665,0.20358,0.22566,0.83099
1,0.53707,0.3758,0.0097823,0.11312,0.38321,0.24906,0.83099
1,0.64649,0.30875,0.0046979,0.10086,0.26968,0.27159,0.83099
1,0.8011,0.16856,0.0016331,0.056809,0.096737,0.29339,0.83099
1,1,0,0,0,0.019123,0.49058,0.83099
1,1,0,0,0,0,0.50942,0.83099
1,1,0,0,0,0,0.52833,0.83099
1,1,0,0,0,0,0.54731,0.83099
1,1,0,0,0.10803,0.044368,0.70661,0.83099
1,0.98652,0.010333,0.0013953,0.073438,0.041612,0.72841,0.83099
1,1,0,0,0,0,0.75094,0.83099
1,1,0,0,0,0,0.79883,0.83099
1,0.89627,0.099488,0.00064465,0.10943,0.15848,0.82469,0.83099
1,0.87141,0.12967,0.0010311,0.18693,0.34293,0.85229,0.83099
1,0.80898,0.14641,0.0048735,0.12742,0.50828,0.88214,0.83099
1,0.82572,0.13128,0.0065865,0.19112,0.55396,0.91524,0.83099
1,0.90396,0.049778,0.0027294,0.057831,0.27596,0.95313,0.83099
1,0.94303,0.039664,0.0017077,0.063079,0.06783,1,0.83099
1,0.40655,0.061604,0.4189,0.44945,0.18682,0,0.83803
1,0.71879,0.15631,0.0074521,0.04786,0.16241,0.22566,0.83803
1,0.58745,0.34338,0.0073787,0.11638,0.34622,0.24906,0.83803
1,1,0,0,0.090264,0.32157,0.27159,0.83803
1,0.73208,0.23469,0.001835,0.043366,0.1863,0.29339,0.83803
1,0.8584,0.12317,0.00098217,0.029271,0.044201,0.31462,0.83803
1,1,0,0,0,0,0.54731,0.83803
1,1,0,0,0,0,0.62453,0.83803
1,0.99496,0.0069346,0.0013587,0.18165,0.025406,0.68538,0.83803
1,1,0,0,0,0,0.70661,0.83803
1,1,0,0,0,0,0.75094,0.83803
1,0.93934,0.040847,0.001812,0,0.015873,0.79883,0.83803
1,0.93704,0.053902,0.001123,0.036678,0.085297,0.82469,0.83803
1,0.89382,0.091571,0.001535,0.10424,0.31773,0.85229,0.83803
1,0.89394,0.082511,0.0054484,0.18631,0.42094,0.88214,0.83803
1,0.87043,0.076936,0.0095523,0.14533,0.47045,0.91524,0.83803
1,0.92346,0.035996,0.0031611,0.082225,0.23895,0.95313,0.83803
1,0.94679,0.032265,0.0029082,0.020069,0.012339,1,0.83803
1,0.43104,0.064237,0.39785,0.4823,0.19213,0,0.84507
1,0.77007,0.12881,0.0062818,0.03815,0.11253,0.22566,0.84507
1,0.63239,0.30776,0.0056351,0.097155,0.3047,0.24906,0.84507
1,0.52871,0.43966,0.0068501,0.080794,0.40567,0.27159,0.84507
1,0.67255,0.30908,0.0021309,0.068387,0.27163,0.29339,0.84507
1,0.79694,0.18917,0.00088505,0.046153,0.15306,0.31462,0.84507
1,0.89243,0.10656,0.00083753,0.069068,0.052357,0.33527,0.84507
1,1,0,0,0,0,0.49058,0.84507
1,1,0,0,0,0,0.56636,0.84507
1,0.98245,0.013495,0.00048548,0.0064561,0.02724,0.6049,0.84507
1,0.99113,0.0092726,0.00039561,0.11412,0.027206,0.64445,0.84507
1,1,0,0,0,0,0.70661,0.84507
1,1,0,0,0,0,0.77434,0.84507
1,0.95159,0.042737,0.0012607,0.0402,0.10406,0.82469,0.84507
1,0.91035,0.064952,0.0033835,0.019754,0.29008,0.85229,0.84507
1,0.92686,0.045499,0.0091065,0.12022,0.3388,0.88214,0.84507
1,0.91681,0.042497,0.01354,0.16276,0.38682,0.91524,0.84507
1,0.93492,0.027302,0.0040639,0.10058,0.21229,0.95313,0.84507
1,0.93811,0.038005,0.0030058,0.040159,0.038546,1,0.84507
1,0.44999,0.063299,0.37988,0.48173,0.18695,0,0.85211
1,0.80808,0.11031,0.0056237,0.027144,0.074375,0.22566,0.85211
1,0.69512,0.26951,0.0038751,0.11379,0.25901,0.24906,0.85211
1,0.51478,0.47399,0.0061824,0.10193,0.44281,0.27159,0.85211
1,0.61511,0.37831,0.0026642,0.077863,0.34186,0.29339,0.85211
1,0.79917,0.19977,0.00092776,0.072982,0.16223,0.31462,0.85211
1,0.98903,0.010331,0.00040084,0.010839,0.02859,0.45269,0.85211
1,0.99384,0.0061833,0.0006713,0.041091,0.025456,0.47167,0.85211
1,0.9764,0.01964,0.0020773,0.1092,0.029101,0.79883,0.85211
1,0.96081,0.039258,0.0014562,0.084317,0.14323,0.82469,0.85211
1,0.95481,0.032616,0.0050062,0.025358,0.19126,0.85229,0.85211
1,0.94605,0.025886,0.019925,0.048667,0.26684,0.88214,0.85211
1,1,0,0,0.10318,0.3031,0.91524,0.85211
1,0.9396,0.020916,0.0059541,0.087749,0.18668,0.95313,0.85211
1,0.94411,0.052068,0.0036879,0.26279,0.083908,1,0.85211
1,0.46079,0.063185,0.3617,0.47158,0.18686,0,0.85915
1,0.83759,0.097646,0.0052443,0.017938,0.045168,0.22566,0.85915
1,0.7276,0.25401,0.0030281,0.11713,0.2397,0.24906,0.85915
1,0.56243,0.46483,0.0043211,0.16275,0.43139,0.27159,0.85915
1,0.61507,0.39436,0.002504,0.09419,0.35061,0.29339,0.85915
1,0.77471,0.21824,0.0010249,0.041701,0.18036,0.31462,0.85915
1,0.86802,0.12745,0.00083617,0.038433,0.085531,0.33527,0.85915
1,0.97057,0.029288,0.00061051,0.035785,0.031112,0.41445,0.85915
1,0.98207,0.016479,0.00035434,0,0.021267,0.43364,0.85915
1,1,0,0,0.064583,0.032646,0.77434,0.85915
1,1,0,0,0,0,0.79883,0.85915
1,1,0,0,0.097084,0.049235,0.82469,0.85915
1,0.97724,0.016695,0.010477,0.031409,0.098048,0.85229,0.85915
1,0.96113,0.016019,0.041229,0.033896,0.21563,0.88214,0.85915
1,1,0,0,0.16774,0.21939,0.91524,0.85915
1,0.93501,0.018203,0.0088603,0.063516,0.18391,0.95313,0.85915
1,0.91227,0.068531,0.0029522,0.18443,0.13746,1,0.85915
1,0.47093,0.067023,0.34254,0.48611,0.19936,0,0.8662
1,0.82091,0.12283,0.0043307,0.029824,0.10329,0.22566,0.8662
1,0.68853,0.28768,0.0031705,0.066153,0.28074,0.24906,0.8662
1,0.58549,0.43416,0.0034492,0.11853,0.39507,0.27159,0.8662
1,0.64145,0.3693,0.002236,0.076863,0.31192,0.29339,0.8662
1,0.78196,0.21756,0.0010896,0.048427,0.17193,0.31462,0.8662
1,0.87631,0.11793,0.00098193,0.025612,0.059685,0.33527,0.8662
1,0.91305,0.082166,0.0010122,0.02184,0.027095,0.35555,0.8662
1,1,0,0,0,0,0.41445,0.8662
1,0.98764,0.018313,0.0022314,0.22347,0.032873,0.43364,0.8662
1,1,0,0,0,0,0.49058,0.8662
1,1,0,0,0,0,0.52833,0.8662
1,1,0,0,0,0,0.54731,0.8662
1,1,0,0,0,0,0.56636,0.8662
1,1,0,0,0.041635,0.027562,0.75094,0.8662
1,1,0,0,0,0,0.77434,0.8662
1,1,0,0,0,0,0.82469,0.8662
1,1,0,0,0.016372,0.057285,0.85229,0.8662
1,1,0,0,0.15168,0.17074,0.88214,0.8662
1,0.97779,0.0067518,0.064247,0.20931,0.1359,0.91524,0.8662
1,0.9223,0.018263,0.012921,0.048644,0.20492,0.95313,0.8662
1,1,0,0,0.063867,0.19243,1,0.8662
1,0.45392,0.073495,0.32079,0.46371,0.22709,0,0.87324
1,0.8645,0.06449,0.011019,0.0080477,0.02754,0.20117,0.87324
1,0.80723,0.14605,0.003956,0.030091,0.14984,0.22566,0.87324
1,0.76194,0.21477,0.0023798,0.017406,0.18502,0.24906,0.87324
1,0.65063,0.34776,0.0024411,0.044276,0.29795,0.27159,0.87324
1,0.68359,0.32508,0.0021855,0.052414,0.24745,0.29339,0.87324
1,0.82685,0.17331,0.0012877,0.039322,0.098331,0.31462,0.87324
1,0.97753,0.031488,0.0028964,0.21101,0.032229,0.41445,0.87324
1,1,0,0,0,0,0.52833,0.87324
1,1,0,0,0,0,0.54731,0.87324
1,1,0,0,0,0,0.77434,0.87324
1,0.98685,0.0098627,0.0071574,0,0.019895,0.82469,0.87324
1,1,0,0,0.029727,0.057569,0.85229,0.87324
1,0.98811,0.0057419,0.14616,0.23073,0.096087,0.88214,0.87324
1,0.98146,0.0036249,0.1056,0.12342,0.054052,0.91524,0.87324
1,0.90131,0.01998,0.019469,0.037411,0.23789,0.95313,0.87324
1,0.83652,0.096911,0.0045101,0.089368,0.22095,1,0.87324
1,0.47798,0.070742,0.30769,0.46561,0.21452,0,0.88028
1,0.88253,0.061019,0.011462,0.0071373,0.015667,0.20117,0.88028
1,0.8679,0.11202,0.0038022,0.056409,0.082325,0.22566,0.88028
1,0,1,0,0.0039992,0.07323,0.24906,0.88028
1,0.70824,0.28755,0.0018996,0.015108,0.22797,0.27159,0.88028
1,1,0,0,0.035785,0.16486,0.29339,0.88028
1,0.85697,0.13684,0.0016618,0.0053144,0.028168,0.31462,0.88028
1,1,0,0,0,0,0.35555,0.88028
1,0.98149,0.040465,0.014249,0.48562,0.035935,0.41445,0.88028
1,1,0,0,0.053305,0.025856,0.77434,0.88028
1,0.98949,0.0084946,0.07963,0.16551,0.072675,0.85229,0.88028
1,0.98779,0.0031531,0.25459,0.050227,0.024012,0.88214,0.88028
1,0.91913,0.013733,0.024745,0.05954,0.18329,0.95313,0.88028
1,1,0,0,0.083139,0.17289,1,0.88028
1,0.51496,0.058231,0.3002,0.42786,0.16592,0,0.88732
1,1,0,0,0,0,0.22566,0.88732
1,0.88126,0.11278,0.001768,0.00036843,0.022334,0.24906,0.88732
1,0.72863,0.27379,0.0015705,0.014538,0.2145,0.27159,0.88732
1,0.75664,0.26298,0.0023078,0.054258,0.15555,0.29339,0.88732
1,0.97001,0.036476,0.0016867,0.15015,0.062524,0.41445,0.88732
1,1,0,0,0,0,0.54731,0.88732
1,0.9923,0.0040103,0.0057437,0.092419,0.024929,0.77434,0.88732
1,1,0,0,0,0,0.79883,0.88732
1,1,0,0,0,0,0.85229,0.88732
1,1,0,0,0.19088,0.057807,0.88214,0.88732
1,0.94697,0.0098314,0.034582,0.1985,0.12965,0.95313,0.88732
1,0.89691,0.053789,0.007511,0.21912,0.12361,1,0.88732
1,0.53136,0.047319,0.291,0.3486,0.12298,0,0.89437
1,0.8708,0.047146,0.016783,0.02491,0.041896,0.17531,0.89437
1,0.89957,0.064504,0.012607,0.0076235,0.029018,0.20117,0.89437
1,0.88228,0.1122,0.0027181,0.05389,0.098981,0.22566,0.89437
1,0.85037,0.14691,0.0011437,0.0053658,0.1051,0.24906,0.89437
1,0.72883,0.28764,0.0012502,0.038068,0.23863,0.27159,0.89437
1,1,0,0,0.039512,0.1912,0.29339,0.89437
1,0.84335,0.16645,0.0015137,0.052718,0.085186,0.31462,0.89437
1,0.88225,0.11348,0.0011822,0.018608,0.052935,0.33527,0.89437
1,0.94822,0.047478,0.0012502,0.016408,0.031423,0.3951,0.89437
1,0.97076,0.033324,0.001726,0.12262,0.034401,0.41445,0.89437
1,1,0,0,0.092817,0.02709,0.79883,0.89437
1,1,0,0,0,0.019928,0.82469,0.89437
1,1,0,0,0,0,0.85229,0.89437
1,0.9482,0.0075912,0.054788,0.18338,0.086664,0.95313,0.89437
1,0.88521,0.036768,0.009701,0.067074,0.08083,1,0.89437
1,0.54295,0.041446,0.28068,0.29189,0.096414,0,0.90141
1,1,0,0,0.0062355,0.12723,0.20117,0.90141
1,0.83688,0.15741,0.0019999,0.046819,0.20272,0.22566,0.90141
1,0.79063,0.21916,0.00086245,0.036663,0.23106,0.24906,0.90141
1,0.70688,0.31831,0.001134,0.050225,0.28482,0.27159,0.90141
1,0.7728,0.25709,0.0019698,0.071547,0.16432,0.29339,0.90141
1,0.8823,0.14002,0.0019074,0.11215,0.04484,0.31462,0.90141
1,1,0,0,0,0.019956,0.82469,0.90141
1,1,0,1,0,0,0.85229,0.90141
1,1,0,1,0,0,0.88214,0.90141
1,1,0,1,0,0,0.91524,0.90141
1,0.94011,0.0067474,0.08256,0.14509,0.065102,0.95313,0.90141
1,0.92226,0.031317,0.016864,0.28945,0.060591,1,0.90141
1,0.541,0.041193,0.26678,0.2586,0.096853,0,0.90845
1,0.85457,0.034665,0.023729,0.07441,0.03889,0.14771,0.90845
1,0.90642,0.041259,0.013585,0.077469,0.02274,0.17531,0.90845
1,1,0,0,0.05009,0.19752,0.20117,0.90845
1,0.78739,0.20195,0.0020753,0.026285,0.28722,0.22566,0.90845
1,0.75232,0.26302,0.00085753,0.04325,0.30125,0.24906,0.90845
1,0.80895,0.22259,0.00084738,0.077825,0.181,0.27159,0.90845
1,0.81954,0.19969,0.0020707,0.047654,0.097009,0.29339,0.90845
1,1,0,0,0,0,0.41445,0.90845
1,1,0,0,0,0,0.56636,0.90845
1,1,0,0,0,0,0.85229,0.90845
1,0.919,0.0070444,0.12443,0.08782,0.065108,0.95313,0.90845
1,0.87379,0.026602,0.016104,0.028087,0.061719,1,0.90845
1,0.53913,0.040505,0.25447,0.22113,0.094409,0,0.91549
1,0.91855,0.075245,0.0068047,0.11569,0.091436,0.20117,0.91549
1,0.87981,0.12572,0.0010803,0.078504,0.17172,0.22566,0.91549
1,0.84947,0.16597,0.000584,0.050195,0.18013,0.24906,0.91549
1,0.86826,0.14723,0.00096079,0.041483,0.080842,0.27159,0.91549
1,1,0,0,0,0,0.29339,0.91549
1,1,0,0,0,0,0.3951,0.91549
1,0.91998,0.006571,0.19238,0.13504,0.036518,0.95313,0.91549
1,0.86268,0.025222,0.019998,0.02174,0.063424,1,0.91549
1,0.56385,0.037825,0.24604,0.21977,0.076691,0,0.92254
1,1,0,0,0,0,0.20117,0.92254
1,0.94035,0.075916,0.0015183,0.16791,0.059746,0.22566,0.92254
1,0.91894,0.098421,0.00072534,0.082077,0.061908,0.24906,0.92254
1,0.90994,0.0073977,0.2828,0.18986,0.034257,0.95313,0.92254
1,0.87439,0.019235,0.028217,0.0058949,0.0097003,1,0.92254
1,0.59305,0.036301,0.23816,0.24072,0.062991,0,0.92958
1,1,0,0,0,0,0.24906,0.92958
1,0,1,0,0,0,0.29339,0.92958
1,1,0,0,0.18479,0.043318,0.95313,0.92958
1,0.86367,0.019294,0.033917,0.0059806,0.0094781,1,0.92958
1,0.63502,0.032364,0.23519,0.2622,0.031334,0,0.93662
1,0.94304,0.0032305,0.68325,0.067747,0.037868,0.91524,0.93662
1,1,0,0,0.10436,0.02629,0.95313,0.93662
1,1,0,0,0.033253,0.013,1,0.93662
1,1,0,0,0,0,0.49058,0.94366
1,1,0,1,0.029402,0.081636,0.91524,0.94366
1,0.8579,0.019516,0.038252,0.044835,0.032423,1,0.94366
1,0.93428,0.0032687,0.66677,0.014148,0.017406,0.91524,0.9507
1,0.84153,0.020404,0.040356,0.010952,0.061185,1,0.9507
1,1,0,0,0,0,0.49058,0.95775
1,0.85823,0.0080566,0.44422,0.026214,0.011461,0.95313,0.95775
1,0.86641,0.018702,0.037481,0.078425,0.061152,1,0.95775
1,0,0,1,0.0014009,0.011189,0.95313,0.96479
1,0.87679,0.018795,0.03632,0.1249,0.07603,1,0.96479
1,0.85579,0.020876,0.034301,0.074175,0.11005,1,0.97183
1,1,0,0,0,0,0.43364,0.97887
1,0.88789,0.0072209,0.29163,0.014894,0.010645,0.95313,0.97887
1,0.89466,0.018414,0.035406,0.18189,0.091786,1,0.97887
1,0.88767,0.015842,0.032384,0.061233,0.069936,1,0.98592
1,1,0,0,0,0,0.17531,0.99296
1,0.9179,0.051024,0.0074475,0,0.017445,0.20117,0.99296
1,1,0,0,0,0,0.22566,0.99296
1,0.88979,0.014912,0.031609,0.024391,0.06308,1,0.99296
1,0.8928,0.042576,0.023032,0.1628,0.040646,0.14771,1
1,1,0,0,0.074168,0.031512,0.17531,1
1,1,0,0,0,0,0.20117,1
1,0.92305,0.012358,0.029692,0.11051,0.032896,1,1
