1,1,0,0,0,0,0.98,0.36,0.1638,0
1,1,0,0,0,0,0.585,0.995,0.39829,0
1,0.94078,0.021297,0.053348,0.095238,0.062842,0.57,0.005,1,0
1,1,0,0,0.095238,0.071451,0.555,0.995,1,0.0084034
1,1,0,0,0.095238,0.067565,0.7,0.04,1,0.016807
1,0.9506,0.010502,0.069532,0.095238,0.062842,0.57,0.005,1,0.02521
1,0.95633,0.0062194,0.076188,0.095238,0.062842,0.43,0.005,1,0.033613
1,0.96003,0.0042878,0.088928,0.095238,0.062842,0.57,0.005,1,0.042017
1,0.96154,0.0034713,0.10527,0.095238,0.067565,0.3,0.04,1,0.05042
1,0.95834,0.0035777,0.10105,0.095238,0.10054,0.095,0.205,1,0.058824
1,0.90289,0.010773,0.087175,0.22544,0.063984,0.59,0.01,0.94822,0.067227
1,0.95107,0.004349,0.095908,0.095238,0.14555,0.035,0.315,1,0.067227
1,1,0,0,0,0,0.755,0.93,0.94822,0.07563
1,0.95213,0.0045582,0.086548,0.25126,0.19433,0.015,0.38,1,0.07563
1,0.94706,0.0064591,0.092813,0.36625,0.24442,0.605,0.01,1,0.084034
1,1,0,0,0.45714,0.24001,0.52,0,1,0.092437
1,1,0,1,0.49828,0.24001,0.52,0,1,0.10084
1,1,0,0,0.9044,0.24001,0.52,0,1,0.10924
1,1,0,0,0.90476,0.24149,0.435,0.005,1,0.11765
1,1,0,0,0.78028,0.24869,0.515,1,1,0.12605
1,0,0,1,0.8992,0.079405,0.01,0.395,0.94822,0.13445
1,0,0,1,0.55742,0.24869,0.515,1,1,0.13445
1,0.66065,0.0056952,0.39414,0.90476,0.13361,0.19,0.105,0.94822,0.14286
1,0.67321,0.0033575,0.21776,0.60086,0.24869,0.515,1,1,0.14286
1,0.9235,0.0026445,0.12226,0.67333,0.035709,0.315,0.035,0.90616,0.15126
1,1,0,0,0.89439,0.18252,0.08,0.225,0.94822,0.15126
1,0.71499,0.0020229,0.14506,0.6421,0.25135,0.435,0.995,1,0.15126
1,1,0,0,0.89812,0.087043,0.27,0.055,0.90616,0.15966
1,0.57285,0.011589,0.14735,0.4053,0.24086,0.035,0.31,0.94822,0.15966
1,0.65854,0.0035874,0.12174,0.32264,0.26172,0.365,0.98,1,0.15966
1,0.82594,0.029074,0.090659,0.4031,0.10716,0.145,0.855,0.8362,0.16807
1,0.9122,0.019944,0.084436,0.72273,0.043811,0.01,0.605,0.86944,0.16807
1,0.9388,0.0054452,0.044249,0.90476,0.12838,0.34,0.025,0.90616,0.16807
1,0.54741,0.017865,0.10324,0.095238,0.29593,0.1,0.195,0.94822,0.16807
1,0.62869,0.0056002,0.10596,0.1279,0.27891,0.305,0.96,1,0.16807
1,1,0,0,0.19048,0.084,0,0.46,0.80542,0.17647
1,0.73246,0.091579,0.046837,0.19048,0.18484,0.05,0.72,0.8362,0.17647
1,1,0,0,0.90476,0.12899,0,0.55,0.86944,0.17647
1,0.93007,0.0089853,0.022706,0.76415,0.17056,0.14,0.155,0.90616,0.17647
1,0.58658,0.019059,0.054182,0.095238,0.35123,0.06,0.26,0.94822,0.17647
1,0.64216,0.0062399,0.073269,0.095238,0.30173,0.255,0.935,1,0.17647
1,0,1,0,0,0.026657,0.155,0.86,0.74904,0.18487
1,1,0,1,0.19048,0.089307,0.005,0.44,0.77648,0.18487
1,0,0,1,0.19048,0.18418,0,0.495,0.80542,0.18487
1,1,0,0,0.32148,0.26158,0.15,0.145,0.8362,0.18487
1,0.90297,0.0371,0.010769,0.90293,0.21459,0,0.545,0.86944,0.18487
1,1,0,0,0.34178,0.23299,0.06,0.26,0.90616,0.18487
1,0.60962,0.023259,0.02918,0.095238,0.41084,0.035,0.315,0.94822,0.18487
1,0.66234,0.0068349,0.045721,0.095238,0.32895,0.215,0.91,1,0.18487
1,0.15901,0.8922,0.03055,0,0.073427,0.105,0.195,0.7227,0.19328
1,0,1,0,0.90455,0.13058,0.005,0.58,0.74904,0.19328
1,1,1,1,0.59019,0.19025,0.07,0.245,0.77648,0.19328
1,0.60049,0.14762,0.12479,0.59299,0.2631,0.07,0.25,0.80542,0.19328
1,0,1,0,0.76638,0.3352,0.075,0.235,0.8362,0.19328
1,0.84645,0.060412,0.0022083,0.48292,0.30018,0,0.55,0.86944,0.19328
1,0.82929,0.040557,0.011393,0.095238,0.30336,0.03,0.335,0.90616,0.19328
1,0.63047,0.027428,0.017552,0.095238,0.45375,0.185,0.115,0.94822,0.19328
1,0.67946,0.0079293,0.027744,0.095238,0.35952,0.19,0.89,1,0.19328
1,0.3748,0.6331,0.011365,0,0.073259,0.365,0.02,0.69726,0.20168
1,0.25468,0.83462,0.018538,0.90476,0.17962,0.015,0.385,0.7227,0.20168
1,0,1,0,0.90476,0.2406,0.005,0.555,0.74904,0.20168
1,0,1,0,0.90476,0.27579,0.065,0.25,0.77648,0.20168
1,1,0,0,0.90476,0.3463,0.065,0.255,0.80542,0.20168
1,1,0,0,0.56692,0.41837,0.04,0.305,0.8362,0.20168
1,0.7399,0.12459,0.0021742,0.095238,0.38522,0.015,0.615,0.86944,0.20168
1,0.79934,0.046425,0.0058236,0.095238,0.37714,0.015,0.385,0.90616,0.20168
1,0.64162,0.033747,0.011103,0.095238,0.49896,0.13,0.16,0.94822,0.20168
1,0.69659,0.0091736,0.017182,0.095238,0.38663,0.225,0.92,1,0.20168
1,0.58433,0.43695,0.0069805,0.90476,0.15253,0.17,0.125,0.69726,0.21008
1,0,1,0,0.90476,0.26184,0.23,0.08,0.7227,0.21008
1,0,1,0,0.5081,0.34925,0.085,0.225,0.74904,0.21008
1,0.12875,0.96842,0.033119,0.19279,0.37209,0.03,0.33,0.77648,0.21008
1,0.27162,0.70332,0.019851,0.1892,0.43697,0.035,0.32,0.80542,0.21008
1,0.45957,0.55009,0.003701,0.095238,0.50634,0.02,0.355,0.8362,0.21008
1,0.69625,0.15396,0.0012503,0.095238,0.46901,0.015,0.61,0.86944,0.21008
1,0.7653,0.057817,0.0033369,0.095238,0.45259,0.005,0.425,0.90616,0.21008
1,0.64332,0.04335,0.0073702,0.095238,0.55013,0.095,0.21,0.94822,0.21008
1,0.71029,0.010976,0.010823,0.095238,0.41587,0.205,0.905,1,0.21008
1,0.83026,0.12861,0.0075396,0.89628,0.10242,0.4,0.01,0.67255,0.21849
1,0.60795,0.41519,0.0035232,0.90476,0.18829,0.97,0.675,0.69726,0.21849
1,0.29005,0.81092,0.0088115,0.77727,0.19629,0.95,0.28,0.7227,0.21849
1,0.058852,0.98127,0.0037177,0.095238,0.26102,0.905,0.205,0.74904,0.21849
1,0,1,0,0.095238,0.36012,0.89,0.19,0.77648,0.21849
1,0.20679,0.82476,0.011665,0.095238,0.48665,0.79,0.095,0.80542,0.21849
1,1,0,0,0.095238,0.5969,0.01,0.39,0.8362,0.21849
1,0.64759,0.19431,0.00095466,0.095238,0.55282,0.015,0.615,0.86944,0.21849
1,0.72849,0.07554,0.0021751,0.095238,0.52887,0,0.455,0.90616,0.21849
1,0.63822,0.056674,0.005221,0.095238,0.60567,0.065,0.255,0.94822,0.21849
1,0.72053,0.013485,0.0070514,0.095238,0.44717,0.185,0.89,1,0.21849
1,0.90345,0.050049,0.009922,0.56553,0.049621,0.29,0.045,0.64844,0.22689
1,0.84254,0.1199,0.0050173,0.90476,0.1274,0.895,0.805,0.67255,0.22689
1,0.65577,0.33768,0.0070252,0.65848,0.086233,0.84,0.865,0.69726,0.22689
1,0.28344,0.79398,0.0095938,0.095238,0.096123,1,0.5,0.7227,0.22689
1,0.12443,0.94274,0.0051369,0.095238,0.17389,0.885,0.18,0.74904,0.22689
1,0,1,0,0.095238,0.28593,0.795,0.095,0.77648,0.22689
1,0,1,0,0.095238,0.42934,0.785,0.09,0.80542,0.22689
1,0.4163,0.56326,0.0038074,0.095238,0.59044,0.705,0.045,0.8362,0.22689
1,0.6009,0.24188,0.00088989,0.095238,0.63495,0.025,0.65,0.86944,0.22689
1,0.69061,0.10038,0.0016585,0.095238,0.60557,0,0.48,0.90616,0.22689
1,0.62843,0.073991,0.0040007,0.095238,0.66439,0.045,0.295,0.94822,0.22689
1,0.72769,0.016844,0.0048123,0.095238,0.48007,0.17,0.88,1,0.22689
1,1,0,0,0,0,0.31,0.035,0.62485,0.23529
1,1,0,0,0.36394,0.076222,0.91,0.79,0.64844,0.23529
1,0.24229,0.83697,0.0097236,0.095238,0.089295,0.815,0.115,0.74904,0.23529
1,0.17634,0.89273,0.0063793,0.095238,0.22826,0.785,0.09,0.77648,0.23529
1,0.27104,0.76632,0.0047974,0.095238,0.38326,0.67,0.03,0.80542,0.23529
1,0,1,0,0.095238,0.5599,0.615,0.015,0.8362,0.23529
1,0.55959,0.29348,0.00091771,0.095238,0.71693,0.025,0.65,0.86944,0.23529
1,0.65354,0.1323,0.0014585,0.095238,0.68243,0,0.5,0.90616,0.23529
1,0.61562,0.095291,0.003315,0.095238,0.72542,0.03,0.33,0.94822,0.23529
1,0.73451,0.020567,0.0034551,0.095238,0.50988,0.8,0.9,1,0.23529
1,0.91674,0.044664,0.0027711,0.03249,0.042677,0.75,0.065,0.62485,0.2437
1,0.39161,0.66427,0.014581,0.095238,0.031265,0.8,0.1,0.74904,0.2437
1,0.27474,0.79056,0.0037994,0.095238,0.19053,0.55,0,0.77648,0.2437
1,0.33853,0.68684,0.0018986,0.095238,0.36319,0.525,0,0.80542,0.2437
1,0.48347,0.43318,0.0020586,0.095238,0.5472,0.515,0,0.8362,0.2437
1,0.55297,0.3046,0.00082962,0.095238,0.74609,0.515,0,0.86944,0.2437
1,0.61894,0.17022,0.0014211,0.095238,0.75928,0,0.52,0.90616,0.2437
1,0.6331,0.095583,0.0025511,0.095238,0.72585,0.955,0.705,0.94822,0.2437
1,0.77102,0.016244,0.0024231,0.095238,0.47984,0.785,0.91,1,0.2437
1,0.93489,0.040025,0.00071848,0.29053,0.073818,0.065,0.25,0.62485,0.2521
1,0.52061,0.50185,0.01073,0.095238,0.031265,0.8,0.1,0.74904,0.2521
1,0.38333,0.66286,0.0017861,0.095238,0.19053,0.55,0,0.77648,0.2521
1,0.41681,0.58858,0.00074292,0.095238,0.36319,0.525,0,0.80542,0.2521
1,0.52074,0.3883,0.00077105,0.095238,0.5472,0.515,0,0.8362,0.2521
1,0.6053,0.23888,0.00051721,0.095238,0.67458,0.915,0.22,0.86944,0.2521
1,0.61412,0.18302,0.0012417,0.095238,0.78453,0.915,0.775,0.90616,0.2521
1,0.68213,0.073405,0.0016754,0.095238,0.66567,0.96,0.7,0.94822,0.2521
1,0.80322,0.012858,0.0017126,0.095238,0.4514,0.77,0.92,1,0.2521
1,1,0,0,0,0,0.075,0.24,0.60171,0.2605
1,0.92416,0.058853,0.00049255,0.14873,0.055978,0.69,0.965,0.62485,0.2605
1,0.77473,0.17226,0.0018641,0,0.038656,0.76,0.925,0.67255,0.2605
1,1,0,0,0,0,0.43,0.005,0.7227,0.2605
1,0.61459,0.38267,0.0044256,0.095238,0.072022,0.37,0.015,0.74904,0.2605
1,0.4916,0.52807,0.00081434,0.095238,0.21024,0.28,0.05,0.77648,0.2605
1,0.49896,0.48571,0.00031896,0.095238,0.37336,0.375,0.015,0.80542,0.2605
1,0.59144,0.30095,0.00040623,0.095238,0.49706,0.935,0.25,0.8362,0.2605
1,0.65976,0.17963,0.00032676,0.095238,0.60615,0.88,0.175,0.86944,0.2605
1,0.65834,0.14617,0.00077856,0.095238,0.72061,0.915,0.78,0.90616,0.2605
1,0.73065,0.053392,0.001051,0.095238,0.60529,0.96,0.695,0.94822,0.2605
1,0.83097,0.010281,0.0012306,0.095238,0.42497,0.745,0.935,1,0.2605
1,1,0,0,0.40169,0.0276,0.105,0.805,0.57878,0.26891
1,0.75387,0.21397,0.0071955,0.25488,0.031265,0.8,0.1,0.74904,0.26891
1,0.61317,0.3729,0.00075618,0.095238,0.19025,0.93,0.245,0.77648,0.26891
1,0.61479,0.33694,0.00030287,0.095238,0.31577,0.76,0.075,0.80542,0.26891
1,0.67723,0.20318,0.00030974,0.095238,0.41575,0.93,0.245,0.8362,0.26891
1,0.71055,0.13278,0.00022193,0.095238,0.54512,0.83,0.125,0.86944,0.26891
1,0.70417,0.11166,0.00046574,0.095238,0.65737,0.91,0.79,0.90616,0.26891
1,0.77682,0.036731,0.00064792,0.095238,0.54483,0.96,0.695,0.94822,0.26891
1,0.85637,0.0080343,0.00090614,0.095238,0.39611,0.78,0.915,1,0.26891
1,0.77961,0.17927,0.0021121,0.32067,0.1143,0.74,0.06,0.77648,0.27731
1,0.72368,0.20623,0.00052699,0.095238,0.23493,0.91,0.215,0.80542,0.27731
1,0.75002,0.13309,0.00032435,0.095238,0.33991,0.875,0.17,0.8362,0.27731
1,0.75774,0.095749,0.00016508,0.095238,0.48641,0.915,0.225,0.86944,0.27731
1,0.74916,0.081661,0.00028108,0.095238,0.59517,0.9,0.8,0.90616,0.27731
1,0.81926,0.023936,0.00041238,0.095238,0.4837,0.975,0.655,0.94822,0.27731
1,0.88072,0.0059358,0.00069646,0.095238,0.36061,0.865,0.84,1,0.27731
1,0.79474,0.19251,0.0043468,0.58013,0.069578,0.025,0.35,0.46639,0.28571
1,0.80387,0.16758,0.0019268,0.5665,0.070053,0.025,0.345,0.4888,0.28571
1,1,0,0,0,0,0.955,0.71,0.64844,0.28571
1,0.8692,0.090257,0.0071879,0.49786,0.054444,0.99,0.395,0.77648,0.28571
1,0.80524,0.121,0.0012376,0.095238,0.15301,0.895,0.195,0.80542,0.28571
1,0.80389,0.090238,0.00040186,0.095238,0.27801,0.775,0.085,0.8362,0.28571
1,0.80444,0.064106,0.00013999,0.095238,0.4186,0.87,0.16,0.86944,0.28571
1,0.7911,0.057529,0.00018099,0.095238,0.53453,0.89,0.815,0.90616,0.28571
1,0.85693,0.014855,0.00028541,0.095238,0.42118,0.975,0.655,0.94822,0.28571
1,0.90159,0.0043749,0.00056894,0.095238,0.32419,0.845,0.86,1,0.28571
1,0.75831,0.19559,0.0026361,0.59223,0.067569,0.015,0.375,0.42122,0.29412
1,1,0,0,0.095238,0.12701,0.07,0.25,0.44392,0.29412
1,0,1,0,0.095238,0.18956,0.095,0.21,0.46639,0.29412
1,0.69431,0.28757,0.00072805,0.095238,0.1692,0.04,0.7,0.4888,0.29412
1,0.66653,0.32685,0.0014363,0.29239,0.093883,0.145,0.855,0.5112,0.29412
1,0.66545,0.33591,0.0011797,0.20798,0.069578,0.025,0.65,0.53361,0.29412
1,1,0,0,0,0,1,0.48,0.62485,0.29412
1,0,1,0,0,0,0.98,0.645,0.64844,0.29412
1,0.89294,0.052822,0.0051203,0.38591,0.072505,0.85,0.145,0.80542,0.29412
1,0.84389,0.06353,0.00056163,0.095238,0.22268,0.765,0.075,0.8362,0.29412
1,0.84066,0.044519,0.00013283,0.095238,0.3613,0.79,0.095,0.86944,0.29412
1,0.82861,0.03938,0.00012833,0.095238,0.47544,0.95,0.715,0.90616,0.29412
1,0.88857,0.0090281,0.00022468,0.095238,0.35839,0.99,0.6,0.94822,0.29412
1,0.91867,0.0032944,0.00049919,0.095238,0.28888,0.93,0.755,1,0.29412
1,0.37703,0.019837,0.60483,0.44337,0.046554,0.035,0.68,0,0.30252
1,1,0,0,0,0,0.05,0.28,0.093843,0.30252
1,0,0,1,0.47153,0.043811,0.01,0.395,0.13056,0.30252
1,1,0,0,0,0,0.13,0.165,0.1638,0.30252
1,0.30954,0.52586,0.0049636,0.11131,0.021418,0.085,0.78,0.22352,0.30252
1,0.63025,0.35032,0.0020083,0.89005,0.086412,0.13,0.165,0.39829,0.30252
1,0.63392,0.31995,0.00051943,0.095238,0.18518,0.21,0.095,0.42122,0.30252
1,0.76126,0.18951,0.0014167,0.095238,0.2493,0.105,0.19,0.44392,0.30252
1,0.73353,0.24928,0.0014739,0.095238,0.30735,0.035,0.32,0.46639,0.30252
1,0.69919,0.28302,0.00077342,0.095238,0.26856,0.705,0.955,0.4888,0.30252
1,1,0,0,0.095238,0.15661,0.855,0.855,0.5112,0.30252
1,0.64272,0.37998,0.0016773,0.26198,0.069578,0.025,0.65,0.53361,0.30252
1,1,1,0,0,0,0.225,0.92,0.62485,0.30252
1,0.87829,0.043467,0.0010564,0.095238,0.15171,0.875,0.17,0.8362,0.30252
1,0.87049,0.031192,0.00013844,0.095238,0.30665,0.785,0.09,0.86944,0.30252
1,0.86528,0.024476,0.00010153,0.095238,0.40638,0.945,0.73,0.90616,0.30252
1,0.9145,0.0054627,0.00021006,0.095238,0.29386,0.99,0.595,0.94822,0.30252
1,0.93437,0.0023761,0.00050585,0.095238,0.24568,0.915,0.78,1,0.30252
1,0.35813,0.023915,0.59986,0.58302,0.087438,0.14,0.845,0,0.31092
1,1,0,0,0,0,0.315,0.035,0.093843,0.31092
1,0.44023,0.031635,0.37771,0.095238,0.043811,0.99,0.395,0.13056,0.31092
1,0.48318,0.2934,0.0055576,0.095238,0.082898,0.6,0.01,0.19458,0.31092
1,0.285,0.60844,0.0013991,0.2289,0.11623,0.13,0.165,0.22352,0.31092
1,0.15475,0.81162,0.0032952,0.25282,0.061097,0.045,0.705,0.25096,0.31092
1,0.11173,0.89095,0.011107,0.6359,0.057675,0,0.505,0.2773,0.31092
1,0,1,0,0.63315,0.032806,0.195,0.895,0.30274,0.31092
1,0,1,0,0,0,0,0.485,0.35156,0.31092
1,0.32948,0.69027,0.0018615,0.68293,0.055978,0.31,0.035,0.37515,0.31092
1,0.56546,0.41955,0.00046082,0.68817,0.14795,0.14,0.155,0.39829,0.31092
1,0.63488,0.31986,0.00053018,0.095238,0.26218,0.295,0.045,0.42122,0.31092
1,0.79371,0.14734,0.0018015,0.095238,0.36228,0.05,0.285,0.44392,0.31092
1,1,0,0,0.095238,0.37937,0.47,1,0.46639,0.31092
1,0.77861,0.16681,0.00077084,0.095238,0.24558,0.455,1,0.4888,0.31092
1,0.68817,0.2782,0.0017382,0.095238,0.11282,0.4,0.99,0.5112,0.31092
1,0,1,0,0,0,0.155,0.865,0.53361,0.31092
1,1,0,0,0,0,0.395,0.99,0.62485,0.31092
1,1,0,0,0,0,0.785,0.09,0.77648,0.31092
1,0.9294,0.021766,0.0031026,0.44244,0.098275,0.905,0.21,0.8362,0.31092
1,0.89101,0.023956,0.00014136,0.095238,0.2684,0.65,0.025,0.86944,0.31092
1,0.89531,0.015114,9.38E-05,0.095238,0.33886,0.93,0.75,0.90616,0.31092
1,0.9346,0.0034338,0.00024752,0.095238,0.22929,0.99,0.595,0.94822,0.31092
1,0.94653,0.001791,0.00058765,0.095238,0.20449,0.89,0.815,1,0.31092
1,0.28453,0.033431,0.66946,0.34453,0.079429,0.99,0.595,0,0.31933
1,0.47565,0.32313,0.0054662,0.095238,0.084,1,0.54,0.19458,0.31933
1,0.26234,0.66324,0.0017916,0.095238,0.089307,0.995,0.56,0.22352,0.31933
1,0.10886,0.88654,0.0011273,0.095238,0.14135,0.82,0.115,0.25096,0.31933
1,0,1,0,0.28675,0.17301,0,0.49,0.2773,0.31933
1,0,1,0,0.62916,0.14174,0.005,0.585,0.30274,0.31933
1,0.075486,0.96373,0.0016078,0.76378,0.14337,0,0.535,0.32745,0.31933
1,0,1,0,0.90476,0.14602,0,0.495,0.35156,0.31933
1,0.31926,0.72025,0.00051083,0.82621,0.15706,0.03,0.33,0.37515,0.31933
1,0.37975,0.63275,0.00014358,0.095238,0.24188,0.105,0.195,0.39829,0.31933
1,0.62707,0.33244,0.00058444,0.095238,0.3369,0.15,0.14,0.42122,0.31933
1,1,0,0,0.095238,0.44423,0.235,0.075,0.44392,0.31933
1,1,0,0,0.095238,0.40931,0.31,0.96,0.46639,0.31933
1,0.81933,0.11935,0.00070794,0.095238,0.28972,0.23,0.92,0.4888,0.31933
1,0.81047,0.14271,0.00087904,0.38718,0.19055,0.21,0.905,0.5112,0.31933
1,0.7713,0.22252,0.00125,0.64665,0.11257,0.01,0.595,0.53361,0.31933
1,0,1,0,0,0,0.17,0.875,0.55608,0.31933
1,1,0,0,0,0,0.565,0.995,0.60171,0.31933
1,1,0,0,0,0,0.68,0.035,0.80542,0.31933
1,0.91634,0.025911,0.002536,0.095238,0.060626,0.63,0.02,0.8362,0.31933
1,0.90181,0.021527,0.00012381,0.095238,0.25795,0.53,0,0.86944,0.31933
1,0.91878,0.0096005,0.00010124,0.095238,0.27419,0.905,0.79,0.90616,0.31933
1,0.94968,0.0022913,0.00040173,0.095238,0.16485,0.99,0.605,0.94822,0.31933
1,0.95569,0.0014255,0.00076346,0.095238,0.16695,0.84,0.865,1,0.31933
1,0,0,1,0.095238,0.031365,0.915,0.78,0,0.32773
1,0.11784,0.88112,0.0015284,0.095238,0.10957,0.42,0.005,0.25096,0.32773
1,0,1,0,0.095238,0.073427,0.895,0.805,0.2773,0.32773
1,0,1,0,0.095238,0.086233,0.84,0.135,0.30274,0.32773
1,0.030758,0.98953,0.00033255,0.095238,0.18642,0.875,0.17,0.32745,0.32773
1,0,1,0,0.095238,0.27117,0,0.49,0.35156,0.32773
1,0.15169,0.89376,8.17E-05,0.095238,0.28018,0.01,0.4,0.37515,0.32773
1,0.35066,0.67392,0.00017807,0.095238,0.33672,0.09,0.21,0.39829,0.32773
1,0.59529,0.38056,0.00064961,0.095238,0.42977,0.13,0.165,0.42122,0.32773
1,0.77286,0.17418,0.0020977,0.095238,0.52584,0.155,0.14,0.44392,0.32773
1,0.83059,0.11222,0.0011704,0.095238,0.47598,0.195,0.895,0.46639,0.32773
1,0.82763,0.11626,0.00064929,0.095238,0.37816,0.12,0.825,0.4888,0.32773
1,0.87328,0.090616,0.00074287,0.63086,0.28888,0.08,0.77,0.5112,0.32773
1,0.83565,0.14809,0.00059636,0.78788,0.18951,0.21,0.905,0.53361,0.32773
1,1,0,0,0.58174,0.067458,0.335,0.975,0.55608,0.32773
1,0.92432,0.022842,0.0019412,0.095238,0.060626,0.37,0.02,0.8362,0.32773
1,0.91435,0.018057,0.00011753,0.095238,0.23497,0.86,0.155,0.86944,0.32773
1,0.93683,0.0063689,0.00013175,0.095238,0.21169,0.93,0.76,0.90616,0.32773
1,0.96071,0.0016466,0.00093603,0.095238,0.10107,0.98,0.645,0.94822,0.32773
1,0.96308,0.0011615,0.001153,0.095238,0.12845,0.9,0.795,1,0.32773
1,0.26894,0.69983,0.0038023,0,0.036807,0.74,0.06,0.22352,0.33613
1,0.14568,0.84742,0.004095,0.095238,0.031265,0.8,0.9,0.25096,0.33613
1,0.04229,0.98254,0.00042385,0.095238,0.12333,0.58,0.005,0.32745,0.33613
1,0.063052,0.9704,9.72E-05,0.095238,0.26659,0.535,0,0.35156,0.33613
1,0.13799,0.90362,0.00012025,0.095238,0.40574,0.005,0.425,0.37515,0.33613
1,0.31927,0.71246,0.00025577,0.095238,0.44819,0.05,0.28,0.39829,0.33613
1,0.64897,0.34142,0.00084838,0.49797,0.52359,0.115,0.18,0.42122,0.33613
1,0.77345,0.16947,0.0010643,0.095238,0.4874,0.935,0.75,0.44392,0.33613
1,0.84912,0.090368,0.00061212,0.095238,0.4358,0.985,0.625,0.46639,0.33613
1,0.84464,0.10169,0.00057399,0.095238,0.40837,0.69,0.965,0.4888,0.33613
1,0.88818,0.070756,0.00088164,0.38202,0.28887,0.765,0.925,0.5112,0.33613
1,0.85139,0.11411,0.00030733,0.44433,0.1677,0.695,0.96,0.53361,0.33613
1,0.78189,0.21342,0.0021311,0.32756,0.067458,0.665,0.975,0.55608,0.33613
1,0.93188,0.019289,0.0024605,0.026019,0.021091,0.87,0.165,0.8362,0.33613
1,0.9307,0.013008,0.00014454,0.095238,0.18436,0.71,0.045,0.86944,0.33613
1,0.95071,0.0044183,0.00022516,0.095238,0.1494,0.955,0.705,0.90616,0.33613
1,0.96841,0.0012987,0.0025698,0.095238,0.041559,0.89,0.815,0.94822,0.33613
1,0.96881,0.00098421,0.0018962,0.095238,0.091447,0.805,0.895,1,0.33613
1,0,1,0,0,0,0.55,0,0.19458,0.34454
1,0.051233,0.97694,0.000192,0.095238,0.1359,0.28,0.05,0.32745,0.34454
1,0.076089,0.96059,4.50E-05,0.095238,0.27277,0.39,0.01,0.35156,0.34454
1,0.15382,0.88741,0.0001046,0.095238,0.4117,0.425,0.005,0.37515,0.34454
1,0.38795,0.65709,0.00034612,0.51182,0.54945,0.445,0.005,0.39829,0.34454
1,0.66352,0.31448,0.00045138,0.45369,0.47809,0.805,0.9,0.42122,0.34454
1,0.80758,0.12289,0.00043953,0.095238,0.37903,0.88,0.825,0.44392,0.34454
1,0.88942,0.050364,0.00029498,0.095238,0.30923,0.965,0.68,0.46639,0.34454
1,0.89705,0.049675,0.00036191,0.095238,0.28929,1,0.46,0.4888,0.34454
1,1,0,0,0.095238,0.2281,0.74,0.935,0.5112,0.34454
1,0.8579,0.094959,0.00057753,0.095238,0.11188,0.6,0.99,0.53361,0.34454
1,1,0,0,0,0,0.83,0.875,0.55608,0.34454
1,0.9424,0.010056,0.00018461,0.095238,0.14449,0.76,0.075,0.86944,0.34454
1,0.96149,0.0031952,0.00056881,0.095238,0.084012,0.87,0.835,0.90616,0.34454
1,0.97363,0.00084357,0.0036572,0.095238,0.049797,0.915,0.775,1,0.34454
1,1,0,0,0,0,0.78,0.085,0.19458,0.35294
1,0.16237,0.84078,0.0014953,0.095238,0.058601,0.97,0.33,0.25096,0.35294
1,0.081615,0.93862,0.00060558,0.095238,0.096123,0,0.5,0.2773,0.35294
1,0.055499,0.9699,0.00020924,0.095238,0.11689,0.08,0.23,0.30274,0.35294
1,0.055082,0.97475,4.58E-05,0.095238,0.21763,0.18,0.115,0.32745,0.35294
1,0.12158,0.9284,3.90E-05,0.44207,0.32315,0.22,0.085,0.35156,0.35294
1,0.21431,0.83625,7.22E-05,0.40505,0.44549,0.84,0.135,0.37515,0.35294
1,0.41572,0.62572,0.00028057,0.53621,0.54196,0.645,0.98,0.39829,0.35294
1,0.61006,0.3555,0.00024442,0.095238,0.41262,0.69,0.965,0.42122,0.35294
1,0.83264,0.09389,0.00021102,0.095238,0.29152,0.765,0.925,0.44392,0.35294
1,0.91551,0.031031,0.00019967,0.095238,0.19152,0.905,0.79,0.46639,0.35294
1,0.93004,0.025196,0.00032421,0.095238,0.15685,0.995,0.43,0.4888,0.35294
1,0.91266,0.043312,0.0010299,0.095238,0.19118,0.905,0.21,0.5112,0.35294
1,0.93153,0.036207,0.00071694,0.47393,0.068923,0.66,0.975,0.53361,0.35294
1,0.9494,0.008735,0.00019386,0.095238,0.12518,0.56,0.005,0.86944,0.35294
1,0.96791,0.0026598,0.0011885,0.095238,0.039898,0.98,0.645,0.90616,0.35294
1,0.11324,0.90353,0.00092934,0.08941,0.04772,0.7,0.04,0.2773,0.36134
1,0.074946,0.95413,0.00011313,0.095238,0.11689,0.92,0.23,0.30274,0.36134
1,0.083452,0.95263,3.61E-05,0.095238,0.1615,0.935,0.255,0.32745,0.36134
1,0.12212,0.9206,1.97E-05,0.095238,0.25617,0.855,0.15,0.35156,0.36134
1,0.25298,0.7913,3.23E-05,0.30062,0.35723,0.815,0.11,0.37515,0.36134
1,0.41099,0.61539,0.0001105,0.30698,0.47315,0.74,0.06,0.39829,0.36134
1,0.62695,0.33142,0.00015412,0.095238,0.38331,0.53,1,0.42122,0.36134
1,0.84143,0.084956,0.00012335,0.095238,0.24801,0.545,1,0.44392,0.36134
1,0.92708,0.024257,0.00016439,0.095238,0.11448,0.595,0.99,0.46639,0.36134
1,0.93727,0.024108,0.00072602,0.095238,0.070309,0.975,0.34,0.5112,0.36134
1,0.91444,0.042019,0.00057469,0.045686,0.030423,0.865,0.845,0.53361,0.36134
1,0.95959,0.0064616,0.00044414,0.095238,0.068132,0.81,0.895,0.86944,0.36134
1,0.17367,0.86084,0.00022935,0.33625,0.069306,0.94,0.26,0.32745,0.36975
1,0.17835,0.8614,1.49E-05,0.095238,0.16806,0.805,0.105,0.35156,0.36975
1,0.2689,0.76199,2.72E-05,0.095238,0.29301,0.675,0.03,0.37515,0.36975
1,0.40817,0.60296,9.13E-05,0.095238,0.41262,0.995,0.42,0.39829,0.36975
1,0.6582,0.28757,8.71E-05,0.095238,0.33181,0.735,0.94,0.42122,0.36975
1,0.84571,0.081179,7.69E-05,0.095238,0.2212,0.85,0.855,0.44392,0.36975
1,0.92435,0.025825,9.83E-05,0.095238,0.11448,0.405,0.99,0.46639,0.36975
1,0.328,0.69163,3.58E-05,0.51763,0.1342,0.575,0.005,0.35156,0.37815
1,0.49495,0.51506,5.57E-05,0.78811,0.27098,0.925,0.235,0.37515,0.37815
1,0.68228,0.28802,8.27E-05,0.80952,0.28542,0.99,0.395,0.39829,0.37815
1,0.82214,0.12842,0.00010297,0.78171,0.29471,0.54,1,0.42122,0.37815
1,0.86285,0.066276,4.75E-05,0.095238,0.15976,0.57,0.995,0.44392,0.37815
1,0.93504,0.020301,0.00015005,0.095238,0.032299,0.845,0.865,0.46639,0.37815
1,0.97789,0.0010864,0.0018639,0.095238,0.06279,0.015,0.37,1,0.37815
1,0.45038,0.54054,0.0001372,0.70392,0.1043,1,0.5,0.35156,0.38655
1,0.60797,0.36187,7.79E-05,0.80952,0.14886,1,0.47,0.37515,0.38655
1,0.75975,0.19039,7.06E-05,0.80952,0.16115,0.965,0.32,0.39829,0.38655
1,0.85243,0.094171,4.10E-05,0.73618,0.20528,0.975,0.345,0.42122,0.38655
1,0.84984,0.078923,3.10E-05,0.095238,0.19294,0.215,0.91,0.44392,0.38655
1,0.9273,0.024313,5.41E-05,0.095238,0.071439,0.655,0.975,0.46639,0.38655
1,0.9756,0.0014947,0.00071971,0.095238,0.11263,0.02,0.645,1,0.38655
1,0.72215,0.20024,4.25E-05,0.30786,0.061372,0.675,0.03,0.39829,0.39496
1,0.86956,0.072297,6.15E-05,0.55201,0.089579,0.865,0.155,0.42122,0.39496
1,0.91312,0.037435,1.75E-05,0.45873,0.13167,0.75,0.93,0.44392,0.39496
1,0.94237,0.018439,4.58E-05,0.29263,0.069578,0.975,0.35,0.46639,0.39496
1,0.97931,0.0017166,0.0013569,0.095238,0.037957,0.94,0.26,0.94822,0.39496
1,0.97252,0.002149,0.00036878,0.095238,0.16207,0.015,0.62,1,0.39496
1,0.93437,0.026949,8.67E-05,0.64921,0.091711,0.86,0.15,0.44392,0.40336
1,0.97451,0.0020958,0.00044987,0.095238,0.14509,0.855,0.15,1,0.40336
1,0.97703,0.0019288,0.0006718,0.095238,0.11563,0.705,0.045,1,0.41176
1,0.97899,0.001825,0.0010589,0.095238,0.087438,0.86,0.155,1,0.42017
1,0.98038,0.001792,0.0016569,0.095238,0.06279,0.985,0.37,1,0.42857
1,0.89846,0.08372,0.00036286,0.095238,0.038045,0.215,0.09,0.60171,0.45378
1,1,0,0,0.55427,0.035102,0.19,0.11,0.57878,0.46218
1,0.87528,0.11008,0.00015443,0.095238,0.11245,0.02,0.365,0.60171,0.46218
1,0.86916,0.1491,1.90E-05,0.095238,0.14886,0,0.53,0.62485,0.46218
1,0.85978,0.21873,6.66E-06,0.095238,0.14602,0,0.505,0.64844,0.46218
1,0.84157,0.33955,3.39E-05,0.095238,0.10272,0.005,0.45,0.67255,0.46218
1,0.95179,0.01985,0.00032223,0.30233,0.032299,0.155,0.135,0.53361,0.47059
1,0.95047,0.025934,0.00045055,0.80461,0.13026,0.075,0.235,0.55608,0.47059
1,0.87696,0.094618,0.00041068,0.27064,0.15534,0.005,0.415,0.57878,0.47059
1,0.83794,0.15641,6.06E-05,0.095238,0.22403,0.16,0.135,0.60171,0.47059
1,0.8176,0.22279,6.60E-06,0.095238,0.2762,0,0.52,0.62485,0.47059
1,0.80678,0.30826,1.58E-06,0.095238,0.26302,0.075,0.76,0.64844,0.47059
1,0.80216,0.43167,1.74E-05,0.095238,0.15805,0.185,0.89,0.67255,0.47059
1,0.78523,0.51226,0.00035955,0.095238,0.062207,0.025,0.65,0.69726,0.47059
1,0.95056,0.021027,0.0003572,0.31146,0.032299,0.845,0.135,0.53361,0.47899
1,0.94645,0.029747,0.00024097,0.80241,0.15976,0.57,0.005,0.55608,0.47899
1,0.82159,0.1587,0.00010979,0.095238,0.28526,0,0.455,0.57878,0.47899
1,0.79611,0.20952,3.09E-05,0.095238,0.32681,0.065,0.255,0.60171,0.47899
1,0.75453,0.30761,3.90E-06,0.095238,0.40235,0.045,0.3,0.62485,0.47899
1,0.75941,0.3736,6.89E-07,0.095238,0.348,0.185,0.89,0.64844,0.47899
1,0.7469,0.52839,4.36E-06,0.095238,0.24552,0.135,0.845,0.67255,0.47899
1,1,1,0,0.095238,0.1453,0.165,0.87,0.69726,0.47899
1,1,0,0,0.17886,0.10499,0.23,0.92,0.7227,0.47899
1,1,0,0,0.095238,0.054444,0.01,0.395,0.77648,0.47899
1,0.81484,0.24728,0.00034423,0.095238,0.050763,0.005,0.43,0.80542,0.47899
1,1,0,0,0.095238,0.064822,0.01,0.595,0.90616,0.47899
1,0.93193,0.032796,0.00026256,0.095238,0.032299,0.845,0.135,0.53361,0.48739
1,0.91258,0.055329,4.76E-05,0.31944,0.15976,0.57,0.005,0.55608,0.48739
1,0.81778,0.16254,4.21E-05,0.095238,0.29471,0.54,0,0.57878,0.48739
1,0.7446,0.27459,2.01E-05,0.095238,0.43147,0.475,0,0.60171,0.48739
1,0.69226,0.38166,3.85E-06,0.095238,0.51002,0.09,0.21,0.62485,0.48739
1,0.70794,0.4299,5.71E-07,0.095238,0.43506,0.16,0.865,0.64844,0.48739
1,0.69416,0.58051,8.60E-07,0.095238,0.33455,0.12,0.825,0.67255,0.48739
1,0,1,0,0.095238,0.24108,0.055,0.73,0.69726,0.48739
1,1,0,0,0.29481,0.16283,0.215,0.91,0.7227,0.48739
1,1,0,0,0.01901,0.058601,0.03,0.67,0.74904,0.48739
1,0,1,0,0,0,0.74,0.06,0.77648,0.48739
1,0.74906,0.34948,0.00017944,0.095238,0.082898,0.6,0.99,0.80542,0.48739
1,0.98488,0.011853,0.00040506,0.095238,0.038333,0.69,0.035,0.86944,0.48739
1,0.98045,0.010604,0.0012683,0.095238,0.084012,0.87,0.835,0.90616,0.48739
1,0.92776,0.036554,0.00029048,0.095238,0.032299,0.845,0.135,0.53361,0.4958
1,0.88487,0.078399,2.46E-05,0.095238,0.15851,0.85,0.14,0.55608,0.4958
1,0.82128,0.15535,1.81E-05,0.095238,0.27263,0.705,0.045,0.57878,0.4958
1,0.74593,0.26646,1.00E-05,0.095238,0.40171,0.64,0.02,0.60171,0.4958
1,0.6651,0.40474,3.74E-06,0.095238,0.53653,0.605,0.01,0.62485,0.4958
1,0.65528,0.47426,1.13E-06,0.095238,0.52323,0.145,0.85,0.64844,0.4958
1,0.65041,0.58525,2.51E-07,0.095238,0.42374,0.11,0.815,0.67255,0.4958
1,0.56419,0.77014,2.89E-06,0.095238,0.32968,0.47,1,0.69726,0.4958
1,0.74679,0.20511,4.68E-05,0.28333,0.17792,0.45,0.995,0.7227,0.4958
1,0,1,0,0,0,0.155,0.14,0.74904,0.4958
1,1,1,0,0,0,0.74,0.06,0.77648,0.4958
1,1,0,0,0.11693,0.082898,0.4,0.99,0.80542,0.4958
1,0.98497,0.013772,0.00035118,0.095238,0.05603,0.11,0.185,0.86944,0.4958
1,1,0,0,0,0,0.755,0.93,0.94822,0.4958
1,0.89119,0.068954,3.46E-05,0.095238,0.11594,0.405,0.01,0.55608,0.5042
1,0.82089,0.15154,9.44E-06,0.095238,0.25045,0.455,0,0.57878,0.5042
1,0.73616,0.27164,5.97E-06,0.095238,0.38714,0.47,0,0.60171,0.5042
1,0.65151,0.40867,3.67E-06,0.095238,0.52584,0.48,0,0.62485,0.5042
1,0.60323,0.50906,3.04E-06,0.095238,0.61173,0.865,0.84,0.64844,0.5042
1,0.62597,0.54952,5.94E-07,0.095238,0.49589,0.37,0.985,0.67255,0.5042
1,0.55695,0.68398,8.59E-07,0.095238,0.35535,0.32,0.965,0.69726,0.5042
1,1,0,0,0.10432,0.22056,0.21,0.905,0.7227,0.5042
1,0.59561,0.45628,5.48E-05,0.095238,0.066228,0.635,0.98,0.74904,0.5042
1,0,1,0,0.16348,0.05462,0.655,0.025,0.80542,0.5042
1,1,0,0,0.095238,0.055523,0.085,0.775,0.8362,0.5042
1,0.98352,0.017106,0.00068911,0.095238,0.055139,0.625,0.985,0.86944,0.5042
1,1,0,0,0,0,0.43,0.005,0.5112,0.51261
1,0.91673,0.046519,0.00030455,0.095238,0.032299,0.845,0.135,0.53361,0.51261
1,0.8701,0.09083,1.20E-05,0.095238,0.15976,0.43,0.005,0.55608,0.51261
1,0.78893,0.18857,6.07E-06,0.095238,0.29313,0.235,0.075,0.57878,0.51261
1,0.69945,0.31186,4.34E-06,0.095238,0.41576,0.315,0.035,0.60171,0.51261
1,0.61552,0.43974,3.84E-06,0.095238,0.54701,0.355,0.02,0.62485,0.51261
1,0.63529,0.44168,5.22E-06,0.095238,0.52602,0.815,0.89,0.64844,0.51261
1,0.68508,0.40723,4.50E-06,0.095238,0.42374,0.89,0.815,0.67255,0.51261
1,0.5657,0.58723,1.21E-06,0.095238,0.33326,0.75,0.93,0.69726,0.51261
1,0,1,0,0.10238,0.18571,0.65,0.975,0.7227,0.51261
1,0.64381,0.37574,6.47E-05,0.095238,0.058601,0.97,0.67,0.74904,0.51261
1,0,1,0,0,0,0.435,0.995,0.77648,0.51261
1,1,0,0,0,0,0.995,0.57,0.80542,0.51261
1,1,1,0,0.095238,0.098275,0.905,0.21,0.8362,0.51261
1,1,0,0,0.095238,0.043811,0.99,0.605,0.86944,0.51261
1,0.93418,0.037663,0.0002785,0.45363,0.070456,0.03,0.335,0.53361,0.52101
1,0.88761,0.076335,1.63E-05,0.33732,0.17153,0.305,0.04,0.55608,0.52101
1,0.80976,0.16635,9.42E-06,0.33864,0.30121,0.39,0.01,0.57878,0.52101
1,0.65876,0.35583,3.09E-06,0.095238,0.4359,0.425,0.005,0.60171,0.52101
1,0.57253,0.47859,3.46E-06,0.095238,0.56509,0.835,0.87,0.62485,0.52101
1,0.64878,0.3939,7.06E-06,0.095238,0.45652,0.735,0.94,0.64844,0.52101
1,0.74893,0.2553,5.55E-05,0.095238,0.33608,0.82,0.885,0.67255,0.52101
1,0.60732,0.45194,5.46E-06,0.095238,0.24108,0.945,0.73,0.69726,0.52101
1,0.48993,0.55402,0.0002237,0.095238,0.14417,0.695,0.96,0.7227,0.52101
1,0.71998,0.25912,0.00017656,0.091762,0.026657,0.155,0.86,0.74904,0.52101
1,1,0,0,0,0,0.87,0.835,0.8362,0.52101
1,1,0,0,0.095238,0.043811,0.01,0.605,0.86944,0.52101
1,1,0,0,0,0,0.025,0.66,0.90616,0.52101
1,0.98292,0.0056504,0.001782,0.1595,0.058194,0.025,0.35,0.94822,0.52101
1,0.82011,0.16082,0.00039756,0.095238,0.042677,0.25,0.935,0.37515,0.52941
1,0.89398,0.080695,0.00080897,0.095238,0.068923,0.34,0.025,0.46639,0.52941
1,1,0,0,0.095238,0.070053,0.025,0.345,0.4888,0.52941
1,0.92688,0.044477,0.00041342,0.35065,0.070053,0.025,0.655,0.5112,0.52941
1,0.93849,0.040099,0.00023139,0.78837,0.13052,0.245,0.07,0.53361,0.52941
1,0.80534,0.16666,5.63E-06,0.095238,0.25404,0.105,0.19,0.55608,0.52941
1,0.71163,0.27811,3.19E-06,0.095238,0.35439,0.22,0.085,0.57878,0.52941
1,0.60042,0.42183,2.15E-06,0.095238,0.47388,0.29,0.045,0.60171,0.52941
1,0.56568,0.47221,2.00E-06,0.095238,0.48745,0.765,0.925,0.62485,0.52941
1,0.64917,0.36354,5.97E-06,0.095238,0.37564,0.845,0.86,0.64844,0.52941
1,1,0,0,0.095238,0.27364,0.68,0.965,0.67255,0.52941
1,0.63166,0.35189,2.87E-05,0.095238,0.1453,0.835,0.87,0.69726,0.52941
1,0.52864,0.49247,0.00019821,0.095238,0.090154,0.605,0.99,0.7227,0.52941
1,1,0,0,0,0,0.63,0.985,0.74904,0.52941
1,1,0,0,0,0,0.085,0.78,0.77648,0.52941
1,1,0,0,0,0,0.295,0.045,0.80542,0.52941
1,1,1,0,0,0,0.275,0.055,0.8362,0.52941
1,1,0,0,0.095238,0.088572,0.105,0.805,0.86944,0.52941
1,0.9836,0.0052955,0.00067408,0.19322,0.10259,0.145,0.85,0.94822,0.52941
1,0.78677,0.13683,0.0038474,0.08941,0.04772,0.3,0.04,0.2773,0.53782
1,0.80815,0.14871,0.0031172,0.53738,0.062207,0.025,0.35,0.30274,0.53782
1,0.82686,0.15923,0.0019633,0.78158,0.098307,0.195,0.105,0.32745,0.53782
1,0.7292,0.27994,0.0001121,0.095238,0.13607,0.12,0.175,0.35156,0.53782
1,0.85957,0.14302,0.00023196,0.58347,0.13422,0.1,0.8,0.37515,0.53782
1,0.88543,0.11244,0.0002722,0.42603,0.099745,0.175,0.88,0.39829,0.53782
1,0.87202,0.13061,0.00023951,0.095238,0.089579,0.135,0.155,0.42122,0.53782
1,0.87696,0.12872,0.00020762,0.095238,0.11167,0.01,0.41,0.44392,0.53782
1,0.85856,0.14547,0.00024188,0.095238,0.16795,0.04,0.305,0.46639,0.53782
1,0.84329,0.14034,0.00046164,0.095238,0.2009,0.005,0.445,0.4888,0.53782
1,0.855,0.12815,7.82E-05,0.095238,0.2009,0.005,0.555,0.5112,0.53782
1,0.89941,0.082918,4.80E-05,0.6473,0.22891,0.065,0.255,0.53361,0.53782
1,0.77123,0.21423,7.18E-06,0.18471,0.31722,0.185,0.11,0.55608,0.53782
1,0.63724,0.36974,2.67E-06,0.095238,0.43105,0.27,0.055,0.57878,0.53782
1,0.52008,0.51334,1.46E-06,0.095238,0.54192,0.19,0.105,0.60171,0.53782
1,0.53519,0.49538,8.83E-07,0.095238,0.43189,0.66,0.975,0.62485,0.53782
1,0.6204,0.3745,3.25E-06,0.095238,0.3018,0.73,0.945,0.64844,0.53782
1,0.72948,0.20665,0.0002832,0.095238,0.18642,0.875,0.83,0.67255,0.53782
1,0.60835,0.33636,0.00010744,0.095238,0.086233,0.84,0.865,0.69726,0.53782
1,0,1,0,0,0,1,0.515,0.7227,0.53782
1,1,0,0,0,0,0.58,0.995,0.74904,0.53782
1,1,0,0,0,0,0.915,0.78,0.77648,0.53782
1,1,0,0,0,0,0.955,0.705,0.80542,0.53782
1,1,1,0,0,0,0.725,0.055,0.8362,0.53782
1,1,0,0,0.095238,0.1082,0.845,0.135,0.86944,0.53782
1,0.98402,0.0065387,0.0006807,0.095238,0.064822,0.01,0.595,0.90616,0.53782
1,0.97957,0.0064804,0.00025356,0.095238,0.14859,0.195,0.895,0.94822,0.53782
1,0.88472,0.053914,0.018507,0.36043,0.058601,0.03,0.33,0.25096,0.54622
1,0.74986,0.18622,0.001281,0.095238,0.12967,0.135,0.155,0.2773,0.54622
1,0.65663,0.32444,0.00017932,0.095238,0.17928,0.005,0.44,0.30274,0.54622
1,0.69779,0.31998,9.63E-05,0.33215,0.19802,0.045,0.3,0.32745,0.54622
1,0.66946,0.3854,7.32E-05,0.10238,0.24441,0.035,0.31,0.35156,0.54622
1,0.73044,0.32943,6.67E-05,0.095238,0.24852,0.025,0.655,0.37515,0.54622
1,0.80063,0.24533,7.37E-05,0.095238,0.20898,0.03,0.675,0.39829,0.54622
1,0.83194,0.21489,7.64E-05,0.095238,0.20528,0.025,0.345,0.42122,0.54622
1,0.82713,0.23345,9.09E-05,0.095238,0.24273,0,0.455,0.44392,0.54622
1,0.8047,0.25595,0.00017815,0.095238,0.28748,0.08,0.23,0.46639,0.54622
1,0.78132,0.26006,0.00027314,0.095238,0.33356,0,0.465,0.4888,0.54622
1,0.7813,0.24769,8.53E-05,0.095238,0.33356,0,0.535,0.5112,0.54622
1,0.80771,0.20318,3.32E-05,0.40072,0.35089,0.025,0.34,0.53361,0.54622
1,0.67474,0.33605,7.02E-06,0.095238,0.41358,0.095,0.205,0.55608,0.54622
1,0.55853,0.46309,2.29E-06,0.095238,0.50575,0.17,0.125,0.57878,0.54622
1,0.46452,0.57198,6.98E-07,0.095238,0.54628,0.52,1,0.60171,0.54622
1,0.4751,0.55752,2.88E-07,0.095238,0.40754,0.525,1,0.62485,0.54622
1,0.54427,0.45427,1.43E-06,0.095238,0.26659,0.535,1,0.64844,0.54622
1,0.63287,0.30412,0.00018272,0.095238,0.12333,0.58,0.995,0.67255,0.54622
1,0.53337,0.39313,0.00045702,0,0.026989,0.865,0.84,0.69726,0.54622
1,1,0,0,0,0,0.925,0.235,0.77648,0.54622
1,1,0,0,0,0,0.295,0.045,0.80542,0.54622
1,1,1,0,0,0,0.87,0.835,0.8362,0.54622
1,1,0,0,0.095238,0.080487,0.95,0.285,0.86944,0.54622
1,0.98049,0.0078355,0.00010655,0.095238,0.1409,0.005,0.56,0.90616,0.54622
1,0.97666,0.0074566,0.00011535,0.095238,0.19485,0.115,0.815,0.94822,0.54622
1,0.98628,0.0025333,0.0039028,0.23283,0.027879,0.35,0.975,1,0.54622
1,1,0,0,0,0,0.35,0.025,0.22352,0.55462
1,1,0,0,0.095238,0.15351,0.56,0.005,0.25096,0.55462
1,0.69183,0.26332,0.00037448,0.095238,0.22706,0.045,0.295,0.2773,0.55462
1,0.57046,0.45041,0.00012003,0.095238,0.29777,0,0.455,0.30274,0.55462
1,0.56149,0.50519,0.00012181,0.095238,0.31352,0.02,0.365,0.32745,0.55462
1,0.59613,0.50007,0.00012224,0.095238,0.36313,0.02,0.365,0.35156,0.55462
1,0.66728,0.43778,0.00010983,0.095238,0.3719,0.01,0.6,0.37515,0.55462
1,0.74656,0.3498,9.64E-05,0.095238,0.33335,0.01,0.605,0.39829,0.55462
1,0.77911,0.32359,0.00010859,0.095238,0.33222,0.01,0.4,0.42122,0.55462
1,0.7644,0.36288,0.0001527,0.095238,0.37442,0,0.47,0.44392,0.55462
1,0.73664,0.39399,0.00022131,0.095238,0.4055,0.04,0.305,0.46639,0.55462
1,0.69604,0.4157,0.00027978,0.095238,0.46565,0.05,0.285,0.4888,0.55462
1,0.68626,0.39929,0.00012794,0.095238,0.46649,0,0.525,0.5112,0.55462
1,0.65588,0.39884,4.26E-05,0.095238,0.47876,0.015,0.385,0.53361,0.55462
1,0.58321,0.44902,1.24E-05,0.095238,0.526,0.055,0.27,0.55608,0.55462
1,0.47168,0.56121,2.63E-06,0.095238,0.60061,0.11,0.185,0.57878,0.55462
1,0.40553,0.63389,2.80E-07,0.095238,0.54628,0.52,1,0.60171,0.55462
1,0.39273,0.64806,6.86E-08,0.095238,0.40754,0.525,1,0.62485,0.55462
1,0.42928,0.59032,4.87E-07,0.095238,0.26659,0.535,1,0.64844,0.55462
1,0.48335,0.48903,7.73E-05,0.095238,0.12333,0.42,0.995,0.67255,0.55462
1,1,0,0,0,0,0.025,0.35,0.69726,0.55462
1,1,0,0,0,0,0.26,0.06,0.77648,0.55462
1,1,1,0,0.23165,0.050763,0.005,0.43,0.80542,0.55462
1,1,1,0,0,0,0.02,0.64,0.8362,0.55462
1,0.97029,0.0437,0.00066467,0.095238,0.038333,0.31,0.035,0.86944,0.55462
1,0.97345,0.011458,4.56E-05,0.095238,0.211,0.025,0.34,0.90616,0.55462
1,0.97269,0.0088769,6.64E-05,0.095238,0.23681,0.15,0.86,0.94822,0.55462
1,0.9887,0.0022992,0.0032101,0.46021,0.064666,0.05,0.72,1,0.55462
1,0.87775,0.062738,0.011592,0.549,0.12109,0.725,0.05,0.25096,0.56303
1,0.65631,0.30542,0.00032351,0.095238,0.2449,0.84,0.13,0.2773,0.56303
1,0.51518,0.52775,0.00018009,0.095238,0.33732,1,0.455,0.30274,0.56303
1,0.51042,0.57766,0.00019317,0.095238,0.3639,0.965,0.32,0.32745,0.56303
1,0.54822,0.56868,0.00020748,0.095238,0.43718,0.89,0.185,0.35156,0.56303
1,0.60487,0.52959,0.00022884,0.095238,0.4957,0.935,0.255,0.37515,0.56303
1,0.68942,0.44709,0.0001937,0.095238,0.46073,0.005,0.57,0.39829,0.56303
1,0.72193,0.42931,0.00022233,0.095238,0.46121,0.005,0.425,0.42122,0.56303
1,0.69777,0.48722,0.00028012,0.095238,0.49974,0.045,0.295,0.44392,0.56303
1,0.65334,0.54157,0.00032841,0.095238,0.53034,0.025,0.35,0.46639,0.56303
1,0.6066,0.56193,0.00033284,0.095238,0.5753,0.98,0.365,0.4888,0.56303
1,0.58145,0.54623,0.00020513,0.095238,0.59952,0,0.52,0.5112,0.56303
1,0.55659,0.52341,8.70E-05,0.095238,0.60882,0.01,0.41,0.53361,0.56303
1,0.49416,0.5503,2.84E-05,0.095238,0.64615,0.035,0.315,0.55608,0.56303
1,0.41718,0.61769,2.45E-06,0.095238,0.62933,0.92,0.77,0.57878,0.56303
1,0.34049,0.70173,1.21E-07,0.095238,0.55572,0.41,0.99,0.60171,0.56303
1,0.3031,0.74504,2.24E-08,0.095238,0.41989,0.38,0.985,0.62485,0.56303
1,0.30483,0.73597,1.48E-07,0.095238,0.28474,0.325,0.97,0.64844,0.56303
1,0.31884,0.70597,2.21E-05,0.095238,0.15805,0.185,0.89,0.67255,0.56303
1,0.3162,0.73093,0.00033487,0.095238,0.065749,0.35,0.975,0.69726,0.56303
1,0,1,0,0,0,0.425,0.995,0.7227,0.56303
1,1,0,0,0,0,0.58,0.005,0.74904,0.56303
1,1,0,0,0.57704,0.089307,0.005,0.44,0.77648,0.56303
1,1,1,0,0.095238,0.040413,0.705,0.955,0.80542,0.56303
1,1,1,0,0,0,0.87,0.835,0.8362,0.56303
1,0.95718,0.044369,0.00098795,0.095238,0.038333,0.69,0.035,0.86944,0.56303
1,0.96522,0.015813,3.82E-05,0.095238,0.25566,0.53,0,0.90616,0.56303
1,0.9669,0.011261,4.44E-05,0.095238,0.28011,0.185,0.885,0.94822,0.56303
1,0.98671,0.0027612,0.0014757,0.41027,0.10263,0.15,0.86,1,0.56303
1,0.86575,0.060982,0.014277,0.47128,0.058601,0.97,0.33,0.25096,0.57143
1,0.72651,0.22664,0.0016346,0.44082,0.15969,0.915,0.22,0.2773,0.57143
1,0.52646,0.51192,0.00035463,0.095238,0.21873,0.995,0.445,0.30274,0.57143
1,0.53542,0.54924,0.00024944,0.095238,0.2531,0.935,0.25,0.32745,0.57143
1,0.59521,0.51697,0.00017075,0.095238,0.32309,0.98,0.35,0.35156,0.57143
1,0.65912,0.46924,0.00016271,0.095238,0.38879,0.895,0.195,0.37515,0.57143
1,0.68491,0.46375,0.00025717,0.095238,0.48416,0.865,0.16,0.39829,0.57143
1,0.7818,0.37183,0.00044083,0.4837,0.48653,0.93,0.75,0.42122,0.57143
1,0.7988,0.39091,0.00038748,0.5372,0.4344,0.985,0.625,0.44392,0.57143
1,0.7897,0.43519,0.00046919,0.69202,0.42086,1,0.47,0.46639,0.57143
1,0.6891,0.5399,0.00026816,0.39735,0.44868,0.97,0.325,0.4888,0.57143
1,0.58099,0.58329,0.00013133,0.095238,0.50721,0.96,0.305,0.5112,0.57143
1,0.53675,0.55626,6.84E-05,0.095238,0.57337,0.905,0.21,0.53361,0.57143
1,0.49222,0.54793,1.61E-05,0.095238,0.57701,0.93,0.755,0.55608,0.57143
1,0.53885,0.49446,4.19E-06,0.629,0.52085,0.975,0.655,0.57878,0.57143
1,0.36496,0.68679,1.06E-07,0.33371,0.44819,0.95,0.72,0.60171,0.57143
1,0.22803,0.82355,5.37E-08,0.095238,0.40574,0.995,0.575,0.62485,0.57143
1,0.19209,0.85629,5.89E-08,0.095238,0.33693,0.955,0.705,0.64844,0.57143
1,0.18841,0.86189,7.02E-06,0.095238,0.21142,0.455,1,0.67255,0.57143
1,0.20643,0.88242,0.00023508,0.095238,0.065749,0.65,0.975,0.69726,0.57143
1,1,1,0,0,0,0.175,0.12,0.74904,0.57143
1,1,1,0,0.4286,0.059204,0.65,0.025,0.77648,0.57143
1,1,0,0,0.095238,0.061959,0.1,0.8,0.80542,0.57143
1,0,1,0,0,0,0.005,0.58,0.8362,0.57143
1,1,0,0,0.095238,0.038333,0.31,0.035,0.86944,0.57143
1,0.96068,0.016652,3.96E-05,0.095238,0.25566,0.47,0,0.90616,0.57143
1,0.97076,0.0081333,8.15E-05,0.095238,0.23011,0.915,0.78,0.94822,0.57143
1,0.98472,0.0033355,0.00077643,0.41015,0.14245,0.08,0.775,1,0.57143
1,0.6875,0.2523,0.0044622,0.26923,0.072137,0.895,0.195,0.2773,0.57983
1,0.57555,0.45152,0.0024799,0.31534,0.10076,0.99,0.405,0.30274,0.57983
1,0.54861,0.52993,0.00064432,0.095238,0.15805,0.815,0.11,0.32745,0.57983
1,0.64348,0.45275,0.00028358,0.095238,0.20631,0.95,0.28,0.35156,0.57983
1,0.70541,0.41001,0.00017299,0.095238,0.29591,0.885,0.18,0.37515,0.57983
1,0.73172,0.4065,0.0002365,0.095238,0.39891,0.785,0.09,0.39829,0.57983
1,0.86413,0.24506,0.00092314,0.80952,0.37937,0.88,0.825,0.42122,0.57983
1,0.87114,0.29163,0.00071179,0.80952,0.3086,0.965,0.68,0.44392,0.57983
1,0.83505,0.41544,0.00071782,0.80952,0.28836,1,0.46,0.46639,0.57983
1,0.77716,0.48909,0.0005874,0.80952,0.32715,0.94,0.26,0.4888,0.57983
1,0.71184,0.48935,0.00023515,0.61846,0.38844,0.93,0.24,0.5112,0.57983
1,0.54924,0.55426,4.36E-05,0.095238,0.47168,0.855,0.145,0.53361,0.57983
1,0.51743,0.50734,8.81E-06,0.095238,0.45986,0.95,0.72,0.55608,0.57983
1,0.54517,0.4651,2.44E-06,0.58744,0.39804,0.96,0.695,0.57878,0.57983
1,0.30809,0.74451,2.63E-07,0.21491,0.33672,0.91,0.79,0.60171,0.57983
1,0.18907,0.86788,2.51E-07,0.095238,0.28018,0.99,0.6,0.62485,0.57983
1,0.14652,0.90414,5.47E-07,0.095238,0.22831,0.905,0.795,0.64844,0.57983
1,0.13288,0.91778,5.57E-05,0.095238,0.15805,0.815,0.89,0.67255,0.57983
1,0.1293,0.95093,0.00022142,0.095238,0.065749,0.35,0.975,0.69726,0.57983
1,1,1,0,0.80952,0.10244,0.59,0.01,0.77648,0.57983
1,0.82089,0.43863,0.00043765,0,0.034012,0.275,0.945,0.8362,0.57983
1,0.92334,0.051118,0.00093047,0.095238,0.081229,0.41,0.01,0.86944,0.57983
1,0.95264,0.019983,3.86E-05,0.095238,0.27263,0.315,0.035,0.90616,0.57983
1,0.97329,0.0062507,0.0001958,0.095238,0.1783,0.865,0.84,0.94822,0.57983
1,0.98017,0.0042067,0.00065417,0.23516,0.13361,0.815,0.11,1,0.57983
1,0.56103,0.50675,0.0028313,0.095238,0.062323,0.99,0.59,0.32745,0.58824
1,0.68121,0.39594,0.00097987,0.095238,0.10791,0.785,0.09,0.35156,0.58824
1,0.82266,0.24892,0.00061233,0.57637,0.21272,0.745,0.065,0.37515,0.58824
1,0.83789,0.25636,0.00066118,0.55907,0.32357,1,0.47,0.39829,0.58824
1,0.89342,0.19142,0.0015916,0.80952,0.28482,0.85,0.86,0.42122,0.58824
1,0.8978,0.26106,0.0017039,0.80952,0.19186,0.905,0.795,0.44392,0.58824
1,0.85458,0.43288,0.0020297,0.80952,0.15627,0.995,0.43,0.46639,0.58824
1,0.77827,0.54686,0.0011226,0.80952,0.21034,0.975,0.34,0.4888,0.58824
1,0.73898,0.49154,0.00033509,0.70584,0.28278,0.855,0.145,0.5112,0.58824
1,0.56689,0.54389,3.70E-05,0.095238,0.36507,0.95,0.715,0.53361,0.58824
1,0.55816,0.43485,2.08E-05,0.095238,0.3305,1,0.535,0.55608,0.58824
1,0.43057,0.56282,7.06E-06,0.095238,0.28185,0.92,0.77,0.57878,0.58824
1,0.2462,0.81197,1.18E-06,0.095238,0.23745,1,0.535,0.60171,0.58824
1,0.1577,0.90256,1.69E-06,0.095238,0.15706,0.97,0.67,0.62485,0.58824
1,0.11172,0.93743,4.48E-06,0.095238,0.13607,0.88,0.825,0.64844,0.58824
1,0,1,0,0.095238,0.062323,0.99,0.41,0.67255,0.58824
1,0,1,0,0,0,0.605,0.99,0.7227,0.58824
1,1,0,0,0.77922,0.059204,0.35,0.025,0.77648,0.58824
1,1,0,0,0,0,0.915,0.225,0.8362,0.58824
1,0.91738,0.049226,0.0003011,0.095238,0.1082,0.155,0.135,0.86944,0.58824
1,0.93974,0.027115,3.37E-05,0.095238,0.30754,0.38,0.015,0.90616,0.58824
1,0.97366,0.0056022,0.00050176,0.095238,0.13618,0.76,0.93,0.94822,0.58824
1,0.97528,0.0052669,0.0009723,0.095238,0.10995,0.63,0.015,1,0.58824
1,0.70005,0.36625,0.0026398,0.090133,0.048491,0.715,0.05,0.35156,0.59664
1,0.82283,0.2441,0.00093803,0.42557,0.15416,0.705,0.045,0.37515,0.59664
1,0.87002,0.19483,0.0012959,0.46388,0.19443,1,0.46,0.39829,0.59664
1,0.88737,0.18836,0.0031131,0.34495,0.16915,0.955,0.71,0.42122,0.59664
1,0.89018,0.30162,0.0029735,0.49075,0.09588,0.845,0.86,0.44392,0.59664
1,0.79713,0.59091,0.0039333,0.28599,0.030423,0.865,0.155,0.46639,0.59664
1,0.70626,0.70059,0.0025273,0.47195,0.093883,0.855,0.145,0.4888,0.59664
1,0.68918,0.59015,0.00035441,0.44108,0.19118,0.905,0.21,0.5112,0.59664
1,0.62209,0.48926,6.03E-05,0.22437,0.25134,0.895,0.81,0.53361,0.59664
1,0.70053,0.24133,0.00018625,0.48775,0.19891,0.995,0.55,0.55608,0.59664
1,0.57529,0.37033,0.000123,0.59454,0.16425,0.965,0.69,0.57878,0.59664
1,0.22296,0.84379,1.76E-05,0.095238,0.10856,0.995,0.565,0.60171,0.59664
1,0.13116,0.92689,2.55E-05,0.095238,0.055978,0.69,0.965,0.62485,0.59664
1,0,1,0,0,0,0.065,0.745,0.67255,0.59664
1,0.10749,0.96027,0.00019417,0.59086,0.062207,0.025,0.65,0.69726,0.59664
1,1,0,0,0.80952,0.10244,0.59,0.01,0.77648,0.59664
1,0.91019,0.047374,0.00014596,0.095238,0.12518,0.56,0.005,0.86944,0.59664
1,0.92561,0.035299,3.26E-05,0.095238,0.33599,0.255,0.065,0.90616,0.59664
1,0.97132,0.0060422,0.0009942,0.095238,0.11508,0.545,1,0.94822,0.59664
1,0.97306,0.0060071,0.001161,0.095238,0.107,0.545,0,1,0.59664
1,0,1,0,0,0,0.005,0.435,0.30274,0.60504
1,0.80217,0.26196,0.0022666,0.095238,0.073818,0.935,0.75,0.37515,0.60504
1,0.8657,0.18865,0.0049837,0.095238,0.065972,0.99,0.4,0.39829,0.60504
1,1,0,0,0.095238,0.067569,0.985,0.375,0.42122,0.60504
1,0.85817,0.38333,0.0051955,0.095238,0.029317,0.875,0.17,0.44392,0.60504
1,0,1,0,0,0,0.85,0.145,0.4888,0.60504
1,0.61861,0.68733,0.0005408,0.095238,0.094446,0.855,0.145,0.5112,0.60504
1,0.58916,0.53401,0.00016445,0.095238,0.1677,0.695,0.96,0.53361,0.60504
1,1,0,0,0.31971,0.068775,0.98,0.64,0.55608,0.60504
1,1,0,0,0.49873,0.065066,0.665,0.97,0.57878,0.60504
1,0.12145,0.92793,0.00035489,0.63041,0.049621,0.29,0.045,0.64844,0.60504
1,0.10536,0.94471,0.00067745,0.80952,0.11672,0.06,0.265,0.67255,0.60504
1,0.077743,0.9746,4.44E-05,0.71543,0.14174,0.995,0.415,0.69726,0.60504
1,0.090896,0.97825,0.00011562,0.32065,0.072137,0.105,0.805,0.7227,0.60504
1,1,0,0,0.68861,0.059204,0.65,0.025,0.77648,0.60504
1,1,0,0,0,0,0.655,0.975,0.80542,0.60504
1,0.89841,0.050091,7.92E-05,0.095238,0.14449,0.24,0.075,0.86944,0.60504
1,0.91223,0.042767,4.02E-05,0.095238,0.35108,0.39,0.01,0.90616,0.60504
1,0.96617,0.0075424,0.0013836,0.095238,0.11508,0.545,1,0.94822,0.60504
1,0.97159,0.0066415,0.0022144,0.095238,0.080315,0.965,0.68,1,0.60504
1,1,1,0,0,0,0.855,0.855,0.46639,0.61345
1,0.61055,0.70779,0.00082179,0.095238,0.070309,0.975,0.34,0.5112,0.61345
1,0.54308,0.60815,0.00025204,0.095238,0.15565,0.43,0.995,0.53361,0.61345
1,0,1,0,0,0,0.105,0.195,0.57878,0.61345
1,0,1,0,0.44803,0.07197,0.05,0.285,0.60171,0.61345
1,0.067888,0.97445,1.29E-05,0.28226,0.11271,0.025,0.34,0.62485,0.61345
1,0.091159,0.95354,6.84E-05,0.79893,0.15323,0.02,0.36,0.64844,0.61345
1,0.049425,0.98335,0.00027926,0.40523,0.069306,0.94,0.74,0.67255,0.61345
1,0.030565,0.994,0.00022859,0.095238,0.032806,0.805,0.105,0.69726,0.61345
1,0,1,0,0,0,1,0.515,0.7227,0.61345
1,0,1,0,0.095238,0.058601,0.97,0.67,0.74904,0.61345
1,1,0,0,0.53172,0.059204,0.65,0.025,0.77648,0.61345
1,0.8852,0.054093,7.53E-05,0.095238,0.14449,0.76,0.075,0.86944,0.61345
1,0.90056,0.048635,7.17E-05,0.095238,0.35108,0.61,0.01,0.90616,0.61345
1,0.95893,0.010057,0.0018121,0.095238,0.11886,0.375,0.985,0.94822,0.61345
1,0.97013,0.0074821,0.0056801,0.095238,0.036672,0.84,0.865,1,0.61345
1,0.5047,0.52248,0.0094445,0.40818,0.062207,0.025,0.35,0.30274,0.62185
1,0.62511,0.42898,0.0059064,0.42527,0.059563,0.325,0.97,0.32745,0.62185
1,0.62783,0.68614,0.0013364,0.095238,0.03166,0.85,0.145,0.5112,0.62185
1,0.51636,0.65356,0.00043931,0.095238,0.11257,0.99,0.595,0.53361,0.62185
1,0.20815,0.87601,0.001027,0.29439,0.075136,0.645,0.02,0.57878,0.62185
1,0.088615,0.96575,0.00050278,0.095238,0.038045,0.785,0.09,0.60171,0.62185
1,0.036681,0.98951,1.02E-05,0.095238,0.14122,0.73,0.055,0.62485,0.62185
1,0.026544,0.99321,9.54E-06,0.095238,0.13607,0.88,0.825,0.64844,0.62185
1,0.026656,0.99416,0.0008602,0,0.038656,0.76,0.925,0.67255,0.62185
1,0,1,0,0,0,0.105,0.195,0.7227,0.62185
1,0.18816,0.92448,0.00018288,0.42985,0.031265,0.8,0.1,0.74904,0.62185
1,0.77554,0.18754,0.0003732,0.63953,0.078702,0.61,0.99,0.77648,0.62185
1,1,0,0,0,0,0.705,0.045,0.80542,0.62185
1,0.86736,0.062071,0.00013425,0.095238,0.12518,0.56,0.005,0.86944,0.62185
1,0.88841,0.055475,0.00018103,0.095238,0.34437,0.52,0,0.90616,0.62185
1,0.94638,0.015284,0.0014685,0.095238,0.14859,0.195,0.895,0.94822,0.62185
1,0.28259,0.028323,0.43116,0.095238,0.031365,0.085,0.78,0,0.63025
1,0.63265,0.40152,0.0062853,0.23914,0.023447,0.935,0.745,0.32745,0.63025
1,0.78768,0.2577,0.003949,0.48844,0.062582,1,0.505,0.35156,0.63025
1,0,1,0,0.25884,0.035102,0.81,0.11,0.57878,0.63025
1,0.037698,0.98755,8.82E-05,0.095238,0.073818,0.935,0.25,0.62485,0.63025
1,0.030358,0.99278,0.00034153,0,0.019238,1,0.485,0.7227,0.63025
1,0,1,0,0.80952,0.089295,0.185,0.115,0.74904,0.63025
1,0.60954,0.38916,8.82E-05,0.4522,0.061867,0.925,0.765,0.77648,0.63025
1,0.8271,0.09229,0.00019448,0.095238,0.12518,0.56,0.005,0.86944,0.63025
1,0.87221,0.068187,0.00054175,0.095238,0.34437,0.52,0,0.90616,0.63025
1,0.92842,0.024636,0.0010546,0.095238,0.18418,0.26,0.94,0.94822,0.63025
1,0.27484,0.026129,0.40993,0.20818,0.062842,0.57,0.995,0,0.63866
1,0,1,0,0,0,0.99,0.61,0.55608,0.63866
1,0,1,0,0,0,0.375,0.015,0.67255,0.63866
1,0.025924,0.99447,0.00019818,0,0.049046,0.3,0.04,0.7227,0.63866
1,0,1,0,0.52844,0.066228,0.635,0.98,0.74904,0.63866
1,0.76023,0.15753,0.00038665,0.095238,0.12518,0.56,0.005,0.86944,0.63866
1,1,0,0,0.095238,0.34437,0.52,0,0.90616,0.63866
1,0.90481,0.040162,0.00079332,0.095238,0.21544,0.345,0.975,0.94822,0.63866
1,0.26915,0.022287,0.46469,0.24078,0.046554,0.965,0.68,0,0.64706
1,0,1,0,0,0,0.785,0.91,0.60171,0.64706
1,0,1,0,0,0,0.31,0.035,0.62485,0.64706
1,0,1,0,0.12577,0.020867,0,0.485,0.64844,0.64706
1,0.047524,0.98587,0.00046137,0.35941,0.049046,0.3,0.04,0.7227,0.64706
1,0,1,0,0.095238,0.066228,0.365,0.98,0.74904,0.64706
1,0.65401,0.28958,0.00091164,0.095238,0.13193,0.33,0.03,0.86944,0.64706
1,1,0,0,0.37743,0.34662,0.435,0.005,0.90616,0.64706
1,0.87439,0.064966,0.00062256,0.095238,0.24239,0.25,0.93,0.94822,0.64706
1,0,1,0,0,0,0.97,0.335,0.62485,0.65546
1,0,1,0,0,0,0.135,0.16,0.69726,0.65546
1,0.036255,0.9908,6.46E-05,0.095238,0.13202,0.13,0.165,0.7227,0.65546
1,0.047777,0.98473,0.00012224,0.095238,0.14329,0.055,0.73,0.74904,0.65546
1,0.30627,0.74665,0.0001977,0.46558,0.036807,0.74,0.94,0.77648,0.65546
1,1,0,0,0,0,0.275,0.055,0.8362,0.65546
1,0.53292,0.47881,0.0013594,0.26827,0.18173,0.125,0.17,0.86944,0.65546
1,0.77769,0.18717,0.00031901,0.36991,0.36627,0.315,0.035,0.90616,0.65546
1,0.84135,0.09737,0.00066368,0.095238,0.248,0.52,1,0.94822,0.65546
1,0.10047,0.93965,0.0020624,0.095238,0.032806,0.195,0.105,0.69726,0.66387
1,0.047002,0.98635,3.05E-05,0.095238,0.17935,0.445,0.005,0.7227,0.66387
1,0.079247,0.97061,4.34E-05,0.53116,0.19766,0.455,1,0.74904,0.66387
1,0.169,0.87975,0.00021939,0,0.036807,0.26,0.94,0.77648,0.66387
1,0.57105,0.40758,0.0042344,0.026019,0.021091,0.13,0.165,0.8362,0.66387
1,0,1,0,0.30915,0.21364,0.465,0,0.86944,0.66387
1,0.66489,0.33651,0.00012394,0.30845,0.40266,0.22,0.085,0.90616,0.66387
1,0.83764,0.11504,0.00064555,0.3162,0.25275,0.41,0.99,0.94822,0.66387
1,0.9248,0.034264,0.013879,0.095238,0.031365,0.085,0.22,1,0.66387
1,0.17223,0.88289,0.00098679,0.46651,0.073259,0.635,0.02,0.69726,0.67227
1,0.097401,0.96007,5.03E-05,0.49773,0.22355,0.545,0,0.7227,0.67227
1,0.069289,0.97449,3.58E-05,0.2603,0.2337,0.24,0.925,0.74904,0.67227
1,0.13828,0.91296,0.00019034,0.095238,0.092913,0.22,0.915,0.77648,0.67227
1,0.40081,0.64412,0.0012872,0.095238,0.11048,0.005,0.445,0.8362,0.67227
1,0.29066,0.80574,0.001906,0.095238,0.23759,0.27,0.055,0.86944,0.67227
1,0.54633,0.50245,6.71E-05,0.2764,0.44418,0.375,0.015,0.90616,0.67227
1,0.78319,0.17849,0.00059728,0.27474,0.27091,0.315,0.965,0.94822,0.67227
1,0.90776,0.046244,0.008178,0.095238,0.079429,0.01,0.405,1,0.67227
1,0,1,0,0,0,0,0.505,0.64844,0.68067
1,0.23996,0.81815,0.00086734,0.39352,0.073259,0.635,0.02,0.69726,0.68067
1,0.12259,0.94026,4.23E-05,0.28913,0.22355,0.545,0,0.7227,0.68067
1,0.11039,0.94727,0.00018082,0.55404,0.28997,0.23,0.92,0.74904,0.68067
1,0.1015,0.94715,0.00011723,0.095238,0.17486,0.055,0.73,0.77648,0.68067
1,0.19468,0.84917,0.0021823,0.095238,0.11737,0,0.48,0.80542,0.68067
1,0.24217,0.83457,0.00047779,0.095238,0.20394,0,0.485,0.8362,0.68067
1,0.23391,0.866,0.00069522,0.095238,0.28888,0.145,0.145,0.86944,0.68067
1,0.4053,0.67485,5.24E-05,0.095238,0.47067,0.28,0.05,0.90616,0.68067
1,0.68302,0.29481,0.00060809,0.095238,0.30001,0.245,0.93,0.94822,0.68067
1,0.89564,0.056994,0.010338,0.095238,0.075156,0.66,0.975,1,0.68067
1,0.24966,0.81777,0.0014457,0.095238,0.076222,0.09,0.79,0.64844,0.68908
1,0.26724,0.79549,0.00073576,0.095238,0.083106,0.13,0.165,0.67255,0.68908
1,0.4066,0.64808,0.000732,0.6768,0.12229,0.09,0.215,0.69726,0.68908
1,0.2255,0.84934,9.67E-05,0.53876,0.24345,0.295,0.045,0.7227,0.68908
1,0,1,0,0.77162,0.36066,0.14,0.85,0.74904,0.68908
1,0.085919,0.96164,2.92E-05,0.24564,0.27284,0.025,0.66,0.77648,0.68908
1,0,1,0,0.095238,0.21761,0,0.5,0.80542,0.68908
1,0.14247,0.92507,0.00027997,0.095238,0.28458,0.115,0.18,0.8362,0.68908
1,0.1779,0.91023,0.00027654,0.095238,0.35582,0.08,0.225,0.86944,0.68908
1,0.32422,0.77183,3.87E-05,0.095238,0.51015,0.205,0.095,0.90616,0.68908
1,0.60904,0.39614,0.00056907,0.095238,0.33719,0.195,0.895,0.94822,0.68908
1,0.88379,0.068333,0.01296,0.095238,0.071451,0.555,0.995,1,0.68908
1,0.83882,0.10855,0.0012237,0.48128,0.067569,0.015,0.625,0.57878,0.69748
1,1,0,0,0.53952,0.065972,0.01,0.6,0.60171,0.69748
1,0.36925,0.67156,0.00052804,0.095238,0.091827,0.615,0.015,0.64844,0.69748
1,0.35462,0.69482,0.0001881,0.095238,0.1927,0.02,0.36,0.67255,0.69748
1,0.37481,0.65338,0.0006113,0.095238,0.23086,0.02,0.355,0.69726,0.69748
1,0.4098,0.65813,0.00013594,1,0.31054,0.145,0.15,0.7227,0.69748
1,0.20149,0.8719,7.17E-05,1,0.43574,0.245,0.07,0.74904,0.69748
1,0.078403,0.96847,2.95E-06,0.40527,0.36638,0.065,0.75,0.77648,0.69748
1,0.071604,0.96412,0.0015507,0.095238,0.31786,0,0.515,0.80542,0.69748
1,0.087699,0.96178,0.0002957,0.095238,0.36217,0.06,0.26,0.8362,0.69748
1,0.13605,0.93525,0.00017263,0.095238,0.43112,0.045,0.29,0.86944,0.69748
1,0.2606,0.83923,3.60E-05,0.095238,0.55983,0.15,0.145,0.90616,0.69748
1,0.53088,0.50414,0.0006004,0.095238,0.38,0.16,0.865,0.94822,0.69748
1,0.87269,0.079453,0.015447,0.095238,0.071451,0.555,0.995,1,0.69748
1,1,0,0,0.26624,0.069578,0.025,0.65,0.53361,0.70588
1,1,0,0,0.22049,0.070644,0.03,0.325,0.55608,0.70588
1,0.79408,0.15604,0.00030775,0.095238,0.15974,0.155,0.135,0.57878,0.70588
1,0.76268,0.17797,0.00054789,0.327,0.14795,0.14,0.845,0.60171,0.70588
1,0.59197,0.37874,0.00030413,0.095238,0.11271,0.025,0.34,0.62485,0.70588
1,0.49372,0.51429,0.00020131,0.095238,0.13785,0.115,0.18,0.64844,0.70588
1,0.47503,0.542,0.00017272,0.095238,0.25557,0.295,0.045,0.67255,0.70588
1,0.64937,0.33738,0.00024493,0.79425,0.34695,0.005,0.415,0.69726,0.70588
1,0.492,0.55268,1.25E-05,1,0.40182,0.075,0.24,0.7227,0.70588
1,0.22585,0.85434,1.02E-06,1,0.50258,0.16,0.135,0.74904,0.70588
1,0.099337,0.95731,1.24E-07,0.76891,0.46069,0.045,0.71,0.77648,0.70588
1,0,1,0,0.095238,0.41803,0,0.525,0.80542,0.70588
1,0.059773,0.97538,0.00049701,0.095238,0.4473,0.035,0.32,0.8362,0.70588
1,0.11108,0.9463,0.00031197,0.095238,0.51099,0.025,0.34,0.86944,0.70588
1,0.21509,0.88105,4.25E-05,0.095238,0.61718,0.105,0.19,0.90616,0.70588
1,0.47571,0.57909,0.0011167,0.095238,0.38386,0.45,0.995,0.94822,0.70588
1,0.86225,0.089774,0.016051,0.095238,0.082064,0.26,0.935,1,0.70588
1,0,0,1,0,0,0.195,0.895,0,0.71429
1,1,0,0,0,0,0.665,0.025,0.55608,0.71429
1,0.86541,0.085068,0.0006065,0.095238,0.071055,0.96,0.31,0.57878,0.71429
1,0.75573,0.1954,0.00020295,0.095238,0.17695,0.685,0.035,0.60171,0.71429
1,0.63331,0.34792,0.00017985,0.095238,0.23714,0.005,0.43,0.62485,0.71429
1,0.5795,0.41764,0.00016413,0.095238,0.24757,0.03,0.325,0.64844,0.71429
1,0.67602,0.30867,2.70E-05,0.46631,0.32667,0.145,0.15,0.67255,0.71429
1,1,0,0,1,0.44303,0.235,0.075,0.69726,0.71429
1,0.5692,0.45132,8.77E-07,1,0.50428,0.04,0.3,0.7227,0.71429
1,0.25463,0.82973,4.22E-08,1,0.58492,0.105,0.195,0.74904,0.71429
1,0.046173,0.98562,2.79E-07,0.28571,0.55799,0.035,0.69,0.77648,0.71429
1,0.027112,0.99184,0.0004807,0.095238,0.51809,0,0.535,0.80542,0.71429
1,0,1,0,0.095238,0.53631,0.02,0.365,0.8362,0.71429
1,0,1,0,0.095238,0.59351,0.015,0.38,0.86944,0.71429
1,0.19717,0.8968,5.68E-05,0.095238,0.64248,0.43,0.995,0.90616,0.71429
1,0.42152,0.65127,0.0022262,0.095238,0.39465,0.39,0.985,0.94822,0.71429
1,0.85114,0.099737,0.012368,0.095238,0.11509,0.12,0.825,1,0.71429
1,0,0,1,0,0,0.445,0.995,0,0.72269
1,0.88753,0.068135,0.00083785,0,0.0276,0.895,0.805,0.57878,0.72269
1,0.83172,0.12136,0.00013634,0.095238,0.099745,0.825,0.12,0.60171,0.72269
1,0.7429,0.23097,0.00014269,0.095238,0.1956,0.885,0.18,0.62485,0.72269
1,0.67872,0.30951,0.00022356,0.095238,0.29296,0.83,0.125,0.64844,0.72269
1,0.83695,0.14128,3.76E-06,0.94624,0.41236,0.735,0.06,0.67255,0.72269
1,0.82925,0.12437,3.20E-05,1,0.51411,0.89,0.185,0.69726,0.72269
1,0.63463,0.37034,1.05E-05,1,0.61229,0.025,0.345,0.7227,0.72269
1,0.28529,0.80129,4.52E-07,0.99848,0.67708,0.07,0.245,0.74904,0.72269
1,0.042306,0.98668,1.95E-07,0.28571,0.65688,0.03,0.675,0.77648,0.72269
1,0.029324,0.99109,7.98E-05,0.3822,0.61799,0,0.545,0.80542,0.72269
1,0.039713,0.9828,0.00066814,0.095238,0.62745,0.01,0.405,0.8362,0.72269
1,0.08412,0.96139,0.00027387,0.095238,0.67761,0.01,0.41,0.86944,0.72269
1,0.19723,0.89703,7.35E-05,0.095238,0.65578,0.395,0.99,0.90616,0.72269
1,0.36786,0.72073,0.0047863,0.095238,0.41282,0.335,0.97,0.94822,0.72269
1,0.8468,0.10322,0.010961,0.095238,0.13622,0.25,0.935,1,0.72269
1,0.8857,0.074882,0.00028856,0.095238,0.025212,0.925,0.76,0.60171,0.73109
1,0.84479,0.12368,0.00020339,0.095238,0.10356,0.81,0.11,0.62485,0.73109
1,0.79892,0.17717,0.00028422,0.095238,0.23147,0.64,0.02,0.64844,0.73109
1,0.92495,0.049331,1.11E-05,1,0.32667,0.855,0.15,0.67255,0.73109
1,0.91127,0.04661,9.06E-06,1,0.42908,0.82,0.115,0.69726,0.73109
1,0.76032,0.20909,6.62E-05,1,0.5548,0.745,0.065,0.7227,0.73109
1,0.34723,0.7394,1.58E-06,1,0.69615,0.7,0.04,0.74904,0.73109
1,0.042396,0.98572,4.28E-07,0.28571,0.75664,0.03,0.665,0.77648,0.73109
1,0,1,0,0.39183,0.71772,0.005,0.555,0.80542,0.73109
1,0.039488,0.98067,0.0008888,0.095238,0.71982,0.005,0.43,0.8362,0.73109
1,0.07847,0.96484,0.0001348,0.095238,0.76264,0.005,0.44,0.86944,0.73109
1,0.21078,0.88463,8.77E-05,0.095238,0.67429,0.365,0.98,0.90616,0.73109
1,0,1,0,0.095238,0.43741,0.29,0.955,0.94822,0.73109
1,0.84599,0.10243,0.0083095,0.095238,0.16695,0.16,0.865,1,0.73109
1,0.89703,0.075175,0.00042979,0.095238,0.064147,0.995,0.56,0.62485,0.7395
1,0.8852,0.088044,0.00081689,0.10372,0.13785,0.885,0.18,0.64844,0.7395
1,0.96417,0.017979,0.00011816,1,0.23826,0.81,0.105,0.67255,0.7395
1,0.955,0.018383,9.89E-06,1,0.36601,0.7,0.04,0.69726,0.7395
1,1,0,0,1,0.50901,0.645,0.02,0.7227,0.7395
1,0.4318,0.64668,2.11E-06,1,0.66146,0.61,0.015,0.74904,0.7395
1,0.06276,0.9759,7.53E-07,0.54916,0.82257,0.59,0.01,0.77648,0.7395
1,0.023742,0.99199,0.00026624,0.38335,0.81722,0.005,0.565,0.80542,0.7395
1,0,1,0,0.16289,0.8129,0,0.455,0.8362,0.7395
1,0.084029,0.95936,0.00010068,0.12236,0.84823,0,0.465,0.86944,0.7395
1,0.24015,0.85609,9.89E-05,0.095238,0.69755,0.335,0.97,0.90616,0.7395
1,0.39451,0.68295,0.0032527,0.095238,0.46664,0.33,0.97,0.94822,0.7395
1,0.84918,0.097225,0.0055901,0.095238,0.20449,0.11,0.815,1,0.7395
1,0.92823,0.049392,0.0057331,0.10396,0.049621,0.71,0.045,0.64844,0.7479
1,0.97935,0.0094093,0.00054333,1,0.19026,0.555,0.005,0.67255,0.7479
1,0.9743,0.0097521,1.17E-05,1,0.3375,0.53,0,0.69726,0.7479
1,0.89184,0.068997,0.00015983,1,0.48949,0.52,0,0.7227,0.7479
1,0.50242,0.56437,2.42E-06,1,0.64707,0.515,0,0.74904,0.7479
1,0,1,0,0.85647,0.8115,0.515,0,0.77648,0.7479
1,0,1,0,0.60994,0.91648,0.005,0.575,0.80542,0.7479
1,0.05615,0.97022,0.00029141,0.43645,0.90636,0,0.48,0.8362,0.7479
1,0.10559,0.94207,5.56E-05,0.2228,0.93177,0.35,0.975,0.86944,0.7479
1,0.28772,0.80633,0.00010794,0.095238,0.72506,0.31,0.96,0.90616,0.7479
1,0.48733,0.55534,0.0011211,0.095238,0.49161,0.29,0.955,0.94822,0.7479
1,0.85722,0.087365,0.0038006,0.095238,0.24098,0.155,0.865,1,0.7479
1,0.96614,0.019772,0.0011597,0.4979,0.064147,0.005,0.56,0.62485,0.7563
1,1,0,0,0.10012,0.10934,0.21,0.09,0.64844,0.7563
1,1,0,0,1,0.2156,0.255,0.065,0.67255,0.7563
1,0.98168,0.0081063,2.47E-05,1,0.35205,0.35,0.025,0.69726,0.7563
1,0.92142,0.047708,5.94E-05,1,0.49935,0.395,0.01,0.7227,0.7563
1,0.55788,0.4968,1.58E-06,1,0.6543,0.42,0.005,0.74904,0.7563
1,0.1256,0.94769,7.64E-07,0.95732,0.81705,0.435,0.005,0.77648,0.7563
1,0.024735,0.99259,0.00034185,0.5033,0.98891,0.445,0.005,0.80542,0.7563
1,0.041438,0.97892,0.00066246,0.1965,1,0,0.5,0.8362,0.7563
1,0.12049,0.92462,0.00015862,0.095238,0.95939,0.33,0.97,0.86944,0.7563
1,0.39441,0.69416,6.27E-05,0.25156,0.75173,0.335,0.97,0.90616,0.7563
1,0.58204,0.42429,0.00054259,0.095238,0.52105,0.26,0.94,0.94822,0.7563
1,0.86814,0.074836,0.0026348,0.095238,0.2778,0.125,0.83,1,0.7563
1,0.24338,0.012692,0.45698,0.095238,0.046554,0.035,0.68,0,0.76471
1,0.959,0.023038,0.0027021,0.095238,0.042677,0.75,0.065,0.62485,0.76471
1,0.97876,0.011278,0.001115,0.82538,0.17944,0.56,0.005,0.64844,0.76471
1,0.98889,0.0045121,4.80E-05,1,0.296,0.11,0.185,0.67255,0.76471
1,1,0,0,1,0.40503,0.215,0.09,0.69726,0.76471
1,0.9358,0.040745,3.63E-05,1,0.53695,0.285,0.05,0.7227,0.76471
1,0.53233,0.51117,1.63E-07,0.73003,0.68249,0.33,0.03,0.74904,0.76471
1,0.1073,0.96316,4.03E-07,0.82804,0.83891,0.36,0.02,0.77648,0.76471
1,0,1,0,0.41432,0.89545,0.995,0.415,0.80542,0.76471
1,0.063223,0.96679,0.00035218,0.30043,0.9438,0.97,0.325,0.8362,0.76471
1,0.15931,0.88811,0.00018113,0.095238,0.98596,0.35,0.975,0.86944,0.76471
1,0.44062,0.6178,0.00014127,0.095238,0.77914,0.31,0.965,0.90616,0.76471
1,0.67014,0.30479,0.00039777,0.095238,0.55417,0.235,0.925,0.94822,0.76471
1,0.88497,0.058306,0.0025004,0.095238,0.29358,0.73,0.945,1,0.76471
1,0.28812,0.010898,0.37281,0.2131,0.062842,0.57,0.995,0,0.77311
1,0,1,0,0,0,0.105,0.195,0.57878,0.77311
1,0.93706,0.048992,0.00098029,0.095238,0.065972,0.01,0.6,0.60171,0.77311
1,0.96109,0.021797,0.0017038,0.095238,0.11271,0.025,0.34,0.62485,0.77311
1,1,0,0,1,0.2071,0.24,0.07,0.64844,0.77311
1,0.99101,0.0029347,2.26E-05,1,0.32891,0.915,0.22,0.67255,0.77311
1,1,0,0,1,0.42908,0.82,0.115,0.69726,0.77311
1,1,0,0,1,0.5548,0.745,0.065,0.7227,0.77311
1,0.61274,0.41512,9.81E-08,0.82899,0.69615,0.7,0.04,0.74904,0.77311
1,0.096494,0.96812,2.91E-06,0.54894,0.77582,1,0.49,0.77648,0.77311
1,0.036314,0.9868,0.00088847,0.22091,0.79719,0.985,0.385,0.80542,0.77311
1,0.11405,0.93141,0.00017219,0.40882,0.85733,0.955,0.29,0.8362,0.77311
1,0.31348,0.75928,1.19E-05,0.54388,0.95726,0.91,0.21,0.86944,0.77311
1,0.53184,0.49151,0.00019063,0.095238,0.80981,0.29,0.955,0.90616,0.77311
1,0.75182,0.20154,0.00046361,0.095238,0.57285,0.585,0.995,0.94822,0.77311
1,0.90784,0.039616,0.0038044,0.095238,0.27249,0.68,0.965,1,0.77311
1,0.30887,0.010449,0.31699,0.1674,0.062842,0.57,0.995,0,0.78151
1,0.98997,0.0026058,0.0016744,0.095238,0.031121,0.145,0.85,0.5112,0.78151
1,1,0,0,0.095238,0.070456,0.03,0.335,0.53361,0.78151
1,1,0,0,0.095238,0.09588,0.845,0.14,0.55608,0.78151
1,1,0,0,0.095238,0.15358,0.005,0.56,0.57878,0.78151
1,1,0,0,0.095238,0.19356,0.105,0.19,0.60171,0.78151
1,1,0,0,0.095238,0.15706,0.97,0.67,0.62485,0.78151
1,0.99165,0.0017506,0.0011758,0.76419,0.15323,0.98,0.36,0.64844,0.78151
1,1,0,0,1,0.23826,0.81,0.105,0.67255,0.78151
1,1,0,0,0.97069,0.36601,0.7,0.04,0.69726,0.78151
1,1,0,0,0.56951,0.50901,0.645,0.02,0.7227,0.78151
1,0.65374,0.35138,1.38E-07,0.64494,0.66146,0.61,0.015,0.74904,0.78151
1,0,1,0,0.28571,0.6699,1,0.475,0.77648,0.78151
1,0,1,0,0.22091,0.70036,0.98,0.355,0.80542,0.78151
1,0.13735,0.90262,0.00061784,0.095238,0.77408,0.935,0.25,0.8362,0.78151
1,0.41038,0.64662,2.10E-05,0.47519,0.88942,0.88,0.175,0.86944,0.78151
1,0.63323,0.34874,0.00031057,0.095238,0.81453,0.535,1,0.90616,0.78151
1,0.82448,0.11785,0.00079842,0.095238,0.56377,0.55,0.995,0.94822,0.78151
1,0.92556,0.026443,0.0052179,0.095238,0.25745,0.615,0.985,1,0.78151
1,0.33869,0.009652,0.26938,0.16739,0.062842,0.57,0.995,0,0.78992
1,1,0,0,0,0,0.145,0.85,0.4888,0.78992
1,0.99007,0.0028984,0.00075196,0.095238,0.069841,0.66,0.975,0.5112,0.78992
1,1,0,0,0,0,0.34,0.025,0.53361,0.78992
1,1,0,0,0.095238,0.029317,0.875,0.83,0.55608,0.78992
1,1,0,0,0.095238,0.097333,0.84,0.13,0.57878,0.78992
1,0.96657,0.016724,0.00072254,0.095238,0.12051,0.765,0.925,0.60171,0.78992
1,0.98324,0.0039383,0.0028417,0.095238,0.055978,0.69,0.965,0.62485,0.78992
1,0.98948,0.0018005,0.003966,0.095238,0.049621,0.71,0.045,0.64844,0.78992
1,1,0,0,0.86264,0.19026,0.555,0.005,0.67255,0.78992
1,1,0,0,0.68929,0.3375,0.53,0,0.69726,0.78992
1,1,0,0,0.99445,0.48949,0.52,0,0.7227,0.78992
1,0.75661,0.22426,2.66E-07,0.5813,0.5716,0.99,0.595,0.74904,0.78992
1,0,1,0,0.28571,0.56421,1,0.45,0.77648,0.78992
1,0,1,0,0.095238,0.60579,0.965,0.315,0.80542,0.78992
1,0.231,0.80712,0.0005067,0.095238,0.69532,0.905,0.205,0.8362,0.78992
1,0.47182,0.54997,9.05E-05,0.23723,0.82722,0.845,0.135,0.86944,0.78992
1,0.72354,0.2239,0.00066539,0.095238,0.81078,0.51,1,0.90616,0.78992
1,0.87168,0.070422,0.001684,0.095238,0.55918,0.52,1,0.94822,0.78992
1,0.93847,0.017634,0.0063397,0.095238,0.24958,0.54,1,1,0.78992
1,0.35348,0.0097484,0.2257,0.095238,0.062842,0.57,0.995,0,0.79832
1,1,0,0,0.095238,0.11282,0.6,0.01,0.4888,0.79832
1,1,0,0,0.095238,0.069841,0.34,0.975,0.5112,0.79832
1,1,0,0,0,0,0.6,0.01,0.55608,0.79832
1,0.97943,0.0086476,0.0014132,0.095238,0.035102,0.81,0.11,0.57878,0.79832
1,1,0,0,0.095238,0.061372,0.675,0.97,0.60171,0.79832
1,0.99234,0.00089203,0.0027097,0.095238,0.049621,0.71,0.045,0.64844,0.79832
1,1,0,0,0.40989,0.19026,0.555,0.005,0.67255,0.79832
1,1,0,0,0.93139,0.3375,0.53,0,0.69726,0.79832
1,1,0,0,0.57863,0.4773,0.785,0.09,0.7227,0.79832
1,0.88002,0.094102,1.30E-06,0.71652,0.46266,0.99,0.6,0.74904,0.79832
1,0.39215,0.65932,6.84E-05,0.28571,0.45906,0.995,0.42,0.77648,0.79832
1,0.31189,0.7381,0.00016724,0.40624,0.51484,0.94,0.265,0.80542,0.79832
1,0.36247,0.65864,0.00040483,0.095238,0.62288,0.865,0.16,0.8362,0.79832
1,0.57487,0.40307,0.00012582,0.1777,0.77033,0.84,0.135,0.86944,0.79832
1,1,0,0,0.095238,0.80215,0.945,0.725,0.90616,0.79832
1,1,0,0,0.095238,0.55867,0.505,1,0.94822,0.79832
1,0.94735,0.011982,0.0068544,0.095238,0.24869,0.515,1,1,0.79832
1,0.38299,0.0091397,0.19015,0.095238,0.062842,0.57,0.995,0,0.80672
1,1,0,0,0,0,0.135,0.845,0.46639,0.80672
1,0.99301,0.003352,0.00028521,0.095238,0.11357,0.4,0.99,0.4888,0.80672
1,1,0,0,0,0,0.995,0.42,0.57878,0.80672
1,0.99222,0.00088804,0.0015298,0,0.077236,0.91,0.21,0.64844,0.80672
1,1,0,0,0.095238,0.17545,0.915,0.22,0.67255,0.80672
1,1,0,0,0.095238,0.28589,0.755,0.07,0.69726,0.80672
1,0.96537,0.01808,0.00015115,0.095238,0.41863,0.915,0.78,0.7227,0.80672
1,0.93284,0.044265,5.86E-06,0.60803,0.35413,0.985,0.615,0.74904,0.80672
1,0.71244,0.28937,1.97E-05,0.6916,0.35509,0.985,0.38,0.77648,0.80672
1,0.56281,0.45717,3.68E-05,0.6135,0.42997,0.9,0.205,0.80542,0.80672
1,0.51436,0.47673,0.0003192,0.095238,0.55931,0.81,0.11,0.8362,0.80672
1,0.70298,0.22915,0.0001002,0.21919,0.69195,0.96,0.31,0.86944,0.80672
1,0.86736,0.052748,0.00059311,0.2826,0.73331,0.96,0.7,0.90616,0.80672
1,1,0,0,0.095238,0.55867,0.505,1,0.94822,0.80672
1,0.95345,0.0084081,0.0070927,0.095238,0.24869,0.515,1,1,0.80672
1,0.41233,0.0086262,0.16,0.095238,0.062842,0.57,0.995,0,0.81513
1,0.7807,0.026896,0.005833,0.095238,0.050763,0.005,0.57,0.19458,0.81513
1,0.77655,0.052071,0.0023435,0.095238,0.09366,0.035,0.32,0.22352,0.81513
1,0.80943,0.0601,0.0016234,0.095238,0.089295,0.185,0.885,0.25096,0.81513
1,0.99422,0.0035536,0.00061836,0.095238,0.033329,0.17,0.875,0.44392,0.81513
1,1,0,0,0.095238,0.069578,0.975,0.35,0.46639,0.81513
1,0.99447,0.0031178,0.00016808,0.095238,0.11357,0.4,0.99,0.4888,0.81513
1,1,0,0,0,0,0.15,0.855,0.53361,0.81513
1,0.99347,0.001118,0.0012413,0.095238,0.10242,0.6,0.01,0.67255,0.81513
1,0.98984,0.004102,0.00033217,0.095238,0.24135,0.88,0.175,0.69726,0.81513
1,0.9801,0.0089765,0.00014518,0.095238,0.32881,0.86,0.845,0.7227,0.81513
1,0.93505,0.039274,8.93E-05,0.095238,0.24675,0.98,0.645,0.74904,0.81513
1,0.84614,0.13389,6.16E-05,0.57262,0.25389,0.965,0.315,0.77648,0.81513
1,0.70295,0.28472,6.62E-05,0.40893,0.35565,0.835,0.125,0.80542,0.81513
1,0.65934,0.2994,0.00025441,0.095238,0.50249,0.805,0.105,0.8362,0.81513
1,0.78498,0.12641,0.00014459,0.14847,0.6142,0.94,0.265,0.86944,0.81513
1,0.89457,0.02829,0.00049198,0.19159,0.66273,0.96,0.7,0.90616,0.81513
1,0.92285,0.016313,0.0021183,0.095238,0.55918,0.48,1,0.94822,0.81513
1,0.95707,0.0062825,0.007098,0.095238,0.24958,0.46,1,1,0.81513
1,0.44134,0.0081923,0.13474,0.095238,0.062842,0.57,0.995,0,0.82353
1,0.7634,0.038314,0.001882,0.095238,0.12671,0.565,0.005,0.19458,0.82353
1,0.73583,0.08552,0.00063426,0.095238,0.19604,0.01,0.405,0.22352,0.82353
1,0.7737,0.092734,0.00054468,0.095238,0.17389,0.115,0.82,0.25096,0.82353
1,0.87386,0.045673,0.00184,0.095238,0.049046,0.7,0.96,0.2773,0.82353
1,1,0,0,0.095238,0.069841,0.66,0.025,0.4888,0.82353
1,0.99662,0.0010925,0.00011306,0.26449,0.070053,0.975,0.655,0.5112,0.82353
1,1,0,0,0,0,0.135,0.155,0.53361,0.82353
1,1,0,0,0,0,0.405,0.99,0.55608,0.82353
1,0.99568,0.00057966,0.0011144,0.095238,0.059563,0.675,0.03,0.67255,0.82353
1,1,0,0,0.095238,0.15253,0.83,0.125,0.69726,0.82353
1,1,0,0,0.095238,0.21723,0.99,0.41,0.7227,0.82353
1,0.96225,0.022887,0.00042286,0.095238,0.14329,0.945,0.73,0.74904,0.82353
1,0.88523,0.084292,0.00049411,0.095238,0.16099,0.895,0.195,0.77648,0.82353
1,0.81316,0.15837,0.00011049,0.2603,0.29841,0.83,0.125,0.80542,0.82353
1,0.81111,0.13659,8.28E-05,0.28229,0.44292,0.94,0.265,0.8362,0.82353
1,0.84742,0.068123,0.0002033,0.095238,0.54073,0.91,0.215,0.86944,0.82353
1,0.92605,0.013563,0.00046794,0.24593,0.59075,0.97,0.665,0.90616,0.82353
1,0.92813,0.010139,0.0016239,0.095238,0.52717,1,0.53,0.94822,0.82353
1,0.95777,0.0052393,0.0065727,0.095238,0.25745,0.385,0.985,1,0.82353
1,0.46983,0.0078264,0.11375,0.095238,0.062842,0.43,0.995,0,0.83193
1,0.79346,0.034656,0.0038326,0.095238,0.082898,0.6,0.01,0.19458,0.83193
1,0.75719,0.082551,0.0014184,0.095238,0.14896,0.785,0.09,0.22352,0.83193
1,0.75076,0.12368,0.0004609,0.095238,0.21059,0.36,0.98,0.25096,0.83193
1,0.86586,0.05519,0.0013625,0.095238,0.073427,0.105,0.805,0.2773,0.83193
1,1,0,0,0,0,0.975,0.66,0.5112,0.83193
1,1,0,0,0,0,0.155,0.865,0.53361,0.83193
1,1,0,0,0,0,0.335,0.025,0.55608,0.83193
1,0.99191,0.002586,0.0017156,0.095238,0.065158,0.96,0.305,0.69726,0.83193
1,0.99008,0.0019042,0.00099719,0.095238,0.1066,0.955,0.295,0.7227,0.83193
1,1,0,0,0.095238,0.058601,0.97,0.67,0.74904,0.83193
1,0.93661,0.037628,0.0015144,0.095238,0.10244,0.59,0.01,0.77648,0.83193
1,0.88136,0.085916,0.00022883,0.095238,0.24145,0.83,0.125,0.80542,0.83193
1,0.86589,0.080116,0.0002177,0.095238,0.36217,0.94,0.26,0.8362,0.83193
1,0.92633,0.023754,0.00010693,0.42887,0.47366,0.865,0.16,0.86944,0.83193
1,0.93063,0.011149,0.00096039,0.095238,0.51821,0.985,0.625,0.90616,0.83193
1,0.93149,0.0067597,0.0020094,0.095238,0.46147,1,0.51,0.94822,0.83193
1,0.95537,0.0050257,0.0058078,0.095238,0.27249,0.32,0.965,1,0.83193
1,0.49765,0.0075201,0.096437,0.095238,0.062842,0.57,0.995,0,0.84034
1,0.81687,0.033448,0.009707,0.030438,0.01836,0.955,0.705,0.19458,0.84034
1,0.77833,0.081415,0.0036684,0.095238,0.092913,0.78,0.085,0.22352,0.84034
1,0.72237,0.16652,0.00044099,0.095238,0.24713,0.605,0.01,0.25096,0.84034
1,0.83784,0.082994,0.00039762,0.095238,0.1627,0.08,0.77,0.2773,0.84034
1,0.9271,0.027335,0.00057079,0.095238,0.073259,0.365,0.98,0.30274,0.84034
1,0.99732,0.0016047,0.00022564,0,0.032299,0.155,0.865,0.46639,0.84034
1,1,0,0,0,0,0.96,0.69,0.57878,0.84034
1,1,0,0,0,0,0.695,0.96,0.62485,0.84034
1,1,0,0,0,0,0.975,0.35,0.69726,0.84034
1,1,0,0,0,0,1,0.515,0.7227,0.84034
1,1,0,0,0,0,0.955,0.705,0.74904,0.84034
1,1,0,0,0.095238,0.054444,0.99,0.395,0.77648,0.84034
1,0.93462,0.040133,0.0003194,0.095238,0.18066,0.93,0.245,0.80542,0.84034
1,0.91788,0.041641,0.00037137,0.095238,0.28222,0.94,0.26,0.8362,0.84034
1,0.92243,0.022508,0.00045036,0.095238,0.41623,0.8,0.1,0.86944,0.84034
1,0.94152,0.0089436,0.0020508,0.095238,0.44375,0.985,0.625,0.90616,0.84034
1,0.92469,0.0063402,0.0034507,0.095238,0.39572,1,0.485,0.94822,0.84034
1,0.95886,0.0042156,0.0048191,0.24985,0.29307,0.51,1,1,0.84034
1,0.52464,0.0072672,0.082188,0.095238,0.062842,0.57,0.995,0,0.84874
1,0.78232,0.09264,0.0051232,0.095238,0.078702,0.61,0.01,0.22352,0.84874
1,0.70616,0.20052,0.00066362,0.095238,0.2419,0.465,0,0.25096,0.84874
1,0.79996,0.13066,0.00026051,0.095238,0.26184,0.23,0.92,0.2773,0.84874
1,0.9154,0.037392,0.00020023,0.095238,0.15666,0.05,0.72,0.30274,0.84874
1,1,0,0,0,0,0.755,0.93,0.4888,0.84874
1,1,0,0,0,0,1,0.495,0.7227,0.84874
1,0.96289,0.020215,0.0010947,0.095238,0.099014,0.93,0.245,0.80542,0.84874
1,0.94453,0.025449,0.0015404,0.095238,0.20633,0.86,0.155,0.8362,0.84874
1,0.93486,0.017814,0.0010095,0.095238,0.37301,0.7,0.04,0.86944,0.84874
1,0.94576,0.0096621,0.0074333,0.095238,0.36929,0.985,0.625,0.90616,0.84874
1,0.9038,0.0084038,0.010254,0.095238,0.33006,1,0.46,0.94822,0.84874
1,0.95173,0.0052736,0.006368,0.21972,0.29378,0.47,1,1,0.84874
1,0.56667,0.0065577,0.073591,0.16732,0.062842,0.57,0.995,0,0.85714
1,0.78238,0.10793,0.0058354,0.095238,0.078702,0.39,0.01,0.22352,0.85714
1,0.67879,0.25235,0.0010541,0.095238,0.2419,0.465,0,0.25096,0.85714
1,0.77769,0.1679,0.00030842,0.095238,0.31211,0.465,1,0.2773,0.85714
1,0.91835,0.036753,0.0002333,0.095238,0.16055,0.435,0.995,0.30274,0.85714
1,1,0,0,0,0,0.145,0.145,0.4888,0.85714
1,1,0,0,0,0,0.37,0.985,0.55608,0.85714
1,1,0,0,0,0,0.915,0.78,0.77648,0.85714
1,1,0,0,0.23196,0.01836,0.955,0.295,0.80542,0.85714
1,1,0,0,0.095238,0.155,0.66,0.025,0.8362,0.85714
1,1,0,0,0.095238,0.30018,1,0.55,0.86944,0.85714
1,1,0,0,0.23498,0.29366,0.995,0.56,0.90616,0.85714
1,1,0,0,0.095238,0.26476,0.995,0.425,0.94822,0.85714
1,0.93301,0.0091807,0.0097629,0.095238,0.30012,0.41,0.99,1,0.85714
1,0.59143,0.0064171,0.063799,0.16731,0.062842,0.57,0.995,0,0.86555
1,0.77158,0.13319,0.003922,0.095238,0.12237,0.43,0.005,0.22352,0.86555
1,0.62485,0.34592,0.0014076,0.095238,0.27176,0.28,0.05,0.25096,0.86555
1,0.76713,0.19224,0.00039563,0.095238,0.34105,0.29,0.955,0.2773,0.86555
1,0.9128,0.04348,0.00021801,0.095238,0.21275,0.165,0.87,0.30274,0.86555
1,0.96425,0.013103,0.00018945,0.095238,0.11778,0.765,0.925,0.32745,0.86555
1,1,0,0,0,0,0,0.53,0.39829,0.86555
1,0.99855,0.0002129,4.17E-05,0.25652,0.069841,0.34,0.975,0.5112,0.86555
1,1,0,0,0,0,0.405,0.99,0.53361,0.86555
1,1,0,0,0,0,0.545,1,0.55608,0.86555
1,0.99543,0.00073103,0.0017881,0.095238,0.026657,0.845,0.86,0.74904,0.86555
1,1,0,0,0,0,1,0.54,0.77648,0.86555
1,0.9724,0.008273,0.011512,0.095238,0.12506,0.945,0.275,0.8362,0.86555
1,1,0,0,0.24496,0.21459,1,0.545,0.86944,0.86555
1,0.97075,0.0016403,0.072781,0.59616,0.21729,0.995,0.555,0.90616,0.86555
1,0.87906,0.0048592,0.067111,0.095238,0.20034,0.985,0.375,0.94822,0.86555
1,1,0,0,0.095238,0.30121,0.825,0.88,1,0.86555
1,0.61494,0.0063165,0.055644,0.1673,0.062842,0.57,0.995,0,0.87395
1,0.88257,0.039049,0.0064355,0.095238,0.061959,0.1,0.2,0.19458,0.87395
1,0.76743,0.15403,0.0023647,0.095238,0.17146,0.155,0.14,0.22352,0.87395
1,0.54592,0.48279,0.0021094,0.095238,0.3115,0.31,0.04,0.25096,0.87395
1,0.7965,0.16083,0.00063577,0.095238,0.28477,0.68,0.965,0.2773,0.87395
1,0.92943,0.030693,0.00041092,0.095238,0.15253,0.83,0.875,0.30274,0.87395
1,0.96849,0.010692,0.00023745,0.095238,0.10242,0.4,0.99,0.32745,0.87395
1,0.99894,0.00010799,5.88E-05,0.31925,0.03166,0.85,0.145,0.5112,0.87395
1,1,0,0,0,0,0.345,0.975,0.53361,0.87395
1,1,0,0,0,0,0.445,0.995,0.55608,0.87395
1,0.9955,0.00055118,0.0021161,0.095238,0.031265,0.8,0.1,0.74904,0.87395
1,1,0,0,0,0,0.755,0.07,0.80542,0.87395
1,1,0,0,0.51133,0.060626,0.63,0.02,0.8362,0.87395
1,0.97587,0.0017297,0.017773,0.095238,0.12899,1,0.55,0.86944,0.87395
1,0.95384,0.0012373,0.13233,0.19226,0.1409,0.995,0.56,0.90616,0.87395
1,0.8979,0.0017892,0.13109,0.29318,0.13829,0.955,0.29,0.94822,0.87395
1,0.92211,0.0090091,0.02147,0.095238,0.26942,0.79,0.905,1,0.87395
1,0.63711,0.0062543,0.048826,0.16729,0.062842,0.57,0.995,0,0.88235
1,0.89031,0.045975,0.0034925,0.095238,0.11569,0.85,0.145,0.19458,0.88235
1,0.7636,0.17516,0.0008531,0.095238,0.25583,0.07,0.25,0.22352,0.88235
1,0,1,0,0.095238,0.36721,0.2,0.1,0.25096,0.88235
1,0.82616,0.12981,0.0015906,0.095238,0.24345,0.705,0.955,0.2773,0.88235
1,0.94052,0.023422,0.00081992,0.095238,0.11662,0.585,0.99,0.30274,0.88235
1,1,0,0,0,0,0.925,0.76,0.53361,0.88235
1,1,0,0,0,0,0.035,0.32,0.77648,0.88235
1,1,0,0,0,0,0.045,0.29,0.80542,0.88235
1,1,0,0,0.22542,0.043811,0.99,0.605,0.86944,0.88235
1,0.93672,0.0012603,0.31113,0.095238,0.064822,0.99,0.595,0.90616,0.88235
1,0.89096,0.00097404,0.27549,0.47915,0.084268,0.84,0.135,0.94822,0.88235
1,1,0,0,0.095238,0.24205,0.74,0.94,1,0.88235
1,0.65788,0.0062298,0.043103,0.16727,0.062842,0.57,0.995,0,0.89076
1,0.91877,0.03776,0.0090095,0.095238,0.061959,0.9,0.2,0.19458,0.89076
1,0.81983,0.12675,0.00090462,0.095238,0.2161,0.615,0.015,0.22352,0.89076
1,0.59371,0.43767,0.0006734,0.095238,0.37785,0.89,0.815,0.25096,0.89076
1,1,0,0,0.095238,0.22355,0.455,1,0.2773,0.89076
1,0.95179,0.016748,0.0016095,0.095238,0.073259,0.365,0.98,0.30274,0.89076
1,0.99212,0.0026807,0.00051784,0.14435,0.025212,0.925,0.24,0.39829,0.89076
1,1,0,0,0,0,0.705,0.045,0.80542,0.89076
1,1,0,0,0,0,0.63,0.98,0.8362,0.89076
1,0.831,0.0012993,0.42185,0.51037,0.063984,0.59,0.01,0.94822,0.89076
1,0.92573,0.004471,0.021664,0.095238,0.22084,0.67,0.97,1,0.89076
1,0.67721,0.006242,0.038285,0.16725,0.062842,0.57,0.995,0,0.89916
1,1,0,0,0.095238,0.061959,0.1,0.2,0.19458,0.89916
1,0.86352,0.088915,0.00052684,0.095238,0.2161,0.385,0.015,0.22352,0.89916
1,0.75444,0.21146,0.00033629,0.095238,0.2919,0.93,0.76,0.25096,0.89916
1,0.88672,0.065623,0.0019954,0.095238,0.19121,0.86,0.845,0.2773,0.89916
1,0.95582,0.014768,0.00095275,0.095238,0.10288,0.985,0.62,0.30274,0.89916
1,1,0,0,0,0,0.655,0.975,0.42122,0.89916
1,1,0,1,0,0,0.945,0.725,0.8362,0.89916
1,1,0,0,0,0,0.045,0.295,0.86944,0.89916
1,1,0,1,0,0,0.975,0.66,0.90616,0.89916
1,0,0,1,0.26066,0.071391,0.74,0.06,0.94822,0.89916
1,0.92403,0.0038149,0.017841,0.095238,0.20773,0.585,0.995,1,0.89916
1,0.68084,0.0067317,0.032014,0.095238,0.062842,0.57,0.995,0,0.90756
1,0.94802,0.0048168,0.0027232,0.095238,0.076234,0.6,0.01,0.1638,0.90756
1,1,0,0,0.095238,0.11569,0.15,0.145,0.19458,0.90756
1,0.88825,0.068195,0.00017962,0.095238,0.2602,0.215,0.09,0.22352,0.90756
1,0.85934,0.086109,0.00030763,0.095238,0.20619,0.825,0.88,0.25096,0.90756
1,0.92626,0.031114,0.0021005,0.095238,0.10676,0.775,0.915,0.2773,0.90756
1,0.99055,0.0021018,0.00060642,0.31918,0.022496,0.97,0.335,0.37515,0.90756
1,1,0,0,0,0,0.63,0.985,0.42122,0.90756
1,1,0,0,0,0,0.965,0.68,0.55608,0.90756
1,0.70539,0.001357,0.54789,0.43414,0.063984,0.59,0.01,0.94822,0.90756
1,0.91642,0.0042987,0.016173,0.095238,0.20432,0.515,1,1,0.90756
1,0.71032,0.0060534,0.039842,0.095238,0.031365,0.915,0.78,0,0.91597
1,0.93166,0.001727,0.0053266,0.095238,0.038333,0.69,0.965,0.13056,0.91597
1,0.95531,0.0038178,0.0022018,0.095238,0.076234,0.6,0.01,0.1638,0.91597
1,1,0,0,0.095238,0.14105,0.905,0.205,0.19458,0.91597
1,0.92821,0.032421,0.00020779,0.095238,0.19503,1,0.515,0.22352,0.91597
1,0.92125,0.032739,0.00065507,0.095238,0.11639,0.905,0.795,0.25096,0.91597
1,1,0,0,0,0,0.855,0.85,0.39829,0.91597
1,0.66563,0.00086361,0.52971,0.34602,0.071391,0.74,0.06,0.94822,0.91597
1,0.90919,0.005794,0.021358,0.095238,0.18163,0.72,0.95,1,0.91597
1,1,0,0,0.095238,0.050763,0.995,0.57,0.19458,0.92437
1,0.95712,0.012778,0.00066495,0.095238,0.089307,0.995,0.56,0.22352,0.92437
1,0.9542,0.013566,0.0020662,0.095238,0.031265,0.8,0.9,0.25096,0.92437
1,0.61533,0.0008744,0.61183,0.24251,0.037957,0.94,0.26,0.94822,0.92437
1,1,0,0,0.28771,0.16453,0.61,0.99,1,0.92437
1,1,0,0,0.35992,0.15997,0.525,1,1,0.93277
1,1,0,0,0,0,0.835,0.875,0.4888,0.94118
1,0,0,1,0,0,0.62,0.015,0.90616,0.94118
1,1,0,0,0,0,0.025,0.65,0.94822,0.94118
1,0.89865,0.0052698,0.033775,0.31267,0.15997,0.475,1,1,0.94118
1,0.87451,0.0048818,0.028577,0.1636,0.15997,0.525,1,1,0.94958
1,1,0,0,0,0,0.82,0.885,0.4888,0.95798
1,0.87868,0.0032099,0.027139,0.24772,0.15775,0.885,0.18,1,0.95798
1,0,0,1,0,0,0.11,0.185,0.94822,0.96639
1,0.9122,0.0014573,0.049636,0.54702,0.12365,0.765,0.075,1,0.96639
1,1,0,0,0,0,0.28,0.95,0.44392,0.97479
1,0.88422,0.0022313,0.039255,0.22815,0.107,0.545,0,1,0.97479
1,0.90741,0.0013707,0.046028,0.44836,0.107,0.545,0,1,0.98319
1,1,0,0,0,0,0.035,0.69,0.1638,0.9916
1,0.91242,0.0012552,0.058038,0.40498,0.076142,0.795,0.095,1,0.9916
1,0.95783,0.0050244,0.0090878,0.3198,0.043811,0.99,0.395,0.13056,1
1,1,0,0,0,0,0.13,0.165,0.1638,1
1,1,0,0,0,0,0.045,0.295,0.19458,1
1,0.98977,0.00087498,0.00036644,0,0.038656,0.76,0.075,0.32745,1
1,0.90354,0.0015314,0.052319,0.23692,0.062842,0.57,0.005,1,1