1,1,0,0,0,0,0.1638,0
1,1,0,0,0,0,0.39829,0
1,0.94213,0.02181,0.035046,0.30853,0.2508,1,0
1,1,0,0,0.30853,0.26739,1,0.0084034
1,1,0,0,0.30853,0.25999,1,0.016807
1,0.95195,0.010297,0.047819,0.30853,0.2508,1,0.02521
1,0.95736,0.0066296,0.052634,0.30853,0.2508,1,0.033613
1,0.96053,0.0047809,0.062903,0.30853,0.2508,1,0.042017
1,0.96139,0.0039194,0.078637,0.30853,0.25999,1,0.05042
1,0.95738,0.0043187,0.086976,0.30853,0.31715,1,0.058824
1,0.90578,0.011989,0.059664,0.4748,0.253,0.94822,0.067227
1,0.94881,0.0058552,0.099696,0.30853,0.38149,1,0.067227
1,1,0,0,0,0,0.94822,0.07563
1,0.94904,0.0064921,0.090972,0.5012,0.44085,1,0.07563
1,0.9425,0.0095842,0.10734,0.60506,0.4944,1,0.084034
1,1,0,0,0.67598,0.49001,1,0.092437
1,1,0,1,0.70587,0.49001,1,0.10084
1,1,0,0,0.95091,0.49001,1,0.10924
1,1,0,0,0.95112,0.49141,1,0.11765
1,1,0,0,0.88326,0.4988,1,0.12605
1,0,0,1,0.94807,0.28177,0.94822,0.13445
1,0,0,1,0.74645,0.4988,1,0.13445
1,0.66252,0.0092098,0.37272,0.95112,0.36551,0.94822,0.14286
1,0.6588,0.010932,0.26391,0.77504,0.4988,1,0.14286
1,0.9275,0.0028956,0.074874,0.82042,0.18905,0.90616,0.15126
1,1,0,0,0.94567,0.42726,0.94822,0.15126
1,0.70388,0.00744,0.17074,0.80122,0.5014,1,0.15126
1,1,0,0,0.94763,0.29496,0.90616,0.15966
1,0.57584,0.018758,0.25,0.63648,0.49081,0.94822,0.15966
1,0.64852,0.010908,0.19976,0.56797,0.51159,1,0.15966
1,0.82369,0.02788,0.054326,0.63474,0.32734,0.8362,0.16807
1,0.90871,0.019208,0.042531,0.8501,0.20923,0.86944,0.16807
1,0.94236,0.0062424,0.026238,0.95112,0.35831,0.90616,0.16807
1,0.55333,0.029403,0.21047,0.30853,0.54396,0.94822,0.16807
1,0.62042,0.015225,0.19602,0.35763,0.52818,1,0.16807
1,1,0,0,0.4364,0.28977,0.80542,0.17647
1,0.72982,0.091126,0.050156,0.4364,0.43006,0.8362,0.17647
1,1,0,0,0.95112,0.35911,0.86944,0.17647
1,0.93415,0.010907,0.017187,0.8741,0.41307,0.90616,0.17647
1,0.59418,0.031855,0.12701,0.30853,0.59273,0.94822,0.17647
1,0.63569,0.016449,0.1451,0.30853,0.54936,1,0.17647
1,0,1,0,0,0.16327,0.74904,0.18487
1,1,0,1,0.4364,0.29896,0.77648,0.18487
1,0,0,1,0.4364,0.42926,0.80542,0.18487
1,1,0,0,0.56688,0.51159,0.8362,0.18487
1,0.90029,0.039255,0.005948,0.95003,0.46323,0.86944,0.18487
1,1,0,0,0.58455,0.48281,0.90616,0.18487
1,0.61866,0.039125,0.078517,0.30853,0.64109,0.94822,0.18487
1,0.65743,0.017574,0.098533,0.30853,0.57354,1,0.18487
1,0.16703,0.87537,0.025634,0,0.27098,0.7227,0.19328
1,0,1,0,0.95091,0.36131,0.74904,0.19328
1,1,1,1,0.76827,0.43625,0.77648,0.19328
1,0.60326,0.14908,0.10942,0.77002,0.51299,0.80542,0.19328
1,0,1,0,0.87541,0.57894,0.8362,0.19328
1,0.84722,0.066858,0.0030179,0.69496,0.54796,0.86944,0.19328
1,0.83783,0.052695,0.017652,0.30853,0.55076,0.90616,0.19328
1,0.6401,0.04604,0.051476,0.30853,0.67366,0.94822,0.19328
1,0.67584,0.019719,0.066211,0.30853,0.59972,1,0.19328
1,0.37772,0.59213,0.011201,0,0.27078,0.69726,0.20168
1,0.26391,0.82156,0.0062096,0.95112,0.42386,0.7227,0.20168
1,0,1,0,0.95112,0.49061,0.74904,0.20168
1,0,1,0,0.95112,0.52518,0.77648,0.20168
1,1,0,0,0.95112,0.58853,0.80542,0.20168
1,1,0,0,0.75278,0.64688,0.8362,0.20168
1,0.74413,0.14188,0.0064978,0.30853,0.6207,0.86944,0.20168
1,0.80885,0.062602,0.010438,0.30853,0.61411,0.90616,0.20168
1,0.6515,0.055811,0.035527,0.30853,0.70643,0.94822,0.20168
1,0.69391,0.022062,0.04503,0.30853,0.6219,1,0.20168
1,0.58424,0.40376,0.0011452,0.95112,0.39049,0.69726,0.21008
1,0,1,0,0.95112,0.51179,0.7227,0.21008
1,0,1,0,0.71285,0.59093,0.74904,0.21008
1,0.1342,0.96439,0.05457,0.43901,0.61011,0.77648,0.21008
1,0.28849,0.69584,0.038937,0.43487,0.66107,0.80542,0.21008
1,0.47452,0.56326,0.011347,0.30853,0.71163,0.8362,0.21008
1,0.70375,0.18172,0.0047379,0.30853,0.68485,0.86944,0.21008
1,0.77559,0.079428,0.0075347,0.30853,0.67286,0.90616,0.21008
1,0.65338,0.069736,0.026482,0.30853,0.74181,0.94822,0.21008
1,0.70832,0.025401,0.031085,0.30853,0.64488,1,0.21008
1,0.8278,0.11525,0.00079749,0.94654,0.32014,0.67255,0.21849
1,0.60626,0.38723,0.0005307,0.95112,0.43405,0.69726,0.21849
1,0.2957,0.7915,0.0031838,0.88152,0.44305,0.7227,0.21849
1,0.062548,0.98026,0.002411,0.30853,0.51099,0.74904,0.21849
1,0,1,0,0.30853,0.60012,0.77648,0.21849
1,0.22131,0.8186,0.02284,0.30853,0.69764,0.80542,0.21849
1,1,0,0,0.30853,0.77258,0.8362,0.21849
1,0.65782,0.23189,0.0044635,0.30853,0.74361,0.86944,0.21849
1,0.73933,0.10353,0.0067589,0.30853,0.72722,0.90616,0.21849
1,0.64846,0.088028,0.021651,0.30853,0.77838,0.94822,0.21849
1,0.71911,0.029896,0.022147,0.30853,0.66867,1,0.21849
1,0.90499,0.048274,0.0021761,0.75191,0.22282,0.64844,0.22689
1,0.83989,0.10858,0.00041359,0.95112,0.35691,0.67255,0.22689
1,0.65151,0.31422,0.0012932,0.81148,0.29376,0.69726,0.22689
1,0.28239,0.7695,0.0068325,0.30853,0.31015,0.7227,0.22689
1,0.12636,0.94067,0.0024462,0.30853,0.41707,0.74904,0.22689
1,0,1,0,0.30853,0.53477,0.77648,0.22689
1,0,1,0,0.30853,0.65528,0.80542,0.22689
1,0.43126,0.57751,0.0095491,0.30853,0.76839,0.8362,0.22689
1,0.61285,0.2866,0.0052836,0.30853,0.79696,0.86944,0.22689
1,0.70192,0.13534,0.0072108,0.30853,0.77818,0.90616,0.22689
1,0.63889,0.11083,0.019333,0.30853,0.81515,0.94822,0.22689
1,0.72667,0.03565,0.016528,0.30853,0.69285,1,0.22689
1,1,0,0,0,0,0.62485,0.23529
1,1,0,0,0.60332,0.27618,0.64844,0.23529
1,0.23947,0.83341,0.0038097,0.30853,0.29876,0.74904,0.23529
1,0.17279,0.88541,0.0045741,0.30853,0.47782,0.77648,0.23529
1,0.28184,0.76193,0.0052805,0.30853,0.6191,0.80542,0.23529
1,0,1,0,0.30853,0.7484,0.8362,0.23529
1,0.57232,0.34246,0.0070032,0.30853,0.84672,0.86944,0.23529
1,0.66532,0.17449,0.0083797,0.30853,0.82614,0.90616,0.23529
1,0.62636,0.13805,0.018507,0.30853,0.85172,0.94822,0.23529
1,0.73372,0.041684,0.012854,0.30853,0.71403,1,0.23529
1,0.92151,0.04949,0.0015114,0.18023,0.20663,0.62485,0.2437
1,0.3846,0.6597,0.0053159,0.30853,0.17686,0.74904,0.2437
1,0.27252,0.78605,0.0022257,0.30853,0.43645,0.77648,0.2437
1,0.34817,0.68839,0.0016858,0.30853,0.60272,0.80542,0.2437
1,0.49448,0.46131,0.0049062,0.30853,0.73981,0.8362,0.2437
1,0.5649,0.3549,0.0072041,0.30853,0.86391,0.86944,0.2437
1,0.63116,0.21933,0.010029,0.30853,0.8715,0.90616,0.2437
1,0.64256,0.13819,0.015069,0.30853,0.85212,0.94822,0.2437
1,0.76936,0.033872,0.0084531,0.30853,0.69285,1,0.2437
1,0.93848,0.044414,0.00018916,0.53895,0.27178,0.62485,0.2521
1,0.51226,0.50026,0.0036773,0.30853,0.17686,0.74904,0.2521
1,0.38319,0.66545,0.00090259,0.30853,0.43645,0.77648,0.2521
1,0.42518,0.60015,0.00061359,0.30853,0.60272,0.80542,0.2521
1,0.52971,0.42415,0.0023634,0.30853,0.73981,0.8362,0.2521
1,0.61423,0.28664,0.0041643,0.30853,0.82134,0.86944,0.2521
1,0.62554,0.23423,0.0097378,0.30853,0.88589,0.90616,0.2521
1,0.68874,0.10966,0.0094391,0.30853,0.81595,0.94822,0.2521
1,0.80084,0.027465,0.0056494,0.30853,0.67186,1,0.2521
1,1,0,0,0,0,0.60171,0.2605
1,0.92925,0.064137,0.00015822,0.38556,0.23661,0.62485,0.2605
1,0.77968,0.16973,0.00016543,0,0.19664,0.67255,0.2605
1,1,0,0,0,0,0.7227,0.2605
1,0.60647,0.38941,0.0014895,0.30853,0.26839,0.74904,0.2605
1,0.49164,0.542,0.00036562,0.30853,0.45863,0.77648,0.2605
1,0.50492,0.50788,0.00030569,0.30853,0.61111,0.80542,0.2605
1,0.59721,0.33924,0.0011584,0.30853,0.70504,0.8362,0.2605
1,0.66566,0.22342,0.0022007,0.30853,0.77858,0.86944,0.2605
1,0.66683,0.1922,0.0061538,0.30853,0.84892,0.90616,0.2605
1,0.73462,0.083423,0.0053297,0.30853,0.77798,0.94822,0.2605
1,0.82804,0.022363,0.0039375,0.30853,0.65188,1,0.2605
1,1,0,0,0.63365,0.16607,0.57878,0.26891
1,0.74536,0.22512,0.0016394,0.50491,0.17686,0.74904,0.26891
1,0.61096,0.39458,0.00032684,0.30853,0.43625,0.77648,0.26891
1,0.61674,0.36406,0.00030734,0.30853,0.56195,0.80542,0.26891
1,0.67943,0.23901,0.00067011,0.30853,0.64488,0.8362,0.26891
1,0.71382,0.17234,0.0011721,0.30853,0.73841,0.86944,0.26891
1,0.70982,0.1521,0.0034504,0.30853,0.81075,0.90616,0.26891
1,0.77854,0.060778,0.0027682,0.30853,0.73821,0.94822,0.26891
1,0.85295,0.017754,0.0028911,0.30853,0.6295,1,0.26891
1,0.77388,0.19845,0.00062804,0.56622,0.33813,0.77648,0.27731
1,0.72229,0.23094,0.00052734,0.30853,0.48481,0.80542,0.27731
1,0.74951,0.16416,0.00062731,0.30853,0.58313,0.8362,0.27731
1,0.75884,0.13084,0.00066162,0.30853,0.69744,0.86944,0.27731
1,0.75228,0.11644,0.0017608,0.30853,0.77158,0.90616,0.27731
1,0.81915,0.042331,0.0014879,0.30853,0.69544,0.94822,0.27731
1,0.87688,0.0133,0.0022883,0.30853,0.60052,1,0.27731
1,0.78448,0.18972,0.0010371,0.76151,0.26379,0.46639,0.28571
1,0.79961,0.16587,0.00017798,0.75256,0.26479,0.4888,0.28571
1,1,0,0,0,0,0.64844,0.28571
1,0.86313,0.10373,0.0018511,0.70543,0.23341,0.77648,0.28571
1,0.80212,0.14053,0.0012272,0.30853,0.39129,0.80542,0.28571
1,0.80166,0.11673,0.00074,0.30853,0.52738,0.8362,0.28571
1,0.80375,0.093618,0.00042958,0.30853,0.64708,0.86944,0.28571
1,0.79211,0.086865,0.00088964,0.30853,0.73122,0.90616,0.28571
1,0.85537,0.028164,0.00095744,0.30853,0.64908,0.94822,0.28571
1,0.89743,0.0098354,0.0019608,0.30853,0.56934,1,0.28571
1,0.74446,0.19546,0.00096071,0.76958,0.25999,0.42122,0.29412
1,1,0,0,0.30853,0.35651,0.44392,0.29412
1,0,1,0,0.30853,0.43545,0.46639,0.29412
1,0.69374,0.28679,0.00010278,0.30853,0.41147,0.4888,0.29412
1,0.67334,0.31759,0.00053676,0.54069,0.30635,0.5112,0.29412
1,0.68111,0.33383,0.00022765,0.45603,0.26379,0.53361,0.29412
1,1,0,0,0,0,0.62485,0.29412
1,0,1,0,0,0,0.64844,0.29412
1,0.88811,0.066557,0.0030447,0.62121,0.26938,0.80542,0.29412
1,0.84053,0.085972,0.00096292,0.30853,0.47202,0.8362,0.29412
1,0.83876,0.069114,0.00036336,0.30853,0.60112,0.86944,0.29412
1,0.82795,0.063533,0.00049511,0.30853,0.68965,0.90616,0.29412
1,0.8859,0.018164,0.00077908,0.30853,0.59872,0.94822,0.29412
1,0.9143,0.0073392,0.0017897,0.30853,0.53757,1,0.29412
1,0.37861,0.011202,0.55709,0.66572,0.21583,0,0.30252
1,1,0,0,0,0,0.093843,0.30252
1,0,0,1,0.68667,0.20923,0.13056,0.30252
1,1,0,0,0,0,0.1638,0.30252
1,0.28804,0.51272,0.0022403,0.33362,0.14628,0.22352,0.30252
1,0.60816,0.34817,0.00022725,0.94327,0.29396,0.39829,0.30252
1,0.6257,0.32313,0.00058138,0.30853,0.43046,0.42122,0.30252
1,0.75939,0.19971,0.001612,0.30853,0.4994,0.44392,0.30252
1,0.72854,0.26618,0.00061245,0.30853,0.55436,0.46639,0.30252
1,0.69943,0.28843,0.00024206,0.30853,0.51819,0.4888,0.30252
1,1,0,0,0.30853,0.39568,0.5112,0.30252
1,0.65445,0.37524,0.00055477,0.51189,0.26379,0.53361,0.30252
1,1,1,0,0,0,0.62485,0.30252
1,0.874,0.061169,0.0015958,0.30853,0.38949,0.8362,0.30252
1,0.86768,0.051215,0.00035634,0.30853,0.55376,0.86944,0.30252
1,0.86324,0.042843,0.00032379,0.30853,0.63749,0.90616,0.30252
1,0.91104,0.01138,0.00078882,0.30853,0.54217,0.94822,0.30252
1,0.9299,0.0051824,0.001835,0.30853,0.4956,1,0.30252
1,0.35837,0.014026,0.55466,0.76347,0.29576,0,0.31092
1,1,0,0,0,0,0.093843,0.31092
1,0.42282,0.030472,0.46592,0.30853,0.20923,0.13056,0.31092
1,0.47045,0.27563,0.0046823,0.30853,0.28797,0.19458,0.31092
1,0.2664,0.59739,0.00087939,0.47829,0.34093,0.22352,0.31092
1,0.14394,0.80716,0.0013306,0.50273,0.2472,0.25096,0.31092
1,0.10739,0.8896,0.0026078,0.79729,0.24021,0.2773,0.31092
1,0,1,0,0.79555,0.18106,0.30274,0.31092
1,0,1,0,0,0,0.35156,0.31092
1,0.3175,0.66846,0.00016918,0.82631,0.23661,0.37515,0.31092
1,0.54713,0.41918,7.5073e-05,0.82959,0.38469,0.39829,0.31092
1,0.62797,0.32834,0.00038807,0.30853,0.51199,0.42122,0.31092
1,0.79286,0.16108,0.0014471,0.30853,0.60192,0.44392,0.31092
1,1,0,0,0.30853,0.61591,0.46639,0.31092
1,0.77873,0.17724,0.00020673,0.30853,0.4956,0.4888,0.31092
1,0.6926,0.27166,0.00060172,0.30853,0.33593,0.5112,0.31092
1,0,1,0,0,0,0.53361,0.31092
1,1,0,0,0,0,0.62485,0.31092
1,1,0,0,0,0,0.77648,0.31092
1,0.92429,0.03333,0.0023879,0.66507,0.31355,0.8362,0.31092
1,0.88761,0.040943,0.00034501,0.30853,0.51819,0.86944,0.31092
1,0.89224,0.028401,0.00027199,0.30853,0.58213,0.90616,0.31092
1,0.93064,0.0071543,0.00097177,0.30853,0.47882,0.94822,0.31092
1,0.94207,0.0037854,0.002011,0.30853,0.45224,1,0.31092
1,0.28232,0.021119,0.68367,0.58695,0.28177,0,0.31933
1,0.46463,0.30724,0.0047882,0.30853,0.28977,0.19458,0.31933
1,0.24534,0.6491,0.0013801,0.30853,0.29896,0.22352,0.31933
1,0.1036,0.88062,0.0012666,0.30853,0.3759,0.25096,0.31933
1,0,1,0,0.53546,0.41607,0.2773,0.31933
1,0,1,0,0.79315,0.3765,0.30274,0.31933
1,0.071343,0.95305,4.8422e-05,0.87388,0.3787,0.32745,0.31933
1,0,1,0,0.95112,0.38209,0.35156,0.31933
1,0.3088,0.69722,5.5543e-05,0.90879,0.39628,0.37515,0.31933
1,0.36796,0.62047,4.0876e-05,0.30853,0.49181,0.39829,0.31933
1,0.62112,0.34316,0.0002094,0.30853,0.58054,0.42122,0.31933
1,1,0,0,0.30853,0.66647,0.44392,0.31933
1,1,0,0,0.30853,0.63989,0.46639,0.31933
1,0.81999,0.12976,0.00024833,0.30853,0.53837,0.4888,0.31933
1,0.80925,0.14814,0.00013533,0.62208,0.43665,0.5112,0.31933
1,0.76863,0.22969,0.00029049,0.80406,0.33553,0.53361,0.31933
1,0,1,0,0,0,0.55608,0.31933
1,1,0,0,0,0,0.60171,0.31933
1,1,0,0,0,0,0.80542,0.31933
1,0.91111,0.03854,0.0028433,0.30853,0.2462,0.8362,0.31933
1,0.89812,0.037593,0.00028361,0.30853,0.50799,0.86944,0.31933
1,0.91501,0.018861,0.00028197,0.30853,0.52358,0.90616,0.31933
1,0.9455,0.004642,0.0014105,0.30853,0.40608,0.94822,0.31933
1,0.95131,0.00291,0.0022919,0.30853,0.40867,1,0.31933
1,0,0,1,0.30853,0.17706,0,0.32773
1,0.11161,0.87504,0.0012728,0.30853,0.33094,0.25096,0.32773
1,0,1,0,0.30853,0.27098,0.2773,0.32773
1,0,1,0,0.30853,0.29376,0.30274,0.32773
1,0.029154,0.98745,4.6752e-05,0.30853,0.43185,0.32745,0.32773
1,0,1,0,0.30853,0.52078,0.35156,0.32773
1,0.145,0.88152,8.866e-05,0.30853,0.52938,0.37515,0.32773
1,0.34036,0.66509,2.4328e-05,0.30853,0.58034,0.39829,0.32773
1,0.59003,0.39009,0.0001122,0.30853,0.65568,0.42122,0.32773
1,0.77395,0.18695,0.0014726,0.30853,0.72522,0.44392,0.32773
1,0.83068,0.12448,0.0013808,0.30853,0.69005,0.46639,0.32773
1,0.8296,0.12503,0.00040527,0.30853,0.61491,0.4888,0.32773
1,0.86887,0.097406,0.00019447,0.79424,0.53757,0.5112,0.32773
1,0.82708,0.15912,5.0114e-05,0.88763,0.43545,0.53361,0.32773
1,1,0,0,0.7626,0.25979,0.55608,0.32773
1,0.91917,0.035124,0.0020758,0.30853,0.2462,0.8362,0.32773
1,0.91036,0.032314,0.00024696,0.30853,0.48481,0.86944,0.32773
1,0.9326,0.012684,0.00035713,0.30853,0.46023,0.90616,0.32773
1,0.95648,0.0031956,0.0023151,0.30853,0.31795,0.94822,0.32773
1,0.95886,0.0022849,0.0028078,0.30853,0.35851,1,0.32773
1,0.2531,0.68098,0.0027227,0,0.19185,0.22352,0.33613
1,0.13585,0.84104,0.001848,0.30853,0.17686,0.25096,0.33613
1,0.039669,0.97943,2.6646e-05,0.30853,0.35112,0.32745,0.33613
1,0.059126,0.96582,0.00050938,0.30853,0.51639,0.35156,0.33613
1,0.13214,0.89995,9.0915e-05,0.30853,0.63709,0.37515,0.33613
1,0.31114,0.71092,2.7693e-05,0.30853,0.66946,0.39829,0.33613
1,0.64309,0.35419,3.0043e-05,0.70565,0.72362,0.42122,0.33613
1,0.77418,0.18061,0.00058937,0.30853,0.69824,0.44392,0.33613
1,0.85003,0.098892,0.00050936,0.30853,0.66027,0.46639,0.33613
1,0.84698,0.10885,0.00039504,0.30853,0.63909,0.4888,0.33613
1,0.8853,0.07664,0.00038403,0.61794,0.53757,0.5112,0.33613
1,0.84421,0.12348,3.2708e-05,0.66659,0.40947,0.53361,0.33613
1,0.77678,0.22539,0.00014399,0.57233,0.25979,0.55608,0.33613
1,0.92656,0.029996,0.002529,0.16125,0.14528,0.8362,0.33613
1,0.92634,0.023935,0.00026201,0.30853,0.42946,0.86944,0.33613
1,0.94623,0.0086951,0.00054615,0.30853,0.38649,0.90616,0.33613
1,0.96425,0.0024025,0.004015,0.30853,0.20384,0.94822,0.33613
1,0.96475,0.0018661,0.0035839,0.30853,0.30236,1,0.33613
1,0,1,0,0,0,0.19458,0.34454
1,0.048045,0.97336,8.9798e-06,0.30853,0.36871,0.32745,0.34454
1,0.071806,0.95587,0.00011893,0.30853,0.52238,0.35156,0.34454
1,0.14773,0.88512,3.6272e-05,0.30853,0.64169,0.37515,0.34454
1,0.3781,0.66112,9.7282e-06,0.71525,0.74121,0.39829,0.34454
1,0.65742,0.32696,9.4895e-06,0.67358,0.69145,0.42122,0.34454
1,0.80714,0.13249,7.2508e-05,0.30853,0.61571,0.44392,0.34454
1,0.88906,0.055802,4.282e-05,0.30853,0.55616,0.46639,0.34454
1,0.89735,0.054257,9.7942e-05,0.30853,0.53797,0.4888,0.34454
1,1,0,0,0.30853,0.47762,0.5112,0.34454
1,0.8525,0.10158,0.00013253,0.30853,0.33453,0.53361,0.34454
1,1,0,0,0,0,0.55608,0.34454
1,0.93782,0.018732,0.00027466,0.30853,0.3801,0.86944,0.34454
1,0.95691,0.0061008,0.0010105,0.30853,0.28997,0.90616,0.34454
1,0.96978,0.0015346,0.0050903,0.30853,0.22322,1,0.34454
1,1,0,0,0,0,0.19458,0.35294
1,0.1509,0.83179,0.00058096,0.30853,0.24201,0.25096,0.35294
1,0.077071,0.93475,0.00017033,0.30853,0.31015,0.2773,0.35294
1,0.052206,0.96685,2.7865e-05,0.30853,0.34193,0.30274,0.35294
1,0.052155,0.97216,3.9095e-06,0.30853,0.46663,0.32745,0.35294
1,0.1162,0.92002,1.1562e-06,0.66485,0.56855,0.35156,0.35294
1,0.2065,0.83319,1.3785e-06,0.63648,0.66747,0.37515,0.35294
1,0.40501,0.63103,4.2609e-06,0.73227,0.73621,0.39829,0.35294
1,0.60472,0.36305,1.3906e-05,0.30853,0.64249,0.42122,0.35294
1,0.83098,0.10166,8.2261e-06,0.30853,0.53997,0.44392,0.35294
1,0.91356,0.034809,2.5755e-05,0.30853,0.43765,0.46639,0.35294
1,0.92823,0.028016,0.00016178,0.30853,0.39608,0.4888,0.35294
1,0.91009,0.047203,0.00095665,0.30853,0.43725,0.5112,0.35294
1,0.92481,0.040707,0.00027305,0.68841,0.26259,0.53361,0.35294
1,0.94472,0.016343,0.0002402,0.30853,0.35392,0.86944,0.35294
1,0.96331,0.0049505,0.0015388,0.30853,0.19984,0.90616,0.35294
1,0.1046,0.89815,0.00010576,0.29893,0.21843,0.2773,0.36134
1,0.069769,0.95016,8.8613e-06,0.30853,0.34193,0.30274,0.36134
1,0.078046,0.94735,1.0284e-06,0.30853,0.40188,0.32745,0.36134
1,0.11575,0.91396,5.1443e-06,0.30853,0.5062,0.35156,0.36134
1,0.24314,0.78531,2.4297e-07,0.54833,0.59772,0.37515,0.36134
1,0.40046,0.61925,1.9496e-06,0.554,0.68785,0.39829,0.36134
1,0.62168,0.33778,4.2248e-06,0.30853,0.6191,0.42122,0.36134
1,0.83931,0.091434,2.3925e-06,0.30853,0.498,0.44392,0.36134
1,0.92416,0.027422,4.5374e-05,0.30853,0.33833,0.46639,0.36134
1,0.93368,0.026674,0.00095954,0.30853,0.26519,0.5112,0.36134
1,0.91007,0.046297,0.0002761,0.21383,0.17446,0.53361,0.36134
1,0.95479,0.011956,0.0003853,0.30853,0.26099,0.86944,0.36134
1,0.16144,0.8489,8.6953e-07,0.57975,0.26319,0.32745,0.36975
1,0.1687,0.84867,5.4252e-07,0.30853,0.41007,0.35156,0.36975
1,0.25866,0.75524,2.8514e-07,0.30853,0.54137,0.37515,0.36975
1,0.39857,0.60529,1.3366e-06,0.30853,0.64249,0.39829,0.36975
1,0.65297,0.29315,6.1856e-07,0.30853,0.57614,0.42122,0.36975
1,0.8435,0.086636,1.083e-06,0.30853,0.47042,0.44392,0.36975
1,0.92175,0.028818,2.539e-05,0.30853,0.33833,0.46639,0.36975
1,0.31083,0.67999,5.5548e-08,0.7194,0.36631,0.35156,0.37815
1,0.47563,0.51622,9.8818e-09,0.88763,0.52058,0.37515,0.37815
1,0.66612,0.30062,8.8023e-09,0.89963,0.53437,0.39829,0.37815
1,0.81456,0.14002,3.056e-08,0.88414,0.54297,0.42122,0.37815
1,0.85964,0.070847,1.5269e-06,0.30853,0.39968,0.44392,0.37815
1,0.93132,0.023013,0.0001033,0.30853,0.17966,0.46639,0.37815
1,0.97431,0.0019209,0.0026599,0.30853,0.2506,1,0.37815
1,0.42732,0.53643,3.8374e-07,0.83897,0.32294,0.35156,0.38655
1,0.58554,0.3682,8.7149e-08,0.89963,0.38589,0.37515,0.38655
1,0.74302,0.20187,8.6857e-08,0.89963,0.40148,0.39829,0.38655
1,0.84439,0.1036,6.989e-08,0.85795,0.45304,0.42122,0.38655
1,0.8482,0.082545,2.7908e-07,0.30853,0.43925,0.44392,0.38655
1,0.92464,0.027026,2.283e-05,0.30853,0.26739,0.46639,0.38655
1,0.97191,0.0026744,0.0012406,0.30853,0.33553,1,0.38655
1,0.70788,0.20609,2.2447e-06,0.55488,0.2478,0.39829,0.39496
1,0.8609,0.07888,1.3592e-06,0.74296,0.29936,0.42122,0.39496
1,0.90987,0.041247,6.364e-07,0.67729,0.36291,0.44392,0.39496
1,0.94,0.020625,1.1034e-05,0.54091,0.26379,0.46639,0.39496
1,0.97508,0.003031,0.0018899,0.30853,0.19484,0.94822,0.39496
1,0.96867,0.0038378,0.00060662,0.30853,0.40268,1,0.39496
1,0.93067,0.030365,1.687e-06,0.80559,0.30296,0.44392,0.40336
1,0.97085,0.0036924,0.00069462,0.30853,0.3809,1,0.40336
1,0.97361,0.0033532,0.00096489,0.30853,0.34013,1,0.41176
1,0.9758,0.0031335,0.0013643,0.30853,0.29576,1,0.42017
1,0.9774,0.0030425,0.0018735,0.30853,0.2506,1,0.42857
1,0.90742,0.093172,0.00026999,0.30853,0.19504,0.60171,0.45378
1,1,0,0,0.74449,0.18745,0.57878,0.46218
1,0.88794,0.12061,0.00013381,0.30853,0.33533,0.60171,0.46218
1,0.88196,0.15827,1.5458e-05,0.30853,0.38589,0.62485,0.46218
1,0.87077,0.22438,1.6535e-05,0.30853,0.38209,0.64844,0.46218
1,0.85036,0.33727,0.00022472,0.30853,0.32054,0.67255,0.46218
1,0.95521,0.02105,0.00010788,0.54986,0.17966,0.53361,0.47059
1,0.95508,0.030953,1.0531e-05,0.89701,0.36091,0.55608,0.47059
1,0.89128,0.10618,0.00042715,0.52018,0.39408,0.57878,0.47059
1,0.85656,0.16623,7.2952e-05,0.30853,0.47342,0.60171,0.47059
1,0.83687,0.2289,1.3056e-05,0.30853,0.52558,0.62485,0.47059
1,0.82218,0.31014,9.754e-06,0.30853,0.51299,0.64844,0.47059
1,0.8118,0.42495,9.6751e-05,0.30853,0.39768,0.67255,0.47059
1,0.79666,0.50049,0.0027818,0.30853,0.2494,0.69726,0.47059
1,0.95428,0.021987,9.7042e-05,0.55793,0.17966,0.53361,0.47899
1,0.952,0.034779,2.2355e-06,0.8957,0.39968,0.55608,0.47899
1,0.84486,0.16514,0.00019106,0.30853,0.53417,0.57878,0.47899
1,0.82079,0.21555,6.9468e-05,0.30853,0.57174,0.60171,0.47899
1,0.77984,0.30782,2.8453e-05,0.30853,0.63429,0.62485,0.47899
1,0.77726,0.37262,1.0134e-05,0.30853,0.58993,0.64844,0.47899
1,0.75719,0.51972,3.6268e-05,0.30853,0.4956,0.67255,0.47899
1,1,1,0,0.30853,0.38129,0.69726,0.47899
1,1,0,0,0.42287,0.32414,0.7227,0.47899
1,1,0,0,0.30853,0.23341,0.77648,0.47899
1,0.81887,0.26815,0.00036701,0.30853,0.22542,0.80542,0.47899
1,1,0,0,0.30853,0.2546,0.90616,0.47899
1,0.93821,0.03284,0.00015973,0.30853,0.17966,0.53361,0.48739
1,0.92411,0.057874,2.2448e-06,0.56513,0.39968,0.55608,0.48739
1,0.84259,0.16637,8.1042e-05,0.30853,0.54297,0.57878,0.48739
1,0.77521,0.27477,0.00018771,0.30853,0.65687,0.60171,0.48739
1,0.72096,0.37964,0.00014296,0.30853,0.71423,0.62485,0.48739
1,0.72698,0.42871,1.232e-05,0.30853,0.65967,0.64844,0.48739
1,0.704,0.57381,2.86e-05,0.30853,0.57854,0.67255,0.48739
1,0,1,0,0.30853,0.49101,0.69726,0.48739
1,1,0,0,0.54288,0.40348,0.7227,0.48739
1,1,0,0,0.1379,0.24201,0.74904,0.48739
1,0,1,0,0,0,0.77648,0.48739
1,0.75862,0.36126,0.00074614,0.30853,0.28797,0.80542,0.48739
1,0.98167,0.019417,0.00017435,0.30853,0.19584,0.86944,0.48739
1,0.97137,0.019162,0.0024185,0.30853,0.28997,0.90616,0.48739
1,0.93465,0.036062,0.00014958,0.30853,0.17966,0.53361,0.4958
1,0.90049,0.07762,5.2202e-06,0.30853,0.39808,0.55608,0.4958
1,0.84586,0.15723,2.9414e-05,0.30853,0.52218,0.57878,0.4958
1,0.77614,0.26588,9.2878e-05,0.30853,0.63389,0.60171,0.4958
1,0.6938,0.40294,0.00020257,0.30853,0.73261,0.62485,0.4958
1,0.67397,0.47534,4.1292e-05,0.30853,0.72342,0.64844,0.4958
1,0.65908,0.58317,2.0192e-05,0.30853,0.65108,0.67255,0.4958
1,0.57329,0.7653,7.1256e-05,0.30853,0.57414,0.69726,0.4958
1,0.75914,0.21414,0.0006956,0.53218,0.42186,0.7227,0.4958
1,0,1,0,0,0,0.74904,0.4958
1,1,1,0,0,0,0.77648,0.4958
1,1,0,0,0.34192,0.28797,0.80542,0.4958
1,0.9831,0.021655,0.00017557,0.30853,0.23681,0.86944,0.4958
1,1,0,0,0,0,0.94822,0.4958
1,0.90538,0.068472,3.3091e-06,0.30853,0.34053,0.55608,0.5042
1,0.84528,0.15175,1.036e-05,0.30853,0.5004,0.57878,0.5042
1,0.76662,0.26956,5.6018e-05,0.30853,0.6223,0.60171,0.5042
1,0.67937,0.40678,0.00016828,0.30853,0.72522,0.62485,0.5042
1,0.62046,0.51367,0.00024557,0.30853,0.78217,0.64844,0.5042
1,0.63273,0.55192,1.8429e-05,0.30853,0.70424,0.67255,0.5042
1,0.56375,0.68276,4.0311e-05,0.30853,0.59612,0.69726,0.5042
1,1,0,0,0.32293,0.46962,0.7227,0.5042
1,0.59892,0.4662,0.00035536,0.30853,0.25739,0.74904,0.5042
1,0,1,0,0.40432,0.23381,0.80542,0.5042
1,1,0,0,0.30853,0.23561,0.8362,0.5042
1,0.9836,0.024491,0.00034928,0.30853,0.23481,0.86944,0.5042
1,1,0,0,0,0,0.5112,0.51261
1,0.92496,0.04493,0.00010411,0.30853,0.17966,0.53361,0.51261
1,0.88757,0.088371,1.1832e-06,0.30853,0.39968,0.55608,0.51261
1,0.817,0.18546,1.6678e-05,0.30853,0.54137,0.57878,0.51261
1,0.73162,0.30741,7.3199e-05,0.30853,0.64488,0.60171,0.51261
1,0.64258,0.43873,0.00022764,0.30853,0.73961,0.62485,0.51261
1,0.6503,0.44311,6.4534e-05,0.30853,0.72542,0.64844,0.51261
1,0.68735,0.40718,1.84e-05,0.30853,0.65108,0.67255,0.51261
1,0.56905,0.58624,5.1438e-05,0.30853,0.57734,0.69726,0.51261
1,0,1,0,0.31988,0.43106,0.7227,0.51261
1,0.65399,0.38783,0.00024741,0.30853,0.24201,0.74904,0.51261
1,0,1,0,0,0,0.77648,0.51261
1,1,0,0,0,0,0.80542,0.51261
1,1,1,0,0.30853,0.31355,0.8362,0.51261
1,1,0,0,0.30853,0.20923,0.86944,0.51261
1,0.94068,0.037099,1.296e-05,0.67336,0.26539,0.53361,0.52101
1,0.90276,0.076626,6.874e-08,0.58084,0.41427,0.55608,0.52101
1,0.83573,0.16734,1.5532e-06,0.58193,0.54896,0.57878,0.52101
1,0.69156,0.35036,8.2808e-05,0.30853,0.66027,0.60171,0.52101
1,0.59848,0.47881,0.00028776,0.30853,0.7518,0.62485,0.52101
1,0.6622,0.39329,1.7902e-05,0.30853,0.67566,0.64844,0.52101
1,0.74745,0.25656,0.00011813,0.30853,0.57974,0.67255,0.52101
1,0.60682,0.45132,0.00011474,0.30853,0.49101,0.69726,0.52101
1,0.49171,0.54869,0.0010309,0.30853,0.3797,0.7227,0.52101
1,0.73341,0.27221,0.00066781,0.30286,0.16327,0.74904,0.52101
1,1,0,0,0,0,0.8362,0.52101
1,1,0,0,0.30853,0.20923,0.86944,0.52101
1,1,0,0,0,0,0.90616,0.52101
1,0.98027,0.0082518,0.0017133,0.3993,0.24121,0.94822,0.52101
1,0.81627,0.16509,1.5941e-06,0.30853,0.20663,0.37515,0.52941
1,0.89611,0.076985,0.00020296,0.30853,0.26259,0.46639,0.52941
1,1,0,0,0.30853,0.26479,0.4888,0.52941
1,0.93236,0.040603,0.00038247,0.59219,0.26479,0.5112,0.52941
1,0.9446,0.040383,6.8558e-06,0.88785,0.36131,0.53361,0.52941
1,0.83016,0.15924,4.1925e-06,0.30853,0.504,0.55608,0.52941
1,0.74421,0.27091,2.7895e-05,0.30853,0.59532,0.57878,0.52941
1,0.63283,0.41729,0.00012476,0.30853,0.68845,0.60171,0.52941
1,0.59131,0.46964,7.4737e-05,0.30853,0.69824,0.62485,0.52941
1,0.66228,0.36067,3.7823e-06,0.30853,0.61291,0.64844,0.52941
1,1,0,0,0.30853,0.52318,0.67255,0.52941
1,0.62907,0.35535,0.00022762,0.30853,0.38129,0.69726,0.52941
1,0.5288,0.4919,0.0010068,0.30853,0.30036,0.7227,0.52941
1,1,0,0,0,0,0.74904,0.52941
1,1,0,0,0,0,0.77648,0.52941
1,1,0,0,0,0,0.80542,0.52941
1,1,1,0,0,0,0.8362,0.52941
1,1,0,0,0.30853,0.29756,0.86944,0.52941
1,0.98102,0.0076224,0.00087488,0.43945,0.32034,0.94822,0.52941
1,0.77717,0.1412,0.00059472,0.29893,0.21843,0.2773,0.53782
1,0.79907,0.15049,2.707e-05,0.73293,0.2494,0.30274,0.53782
1,0.82068,0.15719,4.8114e-06,0.88392,0.31355,0.32745,0.53782
1,0.7245,0.2799,1.0811e-06,0.30853,0.3689,0.35156,0.53782
1,0.86037,0.14151,1.5118e-06,0.76369,0.36631,0.37515,0.53782
1,0.88735,0.11149,2.4396e-06,0.65263,0.31595,0.39829,0.53782
1,0.87396,0.129,2.0203e-06,0.30853,0.29936,0.42122,0.53782
1,0.88083,0.12378,5.5927e-06,0.30853,0.33413,0.44392,0.53782
1,0.86381,0.1361,0.0001042,0.30853,0.40987,0.46639,0.53782
1,0.84836,0.12981,0.0009482,0.30853,0.44824,0.4888,0.53782
1,0.8676,0.11658,0.00017378,0.30853,0.44824,0.5112,0.53782
1,0.91173,0.080071,4.2739e-06,0.80449,0.47842,0.53361,0.53782
1,0.79871,0.20692,5.9785e-06,0.42963,0.56335,0.55608,0.53782
1,0.671,0.36385,8.4253e-05,0.30853,0.65667,0.57878,0.53782
1,0.55005,0.51346,0.00027358,0.30853,0.73621,0.60171,0.53782
1,0.56105,0.49043,2.0688e-05,0.30853,0.65727,0.62485,0.53782
1,0.63539,0.36817,2.8871e-06,0.30853,0.54936,0.64844,0.53782
1,0.72884,0.20911,0.00029727,0.30853,0.43185,0.67255,0.53782
1,0.60543,0.34483,0.00033881,0.30853,0.29376,0.69726,0.53782
1,0,1,0,0,0,0.7227,0.53782
1,1,0,0,0,0,0.74904,0.53782
1,1,0,0,0,0,0.77648,0.53782
1,1,0,0,0,0,0.80542,0.53782
1,1,1,0,0,0,0.8362,0.53782
1,1,0,0,0.30853,0.32894,0.86944,0.53782
1,0.98394,0.010799,0.00084995,0.30853,0.2546,0.90616,0.53782
1,0.97685,0.0096165,0.00051322,0.30853,0.38549,0.94822,0.53782
1,0.88174,0.054267,0.0032016,0.60026,0.24201,0.25096,0.54622
1,0.73984,0.18879,0.00025443,0.30853,0.36011,0.2773,0.54622
1,0.64457,0.32205,2.3354e-05,0.30853,0.42346,0.30274,0.54622
1,0.69068,0.31492,3.4463e-06,0.57626,0.44504,0.32745,0.54622
1,0.66654,0.38091,4.4689e-06,0.31988,0.4944,0.35156,0.54622
1,0.73144,0.3268,5.4993e-06,0.30853,0.4986,0.37515,0.54622
1,0.80362,0.24284,6.978e-06,0.30853,0.45723,0.39829,0.54622
1,0.83718,0.20985,1.5022e-05,0.30853,0.45304,0.42122,0.54622
1,0.835,0.22405,4.7913e-05,0.30853,0.49281,0.44392,0.54622
1,0.81365,0.24176,0.00020235,0.30853,0.53617,0.46639,0.54622
1,0.79196,0.24335,0.00062036,0.30853,0.57754,0.4888,0.54622
1,0.79946,0.23254,0.00024868,0.30853,0.57754,0.5112,0.54622
1,0.82983,0.19408,7.3664e-06,0.63299,0.59233,0.53361,0.54622
1,0.70582,0.3301,7.2106e-05,0.30853,0.64309,0.55608,0.54622
1,0.59,0.46273,0.00020707,0.30853,0.71123,0.57878,0.54622
1,0.49205,0.5748,0.00024532,0.30853,0.73921,0.60171,0.54622
1,0.50158,0.55135,9.8537e-06,0.30853,0.63849,0.62485,0.54622
1,0.56401,0.44198,2.5652e-06,0.30853,0.51639,0.64844,0.54622
1,0.63896,0.29981,0.00011164,0.30853,0.35112,0.67255,0.54622
1,0.53117,0.40419,0.00079861,0,0.16427,0.69726,0.54622
1,1,0,0,0,0,0.77648,0.54622
1,1,0,0,0,0,0.80542,0.54622
1,1,1,0,0,0,0.8362,0.54622
1,1,0,0,0.30853,0.28377,0.86944,0.54622
1,0.9814,0.012579,0.00027205,0.30853,0.3755,0.90616,0.54622
1,0.97435,0.011004,0.00029168,0.30853,0.44145,0.94822,0.54622
1,0.98443,0.0034879,0.0016799,0.48244,0.16707,1,0.54622
1,1,0,0,0,0,0.22352,0.55462
1,1,0,0,0.30853,0.39189,0.25096,0.55462
1,0.6805,0.2625,0.0002375,0.30853,0.47662,0.2773,0.55462
1,0.55746,0.44336,8.9176e-05,0.30853,0.54576,0.30274,0.55462
1,0.55363,0.49805,3.6298e-05,0.30853,0.55995,0.32745,0.55462
1,0.59454,0.49739,3.6035e-05,0.30853,0.60272,0.35156,0.55462
1,0.67035,0.43711,6.1029e-05,0.30853,0.60991,0.37515,0.55462
1,0.75228,0.34865,8.7293e-05,0.30853,0.57734,0.39829,0.55462
1,0.78737,0.32098,0.00019841,0.30853,0.57634,0.42122,0.55462
1,0.77506,0.35827,0.0005605,0.30853,0.61191,0.44392,0.55462
1,0.74814,0.38554,0.001007,0.30853,0.63689,0.46639,0.55462
1,0.71035,0.40691,0.001631,0.30853,0.68245,0.4888,0.55462
1,0.70782,0.39163,0.0011084,0.30853,0.68305,0.5112,0.55462
1,0.68346,0.39554,0.00062363,0.30853,0.69205,0.53361,0.55462
1,0.61315,0.45168,0.00047037,0.30853,0.72522,0.55608,0.55462
1,0.49833,0.5688,0.00060294,0.30853,0.77498,0.57878,0.55462
1,0.43064,0.63949,0.00020756,0.30853,0.73921,0.60171,0.55462
1,0.41949,0.64299,8.5036e-06,0.30853,0.63849,0.62485,0.55462
1,0.45494,0.57228,1.6485e-06,0.30853,0.51639,0.64844,0.55462
1,0.50004,0.47328,5.3939e-05,0.30853,0.35112,0.67255,0.55462
1,1,0,0,0,0,0.69726,0.55462
1,1,0,0,0,0,0.77648,0.55462
1,1,1,0,0.48134,0.22542,0.80542,0.55462
1,1,1,0,0,0,0.8362,0.55462
1,0.97869,0.062465,0.0019131,0.30853,0.19584,0.86944,0.55462
1,0.97559,0.017256,0.00011366,0.30853,0.45943,0.90616,0.55462
1,0.97096,0.013059,0.00018265,0.30853,0.48661,0.94822,0.55462
1,0.98727,0.0028446,0.00096598,0.67838,0.2544,1,0.55462
1,0.87486,0.06329,0.0017495,0.74078,0.34792,0.25096,0.56303
1,0.6433,0.30317,0.00033346,0.30853,0.495,0.2773,0.56303
1,0.50157,0.5178,0.00020805,0.30853,0.58074,0.30274,0.56303
1,0.50301,0.57198,9.7749e-05,0.30853,0.60332,0.32745,0.56303
1,0.54749,0.56978,0.00013115,0.30853,0.66127,0.35156,0.56303
1,0.60938,0.53393,0.00044624,0.30853,0.70404,0.37515,0.56303
1,0.69719,0.45096,0.00062758,0.30853,0.67886,0.39829,0.56303
1,0.73233,0.43302,0.0011217,0.30853,0.67926,0.42122,0.56303
1,0.70989,0.49077,0.0019299,0.30853,0.70703,0.44392,0.56303
1,0.66624,0.54398,0.0025316,0.30853,0.72822,0.46639,0.56303
1,0.62244,0.56611,0.003131,0.30853,0.75859,0.4888,0.56303
1,0.6032,0.5524,0.0030585,0.30853,0.77438,0.5112,0.56303
1,0.58269,0.53148,0.0024313,0.30853,0.78038,0.53361,0.56303
1,0.51993,0.56199,0.001948,0.30853,0.80396,0.55608,0.56303
1,0.43998,0.62965,0.00075414,0.30853,0.79337,0.57878,0.56303
1,0.36294,0.71045,0.00020176,0.30853,0.7456,0.60171,0.56303
1,0.32907,0.74286,1.0518e-05,0.30853,0.64808,0.62485,0.56303
1,0.33363,0.71851,1.0162e-06,0.30853,0.53357,0.64844,0.56303
1,0.34315,0.6831,2.9109e-05,0.30853,0.39768,0.67255,0.56303
1,0.32222,0.71865,0.00020828,0.30853,0.25639,0.69726,0.56303
1,0,1,0,0,0,0.7227,0.56303
1,1,0,0,0,0,0.74904,0.56303
1,1,0,0,0.75955,0.29896,0.77648,0.56303
1,1,1,0,0.30853,0.20104,0.80542,0.56303
1,1,1,0,0,0,0.8362,0.56303
1,0.96691,0.059957,0.0015517,0.30853,0.19584,0.86944,0.56303
1,0.96848,0.022557,8.3853e-05,0.30853,0.5056,0.90616,0.56303
1,0.96595,0.016497,0.0001226,0.30853,0.52938,0.94822,0.56303
1,0.98512,0.0034326,0.00057452,0.64041,0.32034,1,0.56303
1,0.86157,0.064298,0.0019659,0.68645,0.24201,0.25096,0.57143
1,0.71442,0.22433,0.00019715,0.66398,0.39968,0.2773,0.57143
1,0.51269,0.49536,0.00018333,0.30853,0.46763,0.30274,0.57143
1,0.52821,0.53749,6.0734e-05,0.30853,0.5032,0.32745,0.57143
1,0.59438,0.51252,3.9448e-05,0.30853,0.56855,0.35156,0.57143
1,0.663,0.46972,0.00013477,0.30853,0.6235,0.37515,0.57143
1,0.69316,0.46909,0.00099011,0.30853,0.69584,0.39829,0.57143
1,0.79389,0.37334,0.00047162,0.6954,0.69764,0.42122,0.57143
1,0.81202,0.38923,0.00034583,0.73293,0.65907,0.44392,0.57143
1,0.80405,0.42869,0.00017877,0.83177,0.64888,0.46639,0.57143
1,0.70619,0.53809,0.00076594,0.63037,0.66986,0.4888,0.57143
1,0.60251,0.58771,0.0016895,0.30853,0.71223,0.5112,0.57143
1,0.56134,0.56586,0.0018755,0.30853,0.75719,0.53361,0.57143
1,0.5166,0.56074,0.0009599,0.30853,0.75959,0.55608,0.57143
1,0.56002,0.50405,7.1987e-06,0.79293,0.72182,0.57878,0.57143
1,0.38639,0.69183,5.2552e-06,0.57757,0.66946,0.60171,0.57143
1,0.25247,0.82151,7.3618e-06,0.30853,0.63709,0.62485,0.57143
1,0.21848,0.84628,7.7036e-07,0.30853,0.58054,0.64844,0.57143
1,0.21129,0.84218,2.2772e-05,0.30853,0.45983,0.67255,0.57143
1,0.21591,0.86112,8.7485e-05,0.30853,0.25639,0.69726,0.57143
1,1,1,0,0,0,0.74904,0.57143
1,1,1,0,0.65459,0.24341,0.77648,0.57143
1,1,0,0,0.30853,0.249,0.80542,0.57143
1,0,1,0,0,0,0.8362,0.57143
1,1,0,0,0.30853,0.19584,0.86944,0.57143
1,0.96426,0.02342,8.5326e-05,0.30853,0.5056,0.90616,0.57143
1,0.96979,0.012288,0.0001554,0.30853,0.47982,0.94822,0.57143
1,0.98308,0.0041656,0.0003691,0.64041,0.3775,1,0.57143
1,0.67254,0.24795,0.00083962,0.51887,0.26859,0.2773,0.57983
1,0.56237,0.43243,0.0003302,0.56142,0.31755,0.30274,0.57983
1,0.54192,0.51454,7.1118e-05,0.30853,0.39768,0.32745,0.57983
1,0.64193,0.44457,1.7616e-05,0.30853,0.45424,0.35156,0.57983
1,0.70787,0.40813,5.2122e-05,0.30853,0.54396,0.37515,0.57983
1,0.7386,0.40966,0.00057543,0.30853,0.63169,0.39829,0.57983
1,0.8745,0.24277,0.00011095,0.89963,0.61591,0.42122,0.57983
1,0.8812,0.28611,3.8019e-05,0.89963,0.55556,0.44392,0.57983
1,0.84631,0.40611,1.5155e-05,0.89963,0.53697,0.46639,0.57983
1,0.79127,0.48135,1.9513e-05,0.89963,0.57194,0.4888,0.57983
1,0.73054,0.48706,5.6528e-05,0.78638,0.6233,0.5112,0.57983
1,0.57277,0.56196,0.00074309,0.30853,0.68685,0.53361,0.57983
1,0.54068,0.52046,0.00019522,0.30853,0.67826,0.55608,0.57983
1,0.56368,0.47655,7.06e-07,0.76631,0.6309,0.57878,0.57983
1,0.32754,0.74523,5.8864e-07,0.46345,0.58034,0.60171,0.57983
1,0.2121,0.85855,2.118e-07,0.30853,0.52938,0.62485,0.57983
1,0.17048,0.88918,4.1622e-07,0.30853,0.47782,0.64844,0.57983
1,0.1524,0.89699,7.7719e-05,0.30853,0.39768,0.67255,0.57983
1,0.13833,0.93495,4.5682e-05,0.30853,0.25639,0.69726,0.57983
1,1,1,0,0.89963,0.32014,0.77648,0.57983
1,0.81409,0.45524,0.0018091,0,0.18445,0.8362,0.57983
1,0.93597,0.059839,0.00051103,0.30853,0.28497,0.86944,0.57983
1,0.95679,0.027673,9.172e-05,0.30853,0.52218,0.90616,0.57983
1,0.97232,0.0095189,0.00023279,0.30853,0.42226,0.94822,0.57983
1,0.97822,0.0055837,0.0004559,0.48484,0.36551,1,0.57983
1,0.55487,0.48964,0.0002354,0.30853,0.2496,0.32745,0.58824
1,0.67847,0.3872,1.9649e-05,0.30853,0.32854,0.35156,0.58824
1,0.82556,0.24445,1.8435e-05,0.75911,0.46123,0.37515,0.58824
1,0.8452,0.25502,8.0679e-05,0.74755,0.56894,0.39829,0.58824
1,0.90162,0.18884,0.000196,0.89963,0.53377,0.42122,0.58824
1,0.90485,0.25278,5.9134e-05,0.89963,0.43805,0.44392,0.58824
1,0.86263,0.42229,2.1289e-05,0.89963,0.39528,0.46639,0.58824
1,0.78966,0.53877,8.945e-06,0.89963,0.45863,0.4888,0.58824
1,0.75382,0.48688,5.1951e-06,0.84006,0.53177,0.5112,0.58824
1,0.58857,0.54901,0.0002487,0.30853,0.60432,0.53361,0.58824
1,0.57942,0.44973,3.1364e-05,0.30853,0.57494,0.55608,0.58824
1,0.44603,0.57331,5.8536e-06,0.30853,0.53098,0.57878,0.58824
1,0.26151,0.80472,1.1114e-06,0.30853,0.48741,0.60171,0.58824
1,0.17687,0.88695,9.9708e-08,0.30853,0.39628,0.62485,0.58824
1,0.13118,0.92045,3.2547e-07,0.30853,0.3689,0.64844,0.58824
1,0,1,0,0.30853,0.2496,0.67255,0.58824
1,0,1,0,0,0,0.7227,0.58824
1,1,0,0,0.88261,0.24341,0.77648,0.58824
1,1,0,0,0,0,0.8362,0.58824
1,0.92693,0.060467,0.00019759,0.30853,0.32894,0.86944,0.58824
1,0.94483,0.037183,0.00010396,0.30853,0.55456,0.90616,0.58824
1,0.97277,0.0083751,0.00037862,0.30853,0.3691,0.94822,0.58824
1,0.97306,0.0072067,0.0007678,0.30853,0.33153,1,0.58824
1,0.69639,0.35784,5.7995e-05,0.30024,0.22022,0.35156,0.59664
1,0.82384,0.24103,1.8031e-05,0.65219,0.39269,0.37515,0.59664
1,0.87433,0.19392,9.4105e-05,0.68099,0.44105,0.39829,0.59664
1,0.89269,0.18876,0.00043484,0.58717,0.41127,0.42122,0.59664
1,0.89534,0.2916,0.00014398,0.70041,0.30975,0.44392,0.59664
1,0.8046,0.57718,0.00029199,0.5348,0.17446,0.46639,0.59664
1,0.71671,0.68593,0.00015152,0.68689,0.30635,0.4888,0.59664
1,0.70308,0.58259,1.3806e-05,0.66398,0.43725,0.5112,0.59664
1,0.64,0.49279,3.0241e-05,0.47371,0.5014,0.53361,0.59664
1,0.71608,0.26391,1.649e-05,0.69823,0.44604,0.55608,0.59664
1,0.5837,0.38761,7.9286e-05,0.77089,0.40528,0.57878,0.59664
1,0.23206,0.82669,2.1111e-05,0.30853,0.32954,0.60171,0.59664
1,0.14534,0.90936,3.0947e-06,0.30853,0.23661,0.62485,0.59664
1,0,1,0,0,0,0.67255,0.59664
1,0.11912,0.9502,0.00017792,0.76849,0.2494,0.69726,0.59664
1,1,0,0,0.89963,0.32014,0.77648,0.59664
1,0.91732,0.060747,0.00014453,0.30853,0.35392,0.86944,0.59664
1,0.93161,0.0486,0.00012656,0.30853,0.57974,0.90616,0.59664
1,0.97067,0.0087874,0.00058348,0.30853,0.33933,0.94822,0.59664
1,0.97089,0.0079614,0.00087467,0.30853,0.32714,1,0.59664
1,0,1,0,0,0,0.30274,0.60504
1,0.79894,0.26132,4.7464e-05,0.30853,0.27178,0.37515,0.60504
1,0.86457,0.19086,0.00028229,0.30853,0.25679,0.39829,0.60504
1,1,0,0,0.30853,0.25999,0.42122,0.60504
1,0.85987,0.37331,0.00087187,0.30853,0.17126,0.44392,0.60504
1,0,1,0,0,0,0.4888,0.60504
1,0.63033,0.6717,9.2514e-05,0.30853,0.30735,0.5112,0.60504
1,0.6032,0.53206,4.1818e-05,0.30853,0.40947,0.53361,0.60504
1,1,0,0,0.56535,0.26219,0.55608,0.60504
1,1,0,0,0.70609,0.2552,0.57878,0.60504
1,0.14219,0.91621,1.4265e-05,0.7938,0.22282,0.64844,0.60504
1,0.1252,0.93446,0.00030861,0.89963,0.34173,0.67255,0.60504
1,0.08782,0.96844,0.00014538,0.84573,0.3765,0.69726,0.60504
1,0.089588,0.97098,4.6275e-05,0.56622,0.26859,0.7227,0.60504
1,1,0,0,0.82981,0.24341,0.77648,0.60504
1,1,0,0,0,0,0.80542,0.60504
1,0.9039,0.06647,0.00011732,0.30853,0.3801,0.86944,0.60504
1,0.91902,0.059481,0.00017302,0.30853,0.59253,0.90616,0.60504
1,0.96596,0.010723,0.00081186,0.30853,0.33933,0.94822,0.60504
1,0.96943,0.0082914,0.0013583,0.30853,0.28337,1,0.60504
1,1,1,0,0,0,0.46639,0.61345
1,0.61911,0.68972,7.0763e-05,0.30853,0.26519,0.5112,0.61345
1,0.55264,0.60164,3.264e-05,0.30853,0.39448,0.53361,0.61345
1,0,1,0,0,0,0.57878,0.61345
1,0,1,0,0.66921,0.26839,0.60171,0.61345
1,0.075995,0.96896,2.039e-05,0.53131,0.33573,0.62485,0.61345
1,0.10925,0.94871,3.9745e-06,0.89374,0.39149,0.64844,0.61345
1,0.057578,0.97625,5.8383e-05,0.63648,0.26319,0.67255,0.61345
1,0.031465,0.98977,4.4135e-05,0.30853,0.18106,0.69726,0.61345
1,0,1,0,0,0,0.7227,0.61345
1,0,1,0,0.30853,0.24201,0.74904,0.61345
1,1,0,0,0.72922,0.24341,0.77648,0.61345
1,0.88934,0.073417,0.00011397,0.30853,0.3801,0.86944,0.61345
1,0.9081,0.068212,0.00029525,0.30853,0.59253,0.90616,0.61345
1,0.95931,0.01393,0.00117,0.30853,0.34472,0.94822,0.61345
1,0.96793,0.0086088,0.0027953,0.30853,0.19145,1,0.61345
1,0.49793,0.49959,0.0015413,0.63888,0.2494,0.30274,0.62185
1,0.61959,0.41306,0.00025189,0.65197,0.244,0.32745,0.62185
1,0.63341,0.66563,9.1573e-05,0.30853,0.17786,0.5112,0.62185
1,0.52081,0.64171,2.9079e-05,0.30853,0.33553,0.53361,0.62185
1,0.19921,0.86697,0.0001127,0.54244,0.27418,0.57878,0.62185
1,0.088285,0.95649,0.00020307,0.30853,0.19504,0.60171,0.62185
1,0.041928,0.98664,3.274e-05,0.30853,0.3759,0.62485,0.62185
1,0.030891,0.98994,4.539e-06,0.30853,0.3689,0.64844,0.62185
1,0.029601,0.98893,2.584e-05,0,0.19664,0.67255,0.62185
1,0,1,0,0,0,0.7227,0.62185
1,0.18058,0.89701,0.00026045,0.65547,0.17686,0.74904,0.62185
1,0.75511,0.1877,0.00024319,0.79969,0.28058,0.77648,0.62185
1,1,0,0,0,0,0.80542,0.62185
1,0.87042,0.084636,0.00018856,0.30853,0.35392,0.86944,0.62185
1,0.89697,0.07738,0.00066064,0.30853,0.58693,0.90616,0.62185
1,0.94778,0.020869,0.0013064,0.30853,0.38549,0.94822,0.62185
1,0.29863,0.016256,0.46111,0.30853,0.17706,0,0.63025
1,0.62632,0.38414,0.00039775,0.48898,0.15308,0.32745,0.63025
1,0.78442,0.24986,3.6989e-05,0.69889,0.2502,0.35156,0.63025
1,0,1,0,0.50862,0.18745,0.57878,0.63025
1,0.042695,0.98484,9.7931e-05,0.30853,0.27178,0.62485,0.63025
1,0.026957,0.98792,0.00018682,0,0.13869,0.7227,0.63025
1,0,1,0,0.89963,0.29876,0.74904,0.63025
1,0.5835,0.36171,9.8631e-05,0.67249,0.2488,0.77648,0.63025
1,0.8292,0.12205,0.00037746,0.30853,0.35392,0.86944,0.63025
1,0.88245,0.091936,0.0017146,0.30853,0.58693,0.90616,0.63025
1,0.93117,0.032875,0.0013752,0.30853,0.42926,0.94822,0.63025
1,0.29174,0.014622,0.43986,0.45625,0.2508,0,0.63866
1,0,1,0,0,0,0.55608,0.63866
1,0,1,0,0,0,0.67255,0.63866
1,0.023199,0.99117,9.8416e-05,0,0.22142,0.7227,0.63866
1,0,1,0,0.72682,0.25739,0.74904,0.63866
1,0.75958,0.19486,0.00086396,0.30853,0.35392,0.86944,0.63866
1,1,0,0,0.30853,0.58693,0.90616,0.63866
1,0.90902,0.051531,0.0014478,0.30853,0.46423,0.94822,0.63866
1,0.2875,0.011974,0.47697,0.49073,0.21583,0,0.64706
1,0,1,0,0,0,0.60171,0.64706
1,0,1,0,0,0,0.62485,0.64706
1,0,1,0,0.35457,0.14448,0.64844,0.64706
1,0.045096,0.97857,0.00016199,0.59939,0.22142,0.7227,0.64706
1,0,1,0,0.30853,0.25739,0.74904,0.64706
1,0.64614,0.32632,0.0018116,0.30853,0.36331,0.86944,0.64706
1,1,0,0,0.61423,0.58873,0.90616,0.64706
1,0.87985,0.079391,0.0014809,0.30853,0.49241,0.94822,0.64706
1,0,1,0,0,0,0.62485,0.65546
1,0,1,0,0,0,0.69726,0.65546
1,0.03252,0.98654,2.4517e-05,0.30853,0.36331,0.7227,0.65546
1,0.044087,0.97896,6.8466e-05,0.30853,0.3785,0.74904,0.65546
1,0.28075,0.70628,2.0543e-05,0.6823,0.19185,0.77648,0.65546
1,1,0,0,0,0,0.8362,0.65546
1,0.51383,0.50047,0.0021343,0.518,0.42626,0.86944,0.65546
1,0.7876,0.21446,0.0014334,0.60812,0.60532,0.90616,0.65546
1,0.84704,0.11244,0.0016599,0.30853,0.498,0.94822,0.65546
1,0.095433,0.9279,0.0006237,0.30853,0.18106,0.69726,0.66387
1,0.041587,0.98028,4.2853e-05,0.30853,0.42346,0.7227,0.66387
1,0.073904,0.96089,2.031e-05,0.72878,0.44464,0.74904,0.66387
1,0.15041,0.85181,2.852e-05,0,0.19185,0.77648,0.66387
1,0.54977,0.42759,0.0037306,0.16125,0.14528,0.8362,0.66387
1,0,1,0,0.55597,0.46223,0.86944,0.66387
1,0.67157,0.36081,0.00075864,0.55531,0.63469,0.90616,0.66387
1,0.84119,0.12539,0.0014102,0.5623,0.5028,0.94822,0.66387
1,0.92264,0.033647,0.0094837,0.30853,0.17706,1,0.66387
1,0.1707,0.85723,0.00017461,0.68296,0.27078,0.69726,0.67227
1,0.090366,0.94639,8.6314e-06,0.70543,0.47282,0.7227,0.67227
1,0.061284,0.96552,9.1731e-05,0.51015,0.48341,0.74904,0.67227
1,0.12218,0.89532,1.4909e-05,0.30853,0.30476,0.77648,0.67227
1,0.37008,0.65363,0.00056377,0.30853,0.33233,0.8362,0.67227
1,0.26708,0.79375,0.0014221,0.30853,0.48741,0.86944,0.67227
1,0.54613,0.51243,0.00042089,0.52564,0.66647,0.90616,0.67227
1,0.7855,0.18634,0.0014047,0.52411,0.52058,0.94822,0.67227
1,0.90527,0.046226,0.0065941,0.30853,0.28177,1,0.67227
1,0,1,0,0,0,0.64844,0.68067
1,0.23841,0.77316,0.00021048,0.62732,0.27078,0.69726,0.68067
1,0.11152,0.91899,7.6235e-05,0.53764,0.47282,0.7227,0.68067
1,0.098916,0.93431,0.00020886,0.74427,0.53857,0.74904,0.68067
1,0.08946,0.93632,8.2394e-06,0.30853,0.41827,0.77648,0.68067
1,0.17855,0.84651,0.00062986,0.30853,0.34253,0.80542,0.68067
1,0.21732,0.83739,0.00016845,0.30853,0.45164,0.8362,0.68067
1,0.21139,0.85381,0.00042836,0.30853,0.53757,0.86944,0.68067
1,0.39896,0.67269,0.00035857,0.30853,0.68605,0.90616,0.68067
1,0.68345,0.29812,0.0015309,0.30853,0.54776,0.94822,0.68067
1,0.89243,0.055311,0.0083605,0.30853,0.27418,1,0.68067
1,0.27267,0.77336,0.0010964,0.30853,0.27618,0.64844,0.68908
1,0.28455,0.7359,0.00074084,0.30853,0.28837,0.67255,0.68908
1,0.41049,0.57913,0.0002666,0.82261,0.34972,0.69726,0.68908
1,0.21419,0.81278,4.5583e-05,0.73402,0.49341,0.7227,0.68908
1,0,1,0,0.87825,0.60052,0.74904,0.68908
1,0.076833,0.95501,1.2466e-06,0.49553,0.52238,0.77648,0.68908
1,0,1,0,0.30853,0.46643,0.80542,0.68908
1,0.12783,0.9267,6.513e-05,0.30853,0.53357,0.8362,0.68908
1,0.15892,0.90055,0.00015444,0.30853,0.59652,0.86944,0.68908
1,0.31371,0.76581,0.00021039,0.30853,0.71423,0.90616,0.68908
1,0.60608,0.39184,0.0013386,0.30853,0.58074,0.94822,0.68908
1,0.87964,0.064401,0.010381,0.30853,0.26739,1,0.68908
1,0.84397,0.11927,0.00013855,0.69365,0.25999,0.57878,0.69748
1,1,0,0,0.73445,0.25679,0.60171,0.69748
1,0.39774,0.61731,0.00080396,0.30853,0.30296,0.64844,0.69748
1,0.37617,0.63392,0.0013478,0.30853,0.43905,0.67255,0.69748
1,0.38243,0.60013,0.0017598,0.30853,0.48062,0.69726,0.69748
1,0.40032,0.61829,3.3191e-05,1,0.55735,0.7227,0.69748
1,0.19021,0.86038,0.0001227,1,0.66007,0.74904,0.69748
1,0.071522,0.96417,8.1757e-07,0.63648,0.60532,0.77648,0.69748
1,0.067247,0.96715,0.0001249,0.30853,0.56375,0.80542,0.69748
1,0.079779,0.963,2.7672e-05,0.30853,0.60192,0.8362,0.69748
1,0.12142,0.92879,7.296e-05,0.30853,0.65667,0.86944,0.69748
1,0.2487,0.83161,0.00011478,0.30853,0.7482,0.90616,0.69748
1,0.52454,0.49314,0.0011942,0.30853,0.61651,0.94822,0.69748
1,0.86746,0.072965,0.012226,0.30853,0.26739,1,0.69748
1,1,0,0,0.51604,0.26379,0.53361,0.70588
1,1,0,0,0.46956,0.26579,0.55608,0.70588
1,0.80059,0.16697,0.00079613,0.30853,0.39968,0.57878,0.70588
1,0.77425,0.18068,0.00087525,0.57168,0.38469,0.60171,0.70588
1,0.61705,0.35104,0.0004251,0.30853,0.33573,0.62485,0.70588
1,0.52254,0.46678,0.00085227,0.30853,0.3713,0.64844,0.70588
1,0.4995,0.4896,0.0026083,0.30853,0.5056,0.67255,0.70588
1,0.65839,0.31277,6.1042e-05,0.89112,0.58913,0.69726,0.70588
1,0.48599,0.52524,2.5503e-06,1,0.63389,0.7227,0.70588
1,0.21756,0.84514,1.2376e-05,1,0.70903,0.74904,0.70588
1,0.09331,0.95482,8.6028e-07,0.87672,0.67886,0.77648,0.70588
1,0,1,0,0.30853,0.64668,0.80542,0.70588
1,0.055474,0.97712,2.0176e-05,0.30853,0.66886,0.8362,0.70588
1,0.10036,0.94222,8.6948e-05,0.30853,0.71483,0.86944,0.70588
1,0.20406,0.87318,5.7149e-05,0.30853,0.78577,0.90616,0.70588
1,0.46606,0.56268,0.0016014,0.30853,0.6197,0.94822,0.70588
1,0.85592,0.08098,0.01283,0.30853,0.28657,1,0.70588
1,0,0,1,0,0,0,0.71429
1,1,0,0,0,0,0.55608,0.71429
1,0.86713,0.092412,0.0004208,0.30853,0.26659,0.57878,0.71429
1,0.76541,0.19175,0.0013491,0.30853,0.42066,0.60171,0.71429
1,0.65604,0.32573,0.0015937,0.30853,0.48701,0.62485,0.71429
1,0.60705,0.3819,0.0020806,0.30853,0.4976,0.64844,0.71429
1,0.69765,0.278,0.00071417,0.68274,0.57154,0.67255,0.71429
1,1,0,0,1,0.66567,0.69726,0.71429
1,0.56844,0.43151,1.271e-06,1,0.71023,0.7227,0.71429
1,0.24996,0.82523,1.4798e-06,1,0.76479,0.74904,0.71429
1,0.04342,0.98355,2.8903e-05,0.53437,0.747,0.77648,0.71429
1,0.023946,0.99297,0.00048025,0.30853,0.71982,0.80542,0.71429
1,0,1,0,0.30853,0.73241,0.8362,0.71429
1,0,1,0,0.30853,0.77038,0.86944,0.71429
1,0.18704,0.88654,3.1821e-05,0.30853,0.80156,0.90616,0.71429
1,0.40984,0.6305,0.0024448,0.30853,0.6283,0.94822,0.71429
1,0.8439,0.089637,0.010859,0.30853,0.33933,1,0.71429
1,0,0,1,0,0,0,0.72269
1,0.88675,0.072528,0.00058072,0,0.16607,0.57878,0.72269
1,0.836,0.11593,0.00043528,0.30853,0.31595,0.60171,0.72269
1,0.7573,0.20618,0.0010198,0.30853,0.44225,0.62485,0.72269
1,0.70135,0.2806,0.0033191,0.30853,0.54137,0.64844,0.72269
1,0.84973,0.13186,0.00016602,0.97273,0.64229,0.67255,0.72269
1,0.83701,0.12506,0.00027131,1,0.71703,0.69726,0.72269
1,0.63966,0.34817,2.9753e-05,1,0.78257,0.7227,0.72269
1,0.28481,0.80216,6.1559e-07,0.99913,0.82294,0.74904,0.72269
1,0.040841,0.98528,0.00013842,0.53437,0.81055,0.77648,0.72269
1,0.025344,0.99175,0.00068663,0.61815,0.78617,0.80542,0.72269
1,0.037593,0.98642,5.3625e-05,0.30853,0.79217,0.8362,0.72269
1,0.079568,0.96104,6.1014e-05,0.30853,0.82314,0.86944,0.72269
1,0.18822,0.88273,1.8131e-05,0.30853,0.80995,0.90616,0.72269
1,0.35522,0.69621,0.0043765,0.30853,0.64249,0.94822,0.72269
1,0.83897,0.091929,0.010136,0.30853,0.3691,1,0.72269
1,0.88581,0.069571,0.0002491,0.30853,0.15887,0.60171,0.73109
1,0.85041,0.10443,0.00049718,0.30853,0.32174,0.62485,0.73109
1,0.81174,0.15548,0.0025191,0.30853,0.48122,0.64844,0.73109
1,0.93061,0.047673,2.5943e-05,1,0.57154,0.67255,0.73109
1,0.91483,0.046519,4.4657e-05,1,0.65508,0.69726,0.73109
1,0.76727,0.18766,5.8478e-05,1,0.745,0.7227,0.73109
1,0.34867,0.7381,1.0885e-06,1,0.83433,0.74904,0.73109
1,0.042133,0.98464,0.0006295,0.53437,0.8699,0.77648,0.73109
1,0,1,0,0.62601,0.84732,0.80542,0.73109
1,0.038579,0.98594,0.00017617,0.30853,0.84852,0.8362,0.73109
1,0.076622,0.96651,5.1439e-05,0.30853,0.8733,0.86944,0.73109
1,0.20345,0.86482,9.1224e-06,0.30853,0.82114,0.90616,0.73109
1,0,1,0,0.30853,0.66147,0.94822,0.73109
1,0.83807,0.091025,0.0085088,0.30853,0.40867,1,0.73109
1,0.89759,0.062959,0.00056217,0.30853,0.2532,0.62485,0.7395
1,0.89038,0.074696,0.0018806,0.32206,0.3713,0.64844,0.7395
1,0.96657,0.018906,2.5e-05,1,0.48821,0.67255,0.7395
1,0.95607,0.017774,2.146e-05,1,0.60512,0.69726,0.7395
1,1,0,0,1,0.71343,0.7227,0.7395
1,0.43318,0.63999,1.0097e-06,1,0.81335,0.74904,0.7395
1,0.064225,0.97447,0.0010607,0.741,0.90707,0.77648,0.7395
1,0.021389,0.99229,0.0022386,0.61903,0.90408,0.80542,0.7395
1,0,1,0,0.40367,0.90168,0.8362,0.7395
1,0.084905,0.96325,0.00014125,0.34977,0.92106,0.86944,0.7395
1,0.23484,0.82806,4.0365e-06,0.30853,0.83533,0.90616,0.7395
1,0.38268,0.64353,0.0029947,0.30853,0.68325,0.94822,0.7395
1,0.84174,0.086657,0.006515,0.30853,0.45224,1,0.7395
1,0.9293,0.04043,0.0031929,0.3225,0.22282,0.64844,0.7479
1,0.98054,0.011036,3.6188e-05,1,0.43625,0.67255,0.7479
1,0.9742,0.0091983,4.8523e-05,1,0.58094,0.69726,0.7479
1,0.89835,0.061304,5.9492e-05,1,0.69964,0.7227,0.7479
1,0.50492,0.55856,1.2459e-06,1,0.80456,0.74904,0.7479
1,0,1,0,0.92538,0.90088,0.77648,0.7479
1,0,1,0,0.78093,0.95743,0.80542,0.7479
1,0.058967,0.97868,0.00048906,0.66048,0.95204,0.8362,0.7479
1,0.10955,0.94842,0.00032097,0.47196,0.96543,0.86944,0.7479
1,0.28434,0.76709,2.0023e-06,0.30853,0.85152,0.90616,0.7479
1,0.47717,0.51091,0.0011371,0.30853,0.70124,0.94822,0.7479
1,0.85083,0.07821,0.0048346,0.30853,0.49101,1,0.7479
1,0.96375,0.017861,0.00013496,0.70565,0.2532,0.62485,0.7563
1,1,0,0,0.31639,0.33074,0.64844,0.7563
1,1,0,0,1,0.46443,0.67255,0.7563
1,0.98071,0.0078191,0.00017677,1,0.59333,0.69726,0.7563
1,0.92595,0.042885,1.2459e-05,1,0.70663,0.7227,0.7563
1,0.56283,0.49847,1.6395e-06,1,0.80895,0.74904,0.7563
1,0.12709,0.94111,0.00051469,0.9784,0.90408,0.77648,0.7563
1,0.025939,0.99259,0.0025764,0.70936,0.9946,0.80542,0.7563
1,0.044819,0.98676,0.0021225,0.44316,1,0.8362,0.7563
1,0.12773,0.93061,0.0010334,0.30853,0.97962,0.86944,0.7563
1,0.38903,0.64446,8.8986e-07,0.50142,0.86711,0.90616,0.7563
1,0.5727,0.38595,0.0005245,0.30853,0.72182,0.94822,0.7563
1,0.8633,0.067671,0.0034241,0.30853,0.52718,1,0.7563
1,0.26468,0.007886,0.56458,0.30853,0.21583,0,0.76471
1,0.95229,0.02177,0.0016905,0.30853,0.20663,0.62485,0.76471
1,0.97912,0.01025,0.00053148,0.90836,0.42366,0.64844,0.76471
1,0.98983,0.0060103,5.2959e-05,1,0.54416,0.67255,0.76471
1,1,0,0,1,0.63649,0.69726,0.76471
1,0.93908,0.038168,3.1531e-05,1,0.73281,0.7227,0.76471
1,0.54545,0.52545,2.5072e-05,0.85424,0.82614,0.74904,0.76471
1,0.10959,0.95878,0.00044453,0.90988,0.91607,0.77648,0.76471
1,0,1,0,0.64368,0.94644,0.80542,0.76471
1,0.068226,0.97633,0.0010545,0.54811,0.97162,0.8362,0.76471
1,0.1701,0.89133,0.0016995,0.30853,0.99301,0.86944,0.76471
1,0.43775,0.56887,2.124e-05,0.30853,0.88269,0.90616,0.76471
1,0.66058,0.27972,0.00032007,0.30853,0.7444,0.94822,0.76471
1,0.88182,0.053028,0.0029705,0.30853,0.54197,1,0.76471
1,0.31138,0.0059559,0.47118,0.46149,0.2508,0,0.77311
1,0,1,0,0,0,0.57878,0.77311
1,0.92793,0.046469,0.0014919,0.30853,0.25679,0.60171,0.77311
1,0.95299,0.021888,0.0022434,0.30853,0.33573,0.62485,0.77311
1,1,0,0,1,0.45504,0.64844,0.77311
1,0.99224,0.0045895,5.0083e-05,1,0.57354,0.67255,0.77311
1,1,0,0,1,0.65508,0.69726,0.77311
1,1,0,0,1,0.745,0.7227,0.77311
1,0.6255,0.44152,3.5302e-05,0.91032,0.83433,0.74904,0.77311
1,0.098494,0.9631,0.00055348,0.74078,0.8809,0.77648,0.77311
1,0.040582,0.98803,0.0015835,0.47,0.89289,0.80542,0.77311
1,0.11981,0.94377,0.00029164,0.63932,0.92606,0.8362,0.77311
1,0.31935,0.74901,0.00015613,0.73751,0.97842,0.86944,0.77311
1,0.52848,0.4516,0.00014633,0.30853,0.89988,0.90616,0.77311
1,0.74254,0.18922,0.00033455,0.30853,0.75699,0.94822,0.77311
1,0.90611,0.035591,0.0039388,0.30853,0.52198,1,0.77311
1,0.33227,0.0058343,0.43101,0.40912,0.2508,0,0.78151
1,0.99033,0.0056177,0.00019933,0.30853,0.17646,0.5112,0.78151
1,1,0,0,0.30853,0.26539,0.53361,0.78151
1,1,0,0,0.30853,0.30975,0.55608,0.78151
1,1,0,0,0.30853,0.39189,0.57878,0.78151
1,1,0,0,0.30853,0.44005,0.60171,0.78151
1,1,0,0,0.30853,0.39628,0.62485,0.78151
1,0.99188,0.0020796,0.0002549,0.8741,0.39149,0.64844,0.78151
1,1,0,0,1,0.48821,0.67255,0.78151
1,1,0,0,0.98516,0.60512,0.69726,0.78151
1,1,0,0,0.75453,0.71343,0.7227,0.78151
1,0.66773,0.38583,0.00019054,0.80297,0.81335,0.74904,0.78151
1,0,1,0,0.53437,0.81855,0.77648,0.78151
1,0,1,0,0.47,0.83693,0.80542,0.78151
1,0.14548,0.91575,0.00052239,0.30853,0.8799,0.8362,0.78151
1,0.41407,0.61984,0.00012386,0.68929,0.94325,0.86944,0.78151
1,0.62931,0.3224,0.00051338,0.30853,0.90268,0.90616,0.78151
1,0.81657,0.11427,0.00061717,0.30853,0.751,0.94822,0.78151
1,0.92529,0.023887,0.0049286,0.30853,0.50739,1,0.78151
1,0.36255,0.0052447,0.3868,0.40912,0.2508,0,0.78992
1,1,0,0,0,0,0.4888,0.78992
1,0.99053,0.0054945,0.00011879,0.30853,0.26439,0.5112,0.78992
1,1,0,0,0,0,0.53361,0.78992
1,1,0,0,0.30853,0.17126,0.55608,0.78992
1,1,0,0,0.30853,0.31195,0.57878,0.78992
1,0.96008,0.016295,0.0010701,0.30853,0.34712,0.60171,0.78992
1,0.97996,0.004805,0.0015923,0.30853,0.23661,0.62485,0.78992
1,0.98894,0.0023503,0.0010633,0.30853,0.22282,0.64844,0.78992
1,1,0,0,0.92865,0.43625,0.67255,0.78992
1,1,0,0,0.83024,0.58094,0.69726,0.78992
1,1,0,0,0.99716,0.69964,0.7227,0.78992
1,0.7648,0.25632,0.00024959,0.76238,0.7562,0.74904,0.78992
1,0,1,0,0.53437,0.7512,0.77648,0.78992
1,0,1,0,0.30853,0.77838,0.80542,0.78992
1,0.23834,0.81531,0.00025523,0.30853,0.83393,0.8362,0.78992
1,0.47696,0.51471,0.00036953,0.48702,0.90967,0.86944,0.78992
1,0.72049,0.21246,0.0014449,0.30853,0.90048,0.90616,0.78992
1,0.86623,0.071354,0.0014628,0.30853,0.7478,0.94822,0.78992
1,0.93958,0.016487,0.0056577,0.30853,0.4996,1,0.78992
1,0.37709,0.0056155,0.35793,0.30853,0.2508,0,0.79832
1,1,0,0,0.30853,0.33593,0.4888,0.79832
1,1,0,0,0.30853,0.26439,0.5112,0.79832
1,1,0,0,0,0,0.55608,0.79832
1,0.97465,0.0082394,0.0003262,0.30853,0.18745,0.57878,0.79832
1,1,0,0,0.30853,0.2478,0.60171,0.79832
1,0.99195,0.0017489,0.00058762,0.30853,0.22282,0.64844,0.79832
1,1,0,0,0.64019,0.43625,0.67255,0.79832
1,1,0,0,0.96509,0.58094,0.69726,0.79832
1,1,0,0,0.76064,0.69085,0.7227,0.79832
1,0.87976,0.11255,0.00014492,0.84639,0.68026,0.74904,0.79832
1,0.39043,0.63981,0.0015523,0.53437,0.67766,0.77648,0.79832
1,0.30802,0.72919,0.00059382,0.63736,0.71763,0.80542,0.79832
1,0.36625,0.64857,0.00016421,0.30853,0.78937,0.8362,0.79832
1,0.5788,0.37044,0.00046574,0.42156,0.8777,0.86944,0.79832
1,1,0,0,0.30853,0.89568,0.90616,0.79832
1,1,0,0,0.30853,0.7474,0.94822,0.79832
1,0.94973,0.011929,0.0058961,0.30853,0.4988,1,0.79832
1,0.4068,0.005164,0.32124,0.30853,0.2508,0,0.80672
1,1,0,0,0,0,0.46639,0.80672
1,0.99238,0.0048132,0.00032189,0.30853,0.33693,0.4888,0.80672
1,1,0,0,0,0,0.57878,0.80672
1,0.99161,0.0020528,0.00065259,0,0.27798,0.64844,0.80672
1,1,0,0,0.30853,0.41886,0.67255,0.80672
1,1,0,0,0.30853,0.53477,0.69726,0.80672
1,0.9617,0.021264,0.0023585,0.30853,0.64708,0.7227,0.80672
1,0.9301,0.05361,0.00021006,0.77962,0.59512,0.74904,0.80672
1,0.70554,0.28847,0.00054455,0.83155,0.59592,0.77648,0.80672
1,0.55048,0.45336,0.00017723,0.78311,0.65568,0.80542,0.80672
1,0.51468,0.44904,0.00013662,0.30853,0.748,0.8362,0.80672
1,0.70539,0.2162,0.00030643,0.46803,0.83193,0.86944,0.80672
1,0.86977,0.059311,0.0013218,0.53153,0.85631,0.90616,0.80672
1,1,0,0,0.30853,0.7474,0.94822,0.80672
1,0.95689,0.0089815,0.0059338,0.30853,0.4988,1,0.80672
1,0.43616,0.0047917,0.28859,0.30853,0.2508,0,0.81513
1,0.79208,0.017562,0.0049174,0.30853,0.22542,0.19458,0.81513
1,0.78594,0.036877,0.0018812,0.30853,0.30616,0.22352,0.81513
1,0.8136,0.045838,0.0013269,0.30853,0.29876,0.25096,0.81513
1,0.98824,0.0036034,0.00064567,0.30853,0.18265,0.44392,0.81513
1,1,0,0,0.30853,0.26379,0.46639,0.81513
1,0.99248,0.0037857,0.00019681,0.30853,0.33693,0.4888,0.81513
1,1,0,0,0,0,0.53361,0.81513
1,0.99327,0.0022358,0.00043405,0.30853,0.32014,0.67255,0.81513
1,0.98763,0.0043328,0.00089688,0.30853,0.49141,0.69726,0.81513
1,0.97627,0.010171,0.001238,0.30853,0.57354,0.7227,0.81513
1,0.93041,0.046587,0.0011137,0.30853,0.4968,0.74904,0.81513
1,0.84068,0.13524,0.0006188,0.75671,0.504,0.77648,0.81513
1,0.69245,0.27748,0.00017441,0.63932,0.59632,0.80542,0.81513
1,0.6591,0.27674,0.00013214,0.30853,0.70883,0.8362,0.81513
1,0.78757,0.13076,0.00039373,0.38534,0.78377,0.86944,0.81513
1,0.89772,0.034954,0.0015061,0.4377,0.81415,0.90616,0.81513
1,0.9313,0.019254,0.0030452,0.30853,0.7478,0.94822,0.81513
1,0.96146,0.0071356,0.0058023,0.30853,0.4996,1,0.81513
1,0.46501,0.0044831,0.25974,0.30853,0.2508,0,0.82353
1,0.77653,0.026126,0.0028256,0.30853,0.35592,0.19458,0.82353
1,0.74746,0.062291,0.0011854,0.30853,0.44285,0.22352,0.82353
1,0.77946,0.071754,0.00078683,0.30853,0.41707,0.25096,0.82353
1,0.87318,0.037908,0.001729,0.30853,0.22142,0.2773,0.82353
1,1,0,0,0.30853,0.26439,0.4888,0.82353
1,0.99571,0.0017328,0.00055205,0.51429,0.26479,0.5112,0.82353
1,1,0,0,0,0,0.53361,0.82353
1,1,0,0,0,0,0.55608,0.82353
1,0.99541,0.0010942,0.00029562,0.30853,0.244,0.67255,0.82353
1,1,0,0,0.30853,0.39049,0.69726,0.82353
1,1,0,0,0.30853,0.46603,0.7227,0.82353
1,0.95743,0.02457,0.0018431,0.30853,0.3785,0.74904,0.82353
1,0.87706,0.086722,0.0019436,0.30853,0.40128,0.77648,0.82353
1,0.80392,0.1518,0.00026432,0.51015,0.54636,0.80542,0.82353
1,0.81212,0.13217,7.5661e-05,0.53131,0.66567,0.8362,0.82353
1,0.84961,0.079497,0.00053107,0.30853,0.73541,0.86944,0.82353
1,0.92902,0.018763,0.0012016,0.49596,0.76859,0.90616,0.82353
1,0.94031,0.012495,0.0024841,0.30853,0.72602,0.94822,0.82353
1,0.96318,0.00625,0.0052463,0.30853,0.50739,1,0.82353
1,0.49319,0.0042267,0.23436,0.30853,0.2508,0,0.83193
1,0.8059,0.022704,0.0037274,0.30853,0.28797,0.19458,0.83193
1,0.76965,0.058304,0.0015958,0.30853,0.38589,0.22352,0.83193
1,0.75815,0.095793,0.00085517,0.30853,0.45903,0.25096,0.83193
1,0.86612,0.045483,0.0016336,0.30853,0.27098,0.2773,0.83193
1,1,0,0,0,0,0.5112,0.83193
1,1,0,0,0,0,0.53361,0.83193
1,1,0,0,0,0,0.55608,0.83193
1,0.99034,0.0026239,0.0011559,0.30853,0.2552,0.69726,0.83193
1,0.98845,0.0032292,0.0010302,0.30853,0.32654,0.7227,0.83193
1,1,0,0,0.30853,0.24201,0.74904,0.83193
1,0.92961,0.04069,0.0030488,0.30853,0.32014,0.77648,0.83193
1,0.8711,0.083225,0.00070361,0.30853,0.49141,0.80542,0.83193
1,0.86803,0.083801,0.00019312,0.30853,0.60192,0.8362,0.83193
1,0.92793,0.030992,0.00019731,0.65481,0.68825,0.86944,0.83193
1,0.93199,0.016406,0.0026277,0.30853,0.72002,0.90616,0.83193
1,0.94617,0.0085326,0.0025707,0.30853,0.67946,0.94822,0.83193
1,0.96199,0.0061942,0.0045307,0.30853,0.52198,1,0.83193
1,0.52054,0.0040131,0.21211,0.30853,0.2508,0,0.84034
1,0.82855,0.02081,0.0080468,0.17434,0.13549,0.19458,0.84034
1,0.79134,0.055689,0.0029258,0.30853,0.30476,0.22352,0.84034
1,0.73157,0.12979,0.0010298,0.30853,0.4972,0.25096,0.84034
1,0.83865,0.069699,0.00085181,0.30853,0.40348,0.2773,0.84034
1,0.92394,0.026851,0.0010544,0.30853,0.27078,0.30274,0.84034
1,0.99414,0.0016316,0.00020474,0,0.17966,0.46639,0.84034
1,1,0,0,0,0,0.57878,0.84034
1,1,0,0,0,0,0.62485,0.84034
1,1,0,0,0,0,0.69726,0.84034
1,1,0,0,0,0,0.7227,0.84034
1,1,0,0,0,0,0.74904,0.84034
1,1,0,0,0.30853,0.23341,0.77648,0.84034
1,0.92592,0.039126,0.0012907,0.30853,0.42506,0.80542,0.84034
1,0.92106,0.045711,0.00042098,0.30853,0.53137,0.8362,0.84034
1,0.92284,0.032114,0.00095587,0.30853,0.64528,0.86944,0.84034
1,0.94078,0.01309,0.0041254,0.30853,0.66627,0.90616,0.84034
1,0.94368,0.0075543,0.0040252,0.30853,0.6291,0.94822,0.84034
1,0.96544,0.0052047,0.0032825,0.49989,0.54137,1,0.84034
1,0.54694,0.0038354,0.19259,0.30853,0.2508,0,0.84874
1,0.79633,0.062618,0.0039605,0.30853,0.28058,0.22352,0.84874
1,0.71724,0.1565,0.0013533,0.30853,0.49181,0.25096,0.84874
1,0.80119,0.11196,0.00069929,0.30853,0.51179,0.2773,0.84874
1,0.91203,0.037197,0.00057138,0.30853,0.39588,0.30274,0.84874
1,1,0,0,0,0,0.4888,0.84874
1,1,0,0,0,0,0.7227,0.84874
1,0.95626,0.018945,0.0032083,0.30853,0.31475,0.80542,0.84874
1,0.94867,0.02881,0.0014747,0.30853,0.45424,0.8362,0.84874
1,0.93409,0.025999,0.0017326,0.30853,0.61071,0.86944,0.84874
1,0.9418,0.012945,0.011609,0.30853,0.60771,0.90616,0.84874
1,0.93103,0.0090205,0.010015,0.30853,0.57454,0.94822,0.84874
1,0.95942,0.0064546,0.0044417,0.46869,0.54197,1,0.84874
1,0.58764,0.0031222,0.16913,0.40912,0.2508,0,0.85714
1,0.79754,0.072655,0.0046146,0.30853,0.28058,0.22352,0.85714
1,0.69181,0.19941,0.001901,0.30853,0.49181,0.25096,0.85714
1,0.77981,0.14552,0.00099427,0.30853,0.55875,0.2773,0.85714
1,0.91598,0.03684,0.00065763,0.30853,0.40068,0.30274,0.85714
1,1,0,0,0,0,0.4888,0.85714
1,1,0,0,0,0,0.55608,0.85714
1,1,0,0,0,0,0.77648,0.85714
1,1,0,0,0.48156,0.13549,0.80542,0.85714
1,1,0,0,0.30853,0.39369,0.8362,0.85714
1,1,0,0,0.30853,0.54796,0.86944,0.85714
1,1,0,0,0.48462,0.54197,0.90616,0.85714
1,1,0,0,0.30853,0.51459,0.94822,0.85714
1,0.94309,0.011339,0.0086504,0.30853,0.54796,1,0.85714
1,0.6115,0.0030215,0.15445,0.4089,0.2508,0,0.86555
1,0.78847,0.09093,0.00351,0.30853,0.34992,0.22352,0.86555
1,0.63966,0.28262,0.0026958,0.30853,0.52138,0.25096,0.86555
1,0.77041,0.16849,0.0015055,0.30853,0.58413,0.2773,0.86555
1,0.91068,0.044249,0.00060495,0.30853,0.46123,0.30274,0.86555
1,0.9612,0.014929,0.00057121,0.30853,0.34313,0.32745,0.86555
1,1,0,0,0,0,0.39829,0.86555
1,0.99721,6.7254e-05,9.9959e-05,0.50644,0.26439,0.5112,0.86555
1,1,0,0,0,0,0.53361,0.86555
1,1,0,0,0,0,0.55608,0.86555
1,0.99378,0.00070291,0.0010787,0.30853,0.16327,0.74904,0.86555
1,1,0,0,0,0,0.77648,0.86555
1,0.97466,0.011812,0.010287,0.30853,0.35372,0.8362,0.86555
1,1,0,0,0.49487,0.46323,0.86944,0.86555
1,0.9674,0.0028349,0.059174,0.77198,0.46623,0.90616,0.86555
1,0.90152,0.0041407,0.06499,0.30853,0.44764,0.94822,0.86555
1,1,0,0,0.30853,0.54896,1,0.86555
1,0.63405,0.0029406,0.1415,0.4089,0.2508,0,0.87395
1,0.89101,0.024471,0.005761,0.30853,0.249,0.19458,0.87395
1,0.78565,0.10659,0.0025573,0.30853,0.41407,0.22352,0.87395
1,0.56208,0.4141,0.0043858,0.30853,0.55815,0.25096,0.87395
1,0.80189,0.14203,0.0017753,0.30853,0.53377,0.2773,0.87395
1,0.92876,0.031446,0.0010131,0.30853,0.39049,0.30274,0.87395
1,0.96636,0.01217,0.00065686,0.30853,0.32014,0.32745,0.87395
1,0.99777,3.2372e-05,7.9151e-05,0.56491,0.17786,0.5112,0.87395
1,1,0,0,0,0,0.53361,0.87395
1,1,0,0,0,0,0.55608,0.87395
1,0.99381,0.00058943,0.0011789,0.30853,0.17686,0.74904,0.87395
1,1,0,0,0,0,0.80542,0.87395
1,1,0,0,0.71503,0.2462,0.8362,0.87395
1,0.97189,0.004951,0.013226,0.30853,0.35911,0.86944,0.87395
1,0.95242,0.0018652,0.12632,0.43836,0.3755,0.90616,0.87395
1,0.89845,0.0012934,0.13116,0.54135,0.3719,0.94822,0.87395
1,0.92823,0.012394,0.023092,0.30853,0.51918,1,0.87395
1,0.65522,0.0028771,0.13006,0.4089,0.2508,0,0.88235
1,0.89823,0.02918,0.004642,0.30853,0.34013,0.19458,0.88235
1,0.783,0.12353,0.0018879,0.30853,0.5058,0.22352,0.88235
1,0,1,0,0.30853,0.60612,0.25096,0.88235
1,0.83291,0.11741,0.0034639,0.30853,0.49341,0.2773,0.88235
1,0.94043,0.024042,0.0016333,0.30853,0.34153,0.30274,0.88235
1,1,0,0,0,0,0.53361,0.88235
1,1,0,0,0,0,0.77648,0.88235
1,1,0,0,0,0,0.80542,0.88235
1,1,0,0,0.4748,0.20923,0.86944,0.88235
1,0.93928,0.0015747,0.28495,0.30853,0.2546,0.90616,0.88235
1,0.86395,0.00090541,0.27343,0.69212,0.29037,0.94822,0.88235
1,1,0,0,0.30853,0.49201,1,0.88235
1,0.67499,0.0028293,0.11995,0.4089,0.2508,0,0.89076
1,0.92385,0.023955,0.0095277,0.30853,0.249,0.19458,0.89076
1,0.8371,0.086294,0.001399,0.30853,0.46483,0.22352,0.89076
1,0.6134,0.3694,0.0037015,0.30853,0.61471,0.25096,0.89076
1,1,0,0,0.30853,0.47282,0.2773,0.89076
1,0.95189,0.016958,0.0027135,0.30853,0.27078,0.30274,0.89076
1,0.99177,0.0035866,0.00074682,0.37988,0.15887,0.39829,0.89076
1,1,0,0,0,0,0.80542,0.89076
1,1,0,0,0,0,0.8362,0.89076
1,0.75299,0.0019245,0.48151,0.71438,0.253,0.94822,0.89076
1,0.92824,0.0059662,0.026966,0.30853,0.47002,1,0.89076
1,0.69333,0.0027956,0.11101,0.4089,0.2508,0,0.89916
1,1,0,0,0.30853,0.249,0.19458,0.89916
1,0.87819,0.06017,0.00090713,0.30853,0.46483,0.22352,0.89916
1,0.77411,0.16465,0.0012824,0.30853,0.54037,0.25096,0.89916
1,0.89281,0.060023,0.0037754,0.30853,0.43725,0.2773,0.89916
1,0.95574,0.014904,0.0016732,0.30853,0.32074,0.30274,0.89916
1,1,0,0,0,0,0.42122,0.89916
1,1,0,1,0,0,0.8362,0.89916
1,1,0,0,0,0,0.86944,0.89916
1,1,0,1,0,0,0.90616,0.89916
1,0,0,1,0.51058,0.26719,0.94822,0.89916
1,0.9283,0.0047079,0.023767,0.30853,0.45584,1,0.89916
1,0.69696,0.003258,0.10788,0.30853,0.2508,0,0.90756
1,0.95118,0.0046379,0.0040859,0.30853,0.27618,0.1638,0.90756
1,1,0,0,0.30853,0.34013,0.19458,0.90756
1,0.90085,0.048489,0.00071093,0.30853,0.51019,0.22352,0.90756
1,0.87387,0.06545,0.00062229,0.30853,0.45404,0.25096,0.90756
1,0.93062,0.027394,0.003075,0.30853,0.32674,0.2773,0.90756
1,0.99101,0.0029382,0.00098964,0.56491,0.15008,0.37515,0.90756
1,1,0,0,0,0,0.42122,0.90756
1,1,0,0,0,0,0.55608,0.90756
1,0.63799,0.0028842,0.61046,0.65874,0.253,0.94822,0.90756
1,0.92262,0.0056274,0.023271,0.30853,0.45204,1,0.90756
1,0.72463,0.0026307,0.10994,0.30853,0.17706,0,0.91597
1,0.93573,0.0020729,0.00915,0.30853,0.19584,0.13056,0.91597
1,0.95797,0.0041032,0.003592,0.30853,0.27618,0.1638,0.91597
1,1,0,0,0.30853,0.3757,0.19458,0.91597
1,0.93662,0.025843,0.00040153,0.30853,0.44165,0.22352,0.91597
1,0.92965,0.025609,0.00079658,0.30853,0.34113,0.25096,0.91597
1,1,0,0,0,0,0.39829,0.91597
1,0.68367,0.002143,0.49624,0.58826,0.26719,0.94822,0.91597
1,0.91658,0.0084133,0.029872,0.30853,0.42626,1,0.91597
1,1,0,0,0.30853,0.22542,0.19458,0.92437
1,0.96181,0.011611,0.00075828,0.30853,0.29896,0.22352,0.92437
1,0.95838,0.010851,0.0018206,0.30853,0.17686,0.25096,0.92437
1,0.71819,0.0023858,0.43827,0.49247,0.19484,0.94822,0.92437
1,1,0,0,0.53633,0.40568,1,0.92437
1,1,0,0,0.59983,0.40008,1,0.93277
1,1,0,0,0,0,0.4888,0.94118
1,0,0,1,0,0,0.90616,0.94118
1,1,0,0,0,0,0.94822,0.94118
1,0.89876,0.0079312,0.036762,0.55902,0.40008,1,0.94118
1,0.86559,0.0069476,0.044086,0.40454,0.40008,1,0.94958
1,1,0,0,0,0,0.4888,0.95798
1,0.85948,0.0045059,0.043789,0.49771,0.39728,1,0.95798
1,0,0,1,0,0,0.94822,0.96639
1,0.88729,0.0017856,0.055353,0.73947,0.35172,1,0.96639
1,1,0,0,0,0,0.44392,0.97479
1,0.84308,0.0027295,0.073536,0.47763,0.32714,1,0.97479
1,0.86348,0.0015575,0.070968,0.66943,0.32714,1,0.98319
1,1,0,0,0,0,0.1638,0.9916
1,0.86342,0.0013235,0.090477,0.63626,0.27598,1,0.9916
1,0.95894,0.0023549,0.011079,0.56535,0.20923,0.13056,1
1,1,0,0,0,0,0.1638,1
1,1,0,0,0,0,0.19458,1
1,0.98655,0.00069695,0.000597,0,0.19664,0.32745,1
1,0.8465,0.0016511,0.10521,0.4868,0.2508,1,1
