lat,lon,Precip,era
-69.02,-68.31,1.14,14
-69.02,-60.78,0.47,14
-69.02,34.6,0.57,14
-69.02,42.13,0.52,14
-69.02,44.64,0.62,14
-69.02,47.15,0.55,14
-69.02,49.66,0.44,14
-69.02,52.17,0.67,14
-69.02,54.68,0.63,14
-69.02,57.19,0.54,14
-69.02,59.7,0.48,14
-69.02,62.21,0.47,14
-69.02,64.72,0.54,14
-69.02,67.23,0.46,14
-69.02,74.76,0.6,14
-69.02,77.27,0.69,14
-69.02,79.78,0.58,14
-69.02,82.29,0.56,14
-69.02,84.8,0.6,14
-69.02,87.31,0.64,14
-69.02,89.82,0.65,14
-69.02,92.33,0.72,14
-69.02,94.84,0.82,14
-69.02,97.35,0.78,14
-69.02,99.86,0.73,14
-69.02,102.37,0.84,14
-69.02,104.88,0.83,14
-69.02,107.39,0.7,14
-69.02,109.9,0.66,14
-69.02,112.41,0.61,14
-69.02,114.92,0.71,14
-69.02,117.43,0.67,14
-69.02,119.94,0.66,14
-69.02,122.45,0.72,14
-69.02,124.96,0.76,14
-69.02,127.47,0.72,14
-69.02,129.98,0.92,14
-69.02,132.49,1,14
-69.02,135,0.98,14
-69.02,137.51,0.84,14
-69.02,140.02,0.83,14
-69.02,142.53,0.83,14
-69.02,145.04,0.65,14
-69.02,147.55,0.63,14
-69.02,150.06,0.61,14
-69.02,152.57,0.64,14
-69.02,155.08,0.65,14
-62.55,-60.78,0.84,14
-57.32,-68.31,1.42,14
-57.32,-65.8,1.28,14
-57.32,-63.29,1.08,14
-52.75,-70.82,2.26,14
-52.75,-68.31,1.07,14
-48.63,-70.82,2.31,14
-48.63,-68.31,1.29,14
-48.63,-65.8,0.68,14
-48.63,145.04,1.34,14
-48.63,177.67,1.31,14
-44.82,-178.75,1.19,14
-44.82,-70.82,1.63,14
-44.82,-68.31,1.33,14
-44.82,-65.8,0.67,14
-44.82,-63.29,0.57,14
-44.82,140.02,1,14
-44.82,145.04,1.15,14
-44.82,175.16,1.21,14
-44.82,177.67,1.08,14
-41.25,-178.75,1.21,14
-41.25,-68.31,0.93,14
-41.25,-65.8,0.64,14
-41.25,-63.29,0.67,14
-41.25,-60.78,0.61,14
-41.25,-55.76,0.7,14
-41.25,-53.25,1.08,14
-41.25,112.41,1.05,14
-41.25,132.49,0.82,14
-41.25,135,0.83,14
-41.25,140.02,0.89,14
-41.25,142.53,0.99,14
-41.25,145.04,1.13,14
-41.25,147.55,1.28,14
-41.25,150.06,0.95,14
-41.25,175.16,1.2,14
-41.25,177.67,1.38,14
-37.87,-68.31,0.58,14
-37.87,-65.8,0.6,14
-37.87,-63.29,0.73,14
-37.87,-60.78,0.74,14
-37.87,-58.27,0.63,14
-37.87,19.54,0.59,14
-37.87,112.41,0.84,14
-37.87,114.92,0.79,14
-37.87,117.43,0.75,14
-37.87,119.94,0.73,14
-37.87,122.45,0.64,14
-37.87,124.96,0.75,14
-37.87,127.47,0.75,14
-37.87,129.98,0.7,14
-37.87,132.49,0.69,14
-37.87,135,0.74,14
-37.87,137.51,0.82,14
-37.87,140.02,0.95,14
-37.87,142.53,1.04,14
-37.87,145.04,1.11,14
-37.87,147.55,1.22,14
-37.87,150.06,1.44,14
-37.87,175.16,1.27,14
-34.64,-68.31,0.45,14
-34.64,-65.8,0.52,14
-34.64,-63.29,0.78,14
-34.64,-60.78,0.76,14
-34.64,-58.27,0.56,14
-34.64,-53.25,0.59,14
-34.64,17.03,0.45,14
-34.64,19.54,0.74,14
-34.64,22.05,0.89,14
-34.64,24.56,1.1,14
-34.64,27.07,1.04,14
-34.64,109.9,0.73,14
-34.64,112.41,0.82,14
-34.64,114.92,0.87,14
-34.64,117.43,0.92,14
-34.64,119.94,0.95,14
-34.64,122.45,0.97,14
-34.64,124.96,0.97,14
-34.64,127.47,0.91,14
-34.64,129.98,0.81,14
-34.64,132.49,0.72,14
-34.64,135,0.76,14
-34.64,137.51,0.86,14
-34.64,140.02,0.95,14
-34.64,142.53,1.07,14
-34.64,145.04,1.07,14
-34.64,147.55,1.16,14
-34.64,150.06,1.37,14
-34.64,152.57,1.45,14
-31.53,-68.31,0.27,14
-31.53,-65.8,0.53,14
-31.53,-63.29,0.81,14
-31.53,-60.78,0.66,14
-31.53,-58.27,0.45,14
-31.53,-53.25,0.7,14
-31.53,-50.74,0.78,14
-31.53,-48.23,0.65,14
-31.53,17.03,0.64,14
-31.53,19.54,0.91,14
-31.53,22.05,1.03,14
-31.53,24.56,1.11,14
-31.53,27.07,1.36,14
-31.53,29.58,1.2,14
-31.53,109.9,0.67,14
-31.53,112.41,0.81,14
-31.53,114.92,0.95,14
-31.53,117.43,1.01,14
-31.53,119.94,1.09,14
-31.53,122.45,1.11,14
-31.53,124.96,1.13,14
-31.53,127.47,1.03,14
-31.53,129.98,0.92,14
-31.53,132.49,0.87,14
-31.53,135,0.89,14
-31.53,137.51,0.99,14
-31.53,140.02,1.09,14
-31.53,142.53,1.16,14
-31.53,145.04,1.22,14
-31.53,147.55,1.26,14
-28.52,-65.8,0.52,14
-28.52,-63.29,0.74,14
-28.52,-60.78,0.61,14
-28.52,-58.27,0.53,14
-28.52,-55.76,0.59,14
-28.52,-53.25,0.78,14
-28.52,-50.74,0.94,14
-28.52,-48.23,1.14,14
-28.52,14.52,0.55,14
-28.52,17.03,0.81,14
-28.52,19.54,0.96,14
-28.52,22.05,0.99,14
-28.52,24.56,0.98,14
-28.52,27.07,1.05,14
-28.52,29.58,1.38,14
-28.52,112.41,0.77,14
-28.52,114.92,0.9,14
-28.52,117.43,0.97,14
-28.52,119.94,1.07,14
-28.52,122.45,1.09,14
-28.52,124.96,1.13,14
-28.52,127.47,1.19,14
-28.52,129.98,1.17,14
-28.52,132.49,1.14,14
-28.52,135,1.09,14
-28.52,137.51,1.13,14
-28.52,140.02,1.11,14
-28.52,142.53,1.13,14
-28.52,145.04,1.2,14
-28.52,147.55,1.18,14
-28.52,152.57,1.02,14
-25.59,-65.8,0.54,14
-25.59,-63.29,0.67,14
-25.59,-60.78,0.61,14
-25.59,-58.27,0.63,14
-25.59,-55.76,0.74,14
-25.59,-53.25,0.88,14
-25.59,-50.74,1.05,14
-25.59,-48.23,1.2,14
-25.59,-45.72,1.2,14
-25.59,14.52,0.75,14
-25.59,17.03,0.89,14
-25.59,19.54,0.95,14
-25.59,22.05,0.91,14
-25.59,24.56,0.86,14
-25.59,27.07,0.95,14
-25.59,29.58,1.13,14
-25.59,32.09,0.93,14
-25.59,37.11,0.66,14
-25.59,44.64,1.14,14
-25.59,119.94,1.06,14
-25.59,122.45,1.16,14
-25.59,124.96,1.24,14
-25.59,127.47,1.26,14
-25.59,129.98,1.22,14
-25.59,132.49,1.2,14
-25.59,135,1.16,14
-25.59,140.02,1.08,14
-25.59,142.53,1.25,14
-22.74,-65.8,0.73,14
-22.74,-63.29,0.81,14
-22.74,-60.78,0.85,14
-22.74,-58.27,0.83,14
-22.74,-55.76,0.94,14
-22.74,-53.25,1.12,14
-22.74,-50.74,1.22,14
-22.74,-48.23,1.24,14
-22.74,-45.72,1.19,14
-22.74,-43.21,1.15,14
-22.74,-40.7,1.17,14
-22.74,-38.19,0.82,14
-22.74,12.01,0.66,14
-22.74,14.52,0.94,14
-22.74,17.03,1.01,14
-22.74,19.54,1.01,14
-22.74,22.05,0.95,14
-22.74,24.56,0.9,14
-22.74,27.07,0.86,14
-22.74,29.58,1.08,14
-22.74,32.09,1,14
-22.74,44.64,1.69,14
-22.74,122.45,1.37,14
-22.74,127.47,1.33,14
-22.74,129.98,1.3,14
-22.74,140.02,1.07,14
-19.94,-68.31,0.64,14
-19.94,-65.8,1.06,14
-19.94,-63.29,1.19,14
-19.94,-60.78,1.13,14
-19.94,-58.27,1.14,14
-19.94,-55.76,1.17,14
-19.94,-53.25,1.25,14
-19.94,-50.74,1.37,14
-19.94,-48.23,1.28,14
-19.94,-45.72,1.14,14
-19.94,-43.21,0.89,14
-19.94,-40.7,0.92,14
-19.94,-38.19,0.92,14
-19.94,9.5,0.57,14
-19.94,12.01,0.98,14
-19.94,14.52,1.13,14
-19.94,17.03,1.17,14
-19.94,19.54,1.16,14
-19.94,22.05,1.13,14
-19.94,24.56,1.04,14
-19.94,27.07,0.94,14
-19.94,29.58,1.07,14
-19.94,32.09,1.3,14
-19.94,44.64,1.11,14
-19.94,47.15,1.81,14
-19.94,129.98,1.42,14
-19.94,135,1.27,14
-17.19,-70.82,0.67,14
-17.19,-68.31,1.02,14
-17.19,-65.8,1.35,14
-17.19,-63.29,1.32,14
-17.19,-60.78,1.26,14
-17.19,-58.27,1.23,14
-17.19,-55.76,1.19,14
-17.19,-53.25,1.25,14
-17.19,-50.74,1.43,14
-17.19,-48.23,1.32,14
-17.19,-45.72,1.16,14
-17.19,-43.21,0.74,14
-17.19,-40.7,0.71,14
-17.19,-38.19,1.13,14
-17.19,12.01,1.13,14
-17.19,14.52,1.25,14
-17.19,17.03,1.29,14
-17.19,19.54,1.32,14
-17.19,22.05,1.32,14
-17.19,24.56,1.26,14
-17.19,27.07,1.16,14
-17.19,29.58,1.1,14
-17.19,32.09,1.24,14
-17.19,34.6,1.33,14
-17.19,37.11,1.3,14
-17.19,47.15,2.02,14
-17.19,59.7,1.08,14
-14.48,-178.75,2.61,14
-14.48,-73.33,1.15,14
-14.48,-70.82,1.49,14
-14.48,-68.31,1.6,14
-14.48,-65.8,1.46,14
-14.48,-63.29,1.34,14
-14.48,-60.78,1.32,14
-14.48,-58.27,1.35,14
-14.48,-55.76,1.33,14
-14.48,-53.25,1.41,14
-14.48,-50.74,1.49,14
-14.48,-48.23,1.49,14
-14.48,-45.72,1.23,14
-14.48,-43.21,0.78,14
-14.48,-40.7,0.6,14
-14.48,-38.19,1.46,14
-14.48,12.01,1.15,14
-14.48,14.52,1.22,14
-14.48,17.03,1.35,14
-14.48,19.54,1.43,14
-14.48,22.05,1.53,14
-14.48,24.56,1.53,14
-14.48,27.07,1.46,14
-14.48,29.58,1.35,14
-14.48,32.09,1.28,14
-14.48,34.6,1.34,14
-14.48,37.11,1.62,14
-14.48,47.15,1.52,14
-14.48,140.02,2.07,14
-14.48,147.55,2.74,14
-11.81,-73.33,1.84,14
-11.81,-70.82,1.74,14
-11.81,-68.31,1.59,14
-11.81,-65.8,1.42,14
-11.81,-63.29,1.44,14
-11.81,-60.78,1.53,14
-11.81,-58.27,1.65,14
-11.81,-55.76,1.72,14
-11.81,-53.25,1.74,14
-11.81,-50.74,1.76,14
-11.81,-48.23,1.79,14
-11.81,-45.72,1.61,14
-11.81,-43.21,1.16,14
-11.81,-40.7,0.81,14
-11.81,-38.19,1.4,14
-11.81,-35.68,1.74,14
-11.81,12.01,0.97,14
-11.81,14.52,1.03,14
-11.81,17.03,1.28,14
-11.81,19.54,1.44,14
-11.81,22.05,1.62,14
-11.81,24.56,1.64,14
-11.81,27.07,1.56,14
-11.81,29.58,1.44,14
-11.81,32.09,1.38,14
-11.81,34.6,1.64,14
-11.81,37.11,1.78,14
-11.81,127.47,2.46,14
-11.81,129.98,2.48,14
-11.81,132.49,2.62,14
-11.81,135,2.5,14
-11.81,137.51,2.74,14
-11.81,140.02,3.27,14
-11.81,145.04,3.53,14
-9.16,-75.84,1.82,14
-9.16,-73.33,1.84,14
-9.16,-70.82,1.66,14
-9.16,-68.31,1.52,14
-9.16,-65.8,1.48,14
-9.16,-63.29,1.58,14
-9.16,-60.78,1.7,14
-9.16,-58.27,1.89,14
-9.16,-55.76,2.03,14
-9.16,-53.25,2.03,14
-9.16,-50.74,2.01,14
-9.16,-48.23,2.01,14
-9.16,-45.72,1.97,14
-9.16,-43.21,1.76,14
-9.16,-40.7,1.46,14
-9.16,-38.19,1.32,14
-9.16,-35.68,2.33,14
-9.16,-33.17,1.88,14
-9.16,12.01,0.93,14
-9.16,14.52,0.99,14
-9.16,17.03,1.32,14
-9.16,19.54,1.49,14
-9.16,22.05,1.59,14
-9.16,24.56,1.55,14
-9.16,27.07,1.46,14
-9.16,29.58,1.33,14
-9.16,32.09,1.35,14
-9.16,34.6,2,14
-9.16,37.11,1.74,14
-9.16,39.62,1.87,14
-9.16,127.47,2.82,14
-9.16,129.98,2.98,14
-9.16,170.14,3.97,14
-6.53,-78.35,2.67,14
-6.53,-75.84,2.59,14
-6.53,-73.33,2.14,14
-6.53,-70.82,1.98,14
-6.53,-68.31,1.88,14
-6.53,-65.8,1.92,14
-6.53,-63.29,1.98,14
-6.53,-55.76,2.39,14
-6.53,-53.25,2.42,14
-6.53,-50.74,2.44,14
-6.53,-48.23,2.52,14
-6.53,-45.72,2.54,14
-6.53,-43.21,2.61,14
-6.53,-40.7,2.34,14
-6.53,-38.19,2,14
-6.53,9.5,0.85,14
-6.53,12.01,1.15,14
-6.53,14.52,1.33,14
-6.53,17.03,1.55,14
-6.53,19.54,1.53,14
-6.53,22.05,1.46,14
-6.53,24.56,1.36,14
-6.53,27.07,1.3,14
-6.53,29.58,1.24,14
-6.53,32.09,1.3,14
-6.53,34.6,2.19,14
-6.53,37.11,1.76,14
-6.53,109.9,4.46,14
-6.53,112.41,4.38,14
-6.53,124.96,3.78,14
-3.91,-75.84,3.45,14
-3.91,-73.33,3.14,14
-3.91,-70.82,3.04,14
-3.91,-68.31,2.84,14
-3.91,-65.8,2.65,14
-3.91,-63.29,2.49,14
-3.91,-55.76,2.57,14
-3.91,-53.25,2.46,14
-3.91,-50.74,2.51,14
-3.91,-45.72,2.59,14
-3.91,9.5,1.71,14
-3.91,12.01,1.7,14
-3.91,14.52,1.8,14
-3.91,17.03,1.76,14
-3.91,19.54,1.65,14
-3.91,22.05,1.59,14
-3.91,24.56,1.54,14
-3.91,27.07,1.47,14
-3.91,29.58,1.44,14
-3.91,32.09,1.42,14
-3.91,34.6,1.59,14
-3.91,37.11,1.68,14
-3.91,39.62,1.45,14
-3.91,109.9,3.59,14
-3.91,112.41,3.8,14
-3.91,124.96,3.57,14
-1.3,-75.84,3.55,14
-1.3,-73.33,3.81,14
-1.3,-70.82,3.91,14
-1.3,-68.31,3.62,14
-1.3,-65.8,3.17,14
-1.3,-63.29,2.53,14
-1.3,-60.78,2.19,14
-1.3,-58.27,2.08,14
-1.3,-55.76,1.99,14
-1.3,-53.25,2.03,14
-1.3,-50.74,2.27,14
-1.3,9.5,2.32,14
-1.3,12.01,2.23,14
-1.3,14.52,2.09,14
-1.3,17.03,2.03,14
-1.3,19.54,1.84,14
-1.3,22.05,1.78,14
-1.3,24.56,1.74,14
-1.3,27.07,1.65,14
-1.3,29.58,1.6,14
-1.3,32.09,1.36,14
-1.3,34.6,1.34,14
-1.3,37.11,1.3,14
-1.3,104.88,2.5,14
-1.3,114.92,2.33,14
-1.3,117.43,2.32,14
-1.3,122.45,2.33,14
-1.3,129.98,2.11,14
-1.3,157.59,1.04,14
-1.3,162.61,0.94,14
1.3,-73.33,3.51,14
1.3,-70.82,3.63,14
1.3,-68.31,3.85,14
1.3,-65.8,2.05,14
1.3,-63.29,1.62,14
1.3,-60.78,1.26,14
1.3,-58.27,2.14,14
1.3,-55.76,1.47,14
1.3,-53.25,1.66,14
1.3,-50.74,1.95,14
1.3,6.99,3.02,14
1.3,9.5,2.53,14
1.3,12.01,2.17,14
1.3,14.52,2.3,14
1.3,17.03,2.3,14
1.3,19.54,2.27,14
1.3,22.05,2.06,14
1.3,24.56,2.07,14
1.3,27.07,2.02,14
1.3,29.58,1.76,14
1.3,32.09,1.29,14
1.3,34.6,1.06,14
1.3,37.11,1.08,14
1.3,39.62,1.12,14
1.3,42.13,1.59,14
1.3,44.64,1.57,14
1.3,99.86,2.65,14
1.3,104.88,2.2,14
1.3,112.41,2.58,14
1.3,114.92,2.84,14
1.3,117.43,2.16,14
3.91,-73.33,2.77,14
3.91,-70.82,2.94,14
3.91,-68.31,2.86,14
3.91,-65.8,1.76,14
3.91,-63.29,1.35,14
3.91,-60.78,1.25,14
3.91,-58.27,1.43,14
3.91,-10.58,2.3,14
3.91,-8.07,1.82,14
3.91,-5.56,1.6,14
3.91,-3.05,1.27,14
3.91,-0.54,1.21,14
3.91,4.48,2.06,14
3.91,6.99,2.46,14
3.91,9.5,2.05,14
3.91,12.01,1.88,14
3.91,14.52,1.82,14
3.91,17.03,2.06,14
3.91,19.54,1.97,14
3.91,22.05,1.74,14
3.91,24.56,1.73,14
3.91,27.07,1.83,14
3.91,29.58,1.77,14
3.91,32.09,1.42,14
3.91,34.6,1.17,14
3.91,37.11,1.18,14
3.91,39.62,1.12,14
3.91,42.13,1.33,14
3.91,44.64,1.79,14
3.91,72.25,2.32,14
3.91,97.35,2.88,14
3.91,102.37,3.03,14
3.91,112.41,3.21,14
3.91,114.92,3.36,14
3.91,117.43,2.92,14
3.91,129.98,2.47,14
3.91,132.49,2.44,14
6.53,-70.82,0.96,14
6.53,-68.31,1.04,14
6.53,-65.8,0.8,14
6.53,-63.29,0.68,14
6.53,-60.78,0.83,14
6.53,-55.76,0.87,14
6.53,-13.09,2.68,14
6.53,-10.58,2.17,14
6.53,-8.07,1.98,14
6.53,-5.56,1.78,14
6.53,-3.05,1.57,14
6.53,-0.54,1.55,14
6.53,1.97,1.55,14
6.53,4.48,1.63,14
6.53,6.99,1.55,14
6.53,9.5,1.5,14
6.53,12.01,1.5,14
6.53,14.52,1.51,14
6.53,17.03,1.63,14
6.53,19.54,1.59,14
6.53,22.05,1.42,14
6.53,24.56,1.22,14
6.53,27.07,1.33,14
6.53,29.58,1.33,14
6.53,32.09,1.3,14
6.53,34.6,1.11,14
6.53,37.11,1,14
6.53,39.62,1.13,14
6.53,42.13,1.34,14
6.53,44.64,1.56,14
6.53,47.15,1.83,14
6.53,49.66,2.14,14
6.53,72.25,2.63,14
6.53,74.76,2.15,14
6.53,77.27,2.78,14
6.53,94.84,2.61,14
6.53,99.86,3.12,14
6.53,102.37,3.12,14
6.53,104.88,3.43,14
6.53,107.39,3.62,14
6.53,112.41,3.75,14
6.53,114.92,3.74,14
6.53,117.43,3.69,14
6.53,119.94,3.56,14
6.53,129.98,3.7,14
6.53,132.49,3.77,14
6.53,137.51,3.9,14
9.16,-83.37,0.48,14
9.16,-70.82,0.14,14
9.16,-65.8,0.28,14
9.16,-15.6,1.95,14
9.16,-13.09,1.72,14
9.16,-10.58,1.63,14
9.16,-8.07,1.58,14
9.16,-5.56,1.53,14
9.16,-3.05,1.45,14
9.16,-0.54,1.39,14
9.16,1.97,1.45,14
9.16,4.48,1.39,14
9.16,6.99,1.25,14
9.16,9.5,1.27,14
9.16,12.01,1.34,14
9.16,14.52,1.36,14
9.16,17.03,1.48,14
9.16,19.54,1.49,14
9.16,22.05,1.28,14
9.16,24.56,1.06,14
9.16,27.07,1.16,14
9.16,29.58,1.11,14
9.16,32.09,1.12,14
9.16,34.6,1.07,14
9.16,37.11,0.9,14
9.16,39.62,1,14
9.16,44.64,1.15,14
9.16,47.15,1.55,14
9.16,72.25,2.14,14
9.16,74.76,1.96,14
9.16,77.27,2.56,14
9.16,99.86,2.31,14
9.16,102.37,2.4,14
9.16,104.88,2.92,14
9.16,122.45,4.03,14
9.16,129.98,4.02,14
9.16,145.04,3.77,14
11.81,-83.37,0.61,14
11.81,-15.6,1.32,14
11.81,-13.09,1.45,14
11.81,-10.58,1.4,14
11.81,-8.07,1.36,14
11.81,-5.56,1.34,14
11.81,-3.05,1.3,14
11.81,-0.54,1.25,14
11.81,1.97,1.3,14
11.81,4.48,1.25,14
11.81,6.99,1.18,14
11.81,9.5,1.17,14
11.81,12.01,1.23,14
11.81,14.52,1.26,14
11.81,17.03,1.38,14
11.81,19.54,1.38,14
11.81,22.05,1.09,14
11.81,24.56,0.86,14
11.81,27.07,0.98,14
11.81,29.58,1.03,14
11.81,32.09,1.08,14
11.81,34.6,1.05,14
11.81,37.11,0.87,14
11.81,39.62,1.13,14
11.81,42.13,1.12,14
11.81,44.64,1.12,14
11.81,47.15,1.24,14
11.81,52.17,1.67,14
11.81,69.74,2.61,14
11.81,72.25,1.99,14
11.81,74.76,1.95,14
11.81,77.27,2.31,14
11.81,97.35,2.06,14
11.81,99.86,2.01,14
11.81,109.9,3.76,14
14.48,-88.39,0.87,14
14.48,-85.88,0.76,14
14.48,-83.37,0.6,14
14.48,-75.84,0.44,14
14.48,-65.8,0.35,14
14.48,-63.29,0.32,14
14.48,-15.6,0.81,14
14.48,-13.09,1,14
14.48,-10.58,1.03,14
14.48,-8.07,1.06,14
14.48,-5.56,1.03,14
14.48,-3.05,1.07,14
14.48,-0.54,1.02,14
14.48,1.97,1,14
14.48,4.48,0.98,14
14.48,6.99,0.88,14
14.48,9.5,0.76,14
14.48,12.01,0.8,14
14.48,14.52,0.9,14
14.48,17.03,0.92,14
14.48,19.54,0.85,14
14.48,22.05,0.65,14
14.48,24.56,0.54,14
14.48,27.07,0.58,14
14.48,29.58,0.7,14
14.48,32.09,0.79,14
14.48,34.6,0.82,14
14.48,37.11,0.9,14
14.48,39.62,1.11,14
14.48,42.13,0.95,14
14.48,44.64,0.95,14
14.48,47.15,0.93,14
14.48,49.66,0.86,14
14.48,52.17,0.87,14
14.48,54.68,1.03,14
14.48,69.74,2.24,14
14.48,72.25,1.82,14
14.48,74.76,1.77,14
14.48,77.27,2.02,14
14.48,79.78,1.77,14
14.48,97.35,1.81,14
14.48,99.86,1.85,14
14.48,104.88,2.68,14
14.48,107.39,2.88,14
14.48,122.45,3.74,14
17.19,-95.92,1.68,14
17.19,-93.41,0.85,14
17.19,-90.9,0.59,14
17.19,-88.39,0.61,14
17.19,-73.33,0.3,14
17.19,-68.31,0.21,14
17.19,-15.6,0.46,14
17.19,-13.09,0.54,14
17.19,-10.58,0.56,14
17.19,-8.07,0.58,14
17.19,-5.56,0.6,14
17.19,-3.05,0.62,14
17.19,-0.54,0.6,14
17.19,1.97,0.55,14
17.19,4.48,0.45,14
17.19,6.99,0.33,14
17.19,9.5,0.26,14
17.19,12.01,0.26,14
17.19,14.52,0.25,14
17.19,17.03,0.21,14
17.19,19.54,0.22,14
17.19,22.05,0.25,14
17.19,24.56,0.28,14
17.19,27.07,0.33,14
17.19,29.58,0.43,14
17.19,32.09,0.52,14
17.19,34.6,0.56,14
17.19,37.11,0.77,14
17.19,39.62,0.78,14
17.19,42.13,0.77,14
17.19,44.64,0.79,14
17.19,47.15,0.79,14
17.19,49.66,0.83,14
17.19,52.17,0.79,14
17.19,54.68,0.62,14
17.19,67.23,1.71,14
17.19,72.25,1.63,14
17.19,74.76,1.66,14
17.19,77.27,1.61,14
17.19,79.78,1.62,14
17.19,87.31,1.45,14
17.19,89.82,1.45,14
17.19,94.84,1.68,14
17.19,97.35,1.53,14
17.19,99.86,1.56,14
17.19,102.37,1.57,14
17.19,104.88,2.38,14
17.19,119.94,2.85,14
19.94,-100.94,1.12,14
19.94,-98.43,0.68,14
19.94,-95.92,2.17,14
19.94,-93.41,0.6,14
19.94,-78.35,0.42,14
19.94,-73.33,0.22,14
19.94,-18.11,0.14,14
19.94,-15.6,0.33,14
19.94,-13.09,0.36,14
19.94,-10.58,0.37,14
19.94,-8.07,0.37,14
19.94,-5.56,0.39,14
19.94,-3.05,0.4,14
19.94,-0.54,0.4,14
19.94,1.97,0.33,14
19.94,4.48,0.22,14
19.94,6.99,0.13,14
19.94,9.5,0.1,14
19.94,12.01,0.08,14
19.94,14.52,0.09,14
19.94,17.03,0.1,14
19.94,19.54,0.1,14
19.94,22.05,0.14,14
19.94,24.56,0.18,14
19.94,27.07,0.23,14
19.94,29.58,0.32,14
19.94,32.09,0.41,14
19.94,34.6,0.44,14
19.94,37.11,0.59,14
19.94,39.62,0.62,14
19.94,42.13,0.67,14
19.94,44.64,0.69,14
19.94,47.15,0.71,14
19.94,49.66,0.76,14
19.94,52.17,0.77,14
19.94,54.68,0.69,14
19.94,57.19,0.55,14
19.94,69.74,1.44,14
19.94,72.25,1.38,14
19.94,74.76,1.43,14
19.94,77.27,1.5,14
19.94,79.78,1.45,14
19.94,82.29,1.4,14
19.94,89.82,1.59,14
19.94,92.33,1.36,14
19.94,94.84,1.62,14
19.94,97.35,1.42,14
19.94,99.86,1.52,14
19.94,102.37,1.6,14
19.94,107.39,1.87,14
19.94,122.45,2.33,14
22.74,-100.94,0.9,14
22.74,-98.43,1.2,14
22.74,-95.92,0.92,14
22.74,-15.6,0.14,14
22.74,-13.09,0.21,14
22.74,-10.58,0.22,14
22.74,-8.07,0.22,14
22.74,-5.56,0.22,14
22.74,-3.05,0.21,14
22.74,-0.54,0.21,14
22.74,1.97,0.16,14
22.74,4.48,0.12,14
22.74,6.99,0.08,14
22.74,9.5,0.06,14
22.74,12.01,0.06,14
22.74,14.52,0.08,14
22.74,17.03,0.09,14
22.74,19.54,0.1,14
22.74,22.05,0.11,14
22.74,24.56,0.1,14
22.74,27.07,0.13,14
22.74,29.58,0.19,14
22.74,32.09,0.24,14
22.74,34.6,0.28,14
22.74,37.11,0.34,14
22.74,39.62,0.37,14
22.74,42.13,0.44,14
22.74,44.64,0.48,14
22.74,47.15,0.51,14
22.74,49.66,0.54,14
22.74,52.17,0.53,14
22.74,54.68,0.5,14
22.74,62.21,0.74,14
22.74,64.72,0.83,14
22.74,67.23,0.92,14
22.74,69.74,0.93,14
22.74,72.25,1,14
22.74,74.76,1.09,14
22.74,77.27,1.21,14
22.74,79.78,1.26,14
22.74,82.29,1.28,14
22.74,87.31,1.16,14
22.74,89.82,1.22,14
22.74,92.33,1.16,14
22.74,94.84,1.38,14
22.74,97.35,1.31,14
22.74,99.86,1.4,14
22.74,102.37,1.43,14
22.74,104.88,1.41,14
22.74,107.39,1.32,14
22.74,109.9,1.46,14
25.59,-103.45,1.6,14
25.59,-100.94,0.76,14
25.59,-98.43,1.06,14
25.59,-95.92,0.57,14
25.59,-13.09,0.09,14
25.59,-10.58,0.13,14
25.59,-8.07,0.14,14
25.59,-5.56,0.13,14
25.59,-3.05,0.11,14
25.59,-0.54,0.11,14
25.59,1.97,0.1,14
25.59,4.48,0.08,14
25.59,6.99,0.07,14
25.59,9.5,0.06,14
25.59,12.01,0.07,14
25.59,14.52,0.13,14
25.59,17.03,0.14,14
25.59,19.54,0.1,14
25.59,22.05,0.08,14
25.59,24.56,0.05,14
25.59,27.07,0.08,14
25.59,29.58,0.1,14
25.59,32.09,0.12,14
25.59,34.6,0.16,14
25.59,37.11,0.17,14
25.59,39.62,0.19,14
25.59,42.13,0.25,14
25.59,44.64,0.26,14
25.59,47.15,0.25,14
25.59,49.66,0.28,14
25.59,57.19,0.44,14
25.59,62.21,0.53,14
25.59,64.72,0.56,14
25.59,67.23,0.56,14
25.59,69.74,0.63,14
25.59,72.25,0.74,14
25.59,74.76,0.81,14
25.59,77.27,0.89,14
25.59,79.78,1,14
25.59,82.29,1.14,14
25.59,84.8,1.21,14
25.59,89.82,1.24,14
25.59,92.33,1.24,14
25.59,94.84,1.42,14
25.59,97.35,1.79,14
25.59,99.86,1.4,14
25.59,102.37,1.59,14
25.59,104.88,1.58,14
25.59,107.39,1.23,14
25.59,109.9,1.2,14
25.59,112.41,1.21,14
25.59,114.92,1.32,14
25.59,119.94,1.34,14
28.52,-105.96,1.48,14
28.52,-103.45,1.05,14
28.52,-100.94,0.99,14
28.52,-98.43,0.87,14
28.52,-95.92,0.74,14
28.52,-10.58,0.1,14
28.52,-8.07,0.13,14
28.52,-5.56,0.12,14
28.52,-3.05,0.1,14
28.52,-0.54,0.09,14
28.52,1.97,0.08,14
28.52,4.48,0.07,14
28.52,6.99,0.07,14
28.52,9.5,0.11,14
28.52,12.01,0.17,14
28.52,14.52,0.15,14
28.52,22.05,0.1,14
28.52,24.56,0.09,14
28.52,27.07,0.07,14
28.52,32.09,0.05,14
28.52,34.6,0.08,14
28.52,37.11,0.11,14
28.52,39.62,0.15,14
28.52,42.13,0.16,14
28.52,44.64,0.13,14
28.52,47.15,0.13,14
28.52,54.68,0.41,14
28.52,57.19,0.43,14
28.52,59.7,0.46,14
28.52,62.21,0.47,14
28.52,64.72,0.45,14
28.52,67.23,0.49,14
28.52,69.74,0.62,14
28.52,72.25,1.18,14
28.52,74.76,1.89,14
28.52,77.27,2.65,14
28.52,79.78,2.59,14
28.52,82.29,2.34,14
28.52,84.8,2.47,14
28.52,87.31,2.55,14
28.52,89.82,2.25,14
28.52,92.33,2.12,14
28.52,94.84,3.44,14
28.52,97.35,3.01,14
28.52,99.86,1.42,14
28.52,102.37,1.37,14
28.52,104.88,1.4,14
28.52,107.39,1.27,14
28.52,109.9,1.13,14
28.52,112.41,1.08,14
28.52,114.92,1.08,14
28.52,117.43,1.13,14
28.52,119.94,1.02,14
28.52,122.45,1.07,14
31.53,-108.47,0.95,14
31.53,-105.96,1.02,14
31.53,-103.45,1.03,14
31.53,-100.94,1.09,14
31.53,-98.43,1.12,14
31.53,-95.92,1.12,14
31.53,-93.41,1.07,14
31.53,-90.9,1.07,14
31.53,-85.88,1.08,14
31.53,-83.37,1.11,14
31.53,-80.86,1.18,14
31.53,-8.07,0.1,14
31.53,-5.56,0.1,14
31.53,-3.05,0.1,14
31.53,-0.54,0.1,14
31.53,1.97,0.1,14
31.53,9.5,0.16,14
31.53,14.52,0.24,14
31.53,24.56,0.18,14
31.53,32.09,0.1,14
31.53,34.6,0.1,14
31.53,37.11,0.13,14
31.53,39.62,0.14,14
31.53,42.13,0.13,14
31.53,44.64,0.09,14
31.53,49.66,0.19,14
31.53,52.17,0.26,14
31.53,54.68,0.27,14
31.53,57.19,0.34,14
31.53,59.7,0.35,14
31.53,62.21,0.49,14
31.53,64.72,0.61,14
31.53,67.23,0.89,14
31.53,69.74,1.64,14
31.53,72.25,1.94,14
31.53,74.76,1.21,14
31.53,77.27,0.79,14
31.53,79.78,0.68,14
31.53,82.29,0.64,14
31.53,84.8,0.68,14
31.53,87.31,0.8,14
31.53,89.82,1.15,14
31.53,92.33,2.87,14
31.53,94.84,3.1,14
31.53,97.35,2.24,14
31.53,99.86,1.8,14
31.53,102.37,1.42,14
31.53,104.88,1.01,14
31.53,107.39,1.28,14
31.53,114.92,1.22,14
31.53,117.43,1.1,14
34.64,-113.49,0.71,14
34.64,-110.98,0.78,14
34.64,-108.47,1.05,14
34.64,-105.96,1.05,14
34.64,-103.45,1.07,14
34.64,-100.94,1.14,14
34.64,-98.43,1.17,14
34.64,-95.92,1.27,14
34.64,-93.41,1.34,14
34.64,-90.9,1.41,14
34.64,-88.39,1.37,14
34.64,-85.88,1.4,14
34.64,-83.37,1.42,14
34.64,-80.86,1.32,14
34.64,-78.35,1.12,14
34.64,-75.84,1.1,14
34.64,-5.56,0.13,14
34.64,-3.05,0.16,14
34.64,-0.54,0.17,14
34.64,1.97,0.18,14
34.64,4.48,0.19,14
34.64,14.52,0.32,14
34.64,17.03,0.33,14
34.64,22.05,0.32,14
34.64,24.56,0.31,14
34.64,27.07,0.31,14
34.64,29.58,0.27,14
34.64,32.09,0.25,14
34.64,37.11,0.23,14
34.64,39.62,0.23,14
34.64,44.64,0.15,14
34.64,47.15,0.13,14
34.64,49.66,0.16,14
34.64,52.17,0.21,14
34.64,54.68,0.2,14
34.64,57.19,0.18,14
34.64,59.7,0.27,14
34.64,62.21,0.48,14
34.64,64.72,0.61,14
34.64,67.23,0.58,14
34.64,69.74,0.56,14
34.64,72.25,0.29,14
34.64,74.76,0.35,14
34.64,77.27,0.38,14
34.64,79.78,0.36,14
34.64,82.29,0.37,14
34.64,84.8,0.42,14
34.64,87.31,0.53,14
34.64,89.82,0.7,14
34.64,92.33,1.12,14
34.64,94.84,2,14
34.64,97.35,2.39,14
34.64,99.86,0.73,14
34.64,102.37,0.98,14
34.64,104.88,1.32,14
34.64,107.39,1.14,14
34.64,109.9,1.26,14
34.64,117.43,1.17,14
34.64,119.94,0.99,14
34.64,129.98,1.61,14
37.87,-116,1.22,14
37.87,-113.49,0.53,14
37.87,-110.98,0.8,14
37.87,-108.47,0.81,14
37.87,-105.96,0.83,14
37.87,-103.45,1.22,14
37.87,-100.94,1.17,14
37.87,-98.43,1.16,14
37.87,-95.92,1.23,14
37.87,-93.41,1.33,14
37.87,-90.9,1.46,14
37.87,-88.39,1.53,14
37.87,-85.88,1.42,14
37.87,-83.37,1.42,14
37.87,-80.86,1.27,14
37.87,-78.35,1.23,14
37.87,-75.84,1.01,14
37.87,-73.33,1.17,14
37.87,-68.31,1.53,14
37.87,-10.58,0.21,14
37.87,-8.07,0.26,14
37.87,-5.56,0.59,14
37.87,-3.05,0.27,14
37.87,-0.54,0.26,14
37.87,1.97,0.26,14
37.87,4.48,0.27,14
37.87,9.5,0.33,14
37.87,12.01,0.36,14
37.87,14.52,0.39,14
37.87,17.03,0.4,14
37.87,19.54,0.42,14
37.87,22.05,0.44,14
37.87,24.56,0.42,14
37.87,27.07,0.35,14
37.87,29.58,0.31,14
37.87,32.09,0.27,14
37.87,34.6,0.3,14
37.87,37.11,0.31,14
37.87,39.62,0.3,14
37.87,42.13,0.27,14
37.87,44.64,0.23,14
37.87,47.15,0.17,14
37.87,52.17,0.25,14
37.87,54.68,0.23,14
37.87,57.19,0.14,14
37.87,59.7,0.1,14
37.87,62.21,0.11,14
37.87,64.72,0.07,14
37.87,67.23,0.4,14
37.87,69.74,0.51,14
37.87,72.25,0.37,14
37.87,74.76,0.38,14
37.87,77.27,0.31,14
37.87,79.78,0.26,14
37.87,82.29,0.33,14
37.87,84.8,0.45,14
37.87,87.31,0.52,14
37.87,89.82,0.58,14
37.87,92.33,0.83,14
37.87,94.84,1.58,14
37.87,97.35,0.64,14
37.87,99.86,0.7,14
37.87,102.37,0.86,14
37.87,104.88,1.03,14
37.87,107.39,1.08,14
37.87,109.9,1.39,14
37.87,112.41,1.27,14
37.87,114.92,1.29,14
37.87,122.45,1.09,14
37.87,127.47,1.34,14
37.87,129.98,1.46,14
37.87,132.49,1.65,14
37.87,135,1.72,14
37.87,137.51,1.55,14
41.25,-118.51,1.47,14
41.25,-116,0.98,14
41.25,-113.49,0.87,14
41.25,-110.98,0.87,14
41.25,-108.47,0.99,14
41.25,-105.96,0.97,14
41.25,-103.45,1.08,14
41.25,-100.94,1.07,14
41.25,-98.43,0.98,14
41.25,-95.92,0.96,14
41.25,-93.41,1.01,14
41.25,-90.9,1.1,14
41.25,-88.39,1.16,14
41.25,-85.88,1.21,14
41.25,-83.37,1.22,14
41.25,-80.86,1.22,14
41.25,-78.35,1.13,14
41.25,-75.84,1.05,14
41.25,-73.33,1,14
41.25,-70.82,1.23,14
41.25,-68.31,1.36,14
41.25,-65.8,1.4,14
41.25,-10.58,0.57,14
41.25,-8.07,0.57,14
41.25,-5.56,0.47,14
41.25,-3.05,0.59,14
41.25,-0.54,0.62,14
41.25,1.97,0.66,14
41.25,4.48,0.59,14
41.25,9.5,0.62,14
41.25,12.01,0.67,14
41.25,14.52,0.57,14
41.25,17.03,0.68,14
41.25,19.54,0.64,14
41.25,22.05,0.49,14
41.25,24.56,0.44,14
41.25,32.09,0.44,14
41.25,37.11,0.44,14
41.25,39.62,0.47,14
41.25,42.13,0.29,14
41.25,44.64,0.33,14
41.25,52.17,0.22,14
41.25,54.68,0.16,14
41.25,57.19,0.12,14
41.25,59.7,0.1,14
41.25,62.21,0.11,14
41.25,64.72,0.12,14
41.25,67.23,0.25,14
41.25,69.74,0.2,14
41.25,72.25,0.17,14
41.25,74.76,0.11,14
41.25,77.27,0.07,14
41.25,79.78,0.05,14
41.25,82.29,0.05,14
41.25,84.8,0.05,14
41.25,87.31,0.07,14
41.25,89.82,0.09,14
41.25,92.33,0.13,14
41.25,94.84,0.15,14
41.25,97.35,0.22,14
41.25,99.86,0.31,14
41.25,102.37,0.42,14
41.25,104.88,0.58,14
41.25,107.39,0.78,14
41.25,109.9,0.92,14
41.25,112.41,1.06,14
41.25,117.43,1.32,14
41.25,119.94,1.2,14
41.25,124.96,1.5,14
41.25,127.47,1.18,14
41.25,137.51,1.69,14
41.25,140.02,1.7,14
44.82,-118.51,1.81,14
44.82,-116,1.07,14
44.82,-113.49,1.13,14
44.82,-110.98,1.42,14
44.82,-108.47,1.1,14
44.82,-105.96,1,14
44.82,-103.45,0.98,14
44.82,-100.94,0.86,14
44.82,-98.43,0.77,14
44.82,-95.92,0.76,14
44.82,-93.41,0.85,14
44.82,-90.9,0.93,14
44.82,-88.39,1.01,14
44.82,-85.88,1.03,14
44.82,-83.37,0.99,14
44.82,-80.86,1.07,14
44.82,-78.35,1.09,14
44.82,-75.84,1.19,14
44.82,-73.33,1.09,14
44.82,-70.82,1.14,14
44.82,-68.31,1.26,14
44.82,-65.8,1.38,14
44.82,-63.29,1.43,14
44.82,-3.05,0.73,14
44.82,-0.54,0.95,14
44.82,1.97,1.18,14
44.82,4.48,1.35,14
44.82,6.99,0.95,14
44.82,9.5,0.85,14
44.82,12.01,0.73,14
44.82,14.52,0.59,14
44.82,17.03,0.68,14
44.82,19.54,0.59,14
44.82,22.05,0.49,14
44.82,24.56,0.48,14
44.82,29.58,0.51,14
44.82,32.09,0.52,14
44.82,37.11,0.55,14
44.82,39.62,0.49,14
44.82,52.17,0.33,14
44.82,54.68,0.28,14
44.82,59.7,0.19,14
44.82,62.21,0.16,14
44.82,64.72,0.16,14
44.82,67.23,0.15,14
44.82,69.74,0.15,14
44.82,72.25,0.17,14
44.82,74.76,0.18,14
44.82,77.27,0.16,14
44.82,79.78,0.1,14
44.82,82.29,0.08,14
44.82,84.8,0.08,14
44.82,87.31,0.07,14
44.82,89.82,0.08,14
44.82,92.33,0.1,14
44.82,94.84,0.14,14
44.82,97.35,0.18,14
44.82,99.86,0.28,14
44.82,102.37,0.37,14
44.82,104.88,0.43,14
44.82,107.39,0.53,14
44.82,109.9,0.63,14
44.82,112.41,0.72,14
44.82,114.92,0.9,14
44.82,117.43,0.96,14
44.82,119.94,1.05,14
44.82,122.45,1.2,14
44.82,124.96,1.11,14
44.82,127.47,1.14,14
44.82,129.98,0.9,14
44.82,132.49,1.1,14
44.82,140.02,1.57,14
44.82,142.53,1.76,14
48.63,-118.51,1.77,14
48.63,-116,1.14,14
48.63,-113.49,1.53,14
48.63,-110.98,1.13,14
48.63,-108.47,0.81,14
48.63,-105.96,0.74,14
48.63,-103.45,0.66,14
48.63,-100.94,0.65,14
48.63,-98.43,0.63,14
48.63,-95.92,0.66,14
48.63,-93.41,0.71,14
48.63,-90.9,0.87,14
48.63,-88.39,0.94,14
48.63,-85.88,0.93,14
48.63,-83.37,0.93,14
48.63,-80.86,1,14
48.63,-78.35,1.01,14
48.63,-75.84,1.07,14
48.63,-73.33,1.2,14
48.63,-70.82,1.32,14
48.63,-68.31,1.37,14
48.63,-65.8,1.31,14
48.63,-63.29,1.36,14
48.63,-60.78,1.25,14
48.63,-53.25,1.23,14
48.63,-0.54,0.94,14
48.63,1.97,1.15,14
48.63,4.48,1.16,14
48.63,6.99,1.04,14
48.63,9.5,0.83,14
48.63,12.01,0.77,14
48.63,14.52,0.79,14
48.63,17.03,0.82,14
48.63,19.54,0.8,14
48.63,22.05,0.79,14
48.63,24.56,0.78,14
48.63,27.07,0.75,14
48.63,29.58,0.75,14
48.63,32.09,0.74,14
48.63,34.6,0.7,14
48.63,37.11,0.73,14
48.63,39.62,0.74,14
48.63,52.17,0.62,14
48.63,54.68,0.6,14
48.63,57.19,0.49,14
48.63,59.7,0.45,14
48.63,62.21,0.48,14
48.63,64.72,0.43,14
48.63,67.23,0.39,14
48.63,69.74,0.38,14
48.63,72.25,0.29,14
48.63,74.76,0.25,14
48.63,77.27,0.29,14
48.63,79.78,0.4,14
48.63,82.29,0.5,14
48.63,84.8,0.44,14
48.63,87.31,0.36,14
48.63,89.82,0.32,14
48.63,92.33,0.46,14
48.63,94.84,0.63,14
48.63,97.35,0.51,14
48.63,99.86,0.61,14
48.63,102.37,0.61,14
48.63,104.88,0.7,14
48.63,107.39,0.68,14
48.63,109.9,0.7,14
48.63,112.41,0.71,14
48.63,114.92,0.7,14
48.63,117.43,0.8,14
48.63,119.94,0.91,14
48.63,122.45,0.86,14
48.63,124.96,0.93,14
48.63,127.47,0.94,14
48.63,129.98,0.95,14
48.63,132.49,0.99,14
48.63,135,1.11,14
48.63,137.51,1.12,14
48.63,140.02,1.07,14
48.63,142.53,1.3,14
48.63,145.04,1.61,14
52.75,-123.53,2.63,14
52.75,-121.02,2.42,14
52.75,-118.51,1.27,14
52.75,-116,1.69,14
52.75,-113.49,1.51,14
52.75,-110.98,0.77,14
52.75,-108.47,0.65,14
52.75,-105.96,0.67,14
52.75,-103.45,0.63,14
52.75,-100.94,0.62,14
52.75,-98.43,0.64,14
52.75,-95.92,0.63,14
52.75,-93.41,0.7,14
52.75,-90.9,0.83,14
52.75,-88.39,0.86,14
52.75,-85.88,0.86,14
52.75,-83.37,0.84,14
52.75,-80.86,0.87,14
52.75,-78.35,0.93,14
52.75,-75.84,0.98,14
52.75,-73.33,1.13,14
52.75,-70.82,1.31,14
52.75,-68.31,1.35,14
52.75,-65.8,1.3,14
52.75,-63.29,1.22,14
52.75,-60.78,1.18,14
52.75,-58.27,1.16,14
52.75,-55.76,1.17,14
52.75,-10.58,1.17,14
52.75,-5.56,1.26,14
52.75,6.99,0.97,14
52.75,14.52,0.83,14
52.75,17.03,0.88,14
52.75,19.54,0.94,14
52.75,22.05,0.95,14
52.75,24.56,0.94,14
52.75,27.07,0.98,14
52.75,29.58,1.02,14
52.75,32.09,1.01,14
52.75,34.6,0.96,14
52.75,37.11,0.97,14
52.75,39.62,1.02,14
52.75,42.13,0.96,14
52.75,47.15,0.93,14
52.75,49.66,0.94,14
52.75,52.17,1.01,14
52.75,54.68,0.88,14
52.75,57.19,0.72,14
52.75,59.7,0.67,14
52.75,62.21,0.71,14
52.75,64.72,0.67,14
52.75,67.23,0.57,14
52.75,69.74,0.53,14
52.75,72.25,0.45,14
52.75,74.76,0.39,14
52.75,77.27,0.48,14
52.75,79.78,0.73,14
52.75,82.29,0.98,14
52.75,84.8,0.94,14
52.75,87.31,0.52,14
52.75,89.82,0.58,14
52.75,92.33,0.78,14
52.75,94.84,0.96,14
52.75,97.35,0.75,14
52.75,99.86,0.81,14
52.75,102.37,0.65,14
52.75,104.88,0.75,14
52.75,107.39,0.82,14
52.75,109.9,0.75,14
52.75,112.41,0.7,14
52.75,114.92,0.77,14
52.75,117.43,0.75,14
52.75,119.94,0.86,14
52.75,122.45,0.88,14
52.75,124.96,0.84,14
52.75,127.47,0.89,14
52.75,129.98,1.07,14
52.75,132.49,1.41,14
52.75,135,0.88,14
52.75,137.51,1.21,14
52.75,142.53,1.04,14
57.32,-158.67,1.21,14
57.32,-153.65,1.19,14
57.32,-128.55,2.37,14
57.32,-126.04,2.28,14
57.32,-123.53,2.18,14
57.32,-121.02,1.38,14
57.32,-118.51,1.06,14
57.32,-116,1.04,14
57.32,-113.49,0.78,14
57.32,-110.98,0.71,14
57.32,-108.47,0.66,14
57.32,-105.96,0.66,14
57.32,-103.45,0.69,14
57.32,-100.94,0.71,14
57.32,-98.43,0.7,14
57.32,-95.92,0.72,14
57.32,-93.41,0.75,14
57.32,-90.9,0.74,14
57.32,-88.39,0.76,14
57.32,-85.88,0.8,14
57.32,-83.37,0.81,14
57.32,-80.86,0.84,14
57.32,-78.35,0.87,14
57.32,-75.84,0.9,14
57.32,-73.33,0.96,14
57.32,-70.82,1.05,14
57.32,-68.31,1.06,14
57.32,-65.8,0.96,14
57.32,-63.29,0.97,14
57.32,-60.78,0.99,14
57.32,-58.27,0.74,14
57.32,-8.07,1.24,14
57.32,-0.54,1.12,14
57.32,4.48,1.32,14
57.32,9.5,1.05,14
57.32,22.05,0.97,14
57.32,24.56,0.96,14
57.32,29.58,1.04,14
57.32,32.09,0.96,14
57.32,34.6,0.98,14
57.32,37.11,0.97,14
57.32,39.62,1.01,14
57.32,42.13,0.99,14
57.32,44.64,0.98,14
57.32,47.15,1.02,14
57.32,49.66,1.01,14
57.32,52.17,1.07,14
57.32,54.68,1.06,14
57.32,57.19,0.74,14
57.32,59.7,0.75,14
57.32,62.21,0.77,14
57.32,64.72,0.74,14
57.32,67.23,0.7,14
57.32,69.74,0.67,14
57.32,72.25,0.63,14
57.32,74.76,0.6,14
57.32,77.27,0.61,14
57.32,79.78,0.61,14
57.32,82.29,0.7,14
57.32,84.8,0.83,14
57.32,87.31,0.63,14
57.32,89.82,0.81,14
57.32,92.33,0.85,14
57.32,94.84,0.79,14
57.32,97.35,0.72,14
57.32,99.86,0.67,14
57.32,102.37,0.69,14
57.32,104.88,0.66,14
57.32,107.39,0.88,14
57.32,109.9,0.87,14
57.32,112.41,0.77,14
57.32,114.92,0.86,14
57.32,117.43,0.82,14
57.32,119.94,0.83,14
57.32,122.45,0.91,14
57.32,124.96,0.88,14
57.32,127.47,1.02,14
57.32,129.98,1.02,14
57.32,132.49,1.17,14
57.32,142.53,0.94,14
57.32,155.08,1.44,14
57.32,157.59,1.44,14
57.32,160.1,1.28,14
62.55,-173.73,1.07,14
62.55,-171.22,1.06,14
62.55,-168.71,1.04,14
62.55,-166.2,1.02,14
62.55,-163.69,1.04,14
62.55,-161.18,1.07,14
62.55,-158.67,1.15,14
62.55,-156.16,1.17,14
62.55,-153.65,1.1,14
62.55,-151.14,1.43,14
62.55,-148.63,1.23,14
62.55,-146.12,1.31,14
62.55,-143.61,1.54,14
62.55,-141.1,1.27,14
62.55,-138.59,1.45,14
62.55,-136.08,1.4,14
62.55,-133.57,1.61,14
62.55,-131.06,1.48,14
62.55,-128.55,1.58,14
62.55,-126.04,1.26,14
62.55,-123.53,1.03,14
62.55,-121.02,0.84,14
62.55,-118.51,0.62,14
62.55,-116,0.61,14
62.55,-113.49,0.6,14
62.55,-110.98,0.58,14
62.55,-108.47,0.64,14
62.55,-105.96,0.68,14
62.55,-103.45,0.72,14
62.55,-100.94,0.7,14
62.55,-98.43,0.72,14
62.55,-95.92,0.72,14
62.55,-93.41,0.7,14
62.55,-90.9,0.68,14
62.55,-88.39,0.74,14
62.55,-85.88,0.75,14
62.55,-83.37,0.75,14
62.55,-80.86,0.74,14
62.55,-78.35,0.78,14
62.55,-75.84,0.75,14
62.55,-73.33,0.77,14
62.55,-70.82,0.81,14
62.55,-68.31,0.8,14
62.55,-65.8,0.8,14
62.55,-63.29,0.89,14
62.55,-60.78,0.81,14
62.55,-45.72,1.5,14
62.55,-43.21,1.43,14
62.55,-40.7,0.94,14
62.55,-38.19,0.8,14
62.55,6.99,0.98,14
62.55,9.5,1.16,14
62.55,12.01,0.85,14
62.55,14.52,0.77,14
62.55,19.54,0.81,14
62.55,22.05,0.83,14
62.55,24.56,0.84,14
62.55,27.07,0.82,14
62.55,29.58,0.84,14
62.55,32.09,0.86,14
62.55,34.6,0.83,14
62.55,37.11,0.84,14
62.55,39.62,0.85,14
62.55,42.13,0.86,14
62.55,44.64,0.87,14
62.55,47.15,0.84,14
62.55,49.66,0.83,14
62.55,52.17,0.93,14
62.55,54.68,0.98,14
62.55,57.19,0.65,14
62.55,59.7,0.73,14
62.55,64.72,0.73,14
62.55,67.23,0.72,14
62.55,72.25,0.71,14
62.55,74.76,0.7,14
62.55,77.27,0.7,14
62.55,79.78,0.68,14
62.55,82.29,0.67,14
62.55,84.8,0.78,14
62.55,87.31,0.76,14
62.55,89.82,0.72,14
62.55,92.33,0.68,14
62.55,94.84,0.59,14
62.55,97.35,0.58,14
62.55,99.86,0.58,14
62.55,102.37,0.54,14
62.55,104.88,0.53,14
62.55,107.39,0.63,14
62.55,109.9,0.63,14
62.55,112.41,0.62,14
62.55,114.92,0.57,14
62.55,117.43,0.58,14
62.55,119.94,0.61,14
62.55,122.45,0.63,14
62.55,124.96,0.68,14
62.55,127.47,0.67,14
62.55,129.98,0.69,14
62.55,132.49,0.74,14
62.55,135,0.83,14
62.55,137.51,1.13,14
62.55,140.02,0.95,14
62.55,142.53,0.93,14
62.55,145.04,0.97,14
62.55,147.55,1.01,14
62.55,150.06,1.04,14
62.55,152.57,0.94,14
62.55,155.08,1.02,14
62.55,162.61,1.14,14
62.55,165.12,1.08,14
62.55,170.14,1.08,14
69.02,-178.75,0.74,14
69.02,-176.24,0.71,14
69.02,-173.73,0.71,14
69.02,-171.22,0.73,14
69.02,-168.71,0.68,14
69.02,-166.2,0.67,14
69.02,-163.69,0.74,14
69.02,-161.18,0.74,14
69.02,-158.67,0.76,14
69.02,-156.16,0.83,14
69.02,-153.65,0.68,14
69.02,-151.14,0.82,14
69.02,-148.63,0.74,14
69.02,-146.12,0.67,14
69.02,-143.61,0.71,14
69.02,-141.1,0.78,14
69.02,-138.59,0.72,14
69.02,-136.08,0.71,14
69.02,-133.57,0.75,14
69.02,-131.06,0.6,14
69.02,-128.55,0.48,14
69.02,-126.04,0.52,14
69.02,-123.53,0.5,14
69.02,-121.02,0.51,14
69.02,-118.51,0.51,14
69.02,-116,0.55,14
69.02,-113.49,0.56,14
69.02,-110.98,0.53,14
69.02,-108.47,0.6,14
69.02,-95.92,0.51,14
69.02,-88.39,0.55,14
69.02,-85.88,0.6,14
69.02,-83.37,0.53,14
69.02,-80.86,0.55,14
69.02,-78.35,0.61,14
69.02,-75.84,0.59,14
69.02,-73.33,0.57,14
69.02,-70.82,0.57,14
69.02,-68.31,0.54,14
69.02,-65.8,0.58,14
69.02,-63.29,0.55,14
69.02,-60.78,0.43,14
69.02,-48.23,0.88,14
69.02,-45.72,0.81,14
69.02,-43.21,0.66,14
69.02,-40.7,0.63,14
69.02,-38.19,0.67,14
69.02,-35.68,0.63,14
69.02,-33.17,0.89,14
69.02,-30.66,0.74,14
69.02,-28.15,0.65,14
69.02,-25.64,0.65,14
69.02,-23.13,0.57,14
69.02,-20.62,0.52,14
69.02,17.03,0.56,14
69.02,19.54,0.58,14
69.02,22.05,0.57,14
69.02,24.56,0.58,14
69.02,52.17,0.57,14
69.02,57.19,0.61,14
69.02,59.7,0.6,14
69.02,64.72,0.57,14
69.02,79.78,0.55,14
69.02,82.29,0.6,14
69.02,84.8,0.72,14
69.02,87.31,0.73,14
69.02,89.82,0.64,14
69.02,92.33,0.57,14
69.02,94.84,0.55,14
69.02,97.35,0.48,14
69.02,99.86,0.54,14
69.02,102.37,0.53,14
69.02,104.88,0.49,14
69.02,107.39,0.44,14
69.02,109.9,0.42,14
69.02,112.41,0.41,14
69.02,114.92,0.41,14
69.02,117.43,0.4,14
69.02,119.94,0.43,14
69.02,122.45,0.45,14
69.02,124.96,0.83,14
69.02,127.47,0.65,14
69.02,129.98,0.44,14
69.02,132.49,0.55,14
69.02,135,0.52,14
69.02,137.51,0.65,14
69.02,140.02,0.54,14
69.02,142.53,0.51,14
69.02,145.04,0.58,14
69.02,147.55,0.62,14
69.02,150.06,0.49,14
69.02,152.57,0.54,14
69.02,155.08,0.54,14
69.02,157.59,0.56,14
69.02,160.1,0.59,14
69.02,162.61,0.67,14
69.02,165.12,0.72,14
69.02,167.63,0.73,14
69.02,170.14,0.69,14
69.02,172.65,0.6,14
69.02,175.16,0.69,14
69.02,177.67,0.73,14
-69.02,-80.86,1.24,38
-69.02,-78.35,1.28,38
-69.02,-75.84,1.34,38
-69.02,-73.33,2.18,38
-69.02,-70.82,1.64,38
-69.02,-68.31,1.48,38
-69.02,-65.8,0.92,38
-69.02,-63.29,0.84,38
-69.02,-23.13,0.94,38
-69.02,-20.62,0.94,38
-69.02,-18.11,0.95,38
-69.02,-15.6,0.96,38
-69.02,-13.09,0.97,38
-69.02,-10.58,0.97,38
-69.02,-8.07,0.98,38
-69.02,-5.56,0.98,38
-69.02,-3.05,0.99,38
-69.02,-0.54,0.99,38
-69.02,1.97,1,38
-69.02,4.48,1,38
-69.02,6.99,1,38
-69.02,9.5,1,38
-69.02,12.01,1,38
-69.02,14.52,0.99,38
-69.02,19.54,1.03,38
-69.02,22.05,1.06,38
-69.02,24.56,1.08,38
-69.02,27.07,1.11,38
-69.02,29.58,1.14,38
-69.02,32.09,1.14,38
-69.02,34.6,1.13,38
-69.02,37.11,1.14,38
-69.02,39.62,1.16,38
-69.02,42.13,1.17,38
-69.02,44.64,1.16,38
-69.02,47.15,1.18,38
-69.02,49.66,1.31,38
-69.02,52.17,1.56,38
-69.02,54.68,1.63,38
-69.02,57.19,1.83,38
-69.02,59.7,1.9,38
-69.02,62.21,1.89,38
-69.02,74.76,1.46,38
-69.02,77.27,1.31,38
-69.02,79.78,1.38,38
-69.02,82.29,1.12,38
-69.02,84.8,0.85,38
-69.02,87.31,1.18,38
-69.02,89.82,1.38,38
-69.02,92.33,1.33,38
-69.02,94.84,1.08,38
-69.02,97.35,1.12,38
-69.02,99.86,1.12,38
-69.02,102.37,1,38
-69.02,104.88,1,38
-69.02,107.39,0.86,38
-69.02,109.9,0.99,38
-69.02,112.41,0.86,38
-69.02,114.92,0.63,38
-69.02,117.43,0.85,38
-69.02,119.94,0.63,38
-69.02,122.45,0.89,38
-69.02,124.96,0.67,38
-69.02,127.47,0.85,38
-69.02,129.98,0.54,38
-69.02,132.49,1.23,38
-69.02,135,0.75,38
-69.02,137.51,0.88,38
-69.02,140.02,0.81,38
-69.02,142.53,0.88,38
-69.02,145.04,0.73,38
-69.02,147.55,0.75,38
-62.55,-63.29,2.1,38
-62.55,-60.78,1.97,38
-62.55,-55.76,1.35,38
-62.55,155.08,1.46,38
-57.32,-166.2,1.5,38
-57.32,-158.67,1.49,38
-57.32,-58.27,1.15,38
-57.32,-55.76,0.91,38
-57.32,102.37,1.19,38
-57.32,104.88,1.18,38
-57.32,107.39,1.18,38
-57.32,109.9,1.17,38
-57.32,112.41,1.15,38
-57.32,114.92,1.14,38
-57.32,127.47,1.17,38
-57.32,129.98,1.18,38
-57.32,132.49,1.19,38
-57.32,135,1.18,38
-57.32,137.51,1.16,38
-57.32,140.02,1.16,38
-57.32,142.53,1.19,38
-57.32,145.04,1.26,38
-57.32,147.55,1.36,38
-57.32,150.06,1.45,38
-57.32,152.57,1.56,38
-57.32,155.08,1.13,38
-52.75,-178.75,1.47,38
-52.75,-163.69,1.37,38
-52.75,-161.18,1.41,38
-52.75,-63.29,3.3,38
-52.75,-60.78,3.99,38
-52.75,-58.27,0.98,38
-52.75,102.37,1.28,38
-52.75,104.88,1.31,38
-52.75,107.39,1.54,38
-52.75,109.9,1.7,38
-52.75,112.41,1.67,38
-52.75,114.92,1.71,38
-52.75,117.43,1.68,38
-52.75,119.94,1.55,38
-52.75,122.45,1.48,38
-52.75,124.96,1.43,38
-52.75,127.47,1.4,38
-52.75,129.98,1.38,38
-52.75,132.49,1.37,38
-52.75,135,1.39,38
-52.75,137.51,1.43,38
-52.75,140.02,1.49,38
-52.75,142.53,1.56,38
-52.75,145.04,1.54,38
-52.75,147.55,1.44,38
-52.75,150.06,1.48,38
-52.75,152.57,1.06,38
-52.75,155.08,1.1,38
-52.75,157.59,1.16,38
-48.63,-176.24,1.62,38
-48.63,-173.73,2.22,38
-48.63,-171.22,2.17,38
-48.63,-168.71,1.13,38
-48.63,-63.29,1.78,38
-48.63,-60.78,3.99,38
-48.63,-58.27,1.12,38
-48.63,102.37,1.24,38
-48.63,104.88,1.36,38
-48.63,107.39,1.81,38
-48.63,109.9,1.9,38
-48.63,112.41,1.9,38
-48.63,114.92,1.28,38
-48.63,117.43,1.01,38
-48.63,119.94,0.89,38
-48.63,122.45,0.83,38
-48.63,124.96,0.89,38
-48.63,127.47,0.89,38
-48.63,129.98,0.94,38
-48.63,132.49,0.98,38
-48.63,135,1.02,38
-48.63,137.51,0.97,38
-48.63,140.02,1.07,38
-48.63,142.53,0.84,38
-48.63,145.04,0.92,38
-48.63,147.55,0.95,38
-48.63,150.06,1.03,38
-48.63,152.57,2.01,38
-48.63,155.08,0.83,38
-44.82,-176.24,2.07,38
-44.82,-63.29,0.98,38
-44.82,-60.78,2.08,38
-44.82,-58.27,0.95,38
-44.82,-43.21,0.53,38
-44.82,104.88,1.28,38
-44.82,109.9,1.68,38
-44.82,112.41,1.34,38
-44.82,114.92,1.1,38
-44.82,117.43,0.93,38
-44.82,119.94,0.91,38
-44.82,122.45,0.82,38
-44.82,124.96,0.85,38
-44.82,127.47,0.83,38
-44.82,129.98,0.81,38
-44.82,132.49,0.77,38
-44.82,135,0.75,38
-44.82,137.51,0.76,38
-44.82,140.02,0.86,38
-44.82,142.53,0.85,38
-44.82,145.04,0.9,38
-44.82,147.55,0.99,38
-44.82,150.06,1.1,38
-44.82,152.57,1.41,38
-41.25,-63.29,0.45,38
-41.25,-60.78,0.39,38
-41.25,-58.27,1.37,38
-41.25,-55.76,0.75,38
-41.25,112.41,1.11,38
-41.25,114.92,1.04,38
-41.25,117.43,0.92,38
-41.25,119.94,0.95,38
-41.25,122.45,1.01,38
-41.25,124.96,1.08,38
-41.25,127.47,1.19,38
-41.25,129.98,1.12,38
-41.25,132.49,1.01,38
-41.25,135,0.93,38
-41.25,137.51,0.99,38
-41.25,140.02,1.05,38
-41.25,142.53,1.12,38
-41.25,145.04,1.24,38
-41.25,150.06,1.37,38
-41.25,155.08,2.01,38
-37.87,-63.29,0.2,38
-37.87,-60.78,0.11,38
-37.87,-58.27,0.49,38
-37.87,-55.76,0.77,38
-37.87,-53.25,1.07,38
-37.87,-50.74,0.8,38
-37.87,-48.23,0.58,38
-37.87,9.5,0.16,38
-37.87,12.01,0.13,38
-37.87,14.52,0.15,38
-37.87,17.03,0.18,38
-37.87,19.54,0.38,38
-37.87,119.94,0.89,38
-37.87,122.45,0.98,38
-37.87,124.96,1.07,38
-37.87,127.47,1.17,38
-37.87,129.98,1.35,38
-37.87,132.49,1.37,38
-37.87,135,1.4,38
-37.87,137.51,1.44,38
-37.87,140.02,1.53,38
-37.87,150.06,1.83,38
-34.64,-60.78,0.07,38
-34.64,-58.27,0.18,38
-34.64,-55.76,0.45,38
-34.64,-53.25,1.07,38
-34.64,-50.74,0.72,38
-34.64,-48.23,0.75,38
-34.64,-45.72,0.77,38
-34.64,-35.68,1.11,38
-34.64,9.5,0.07,38
-34.64,12.01,0.09,38
-34.64,14.52,0.07,38
-34.64,17.03,0.3,38
-34.64,19.54,0.5,38
-34.64,22.05,0.76,38
-34.64,137.51,1.56,38
-31.53,-60.78,0.1,38
-31.53,-58.27,0.16,38
-31.53,-55.76,0.44,38
-31.53,-53.25,0.94,38
-31.53,-50.74,0.6,38
-31.53,-48.23,0.69,38
-31.53,-45.72,0.73,38
-31.53,-43.21,0.9,38
-31.53,-28.15,0.35,38
-31.53,9.5,0.07,38
-31.53,12.01,0.09,38
-31.53,14.52,0.09,38
-31.53,17.03,0.4,38
-31.53,19.54,0.54,38
-31.53,22.05,0.67,38
-31.53,24.56,0.64,38
-31.53,39.62,0.7,38
-31.53,135,1.42,38
-28.52,-60.78,0.11,38
-28.52,-58.27,0.2,38
-28.52,-55.76,0.59,38
-28.52,-53.25,0.78,38
-28.52,-50.74,0.63,38
-28.52,-48.23,0.7,38
-28.52,-45.72,0.82,38
-28.52,-43.21,1.02,38
-28.52,-40.7,1.14,38
-28.52,9.5,0.09,38
-28.52,12.01,0.12,38
-28.52,14.52,0.36,38
-28.52,17.03,0.51,38
-28.52,19.54,0.57,38
-28.52,22.05,0.55,38
-28.52,24.56,0.57,38
-28.52,39.62,0.58,38
-28.52,42.13,0.51,38
-25.59,-60.78,0.16,38
-25.59,-58.27,0.79,38
-25.59,-55.76,0.95,38
-25.59,-53.25,1.06,38
-25.59,-50.74,0.71,38
-25.59,-48.23,0.9,38
-25.59,-45.72,1.01,38
-25.59,-43.21,1.15,38
-25.59,-40.7,1.45,38
-25.59,6.99,0.08,38
-25.59,9.5,0.08,38
-25.59,12.01,0.2,38
-25.59,14.52,0.59,38
-25.59,17.03,0.66,38
-25.59,19.54,0.62,38
-25.59,22.05,0.57,38
-25.59,24.56,0.52,38
-25.59,27.07,0.66,38
-25.59,39.62,0.56,38
-25.59,42.13,0.51,38
-22.74,-60.78,1.21,38
-22.74,-58.27,1.24,38
-22.74,-55.76,1,38
-22.74,-53.25,0.9,38
-22.74,-50.74,0.97,38
-22.74,-48.23,1.22,38
-22.74,-45.72,1.37,38
-22.74,-43.21,1.48,38
-22.74,-40.7,1.62,38
-22.74,-38.19,1.45,38
-22.74,-35.68,1.45,38
-22.74,6.99,0.09,38
-22.74,9.5,0.14,38
-22.74,12.01,0.25,38
-22.74,14.52,1.01,38
-22.74,17.03,0.91,38
-22.74,19.54,0.83,38
-22.74,22.05,0.72,38
-22.74,24.56,0.71,38
-22.74,27.07,0.65,38
-22.74,29.58,0.75,38
-22.74,32.09,0.65,38
-22.74,42.13,0.75,38
-22.74,44.64,1.01,38
-19.94,-60.78,1.07,38
-19.94,-58.27,1.12,38
-19.94,-55.76,0.97,38
-19.94,-53.25,0.99,38
-19.94,-50.74,1.28,38
-19.94,-48.23,1.61,38
-19.94,-45.72,1.63,38
-19.94,-43.21,1.73,38
-19.94,-40.7,1.5,38
-19.94,-38.19,1.41,38
-19.94,-35.68,1.3,38
-19.94,-33.17,1.15,38
-19.94,6.99,0.13,38
-19.94,9.5,0.19,38
-19.94,12.01,0.31,38
-19.94,14.52,1.12,38
-19.94,17.03,0.96,38
-19.94,19.54,1.08,38
-19.94,22.05,0.93,38
-19.94,24.56,0.99,38
-19.94,27.07,0.97,38
-19.94,29.58,0.93,38
-19.94,32.09,0.98,38
-19.94,34.6,0.94,38
-19.94,44.64,1.11,38
-17.19,-60.78,1.26,38
-17.19,-58.27,1.06,38
-17.19,-55.76,1.15,38
-17.19,-53.25,1.34,38
-17.19,-50.74,1.6,38
-17.19,-48.23,1.73,38
-17.19,-45.72,1.76,38
-17.19,-43.21,1.62,38
-17.19,-40.7,1.48,38
-17.19,-38.19,1.39,38
-17.19,-35.68,1.39,38
-17.19,-33.17,1.26,38
-17.19,6.99,0.23,38
-17.19,9.5,0.29,38
-17.19,12.01,0.38,38
-17.19,14.52,0.75,38
-17.19,17.03,0.72,38
-17.19,19.54,0.92,38
-17.19,22.05,0.92,38
-17.19,24.56,1.02,38
-17.19,27.07,1.06,38
-17.19,29.58,1.19,38
-17.19,32.09,1.18,38
-17.19,129.98,3,38
-14.48,-65.8,1.63,38
-14.48,-63.29,0.97,38
-14.48,-60.78,1.19,38
-14.48,-58.27,1.27,38
-14.48,-55.76,1.34,38
-14.48,-53.25,1.53,38
-14.48,-50.74,1.68,38
-14.48,-48.23,1.76,38
-14.48,-45.72,1.79,38
-14.48,-43.21,1.65,38
-14.48,-40.7,1.48,38
-14.48,-38.19,1.51,38
-14.48,-35.68,1.33,38
-14.48,-33.17,1.45,38
-14.48,6.99,0.36,38
-14.48,9.5,0.46,38
-14.48,12.01,0.52,38
-14.48,14.52,0.67,38
-14.48,17.03,0.62,38
-14.48,19.54,0.75,38
-14.48,22.05,0.77,38
-14.48,24.56,0.94,38
-14.48,27.07,1.04,38
-14.48,29.58,1.21,38
-14.48,32.09,1.33,38
-11.81,-65.8,0.85,38
-11.81,-63.29,1.13,38
-11.81,-60.78,1.09,38
-11.81,-58.27,1.11,38
-11.81,-55.76,1.14,38
-11.81,-53.25,1.19,38
-11.81,-50.74,1.46,38
-11.81,-48.23,1.72,38
-11.81,-45.72,1.83,38
-11.81,-43.21,1.69,38
-11.81,-40.7,1.48,38
-11.81,-38.19,1.45,38
-11.81,-35.68,1.41,38
-11.81,-33.17,1.44,38
-11.81,-30.66,1.5,38
-11.81,6.99,0.44,38
-11.81,9.5,0.51,38
-11.81,12.01,0.73,38
-11.81,14.52,0.76,38
-11.81,17.03,0.7,38
-11.81,19.54,0.87,38
-11.81,22.05,0.97,38
-11.81,24.56,1.19,38
-11.81,27.07,1.39,38
-11.81,29.58,1.85,38
-11.81,32.09,1.78,38
-9.16,-68.31,1.95,38
-9.16,-65.8,1.91,38
-9.16,-63.29,1.26,38
-9.16,-60.78,1.49,38
-9.16,-58.27,1.02,38
-9.16,-55.76,1.13,38
-9.16,-53.25,1.25,38
-9.16,-50.74,1.69,38
-9.16,-48.23,1.93,38
-9.16,-45.72,1.65,38
-9.16,-43.21,1.28,38
-9.16,-40.7,1,38
-9.16,-38.19,0.76,38
-9.16,-35.68,0.74,38
-9.16,-33.17,0.93,38
-9.16,-30.66,1.19,38
-9.16,-28.15,1.36,38
-9.16,6.99,0.48,38
-9.16,9.5,0.6,38
-9.16,12.01,0.9,38
-9.16,14.52,0.88,38
-9.16,17.03,1.07,38
-9.16,19.54,1.36,38
-9.16,22.05,1.61,38
-9.16,24.56,2.04,38
-9.16,27.07,2.47,38
-9.16,29.58,2.9,38
-9.16,32.09,2.29,38
-9.16,129.98,3.23,38
-6.53,-70.82,1.97,38
-6.53,-68.31,2.02,38
-6.53,-65.8,3.46,38
-6.53,-63.29,1.58,38
-6.53,-60.78,1.65,38
-6.53,-58.27,1.31,38
-6.53,-55.76,1.44,38
-6.53,-53.25,1.93,38
-6.53,-50.74,2.19,38
-6.53,-48.23,1.49,38
-6.53,-45.72,1.04,38
-6.53,-43.21,0.78,38
-6.53,-40.7,0.66,38
-6.53,-38.19,0.41,38
-6.53,-35.68,0.53,38
-6.53,-33.17,0.73,38
-6.53,-30.66,0.93,38
-6.53,-28.15,1.09,38
-6.53,4.48,0.45,38
-6.53,6.99,0.53,38
-6.53,9.5,0.64,38
-6.53,12.01,1.17,38
-6.53,14.52,1.11,38
-6.53,17.03,1.59,38
-6.53,19.54,2.02,38
-6.53,22.05,2.39,38
-6.53,24.56,2.72,38
-6.53,27.07,3.17,38
-6.53,29.58,3.18,38
-6.53,32.09,3.34,38
-6.53,39.62,2.65,38
-6.53,67.23,2.85,38
-6.53,107.39,3.23,38
-6.53,109.9,3.28,38
-6.53,129.98,3.51,38
-3.91,-68.31,1.6,38
-3.91,-65.8,2.01,38
-3.91,-63.29,2.64,38
-3.91,-60.78,1.56,38
-3.91,-58.27,1.59,38
-3.91,-55.76,1.47,38
-3.91,-53.25,1.2,38
-3.91,-50.74,0.99,38
-3.91,-48.23,0.91,38
-3.91,-45.72,0.63,38
-3.91,-43.21,0.59,38
-3.91,-40.7,0.56,38
-3.91,-38.19,0.54,38
-3.91,-35.68,0.7,38
-3.91,-33.17,0.86,38
-3.91,-30.66,0.97,38
-3.91,6.99,0.79,38
-3.91,9.5,1.39,38
-3.91,12.01,1.44,38
-3.91,14.52,1.88,38
-3.91,17.03,2.1,38
-3.91,19.54,2.52,38
-3.91,22.05,2.64,38
-3.91,24.56,2.79,38
-3.91,27.07,3.09,38
-3.91,29.58,3.24,38
-3.91,32.09,3.2,38
-3.91,34.6,2.98,38
-3.91,37.11,3.01,38
-3.91,39.62,3.06,38
-3.91,67.23,2.37,38
-3.91,69.74,2.37,38
-3.91,107.39,1.96,38
-3.91,109.9,1.97,38
-3.91,112.41,2.06,38
-3.91,114.92,2.13,38
-3.91,127.47,2.26,38
-3.91,129.98,2.24,38
-1.3,-70.82,0.72,38
-1.3,-68.31,1.03,38
-1.3,-65.8,1.62,38
-1.3,-63.29,1.19,38
-1.3,-60.78,1.98,38
-1.3,-58.27,1.18,38
-1.3,-55.76,1.21,38
-1.3,-53.25,0.91,38
-1.3,-50.74,0.8,38
-1.3,-48.23,0.51,38
-1.3,-45.72,0.43,38
-1.3,-43.21,0.42,38
-1.3,-38.19,0.57,38
-1.3,-13.09,1.92,38
-1.3,1.97,1.9,38
-1.3,6.99,1.64,38
-1.3,9.5,1.48,38
-1.3,12.01,2,38
-1.3,14.52,2.03,38
-1.3,17.03,2.23,38
-1.3,19.54,2.64,38
-1.3,22.05,2.76,38
-1.3,24.56,2.73,38
-1.3,27.07,2.73,38
-1.3,29.58,3.28,38
-1.3,32.09,3.21,38
-1.3,34.6,3.77,38
-1.3,37.11,3.03,38
-1.3,39.62,3.21,38
-1.3,67.23,2.51,38
-1.3,69.74,2.59,38
-1.3,72.25,2.92,38
-1.3,74.76,2.8,38
-1.3,107.39,1.45,38
-1.3,109.9,1.36,38
-1.3,112.41,1.22,38
-1.3,114.92,1.36,38
-1.3,119.94,1.52,38
1.3,-68.31,0.71,38
1.3,-65.8,0.49,38
1.3,-63.29,1.85,38
1.3,-60.78,0.62,38
1.3,-58.27,0.87,38
1.3,-55.76,0.48,38
1.3,-53.25,0.49,38
1.3,-50.74,0.37,38
1.3,-48.23,0.35,38
1.3,-45.72,0.32,38
1.3,-43.21,0.35,38
1.3,4.48,2.32,38
1.3,6.99,2.66,38
1.3,9.5,2.23,38
1.3,12.01,2.06,38
1.3,14.52,2.15,38
1.3,17.03,2.28,38
1.3,19.54,2.46,38
1.3,22.05,2.61,38
1.3,24.56,2.7,38
1.3,27.07,2.72,38
1.3,29.58,3.08,38
1.3,32.09,3.09,38
1.3,34.6,4.21,38
1.3,37.11,3.4,38
1.3,39.62,3.14,38
1.3,47.15,2.18,38
1.3,67.23,2.63,38
1.3,69.74,2.94,38
1.3,72.25,3.56,38
1.3,74.76,3.15,38
1.3,102.37,1.81,38
1.3,104.88,1.76,38
1.3,107.39,1.71,38
1.3,109.9,1.26,38
1.3,112.41,1.66,38
1.3,114.92,1.73,38
1.3,117.43,1.86,38
1.3,119.94,2.01,38
1.3,122.45,2.02,38
1.3,127.47,1.83,38
3.91,-65.8,0.19,38
3.91,-63.29,0.12,38
3.91,-60.78,0.12,38
3.91,-58.27,0.14,38
3.91,-55.76,0.2,38
3.91,-53.25,0.21,38
3.91,-50.74,0.21,38
3.91,-48.23,0.29,38
3.91,-45.72,0.37,38
3.91,-43.21,0.48,38
3.91,-10.58,1.56,38
3.91,-8.07,2.04,38
3.91,-5.56,2.68,38
3.91,-3.05,3.1,38
3.91,-0.54,3.21,38
3.91,1.97,3.13,38
3.91,4.48,2.98,38
3.91,6.99,2.67,38
3.91,9.5,2.09,38
3.91,12.01,2.1,38
3.91,14.52,2.12,38
3.91,17.03,2.24,38
3.91,19.54,2.48,38
3.91,22.05,2.54,38
3.91,24.56,2.34,38
3.91,27.07,2.58,38
3.91,29.58,2.81,38
3.91,32.09,2.86,38
3.91,34.6,3.28,38
3.91,37.11,3.94,38
3.91,47.15,2.31,38
3.91,67.23,2.75,38
3.91,69.74,3.52,38
3.91,72.25,3.38,38
3.91,74.76,3.93,38
3.91,77.27,3.87,38
3.91,79.78,3.28,38
3.91,99.86,3.08,38
3.91,102.37,3.39,38
3.91,104.88,3.95,38
3.91,107.39,3.58,38
3.91,109.9,4.14,38
3.91,112.41,3.15,38
3.91,119.94,3.41,38
3.91,122.45,3.44,38
3.91,137.51,3.89,38
6.53,-65.8,0.17,38
6.53,-63.29,0.14,38
6.53,-60.78,0.12,38
6.53,-58.27,0.12,38
6.53,-55.76,0.17,38
6.53,-53.25,0.23,38
6.53,-50.74,0.29,38
6.53,-15.6,0.77,38
6.53,-13.09,0.82,38
6.53,-10.58,1.04,38
6.53,-8.07,1.08,38
6.53,-5.56,1.41,38
6.53,-3.05,1.99,38
6.53,-0.54,2.4,38
6.53,1.97,2.58,38
6.53,4.48,2.6,38
6.53,6.99,2.31,38
6.53,9.5,1.99,38
6.53,12.01,1.96,38
6.53,14.52,2.04,38
6.53,17.03,2.06,38
6.53,19.54,2.24,38
6.53,22.05,2.21,38
6.53,24.56,2.15,38
6.53,27.07,2,38
6.53,29.58,2.46,38
6.53,32.09,2.72,38
6.53,34.6,2.95,38
6.53,37.11,3.48,38
6.53,39.62,2.32,38
6.53,67.23,3.36,38
6.53,69.74,4.29,38
6.53,72.25,4.25,38
6.53,74.76,4.17,38
6.53,77.27,4.56,38
6.53,79.78,4.94,38
6.53,97.35,4.03,38
6.53,99.86,4.51,38
6.53,102.37,5.49,38
6.53,104.88,4.87,38
6.53,107.39,8.33,38
6.53,109.9,5.89,38
9.16,-63.29,0.33,38
9.16,-60.78,0.35,38
9.16,-58.27,0.36,38
9.16,-15.6,0.93,38
9.16,-13.09,1.02,38
9.16,-10.58,1.19,38
9.16,-8.07,0.96,38
9.16,-5.56,1.17,38
9.16,-3.05,1.41,38
9.16,-0.54,1.86,38
9.16,1.97,2.04,38
9.16,4.48,2.02,38
9.16,6.99,2.23,38
9.16,9.5,1.95,38
9.16,12.01,1.84,38
9.16,14.52,2.04,38
9.16,17.03,1.93,38
9.16,19.54,1.88,38
9.16,22.05,1.92,38
9.16,24.56,1.37,38
9.16,27.07,1.68,38
9.16,29.58,1.89,38
9.16,32.09,2.28,38
9.16,34.6,2.54,38
9.16,37.11,2.76,38
9.16,39.62,2.73,38
9.16,42.13,2.14,38
9.16,44.64,2.42,38
9.16,64.72,3.16,38
9.16,67.23,3.42,38
9.16,69.74,3.89,38
9.16,72.25,4.16,38
9.16,74.76,3.83,38
9.16,77.27,3.59,38
9.16,79.78,3.72,38
9.16,82.29,4.05,38
9.16,97.35,3.54,38
9.16,99.86,3.69,38
9.16,102.37,4.26,38
9.16,104.88,4.58,38
9.16,107.39,3.88,38
9.16,117.43,2.2,38
9.16,119.94,4.05,38
11.81,-70.82,0.33,38
11.81,-63.29,0.3,38
11.81,-15.6,0.73,38
11.81,-13.09,0.95,38
11.81,-10.58,0.88,38
11.81,-8.07,0.85,38
11.81,-5.56,1.01,38
11.81,-3.05,1.26,38
11.81,-0.54,1.45,38
11.81,1.97,1.83,38
11.81,4.48,2.13,38
11.81,6.99,2.2,38
11.81,9.5,2.22,38
11.81,12.01,2.2,38
11.81,14.52,2.02,38
11.81,17.03,3.44,38
11.81,19.54,1.19,38
11.81,22.05,1.78,38
11.81,24.56,1.59,38
11.81,27.07,1.52,38
11.81,29.58,1.79,38
11.81,32.09,1.87,38
11.81,34.6,2.34,38
11.81,37.11,2.6,38
11.81,39.62,2.33,38
11.81,42.13,2.09,38
11.81,64.72,2.98,38
11.81,67.23,3,38
11.81,69.74,3.75,38
11.81,72.25,3.01,38
11.81,74.76,3.08,38
11.81,77.27,2.67,38
11.81,79.78,2.58,38
11.81,82.29,2.92,38
11.81,84.8,3.12,38
11.81,87.31,3.45,38
11.81,97.35,2.87,38
11.81,99.86,2.85,38
11.81,102.37,2.52,38
11.81,104.88,2.37,38
11.81,107.39,2.83,38
14.48,-60.78,0.27,38
14.48,-15.6,0.43,38
14.48,-13.09,0.54,38
14.48,-10.58,0.55,38
14.48,-8.07,0.7,38
14.48,-5.56,0.85,38
14.48,-3.05,1.04,38
14.48,-0.54,1.29,38
14.48,1.97,1.69,38
14.48,4.48,2.37,38
14.48,6.99,1.99,38
14.48,9.5,1.82,38
14.48,12.01,1.99,38
14.48,14.52,1.78,38
14.48,17.03,1.43,38
14.48,19.54,1.66,38
14.48,22.05,1.61,38
14.48,24.56,1.74,38
14.48,27.07,1.31,38
14.48,29.58,1.72,38
14.48,32.09,1.96,38
14.48,34.6,2.15,38
14.48,37.11,2.76,38
14.48,39.62,2.31,38
14.48,42.13,2.16,38
14.48,52.17,2.41,38
14.48,62.21,2.68,38
14.48,67.23,2.81,38
14.48,69.74,2.92,38
14.48,72.25,2.95,38
14.48,74.76,2.59,38
14.48,77.27,2.83,38
14.48,79.78,2.81,38
14.48,82.29,2.86,38
14.48,84.8,2.94,38
14.48,94.84,2.58,38
14.48,97.35,3.56,38
14.48,99.86,2.49,38
14.48,102.37,2.87,38
14.48,104.88,2.47,38
14.48,107.39,2.31,38
17.19,-85.88,1.31,38
17.19,-83.37,0.67,38
17.19,-80.86,0.4,38
17.19,-73.33,0.29,38
17.19,-65.8,0.25,38
17.19,-15.6,0.24,38
17.19,-13.09,0.33,38
17.19,-10.58,0.44,38
17.19,-8.07,0.62,38
17.19,-5.56,0.77,38
17.19,-3.05,0.85,38
17.19,-0.54,0.93,38
17.19,1.97,1.15,38
17.19,4.48,1.62,38
17.19,6.99,1.48,38
17.19,9.5,1.37,38
17.19,12.01,1.44,38
17.19,14.52,1.42,38
17.19,17.03,1.39,38
17.19,19.54,1.33,38
17.19,22.05,1.41,38
17.19,24.56,1.51,38
17.19,27.07,1.41,38
17.19,29.58,1.67,38
17.19,32.09,1.89,38
17.19,34.6,2.66,38
17.19,37.11,2.36,38
17.19,39.62,2.05,38
17.19,47.15,1.58,38
17.19,67.23,2.38,38
17.19,69.74,2.44,38
17.19,72.25,2.46,38
17.19,74.76,2.45,38
17.19,77.27,2.53,38
17.19,79.78,2.55,38
17.19,82.29,2.69,38
17.19,84.8,2.75,38
17.19,92.33,2.71,38
17.19,94.84,2.96,38
17.19,97.35,3.36,38
17.19,99.86,2.2,38
17.19,102.37,2.53,38
17.19,104.88,2.52,38
17.19,107.39,2.57,38
17.19,109.9,2.5,38
19.94,-95.92,0.12,38
19.94,-90.9,0.84,38
19.94,-88.39,0.79,38
19.94,-85.88,0.94,38
19.94,-15.6,0.21,38
19.94,-13.09,0.26,38
19.94,-10.58,0.37,38
19.94,-8.07,0.69,38
19.94,-5.56,0.75,38
19.94,-3.05,0.77,38
19.94,-0.54,0.73,38
19.94,1.97,0.89,38
19.94,4.48,0.88,38
19.94,6.99,0.96,38
19.94,9.5,1.1,38
19.94,12.01,1.02,38
19.94,14.52,1.23,38
19.94,17.03,1.06,38
19.94,19.54,1.04,38
19.94,22.05,1.11,38
19.94,24.56,1.2,38
19.94,27.07,1.29,38
19.94,29.58,1.45,38
19.94,32.09,1.41,38
19.94,37.11,1.74,38
19.94,39.62,1.5,38
19.94,44.64,1.34,38
19.94,67.23,1.6,38
19.94,69.74,1.83,38
19.94,72.25,1.98,38
19.94,74.76,1.99,38
19.94,77.27,2.05,38
19.94,79.78,2.11,38
19.94,82.29,2.23,38
19.94,84.8,2.41,38
19.94,87.31,2.49,38
19.94,89.82,2.52,38
19.94,92.33,2.11,38
19.94,94.84,2.53,38
19.94,97.35,1.7,38
19.94,99.86,2.23,38
19.94,102.37,1.58,38
19.94,104.88,2.47,38
19.94,107.39,2.1,38
19.94,109.9,2.43,38
19.94,112.41,2.38,38
19.94,114.92,2.45,38
22.74,-105.96,0.13,38
22.74,-95.92,0.12,38
22.74,-93.41,0.3,38
22.74,-90.9,0.62,38
22.74,-88.39,0.45,38
22.74,-13.09,0.2,38
22.74,-10.58,0.28,38
22.74,-8.07,0.58,38
22.74,-5.56,0.66,38
22.74,-3.05,0.58,38
22.74,-0.54,0.58,38
22.74,1.97,0.55,38
22.74,4.48,0.53,38
22.74,6.99,0.54,38
22.74,9.5,0.77,38
22.74,12.01,0.92,38
22.74,14.52,0.8,38
22.74,24.56,0.91,38
22.74,27.07,0.83,38
22.74,67.23,0.98,38
22.74,69.74,1.14,38
22.74,72.25,1.25,38
22.74,74.76,1.41,38
22.74,77.27,1.52,38
22.74,79.78,1.7,38
22.74,82.29,1.83,38
22.74,84.8,2.01,38
22.74,87.31,2.13,38
22.74,89.82,2.14,38
22.74,92.33,2.06,38
22.74,94.84,1.86,38
22.74,97.35,2.27,38
22.74,99.86,1.9,38
22.74,102.37,2.15,38
22.74,104.88,1.92,38
22.74,107.39,2.46,38
22.74,109.9,2.57,38
22.74,112.41,2.24,38
22.74,114.92,2.33,38
25.59,-110.98,0.11,38
25.59,-108.47,0.11,38
25.59,-105.96,0.11,38
25.59,-103.45,0.12,38
25.59,-100.94,0.1,38
25.59,-98.43,0.16,38
25.59,-95.92,0.1,38
25.59,-93.41,0.39,38
25.59,-90.9,0.4,38
25.59,-83.37,0.45,38
25.59,-80.86,0.37,38
25.59,-65.8,0.49,38
25.59,-10.58,0.17,38
25.59,-8.07,0.21,38
25.59,-5.56,0.25,38
25.59,-3.05,0.33,38
25.59,-0.54,0.4,38
25.59,1.97,0.56,38
25.59,4.48,0.32,38
25.59,6.99,0.49,38
25.59,9.5,0.47,38
25.59,12.01,0.55,38
25.59,32.09,0.72,38
25.59,39.62,1.11,38
25.59,67.23,0.59,38
25.59,69.74,0.66,38
25.59,72.25,0.83,38
25.59,74.76,1.15,38
25.59,77.27,1.54,38
25.59,79.78,1.94,38
25.59,82.29,2.35,38
25.59,84.8,2.66,38
25.59,87.31,2.51,38
25.59,89.82,2.33,38
25.59,92.33,1.92,38
25.59,94.84,3.07,38
25.59,97.35,1.76,38
25.59,99.86,2.14,38
25.59,102.37,2.37,38
25.59,104.88,2.67,38
25.59,107.39,1.55,38
25.59,109.9,2.16,38
25.59,112.41,2.38,38
25.59,114.92,2.52,38
28.52,-108.47,0.11,38
28.52,-105.96,0.12,38
28.52,-103.45,0.13,38
28.52,-100.94,0.1,38
28.52,-98.43,0.17,38
28.52,-95.92,0.15,38
28.52,-93.41,0.4,38
28.52,-90.9,0.41,38
28.52,-80.86,0.46,38
28.52,-78.35,0.47,38
28.52,-75.84,0.42,38
28.52,-73.33,0.5,38
28.52,-70.82,0.68,38
28.52,-68.31,0.77,38
28.52,-65.8,0.71,38
28.52,-8.07,0.09,38
28.52,-5.56,0.14,38
28.52,-3.05,0.17,38
28.52,-0.54,0.2,38
28.52,1.97,0.24,38
28.52,4.48,0.25,38
28.52,6.99,0.39,38
28.52,9.5,0.36,38
28.52,12.01,0.42,38
28.52,22.05,0.51,38
28.52,27.07,0.48,38
28.52,64.72,0.54,38
28.52,67.23,0.4,38
28.52,69.74,1.49,38
28.52,72.25,2.45,38
28.52,77.27,3.08,38
28.52,79.78,3.03,38
28.52,82.29,3.89,38
28.52,84.8,4.66,38
28.52,87.31,4.76,38
28.52,89.82,5.33,38
28.52,92.33,4.13,38
28.52,94.84,2.67,38
28.52,97.35,2.5,38
28.52,99.86,2.21,38
28.52,102.37,2.54,38
28.52,104.88,2.4,38
28.52,107.39,2.08,38
28.52,109.9,2.14,38
28.52,112.41,2.43,38
28.52,114.92,2.77,38
28.52,117.43,2.84,38
31.53,-108.47,0.13,38
31.53,-105.96,0.14,38
31.53,-103.45,0.15,38
31.53,-100.94,0.09,38
31.53,-98.43,0.14,38
31.53,-95.92,0.21,38
31.53,-93.41,0.39,38
31.53,-90.9,0.52,38
31.53,-75.84,0.58,38
31.53,-73.33,0.67,38
31.53,-70.82,0.77,38
31.53,-5.56,0.16,38
31.53,-3.05,0.38,38
31.53,-0.54,0.19,38
31.53,1.97,0.21,38
31.53,4.48,0.18,38
31.53,6.99,0.21,38
31.53,9.5,0.24,38
31.53,19.54,0.39,38
31.53,29.58,0.41,38
31.53,32.09,0.35,38
31.53,49.66,1.14,38
31.53,52.17,1.2,38
31.53,64.72,0.22,38
31.53,67.23,0.33,38
31.53,69.74,0.93,38
31.53,72.25,1.18,38
31.53,74.76,0.97,38
31.53,77.27,1.21,38
31.53,79.78,1.41,38
31.53,82.29,1.5,38
31.53,84.8,1.57,38
31.53,87.31,1.76,38
31.53,89.82,1.77,38
31.53,92.33,1.71,38
31.53,94.84,3.07,38
31.53,97.35,2.44,38
31.53,99.86,2.13,38
31.53,102.37,2.67,38
31.53,104.88,2.48,38
31.53,107.39,2.54,38
31.53,109.9,2.74,38
31.53,112.41,2.83,38
31.53,114.92,3.18,38
31.53,117.43,2.89,38
31.53,119.94,2.9,38
31.53,122.45,2.88,38
34.64,-110.98,0.16,38
34.64,-108.47,0.16,38
34.64,-105.96,0.18,38
34.64,-103.45,0.18,38
34.64,-100.94,0.12,38
34.64,-98.43,0.16,38
34.64,-95.92,0.34,38
34.64,-93.41,0.51,38
34.64,-90.9,0.57,38
34.64,-88.39,0.84,38
34.64,-78.35,0.74,38
34.64,-75.84,0.77,38
34.64,-73.33,0.77,38
34.64,-5.56,0.26,38
34.64,-3.05,0.25,38
34.64,-0.54,0.29,38
34.64,1.97,0.19,38
34.64,4.48,0.21,38
34.64,14.52,0.28,38
34.64,17.03,0.27,38
34.64,19.54,0.28,38
34.64,32.09,0.66,38
34.64,34.6,0.43,38
34.64,49.66,1.33,38
34.64,64.72,0.19,38
34.64,67.23,0.29,38
34.64,69.74,1.2,38
34.64,72.25,0.97,38
34.64,74.76,1.15,38
34.64,77.27,1.32,38
34.64,79.78,1.37,38
34.64,82.29,1.31,38
34.64,84.8,1.26,38
34.64,87.31,1.24,38
34.64,89.82,1.34,38
34.64,92.33,1.41,38
34.64,94.84,1.18,38
34.64,97.35,1.2,38
34.64,99.86,1.35,38
34.64,102.37,1.61,38
34.64,104.88,1.88,38
34.64,107.39,2,38
34.64,109.9,2.05,38
34.64,112.41,2.05,38
34.64,114.92,2.25,38
34.64,117.43,2.77,38
34.64,119.94,2.21,38
34.64,122.45,2.41,38
34.64,124.96,2.66,38
37.87,-108.47,0.23,38
37.87,-105.96,0.28,38
37.87,-103.45,0.22,38
37.87,-100.94,0.35,38
37.87,-98.43,0.29,38
37.87,-95.92,0.32,38
37.87,-93.41,0.45,38
37.87,-90.9,0.53,38
37.87,-88.39,0.69,38
37.87,-85.88,0.53,38
37.87,-83.37,0.57,38
37.87,-80.86,0.64,38
37.87,-78.35,0.74,38
37.87,-75.84,0.81,38
37.87,-73.33,0.82,38
37.87,-70.82,0.8,38
37.87,-68.31,0.78,38
37.87,-5.56,0.16,38
37.87,-3.05,0.15,38
37.87,-0.54,0.33,38
37.87,1.97,0.42,38
37.87,4.48,0.61,38
37.87,9.5,0.42,38
37.87,12.01,0.37,38
37.87,14.52,0.37,38
37.87,17.03,0.43,38
37.87,19.54,0.36,38
37.87,22.05,0.31,38
37.87,24.56,0.28,38
37.87,29.58,0.51,38
37.87,32.09,0.51,38
37.87,34.6,0.59,38
37.87,37.11,0.42,38
37.87,39.62,0.57,38
37.87,54.68,0.67,38
37.87,64.72,0.38,38
37.87,67.23,0.33,38
37.87,69.74,1.25,38
37.87,74.76,0.99,38
37.87,77.27,0.68,38
37.87,79.78,0.62,38
37.87,82.29,0.71,38
37.87,84.8,0.6,38
37.87,87.31,0.6,38
37.87,89.82,0.56,38
37.87,92.33,0.59,38
37.87,94.84,0.6,38
37.87,97.35,0.7,38
37.87,99.86,0.72,38
37.87,102.37,1.06,38
37.87,104.88,1.12,38
37.87,107.39,1.57,38
37.87,109.9,1.49,38
37.87,112.41,1.38,38
37.87,114.92,1.71,38
37.87,117.43,1.64,38
37.87,119.94,1.71,38
37.87,122.45,1.71,38
37.87,124.96,2.1,38
37.87,127.47,2.47,38
37.87,129.98,2.8,38
41.25,-108.47,0.42,38
41.25,-105.96,0.42,38
41.25,-103.45,0.75,38
41.25,-100.94,0.41,38
41.25,-98.43,0.36,38
41.25,-95.92,0.35,38
41.25,-93.41,0.35,38
41.25,-90.9,0.72,38
41.25,-88.39,0.43,38
41.25,-85.88,0.53,38
41.25,-83.37,0.48,38
41.25,-80.86,0.52,38
41.25,-78.35,0.61,38
41.25,-75.84,0.67,38
41.25,-73.33,0.72,38
41.25,-70.82,0.73,38
41.25,-68.31,0.68,38
41.25,-8.07,0.35,38
41.25,-5.56,0.32,38
41.25,-3.05,0.36,38
41.25,-0.54,0.39,38
41.25,1.97,0.56,38
41.25,4.48,0.55,38
41.25,6.99,0.87,38
41.25,9.5,0.74,38
41.25,14.52,0.45,38
41.25,17.03,0.58,38
41.25,22.05,0.5,38
41.25,24.56,0.4,38
41.25,59.7,0.41,38
41.25,69.74,1.15,38
41.25,72.25,1.18,38
41.25,74.76,0.51,38
41.25,77.27,0.28,38
41.25,79.78,0.22,38
41.25,82.29,0.24,38
41.25,84.8,0.37,38
41.25,87.31,0.44,38
41.25,89.82,0.5,38
41.25,92.33,0.56,38
41.25,94.84,0.59,38
41.25,97.35,0.63,38
41.25,99.86,0.76,38
41.25,102.37,0.86,38
41.25,104.88,1.36,38
41.25,107.39,1.5,38
41.25,109.9,1.57,38
41.25,112.41,1.55,38
41.25,114.92,1.28,38
41.25,117.43,1.26,38
41.25,119.94,1.15,38
41.25,122.45,1.34,38
41.25,124.96,1.54,38
41.25,127.47,1.81,38
41.25,129.98,2.16,38
41.25,132.49,2.66,38
41.25,135,2.65,38
44.82,-110.98,0.69,38
44.82,-108.47,0.63,38
44.82,-105.96,0.78,38
44.82,-103.45,0.78,38
44.82,-100.94,0.78,38
44.82,-98.43,0.42,38
44.82,-95.92,0.93,38
44.82,-93.41,0.64,38
44.82,-90.9,0.4,38
44.82,-88.39,0.43,38
44.82,-85.88,0.39,38
44.82,-83.37,0.43,38
44.82,-80.86,0.46,38
44.82,-78.35,0.49,38
44.82,-75.84,0.54,38
44.82,-73.33,0.61,38
44.82,-70.82,0.67,38
44.82,-68.31,0.64,38
44.82,-65.8,0.62,38
44.82,-63.29,0.65,38
44.82,-60.78,0.72,38
44.82,-58.27,0.83,38
44.82,-55.76,1,38
44.82,-53.25,1.2,38
44.82,-50.74,1.36,38
44.82,-13.09,0.85,38
44.82,-5.56,0.75,38
44.82,-3.05,0.5,38
44.82,-0.54,0.45,38
44.82,1.97,0.52,38
44.82,4.48,0.67,38
44.82,6.99,0.68,38
44.82,9.5,0.71,38
44.82,14.52,0.79,38
44.82,17.03,0.76,38
44.82,19.54,0.81,38
44.82,22.05,0.77,38
44.82,24.56,0.74,38
44.82,27.07,0.71,38
44.82,32.09,0.71,38
44.82,69.74,1.08,38
44.82,72.25,1.26,38
44.82,74.76,1.17,38
44.82,77.27,0.96,38
44.82,79.78,0.75,38
44.82,82.29,0.57,38
44.82,84.8,0.46,38
44.82,87.31,0.54,38
44.82,89.82,0.57,38
44.82,92.33,0.71,38
44.82,94.84,0.76,38
44.82,97.35,0.83,38
44.82,99.86,0.97,38
44.82,102.37,1.16,38
44.82,104.88,1.24,38
44.82,107.39,1.59,38
44.82,109.9,1.67,38
44.82,112.41,1.89,38
44.82,114.92,0.94,38
44.82,117.43,1.01,38
44.82,119.94,0.92,38
44.82,122.45,1.12,38
44.82,124.96,1.23,38
44.82,127.47,1.78,38
44.82,129.98,1.58,38
44.82,132.49,1.5,38
44.82,135,1.98,38
44.82,140.02,3.58,38
48.63,-110.98,1,38
48.63,-108.47,0.98,38
48.63,-105.96,1.15,38
48.63,-103.45,1.52,38
48.63,-100.94,1.71,38
48.63,-98.43,1.16,38
48.63,-95.92,1.21,38
48.63,-93.41,0.89,38
48.63,-90.9,0.31,38
48.63,-88.39,0.35,38
48.63,-85.88,0.33,38
48.63,-83.37,0.37,38
48.63,-80.86,0.42,38
48.63,-78.35,0.42,38
48.63,-75.84,0.47,38
48.63,-73.33,0.52,38
48.63,-70.82,0.55,38
48.63,-68.31,0.56,38
48.63,-65.8,0.55,38
48.63,-63.29,0.58,38
48.63,-60.78,0.67,38
48.63,-58.27,0.79,38
48.63,-55.76,0.98,38
48.63,-53.25,1.09,38
48.63,-50.74,1.16,38
48.63,-48.23,1.18,38
48.63,-45.72,1.55,38
48.63,-43.21,0.87,38
48.63,-40.7,0.86,38
48.63,-5.56,0.89,38
48.63,-3.05,0.79,38
48.63,1.97,0.8,38
48.63,9.5,0.76,38
48.63,12.01,0.8,38
48.63,14.52,0.87,38
48.63,17.03,0.97,38
48.63,19.54,0.97,38
48.63,22.05,0.92,38
48.63,24.56,0.95,38
48.63,27.07,0.97,38
48.63,52.17,0.82,38
48.63,54.68,0.57,38
48.63,57.19,0.64,38
48.63,59.7,1.06,38
48.63,62.21,0.88,38
48.63,64.72,1.03,38
48.63,67.23,0.94,38
48.63,69.74,0.84,38
48.63,72.25,0.86,38
48.63,74.76,1.25,38
48.63,77.27,0.86,38
48.63,79.78,0.83,38
48.63,82.29,0.8,38
48.63,84.8,1.01,38
48.63,87.31,0.95,38
48.63,89.82,1.04,38
48.63,92.33,1.07,38
48.63,94.84,1.15,38
48.63,97.35,1.09,38
48.63,99.86,1.1,38
48.63,102.37,1.13,38
48.63,104.88,1.13,38
48.63,107.39,1.31,38
48.63,109.9,1.3,38
48.63,112.41,1.34,38
48.63,114.92,1.61,38
48.63,117.43,1.46,38
48.63,119.94,1.17,38
48.63,122.45,1.35,38
48.63,124.96,1.6,38
48.63,127.47,2.15,38
48.63,129.98,1.34,38
48.63,132.49,1.23,38
48.63,135,1.23,38
48.63,140.02,1.4,38
48.63,145.04,1.8,38
52.75,-110.98,1.32,38
52.75,-108.47,1.6,38
52.75,-105.96,1.87,38
52.75,-103.45,4.25,38
52.75,-100.94,1.56,38
52.75,-98.43,0.98,38
52.75,-95.92,1.63,38
52.75,-93.41,0.55,38
52.75,-90.9,0.48,38
52.75,-88.39,0.45,38
52.75,-85.88,0.43,38
52.75,-83.37,0.45,38
52.75,-80.86,0.47,38
52.75,-78.35,0.49,38
52.75,-75.84,0.52,38
52.75,-73.33,0.54,38
52.75,-70.82,0.47,38
52.75,-68.31,0.51,38
52.75,-65.8,0.55,38
52.75,-63.29,0.63,38
52.75,-60.78,0.72,38
52.75,-58.27,0.84,38
52.75,-55.76,0.96,38
52.75,-53.25,1.11,38
52.75,-50.74,0.95,38
52.75,-48.23,0.74,38
52.75,-45.72,0.95,38
52.75,-43.21,0.78,38
52.75,-10.58,1.11,38
52.75,-8.07,1.1,38
52.75,-5.56,1.1,38
52.75,-3.05,1.27,38
52.75,-0.54,1.26,38
52.75,34.6,1.07,38
52.75,37.11,1.06,38
52.75,39.62,1.05,38
52.75,42.13,1.02,38
52.75,44.64,1.13,38
52.75,47.15,1.05,38
52.75,49.66,1.34,38
52.75,52.17,0.77,38
52.75,54.68,0.64,38
52.75,57.19,0.69,38
52.75,59.7,0.93,38
52.75,62.21,0.79,38
52.75,64.72,0.78,38
52.75,67.23,0.76,38
52.75,69.74,0.74,38
52.75,72.25,0.73,38
52.75,74.76,0.98,38
52.75,77.27,1.23,38
52.75,79.78,1.18,38
52.75,82.29,1.24,38
52.75,84.8,1.16,38
52.75,87.31,1.09,38
52.75,89.82,1.59,38
52.75,92.33,1.53,38
52.75,94.84,1.33,38
52.75,97.35,1.36,38
52.75,99.86,1.04,38
52.75,102.37,1.2,38
52.75,104.88,1.02,38
52.75,107.39,0.97,38
52.75,109.9,1,38
52.75,112.41,1.08,38
52.75,114.92,0.96,38
52.75,117.43,1.26,38
52.75,119.94,1.08,38
52.75,122.45,1.1,38
52.75,124.96,1.15,38
52.75,127.47,1.34,38
52.75,129.98,1.4,38
52.75,132.49,1.18,38
52.75,135,1.52,38
52.75,137.51,1.59,38
52.75,145.04,1.27,38
52.75,150.06,1.44,38
52.75,152.57,1.46,38
57.32,-118.51,1.41,38
57.32,-116,1.48,38
57.32,-113.49,1.62,38
57.32,-110.98,1.93,38
57.32,-108.47,2.38,38
57.32,-105.96,4.72,38
57.32,-103.45,2.29,38
57.32,-100.94,1.69,38
57.32,-98.43,1.35,38
57.32,-95.92,0.7,38
57.32,-93.41,0.71,38
57.32,-90.9,0.58,38
57.32,-88.39,0.55,38
57.32,-85.88,0.56,38
57.32,-83.37,0.67,38
57.32,-80.86,0.7,38
57.32,-78.35,0.71,38
57.32,-75.84,0.73,38
57.32,-73.33,0.75,38
57.32,-70.82,0.63,38
57.32,-68.31,0.67,38
57.32,-65.8,0.72,38
57.32,-63.29,0.81,38
57.32,-60.78,0.85,38
57.32,-58.27,0.97,38
57.32,-55.76,1.03,38
57.32,-53.25,1.09,38
57.32,-50.74,1.14,38
57.32,-48.23,1.39,38
57.32,-33.17,1.99,38
57.32,-5.56,1.02,38
57.32,-3.05,1.17,38
57.32,12.01,1.14,38
57.32,14.52,1.17,38
57.32,17.03,1.17,38
57.32,19.54,1.17,38
57.32,22.05,1.14,38
57.32,24.56,1.13,38
57.32,27.07,1.1,38
57.32,29.58,1.08,38
57.32,32.09,1.07,38
57.32,34.6,1.07,38
57.32,37.11,1.05,38
57.32,39.62,1.07,38
57.32,42.13,1.07,38
57.32,44.64,0.98,38
57.32,47.15,1.18,38
57.32,49.66,0.77,38
57.32,52.17,0.64,38
57.32,54.68,0.65,38
57.32,57.19,0.69,38
57.32,59.7,0.69,38
57.32,62.21,0.66,38
57.32,64.72,0.66,38
57.32,67.23,0.66,38
57.32,69.74,0.66,38
57.32,72.25,0.66,38
57.32,74.76,0.68,38
57.32,77.27,0.74,38
57.32,79.78,1,38
57.32,82.29,0.92,38
57.32,84.8,0.91,38
57.32,87.31,1.24,38
57.32,89.82,1.24,38
57.32,92.33,1.42,38
57.32,94.84,0.95,38
57.32,97.35,0.86,38
57.32,99.86,0.74,38
57.32,102.37,0.71,38
57.32,104.88,1.08,38
57.32,107.39,0.82,38
57.32,109.9,0.88,38
57.32,112.41,0.76,38
57.32,114.92,0.84,38
57.32,117.43,0.84,38
57.32,119.94,1.09,38
57.32,122.45,0.89,38
57.32,124.96,0.97,38
57.32,127.47,0.95,38
57.32,129.98,1.05,38
57.32,132.49,1.19,38
57.32,135,1.46,38
57.32,137.51,1.1,38
57.32,145.04,0.97,38
62.55,-158.67,1.31,38
62.55,-156.16,1.3,38
62.55,-153.65,1.3,38
62.55,-151.14,1.3,38
62.55,-148.63,1.31,38
62.55,-146.12,1.3,38
62.55,-141.1,1.32,38
62.55,-126.04,1.36,38
62.55,-123.53,1.88,38
62.55,-121.02,2.1,38
62.55,-118.51,2.8,38
62.55,-116,3.02,38
62.55,-113.49,3.92,38
62.55,-110.98,2.71,38
62.55,-108.47,2.08,38
62.55,-105.96,1.62,38
62.55,-103.45,1.47,38
62.55,-100.94,1.79,38
62.55,-98.43,1.52,38
62.55,-95.92,0.75,38
62.55,-93.41,0.67,38
62.55,-90.9,0.68,38
62.55,-88.39,0.62,38
62.55,-85.88,0.75,38
62.55,-83.37,0.89,38
62.55,-80.86,0.86,38
62.55,-78.35,0.82,38
62.55,-75.84,0.83,38
62.55,-73.33,0.81,38
62.55,-70.82,0.85,38
62.55,-68.31,0.85,38
62.55,-65.8,0.97,38
62.55,-63.29,1.11,38
62.55,-60.78,0.99,38
62.55,-58.27,1.18,38
62.55,-55.76,1.14,38
62.55,-53.25,1.22,38
62.55,-50.74,1.31,38
62.55,-48.23,1.66,38
62.55,-33.17,2.2,38
62.55,-30.66,2.24,38
62.55,-28.15,1.34,38
62.55,-25.64,1.35,38
62.55,-23.13,1.56,38
62.55,12.01,1.13,38
62.55,14.52,1.13,38
62.55,17.03,1.11,38
62.55,19.54,1.06,38
62.55,22.05,1.05,38
62.55,24.56,1.07,38
62.55,27.07,1.01,38
62.55,29.58,1.04,38
62.55,32.09,1.03,38
62.55,34.6,1.04,38
62.55,37.11,1.01,38
62.55,39.62,1.01,38
62.55,42.13,0.94,38
62.55,44.64,1.16,38
62.55,47.15,0.62,38
62.55,49.66,0.66,38
62.55,52.17,0.71,38
62.55,54.68,0.73,38
62.55,57.19,0.76,38
62.55,59.7,0.8,38
62.55,62.21,0.82,38
62.55,74.76,0.77,38
62.55,77.27,0.71,38
62.55,79.78,0.79,38
62.55,82.29,0.76,38
62.55,84.8,0.68,38
62.55,87.31,0.61,38
62.55,89.82,0.6,38
62.55,92.33,0.65,38
62.55,94.84,0.61,38
62.55,97.35,0.7,38
62.55,99.86,0.65,38
62.55,102.37,0.89,38
62.55,104.88,0.91,38
62.55,107.39,1.13,38
62.55,109.9,0.77,38
62.55,112.41,1.03,38
62.55,114.92,0.98,38
62.55,117.43,0.84,38
62.55,119.94,0.87,38
62.55,122.45,0.99,38
62.55,124.96,1.01,38
62.55,127.47,0.99,38
62.55,129.98,1.17,38
62.55,132.49,1.15,38
62.55,135,1.43,38
62.55,137.51,1.07,38
62.55,140.02,0.81,38
62.55,142.53,0.7,38
62.55,145.04,0.69,38
62.55,147.55,0.72,38
62.55,150.06,0.79,38
62.55,152.57,0.84,38
69.02,-176.24,0.94,38
69.02,-173.73,1.28,38
69.02,-171.22,1.15,38
69.02,-168.71,1.13,38
69.02,-166.2,1.01,38
69.02,-163.69,1.37,38
69.02,-161.18,1.05,38
69.02,-158.67,1.02,38
69.02,-156.16,1.05,38
69.02,-153.65,1.02,38
69.02,-151.14,1.02,38
69.02,-148.63,1.06,38
69.02,-146.12,1.11,38
69.02,-143.61,1.13,38
69.02,-141.1,1.15,38
69.02,-138.59,1.19,38
69.02,-136.08,1.25,38
69.02,-133.57,1.3,38
69.02,-131.06,1.36,38
69.02,-128.55,1.38,38
69.02,-126.04,1.93,38
69.02,-123.53,1.37,38
69.02,-121.02,1.33,38
69.02,-118.51,1.55,38
69.02,-116,1.5,38
69.02,-113.49,0.98,38
69.02,-110.98,1.11,38
69.02,-108.47,1.6,38
69.02,-105.96,1.04,38
69.02,-103.45,0.89,38
69.02,-100.94,0.66,38
69.02,-98.43,0.62,38
69.02,-95.92,0.67,38
69.02,-93.41,0.69,38
69.02,-90.9,0.67,38
69.02,-88.39,0.74,38
69.02,-85.88,0.77,38
69.02,-83.37,0.7,38
69.02,-80.86,0.7,38
69.02,-78.35,0.84,38
69.02,-75.84,0.78,38
69.02,-73.33,0.73,38
69.02,-70.82,0.69,38
69.02,-68.31,0.73,38
69.02,-65.8,0.78,38
69.02,-63.29,0.78,38
69.02,-60.78,0.84,38
69.02,-58.27,0.91,38
69.02,-55.76,1.05,38
69.02,-53.25,1,38
69.02,-50.74,1.2,38
69.02,-48.23,0.68,38
69.02,-45.72,1.05,38
69.02,-33.17,1.51,38
69.02,-30.66,1.21,38
69.02,-28.15,1.03,38
69.02,-25.64,1.02,38
69.02,-23.13,1.04,38
69.02,-20.62,1.08,38
69.02,-18.11,0.85,38
69.02,-15.6,1.01,38
69.02,-13.09,0.76,38
69.02,-10.58,0.79,38
69.02,-8.07,0.7,38
69.02,-5.56,0.73,38
69.02,-3.05,0.74,38
69.02,24.56,0.89,38
69.02,27.07,0.9,38
69.02,47.15,0.84,38
69.02,49.66,0.7,38
69.02,52.17,0.77,38
69.02,79.78,0.99,38
69.02,82.29,0.9,38
69.02,84.8,0.82,38
69.02,87.31,0.69,38
69.02,89.82,0.73,38
69.02,92.33,0.66,38
69.02,94.84,0.61,38
69.02,97.35,0.6,38
69.02,99.86,0.59,38
69.02,102.37,0.59,38
69.02,104.88,0.56,38
69.02,107.39,0.5,38
69.02,109.9,0.53,38
69.02,112.41,0.54,38
69.02,114.92,0.52,38
69.02,117.43,0.62,38
69.02,119.94,0.6,38
69.02,122.45,0.56,38
69.02,124.96,0.58,38
69.02,127.47,0.56,38
69.02,129.98,0.57,38
69.02,132.49,0.73,38
69.02,135,0.65,38
69.02,137.51,1.13,38
69.02,140.02,1.21,38
69.02,142.53,1.22,38
69.02,145.04,0.88,38
69.02,147.55,1.14,38
69.02,150.06,0.94,38
69.02,152.57,1.03,38
69.02,155.08,0.89,38
69.02,157.59,1.5,38
69.02,160.1,0.92,38
69.02,162.61,1.03,38
69.02,165.12,1.23,38
69.02,167.63,1.23,38
69.02,170.14,1.29,38
69.02,172.65,1.31,38
69.02,175.16,1.21,38
69.02,177.67,1.49,38