region_id,centroid_x,centroid_y,Precipitation,Log Precipitation,Coal Deposits,Evaporites Deposits,Glacial Deposits,Latitude,Longitude,Abs Latitude,Squared Abs Latitude,Elevation,Sqrt Elevation,ASinh Elevation Sc50,ASinh Elevation Sc70,Dist to Shore,Sqrt Dist,ASinh Dist Sc50,ASinh Dist Sc70,Sin Angle Shore,Cos Angle Shore
1,-79.48,-178.00,0.46,-0.77,0.0,0.0,0.0,-79.48,-178.00,79.48,6317.11,200.00,14.14,2.09,1.77,70.06,8.37,1.14,0.88,-0.55,-0.83
2,-44.49,-178.00,1.20,0.18,1.0,0.0,0.0,-44.49,-178.00,44.49,1979.22,0.00,0.00,0.00,0.00,0.00,0.00,0.00,0.00,0.83,-0.56
3,-13.50,-178.00,2.62,0.96,1.0,0.0,0.0,-13.50,-178.00,13.50,182.29,0.00,0.00,0.00,0.00,0.00,0.00,0.00,0.00,0.21,0.98
4,-79.48,-170.00,0.56,-0.58,0.0,0.0,0.0,-79.48,-170.00,79.48,6317.11,200.00,14.14,2.09,1.77,206.02,14.35,2.12,1.80,-0.93,-0.36
5,64.52,-170.00,0.98,-0.02,0.0,0.0,0.0,64.52,-170.00,64.52,4162.45,0.00,0.00,0.00,0.00,57.49,7.58,0.98,0.75,-0.00,-1.00
6,-79.48,-162.00,0.49,-0.72,0.0,0.0,0.0,-79.48,-162.00,79.48,6317.11,200.00,14.14,2.09,1.77,359.64,18.96,2.67,2.34,-0.95,-0.31
7,64.52,-162.00,0.99,-0.02,0.0,0.0,0.0,64.52,-162.00,64.52,4162.45,200.00,14.14,2.09,1.77,108.98,10.44,1.52,1.23,-0.86,0.51
8,-79.48,-158.00,0.50,-0.70,0.0,0.0,0.0,-79.48,-158.00,79.48,6317.11,200.00,14.14,2.09,1.77,436.83,20.90,2.86,2.53,-0.95,-0.31
9,64.52,-158.00,1.05,0.05,0.0,0.0,0.0,64.52,-158.00,64.52,4162.45,525.27,22.92,3.05,2.71,248.60,15.77,2.31,1.98,-0.73,0.69
10,-79.48,-150.00,0.46,-0.77,0.0,0.0,0.0,-79.48,-150.00,79.48,6317.11,200.00,14.14,2.09,1.77,507.48,22.53,3.01,2.68,-0.23,0.97
11,64.52,-150.00,1.34,0.29,0.0,0.0,0.0,64.52,-150.00,64.52,4162.45,1179.54,34.34,3.85,3.52,343.94,18.55,2.63,2.30,0.61,-0.79
12,-79.48,-142.00,0.56,-0.59,0.0,0.0,0.0,-79.48,-142.00,79.48,6317.11,200.00,14.14,2.09,1.77,576.29,24.01,3.14,2.80,-0.60,0.80
13,64.52,-142.00,1.39,0.33,1.0,0.0,1.0,64.52,-142.00,64.52,4162.45,682.59,26.13,3.31,2.97,279.88,16.73,2.42,2.09,-0.00,-1.00
14,-79.48,-138.00,0.55,-0.61,0.0,0.0,0.0,-79.48,-138.00,79.48,6317.11,200.00,14.14,2.09,1.77,627.50,25.05,3.22,2.89,-0.29,0.96
15,64.52,-138.00,1.30,0.26,1.0,0.0,0.0,64.52,-138.00,64.52,4162.45,1706.80,41.31,4.22,3.89,279.88,16.73,2.42,2.09,-0.00,-1.00
16,-79.48,-130.00,0.60,-0.52,0.0,0.0,0.0,-79.48,-130.00,79.48,6317.11,200.00,14.14,2.09,1.77,702.07,26.50,3.34,3.00,-0.61,0.80
17,64.52,-130.00,0.93,-0.08,0.0,0.0,1.0,64.52,-130.00,64.52,4162.45,1900.00,43.59,4.33,3.99,487.87,22.09,2.97,2.64,-0.85,-0.52
18,-79.48,-122.00,0.53,-0.64,0.0,0.0,0.0,-79.48,-122.00,79.48,6317.11,200.00,14.14,2.09,1.77,818.20,28.60,3.49,3.15,-0.81,0.59
19,56.60,-122.00,1.86,0.62,1.0,0.0,0.0,56.60,-122.00,56.60,3203.77,1900.00,43.59,4.33,3.99,345.99,18.60,2.63,2.30,-0.57,-0.82
20,64.52,-122.00,0.80,-0.22,0.0,0.0,0.0,64.52,-122.00,64.52,4162.45,1108.52,33.29,3.79,3.46,796.61,28.22,3.46,3.13,-0.83,-0.55
21,-79.48,-118.00,0.51,-0.68,0.0,0.0,0.0,-79.48,-118.00,79.48,6317.11,200.00,14.14,2.09,1.77,883.89,29.73,3.57,3.23,-0.72,0.69
22,44.49,-118.00,1.71,0.54,0.0,0.0,0.0,44.49,-118.00,44.49,1979.22,620.61,24.91,3.21,2.88,292.32,17.10,2.47,2.14,-0.83,-0.55
23,50.15,-118.00,1.61,0.47,0.0,0.0,0.0,50.15,-118.00,50.15,2514.86,1792.44,42.34,4.27,3.94,143.67,11.99,1.78,1.47,-0.99,-0.10
24,56.60,-118.00,0.95,-0.05,0.0,0.0,0.0,56.60,-118.00,56.60,3203.77,1333.57,36.52,3.98,3.64,512.67,22.64,3.02,2.69,-0.65,-0.76
25,64.52,-118.00,0.56,-0.58,0.0,0.0,0.0,64.52,-118.00,64.52,4162.45,296.10,17.21,2.48,2.15,964.59,31.06,3.65,3.32,-0.91,-0.41
26,39.34,-114.00,1.01,0.01,1.0,0.0,0.0,39.34,-114.00,39.34,1547.64,400.00,20.00,2.78,2.44,228.80,15.13,2.23,1.90,-0.77,-0.64
27,44.49,-114.00,1.06,0.06,0.0,0.0,0.0,44.49,-114.00,44.49,1979.22,400.00,20.00,2.78,2.44,506.97,22.52,3.01,2.68,-0.66,-0.75
28,-79.48,-110.00,0.48,-0.73,0.0,0.0,0.0,-79.48,-110.00,79.48,6317.11,200.00,14.14,2.09,1.77,946.48,30.76,3.63,3.30,0.12,0.99
29,30.02,-110.00,0.81,-0.22,0.0,0.0,0.0,30.02,-110.00,30.02,901.47,0.00,0.00,0.00,0.00,149.47,12.23,1.82,1.50,-0.65,-0.76
30,34.55,-110.00,0.74,-0.31,0.0,1.0,0.0,34.55,-110.00,34.55,1193.73,1857.76,43.10,4.31,3.97,282.36,16.80,2.43,2.10,-0.98,-0.20
31,39.34,-110.00,0.79,-0.23,1.0,0.0,1.0,39.34,-110.00,39.34,1547.64,1417.83,37.65,4.04,3.70,508.57,22.55,3.02,2.68,-0.87,-0.49
32,44.49,-110.00,1.19,0.17,1.0,1.0,0.0,44.49,-110.00,44.49,1979.22,1064.59,32.63,3.75,3.42,759.25,27.55,3.41,3.08,-0.88,-0.47
33,50.15,-110.00,1.01,0.01,0.0,0.0,0.0,50.15,-110.00,50.15,2514.86,911.26,30.19,3.60,3.26,711.93,26.68,3.35,3.02,-0.98,0.20
34,56.60,-110.00,0.67,-0.40,1.0,0.0,0.0,56.60,-110.00,56.60,3203.77,200.00,14.14,2.09,1.77,824.99,28.72,3.50,3.16,-0.83,-0.56
35,64.52,-110.00,0.59,-0.53,0.0,0.0,0.0,64.52,-110.00,64.52,4162.45,200.00,14.14,2.09,1.77,1156.72,34.01,3.83,3.50,-0.47,0.88
36,79.48,-110.00,0.42,-0.86,0.0,0.0,0.0,79.48,-110.00,79.48,6317.11,200.00,14.14,2.09,1.77,57.79,7.60,0.99,0.75,0.00,1.00
37,25.70,-106.00,1.27,0.24,0.0,0.0,0.0,25.70,-106.00,25.70,660.40,0.00,0.00,0.00,0.00,126.98,11.27,1.66,1.36,-0.79,-0.61
38,30.02,-106.00,1.20,0.18,0.0,1.0,0.0,30.02,-106.00,30.02,901.47,1900.00,43.59,4.33,3.99,497.02,22.29,2.99,2.66,-0.98,-0.21
39,34.55,-106.00,1.00,0.00,0.0,1.0,0.0,34.55,-106.00,34.55,1193.73,1734.13,41.64,4.24,3.90,645.97,25.42,3.25,2.92,-1.00,-0.06
40,39.34,-106.00,0.88,-0.13,0.0,1.0,0.0,39.34,-106.00,39.34,1547.64,1900.00,43.59,4.33,3.99,828.24,28.78,3.50,3.17,-0.96,-0.27
41,44.49,-106.00,1.05,0.05,1.0,0.0,0.0,44.49,-106.00,44.49,1979.22,1528.85,39.10,4.11,3.78,1052.64,32.44,3.74,3.40,-0.95,-0.30
42,-79.48,-102.00,0.60,-0.51,0.0,0.0,0.0,-79.48,-102.00,79.48,6317.11,200.00,14.14,2.09,1.77,949.20,30.81,3.64,3.30,-0.15,0.99
43,21.52,-102.00,1.50,0.41,0.0,0.0,0.0,21.52,-102.00,21.52,463.31,68.31,8.26,1.12,0.86,58.34,7.64,0.99,0.76,0.00,-1.00
44,25.70,-102.00,1.36,0.31,0.0,0.0,0.0,25.70,-102.00,25.70,660.40,1900.00,43.59,4.33,3.99,362.01,19.03,2.68,2.35,-0.57,-0.82
45,30.02,-102.00,0.98,-0.02,0.0,1.0,0.0,30.02,-102.00,30.02,901.47,1900.00,43.59,4.33,3.99,625.26,25.01,3.22,2.89,0.94,-0.34
46,34.55,-102.00,1.05,0.05,0.0,0.0,0.0,34.55,-102.00,34.55,1193.73,200.00,14.14,2.09,1.77,829.74,28.81,3.50,3.17,0.81,-0.58
47,39.34,-102.00,1.16,0.15,0.0,0.0,0.0,39.34,-102.00,39.34,1547.64,200.00,14.14,2.09,1.77,1145.50,33.85,3.83,3.49,-0.88,-0.47
48,44.49,-102.00,1.02,0.02,0.0,0.0,0.0,44.49,-102.00,44.49,1979.22,200.00,14.14,2.09,1.77,1360.36,36.88,4.00,3.66,-0.98,-0.19
49,50.15,-102.00,0.65,-0.44,0.0,0.0,0.0,50.15,-102.00,50.15,2514.86,200.00,14.14,2.09,1.77,1270.92,35.65,3.93,3.59,-0.96,0.28
50,56.60,-102.00,0.71,-0.34,0.0,0.0,0.0,56.60,-102.00,56.60,3203.77,200.00,14.14,2.09,1.77,1270.25,35.64,3.93,3.59,-0.96,-0.28
51,64.52,-102.00,0.68,-0.39,0.0,0.0,0.0,64.52,-102.00,64.52,4162.45,200.00,14.14,2.09,1.77,1348.01,36.72,3.99,3.65,-0.49,0.87
52,79.48,-102.00,0.43,-0.84,1.0,0.0,0.0,79.48,-102.00,79.48,6317.11,200.00,14.14,2.09,1.77,132.06,11.49,1.70,1.39,-0.88,0.48
53,-79.48,-98.00,0.58,-0.54,0.0,0.0,0.0,-79.48,-98.00,79.48,6317.11,200.00,14.14,2.09,1.77,967.63,31.11,3.66,3.32,-0.30,0.95
54,21.52,-98.00,0.94,-0.06,0.0,0.0,0.0,21.52,-98.00,21.52,463.31,1871.63,43.26,4.32,3.98,268.29,16.38,2.38,2.05,-0.78,-0.63
55,25.70,-98.00,0.93,-0.07,0.0,0.0,0.0,25.70,-98.00,25.70,660.40,1900.00,43.59,4.33,3.99,302.07,17.38,2.50,2.17,0.99,0.12
56,30.02,-98.00,0.95,-0.05,0.0,0.0,0.0,30.02,-98.00,30.02,901.47,718.59,26.81,3.36,3.02,288.86,17.00,2.45,2.12,1.00,0.00
57,34.55,-98.00,1.14,0.13,0.0,1.0,0.0,34.55,-98.00,34.55,1193.73,200.00,14.14,2.09,1.77,543.69,23.32,3.08,2.75,0.70,-0.71
58,39.34,-98.00,1.11,0.11,0.0,1.0,0.0,39.34,-98.00,39.34,1547.64,200.00,14.14,2.09,1.77,932.42,30.54,3.62,3.28,0.51,-0.86
59,44.49,-98.00,0.83,-0.18,1.0,0.0,0.0,44.49,-98.00,44.49,1979.22,200.00,14.14,2.09,1.77,1413.03,37.59,4.03,3.70,0.46,-0.89
60,50.15,-98.00,0.64,-0.45,0.0,0.0,0.0,50.15,-98.00,50.15,2514.86,200.00,14.14,2.09,1.77,1544.71,39.30,4.12,3.79,-0.96,0.28
61,56.60,-98.00,0.72,-0.32,0.0,0.0,0.0,56.60,-98.00,56.60,3203.77,200.00,14.14,2.09,1.77,1508.50,38.84,4.10,3.76,-0.98,-0.18
62,64.52,-98.00,0.68,-0.38,0.0,0.0,0.0,64.52,-98.00,64.52,4162.45,200.00,14.14,2.09,1.77,1446.60,38.03,4.06,3.72,-0.54,0.84
63,79.48,-98.00,0.42,-0.86,0.0,0.0,0.0,79.48,-98.00,79.48,6317.11,200.00,14.14,2.09,1.77,168.99,13.00,1.93,1.61,0.00,1.00
64,17.47,-94.00,1.27,0.24,1.0,0.0,0.0,17.47,-94.00,17.47,305.15,0.00,0.00,0.00,0.00,0.00,0.00,0.00,0.00,0.00,-1.00
65,21.52,-94.00,1.52,0.42,0.0,0.0,0.0,21.52,-94.00,21.52,463.31,615.46,24.81,3.21,2.87,116.01,10.77,1.58,1.28,0.89,0.46
66,34.55,-94.00,1.23,0.21,0.0,0.0,0.0,34.55,-94.00,34.55,1193.73,200.00,14.14,2.09,1.77,298.44,17.28,2.49,2.16,0.32,-0.95
67,39.34,-94.00,1.17,0.16,0.0,0.0,0.0,39.34,-94.00,39.34,1547.64,200.00,14.14,2.09,1.77,754.54,27.47,3.41,3.07,0.37,-0.93
68,44.49,-94.00,0.86,-0.15,0.0,1.0,0.0,44.49,-94.00,44.49,1979.22,200.00,14.14,2.09,1.77,1303.43,36.10,3.95,3.62,0.22,-0.98
69,-79.48,-90.00,0.59,-0.52,0.0,0.0,0.0,-79.48,-90.00,79.48,6317.11,822.87,28.69,3.49,3.16,814.10,28.53,3.48,3.15,0.98,0.21
70,17.47,-90.00,0.59,-0.53,0.0,0.0,0.0,17.47,-90.00,17.47,305.15,775.37,27.85,3.44,3.10,163.30,12.78,1.90,1.58,0.00,-1.00
71,34.55,-90.00,1.24,0.22,0.0,0.0,0.0,34.55,-90.00,34.55,1193.73,200.00,14.14,2.09,1.77,172.40,13.13,1.95,1.63,0.00,-1.00
72,39.34,-90.00,1.32,0.28,0.0,0.0,0.0,39.34,-90.00,39.34,1547.64,200.00,14.14,2.09,1.77,704.99,26.55,3.34,3.01,0.00,-1.00
73,44.49,-90.00,0.97,-0.03,0.0,0.0,0.0,44.49,-90.00,44.49,1979.22,200.00,14.14,2.09,1.77,1277.46,35.74,3.93,3.60,0.00,-1.00
74,50.15,-90.00,0.86,-0.15,0.0,0.0,0.0,50.15,-90.00,50.15,2514.86,200.00,14.14,2.09,1.77,1800.55,42.43,4.28,3.94,0.85,-0.53
75,56.60,-90.00,0.73,-0.32,0.0,0.0,0.0,56.60,-90.00,56.60,3203.77,200.00,14.14,2.09,1.77,1939.87,44.04,4.35,4.02,0.88,0.47
76,64.52,-90.00,0.66,-0.42,0.0,0.0,0.0,64.52,-90.00,64.52,4162.45,200.00,14.14,2.09,1.77,1443.07,37.99,4.06,3.72,0.45,0.89
77,79.48,-90.00,0.42,-0.86,0.0,0.0,0.0,79.48,-90.00,79.48,6317.11,200.00,14.14,2.09,1.77,203.12,14.25,2.11,1.79,-0.51,0.86
78,13.50,-86.00,0.57,-0.56,1.0,0.0,0.0,13.50,-86.00,13.50,182.29,0.00,0.00,0.00,0.00,0.00,0.00,0.00,0.00,-0.89,-0.46
79,17.47,-86.00,0.64,-0.45,0.0,0.0,0.0,17.47,-86.00,17.47,305.15,226.68,15.06,2.22,1.89,59.09,7.69,1.00,0.77,0.00,1.00
80,21.52,-86.00,0.76,-0.28,0.0,0.0,0.0,21.52,-86.00,21.52,463.31,200.00,14.14,2.09,1.77,116.01,10.77,1.58,1.28,0.89,0.46
81,30.02,-86.00,0.91,-0.09,1.0,0.0,0.0,30.02,-86.00,30.02,901.47,0.00,0.00,0.00,0.00,0.00,0.00,0.00,0.00,0.00,-1.00
82,34.55,-86.00,1.22,0.20,0.0,0.0,0.0,34.55,-86.00,34.55,1193.73,200.00,14.14,2.09,1.77,252.76,15.90,2.32,2.00,-0.74,-0.67
83,39.34,-86.00,1.43,0.36,0.0,0.0,0.0,39.34,-86.00,39.34,1547.64,200.00,14.14,2.09,1.77,727.43,26.97,3.37,3.04,-0.26,-0.97
84,44.49,-86.00,1.04,0.04,0.0,0.0,0.0,44.49,-86.00,44.49,1979.22,200.00,14.14,2.09,1.77,1233.69,35.12,3.90,3.56,0.85,-0.52
85,-79.48,-82.00,0.45,-0.80,0.0,0.0,0.0,-79.48,-82.00,79.48,6317.11,1691.69,41.13,4.21,3.88,659.65,25.68,3.27,2.94,0.91,0.40
86,9.60,-82.00,0.48,-0.74,1.0,0.0,0.0,9.60,-82.00,9.60,92.15,0.00,0.00,0.00,0.00,0.00,0.00,0.00,0.00,-0.93,-0.38
87,34.55,-82.00,1.26,0.23,0.0,0.0,0.0,34.55,-82.00,34.55,1193.73,590.44,24.30,3.16,2.83,172.40,13.13,1.95,1.63,0.00,-1.00
88,39.34,-82.00,1.38,0.32,0.0,0.0,0.0,39.34,-82.00,39.34,1547.64,200.00,14.14,2.09,1.77,598.61,24.47,3.18,2.84,0.61,-0.79
89,44.49,-82.00,1.04,0.04,0.0,0.0,0.0,44.49,-82.00,44.49,1979.22,200.00,14.14,2.09,1.77,961.62,31.01,3.65,3.31,0.88,-0.47
90,50.15,-82.00,0.90,-0.10,0.0,0.0,0.0,50.15,-82.00,50.15,2514.86,200.00,14.14,2.09,1.77,1372.13,37.04,4.01,3.67,0.62,-0.78
91,56.60,-82.00,0.80,-0.22,0.0,0.0,0.0,56.60,-82.00,56.60,3203.77,200.00,14.14,2.09,1.77,1509.79,38.86,4.10,3.76,0.87,0.49
92,64.52,-82.00,0.71,-0.35,0.0,0.0,0.0,64.52,-82.00,64.52,4162.45,200.00,14.14,2.09,1.77,1217.28,34.89,3.89,3.55,0.61,0.79
93,79.48,-82.00,0.41,-0.89,0.0,0.0,0.0,79.48,-82.00,79.48,6317.11,200.00,14.14,2.09,1.77,280.18,16.74,2.42,2.10,0.00,1.00
94,-79.48,-78.00,0.42,-0.86,0.0,0.0,0.0,-79.48,-78.00,79.48,6317.11,960.00,30.98,3.65,3.31,587.63,24.24,3.16,2.82,0.86,0.52
95,21.52,-78.00,0.51,-0.68,1.0,0.0,0.0,21.52,-78.00,21.52,463.31,0.00,0.00,0.00,0.00,0.00,0.00,0.00,0.00,0.73,0.68
96,39.34,-78.00,1.19,0.17,0.0,0.0,0.0,39.34,-78.00,39.34,1547.64,418.89,20.47,2.82,2.49,369.40,19.22,2.70,2.37,0.72,-0.69
97,44.49,-78.00,1.11,0.10,0.0,0.0,0.0,44.49,-78.00,44.49,1979.22,200.00,14.14,2.09,1.77,701.78,26.49,3.34,3.00,0.73,-0.69
98,50.15,-78.00,0.98,-0.02,0.0,0.0,0.0,50.15,-78.00,50.15,2514.86,200.00,14.14,2.09,1.77,1154.83,33.98,3.83,3.50,0.77,-0.63
99,56.60,-78.00,0.86,-0.15,0.0,0.0,0.0,56.60,-78.00,56.60,3203.77,200.00,14.14,2.09,1.77,1297.61,36.02,3.95,3.61,0.86,0.51
100,64.52,-78.00,0.74,-0.30,0.0,0.0,0.0,64.52,-78.00,64.52,4162.45,200.00,14.14,2.09,1.77,1041.17,32.27,3.73,3.39,1.00,0.00
101,79.48,-78.00,0.45,-0.80,0.0,0.0,0.0,79.48,-78.00,79.48,6317.11,200.00,14.14,2.09,1.77,280.18,16.74,2.42,2.10,0.00,1.00
102,-9.60,-74.00,1.83,0.60,0.0,0.0,0.0,-9.60,-74.00,9.60,92.15,1320.11,36.33,3.97,3.63,190.31,13.80,2.05,1.73,-0.57,-0.82
103,-5.74,-74.00,2.86,1.05,1.0,1.0,0.0,-5.74,-74.00,5.74,32.98,200.00,14.14,2.09,1.77,359.80,18.97,2.67,2.34,-0.92,-0.39
104,-1.91,-74.00,3.68,1.30,0.0,0.0,0.0,-1.91,-74.00,1.91,3.65,200.00,14.14,2.09,1.77,395.48,19.89,2.77,2.43,-0.84,0.54
105,1.91,-74.00,2.98,1.09,0.0,0.0,0.0,1.91,-74.00,1.91,3.65,676.93,26.02,3.30,2.96,164.31,12.82,1.91,1.59,-0.68,0.74
106,5.74,-74.00,1.33,0.28,0.0,0.0,0.0,5.74,-74.00,5.74,32.98,419.83,20.49,2.82,2.49,114.26,10.69,1.56,1.27,-0.97,0.25
107,17.47,-74.00,0.32,-1.15,1.0,0.0,0.0,17.47,-74.00,17.47,305.15,0.00,0.00,0.00,0.00,0.00,0.00,0.00,0.00,1.00,0.03
108,21.52,-74.00,0.35,-1.05,0.0,1.0,0.0,21.52,-74.00,21.52,463.31,0.00,0.00,0.00,0.00,0.00,0.00,0.00,0.00,0.89,0.45
109,39.34,-74.00,1.02,0.02,0.0,0.0,0.0,39.34,-74.00,39.34,1547.64,563.63,23.74,3.12,2.78,94.14,9.70,1.39,1.11,0.92,-0.40
110,44.49,-74.00,1.04,0.04,0.0,0.0,0.0,44.49,-74.00,44.49,1979.22,200.00,14.14,2.09,1.77,506.97,22.52,3.01,2.68,0.66,-0.75
111,-79.48,-70.00,0.59,-0.53,0.0,0.0,0.0,-79.48,-70.00,79.48,6317.11,210.50,14.51,2.14,1.82,464.42,21.55,2.92,2.59,0.63,0.77
112,-56.60,-70.00,1.43,0.36,1.0,0.0,0.0,-56.60,-70.00,56.60,3203.77,0.00,0.00,0.00,0.00,0.00,0.00,0.00,0.00,-0.41,-0.91
113,-50.15,-70.00,2.29,0.83,0.0,0.0,1.0,-50.15,-70.00,50.15,2514.86,1249.40,35.35,3.91,3.58,143.67,11.99,1.78,1.47,-0.99,0.10
114,-44.49,-70.00,1.46,0.38,1.0,0.0,0.0,-44.49,-70.00,44.49,1979.22,0.00,0.00,0.00,0.00,0.00,0.00,0.00,0.00,-0.00,1.00
115,-17.47,-70.00,0.67,-0.40,0.0,1.0,0.0,-17.47,-70.00,17.47,305.15,0.00,0.00,0.00,0.00,0.00,0.00,0.00,0.00,-0.55,-0.84
116,-13.50,-70.00,1.61,0.48,0.0,0.0,0.0,-13.50,-70.00,13.50,182.29,1900.00,43.59,4.33,3.99,272.44,16.51,2.40,2.07,-0.79,-0.61
117,-9.60,-70.00,1.66,0.51,0.0,0.0,0.0,-9.60,-70.00,9.60,92.15,200.00,14.14,2.09,1.77,568.73,23.85,3.13,2.79,-0.96,-0.28
118,-5.74,-70.00,2.51,0.92,0.0,0.0,0.0,-5.74,-70.00,5.74,32.98,200.00,14.14,2.09,1.77,754.23,27.46,3.41,3.07,-0.87,-0.49
119,-1.91,-70.00,3.91,1.36,0.0,0.0,0.0,-1.91,-70.00,1.91,3.65,200.00,14.14,2.09,1.77,693.86,26.34,3.32,2.99,0.32,0.95
120,1.91,-70.00,3.63,1.29,1.0,0.0,0.0,1.91,-70.00,1.91,3.65,200.00,14.14,2.09,1.77,321.35,17.93,2.56,2.23,0.69,0.72
121,5.74,-70.00,1.95,0.67,0.0,0.0,0.0,5.74,-70.00,5.74,32.98,348.59,18.67,2.64,2.31,178.23,13.35,1.98,1.66,-0.62,0.79
122,17.47,-70.00,0.25,-1.40,1.0,1.0,0.0,17.47,-70.00,17.47,305.15,0.00,0.00,0.00,0.00,0.00,0.00,0.00,0.00,-0.47,0.88
123,39.34,-70.00,1.40,0.34,1.0,0.0,0.0,39.34,-70.00,39.34,1547.64,0.00,0.00,0.00,0.00,0.00,0.00,0.00,0.00,0.41,-0.91
124,44.49,-70.00,1.16,0.15,0.0,0.0,0.0,44.49,-70.00,44.49,1979.22,647.74,25.45,3.26,2.92,292.32,17.10,2.47,2.14,0.83,-0.55
125,50.15,-70.00,1.31,0.27,0.0,0.0,0.0,50.15,-70.00,50.15,2514.86,200.00,14.14,2.09,1.77,781.09,27.95,3.44,3.11,0.51,-0.86
126,56.60,-70.00,1.01,0.01,0.0,0.0,0.0,56.60,-70.00,56.60,3203.77,200.00,14.14,2.09,1.77,891.97,29.87,3.58,3.24,0.78,0.62
127,64.52,-70.00,0.72,-0.33,0.0,0.0,0.0,64.52,-70.00,64.52,4162.45,200.00,14.14,2.09,1.77,659.73,25.69,3.27,2.94,0.99,-0.15
128,79.48,-70.00,0.43,-0.83,0.0,0.0,0.0,79.48,-70.00,79.48,6317.11,200.00,14.14,2.09,1.77,255.03,15.97,2.33,2.00,0.81,-0.58
129,-39.34,-66.00,0.68,-0.39,0.0,0.0,0.0,-39.34,-66.00,39.34,1547.64,200.00,14.14,2.09,1.77,346.87,18.62,2.64,2.30,-1.00,0.09
130,-34.55,-66.00,0.49,-0.72,0.0,0.0,0.0,-34.55,-66.00,34.55,1193.73,200.00,14.14,2.09,1.77,326.48,18.07,2.58,2.24,-0.86,0.52
131,-30.02,-66.00,0.36,-1.03,0.0,0.0,0.0,-30.02,-66.00,30.02,901.47,1179.83,34.35,3.85,3.52,288.86,17.00,2.45,2.12,-1.00,-0.00
132,-25.70,-66.00,0.36,-1.03,0.0,1.0,0.0,-25.70,-66.00,25.70,660.40,1844.57,42.95,4.30,3.97,202.93,14.25,2.11,1.79,-0.98,-0.17
133,-21.52,-66.00,0.69,-0.37,0.0,1.0,0.0,-21.52,-66.00,21.52,463.31,1730.10,41.59,4.24,3.90,213.19,14.60,2.16,1.83,-0.97,-0.25
134,-17.47,-66.00,1.19,0.17,0.0,0.0,0.0,-17.47,-66.00,17.47,305.15,1843.36,42.93,4.30,3.96,219.91,14.83,2.19,1.86,-0.96,-0.27
135,-13.50,-66.00,1.51,0.41,0.0,0.0,0.0,-13.50,-66.00,13.50,182.29,718.17,26.80,3.36,3.02,504.85,22.47,3.01,2.67,-0.63,-0.77
136,-9.60,-66.00,1.50,0.41,0.0,0.0,0.0,-9.60,-66.00,9.60,92.15,200.00,14.14,2.09,1.77,833.30,28.87,3.51,3.17,-0.51,-0.86
137,-5.74,-66.00,2.27,0.82,1.0,0.0,0.0,-5.74,-66.00,5.74,32.98,200.00,14.14,2.09,1.77,1105.84,33.25,3.79,3.45,-0.20,0.98
138,-1.91,-66.00,3.40,1.22,1.0,0.0,0.0,-1.91,-66.00,1.91,3.65,200.00,14.14,2.09,1.77,693.86,26.34,3.32,2.99,-0.32,0.95
139,1.91,-66.00,2.95,1.08,0.0,0.0,0.0,1.91,-66.00,1.91,3.65,200.00,14.14,2.09,1.77,321.35,17.93,2.56,2.23,-0.69,0.72
140,5.74,-66.00,1.83,0.60,0.0,1.0,0.0,5.74,-66.00,5.74,32.98,531.45,23.05,3.06,2.72,114.26,10.69,1.56,1.27,-0.97,0.25
141,9.60,-66.00,0.23,-1.46,0.0,0.0,0.0,9.60,-66.00,9.60,92.15,34.01,5.83,0.64,0.47,66.67,8.17,1.10,0.85,0.00,-1.00
142,13.50,-66.00,0.32,-1.15,1.0,0.0,0.0,13.50,-66.00,13.50,182.29,0.00,0.00,0.00,0.00,0.00,0.00,0.00,0.00,0.00,1.00
143,39.34,-66.00,1.54,0.43,1.0,0.0,0.0,39.34,-66.00,39.34,1547.64,0.00,0.00,0.00,0.00,0.00,0.00,0.00,0.00,0.64,-0.77
144,44.49,-66.00,1.33,0.29,0.0,0.0,0.0,44.49,-66.00,44.49,1979.22,540.63,23.25,3.08,2.74,96.41,9.82,1.41,1.12,0.83,-0.56
145,-79.48,-62.00,0.50,-0.70,0.0,0.0,0.0,-79.48,-62.00,79.48,6317.11,200.00,14.14,2.09,1.77,393.29,19.83,2.76,2.43,0.21,0.98
146,-64.52,-62.00,0.92,-0.08,0.0,0.0,1.0,-64.52,-62.00,64.52,4162.45,581.69,24.12,3.15,2.81,108.98,10.44,1.52,1.23,0.86,-0.51
147,-34.55,-62.00,0.80,-0.23,0.0,0.0,0.0,-34.55,-62.00,34.55,1193.73,200.00,14.14,2.09,1.77,161.19,12.70,1.89,1.57,-0.00,-1.00
148,-30.02,-62.00,0.77,-0.26,0.0,1.0,0.0,-30.02,-62.00,30.02,901.47,200.00,14.14,2.09,1.77,224.57,14.99,2.21,1.88,0.87,0.50
149,-25.70,-62.00,0.69,-0.38,0.0,1.0,0.0,-25.70,-62.00,25.70,660.40,200.00,14.14,2.09,1.77,323.84,18.00,2.57,2.24,0.61,-0.80
150,-21.52,-62.00,1.00,0.00,0.0,0.0,0.0,-21.52,-62.00,21.52,463.31,224.02,14.97,2.21,1.88,621.83,24.94,3.22,2.88,-0.99,-0.10
151,-17.47,-62.00,1.32,0.28,0.0,1.0,0.0,-17.47,-62.00,17.47,305.15,240.80,15.52,2.28,1.95,638.18,25.26,3.24,2.91,-0.99,-0.11
152,-13.50,-62.00,1.39,0.33,0.0,0.0,0.0,-13.50,-62.00,13.50,182.29,200.00,14.14,2.09,1.77,813.78,28.53,3.48,3.15,-0.78,-0.63
153,-9.60,-62.00,1.58,0.45,0.0,0.0,0.0,-9.60,-62.00,9.60,92.15,200.00,14.14,2.09,1.77,1118.02,33.44,3.80,3.46,-0.67,-0.74
154,-5.74,-62.00,2.24,0.80,1.0,0.0,0.0,-5.74,-62.00,5.74,32.98,200.00,14.14,2.09,1.77,1271.81,35.66,3.93,3.59,-0.53,0.85
155,-1.91,-62.00,2.53,0.93,0.0,0.0,0.0,-1.91,-62.00,1.91,3.65,200.00,14.14,2.09,1.77,936.28,30.60,3.62,3.29,-0.71,0.70
156,1.91,-62.00,1.62,0.48,0.0,0.0,0.0,1.91,-62.00,1.91,3.65,1398.60,37.40,4.02,3.69,652.59,25.55,3.26,2.93,-0.85,0.53
157,5.74,-62.00,1.01,0.01,1.0,0.0,0.0,5.74,-62.00,5.74,32.98,1700.00,41.23,4.22,3.88,334.31,18.28,2.60,2.27,-0.66,0.75
158,50.15,-62.00,1.31,0.27,0.0,0.0,0.0,50.15,-62.00,50.15,2514.86,200.00,14.14,2.09,1.77,641.08,25.32,3.25,2.91,0.72,-0.69
159,56.60,-62.00,0.96,-0.04,0.0,0.0,0.0,56.60,-62.00,56.60,3203.77,200.00,14.14,2.09,1.77,448.06,21.17,2.89,2.56,0.92,0.39
160,64.52,-62.00,0.83,-0.18,0.0,0.0,0.0,64.52,-62.00,64.52,4162.45,200.00,14.14,2.09,1.77,295.29,17.18,2.48,2.15,0.99,-0.15
161,79.48,-62.00,0.43,-0.85,0.0,0.0,0.0,79.48,-62.00,79.48,6317.11,200.00,14.14,2.09,1.77,166.02,12.88,1.92,1.60,0.14,-0.99
162,-79.48,-58.00,0.36,-1.01,0.0,0.0,0.0,-79.48,-58.00,79.48,6317.11,200.00,14.14,2.09,1.77,386.99,19.67,2.74,2.41,-0.00,1.00
163,-34.55,-58.00,0.51,-0.68,0.0,0.0,0.0,-34.55,-58.00,34.55,1193.73,200.00,14.14,2.09,1.77,172.40,13.13,1.95,1.63,-0.00,1.00
164,-21.52,-58.00,0.98,-0.02,0.0,0.0,0.0,-21.52,-58.00,21.52,463.31,200.00,14.14,2.09,1.77,497.63,22.31,2.99,2.66,-0.00,-1.00
165,-17.47,-58.00,1.23,0.20,0.0,0.0,0.0,-17.47,-58.00,17.47,305.15,200.00,14.14,2.09,1.77,948.65,30.80,3.64,3.30,0.00,-1.00
166,-13.50,-58.00,1.50,0.40,0.0,0.0,0.0,-13.50,-58.00,13.50,182.29,200.00,14.14,2.09,1.77,1180.93,34.36,3.86,3.52,-0.90,-0.44
167,-9.60,-58.00,1.89,0.64,0.0,0.0,0.0,-9.60,-58.00,9.60,92.15,200.00,14.14,2.09,1.77,1305.32,36.13,3.96,3.62,0.77,0.64
168,-5.74,-58.00,2.40,0.88,0.0,0.0,0.0,-5.74,-58.00,5.74,32.98,200.00,14.14,2.09,1.77,1081.55,32.89,3.77,3.43,0.93,0.38
169,-1.91,-58.00,2.08,0.73,0.0,0.0,0.0,-1.91,-58.00,1.91,3.65,200.00,14.14,2.09,1.77,1000.22,31.63,3.69,3.35,1.00,-0.01
170,1.91,-58.00,2.14,0.76,0.0,0.0,0.0,1.91,-58.00,1.91,3.65,688.39,26.24,3.32,2.98,656.28,25.62,3.27,2.93,0.51,0.86
171,5.74,-58.00,1.16,0.15,1.0,0.0,0.0,5.74,-58.00,5.74,32.98,805.21,28.38,3.47,3.14,274.23,16.56,2.40,2.07,0.40,0.92
172,50.15,-58.00,1.19,0.17,0.0,0.0,0.0,50.15,-58.00,50.15,2514.86,200.00,14.14,2.09,1.77,484.57,22.01,2.97,2.63,0.32,-0.95
173,56.60,-58.00,0.71,-0.35,0.0,0.0,0.0,56.60,-58.00,56.60,3203.77,200.00,14.14,2.09,1.77,237.97,15.43,2.26,1.94,0.74,0.67
174,64.52,-58.00,0.57,-0.56,0.0,0.0,0.0,64.52,-58.00,64.52,4162.45,200.00,14.14,2.09,1.77,112.40,10.60,1.55,1.25,0.87,-0.50
175,79.48,-58.00,0.51,-0.68,0.0,0.0,0.0,79.48,-58.00,79.48,6317.11,200.00,14.14,2.09,1.77,166.02,12.88,1.92,1.60,-0.14,-0.99
176,-44.49,-54.00,0.97,-0.03,0.0,1.0,0.0,-44.49,-54.00,44.49,1979.22,0.00,0.00,0.00,0.00,0.00,0.00,0.00,0.00,0.99,-0.17
177,-39.34,-54.00,0.61,-0.49,1.0,0.0,0.0,-39.34,-54.00,39.34,1547.64,0.00,0.00,0.00,0.00,0.00,0.00,0.00,0.00,0.57,-0.82
178,-30.02,-54.00,0.62,-0.48,0.0,0.0,0.0,-30.02,-54.00,30.02,901.47,200.00,14.14,2.09,1.77,96.32,9.81,1.41,1.12,-1.00,0.02
179,-25.70,-54.00,0.78,-0.24,0.0,0.0,0.0,-25.70,-54.00,25.70,660.40,200.00,14.14,2.09,1.77,246.30,15.69,2.30,1.97,-0.80,-0.59
180,-21.52,-54.00,1.10,0.09,0.0,0.0,0.0,-21.52,-54.00,21.52,463.31,556.06,23.58,3.10,2.77,583.76,24.16,3.15,2.82,-0.51,-0.86
181,-17.47,-54.00,1.22,0.20,0.0,0.0,0.0,-17.47,-54.00,17.47,305.15,200.00,14.14,2.09,1.77,997.84,31.59,3.69,3.35,-0.30,-0.95
182,-13.50,-54.00,1.54,0.43,0.0,0.0,0.0,-13.50,-54.00,13.50,182.29,1416.75,37.64,4.04,3.70,1392.13,37.31,4.02,3.68,0.40,0.92
183,-9.60,-54.00,2.03,0.71,0.0,0.0,0.0,-9.60,-54.00,9.60,92.15,200.00,14.14,2.09,1.77,1009.74,31.78,3.70,3.36,0.55,0.83
184,-5.74,-54.00,2.43,0.89,0.0,0.0,0.0,-5.74,-54.00,5.74,32.98,200.00,14.14,2.09,1.77,693.37,26.33,3.32,2.99,0.80,0.60
185,-1.91,-54.00,2.01,0.70,0.0,0.0,0.0,-1.91,-54.00,1.91,3.65,200.00,14.14,2.09,1.77,555.74,23.57,3.10,2.77,1.00,-0.02
186,1.91,-54.00,1.56,0.45,1.0,0.0,0.0,1.91,-54.00,1.91,3.65,200.00,14.14,2.09,1.77,467.98,21.63,2.93,2.60,0.24,0.97
187,5.74,-54.00,1.07,0.06,0.0,0.0,0.0,5.74,-54.00,5.74,32.98,200.00,14.14,2.09,1.77,114.26,10.69,1.56,1.27,0.97,0.25
188,-79.48,-50.00,0.36,-1.03,0.0,0.0,0.0,-79.48,-50.00,79.48,6317.11,479.34,21.89,2.96,2.62,386.99,19.67,2.74,2.41,0.00,1.00
189,-30.02,-50.00,0.91,-0.09,0.0,0.0,0.0,-30.02,-50.00,30.02,901.47,200.00,14.14,2.09,1.77,108.47,10.41,1.52,1.22,0.00,-1.00
190,-25.70,-50.00,1.01,0.01,0.0,0.0,0.0,-25.70,-50.00,25.70,660.40,200.00,14.14,2.09,1.77,392.51,19.81,2.76,2.43,0.75,-0.66
191,-21.52,-50.00,1.29,0.26,0.0,0.0,0.0,-21.52,-50.00,21.52,463.31,200.00,14.14,2.09,1.77,562.33,23.71,3.12,2.78,0.72,-0.70
192,-17.47,-50.00,1.43,0.36,0.0,0.0,0.0,-17.47,-50.00,17.47,305.15,548.76,23.43,3.09,2.76,877.33,29.62,3.56,3.22,0.70,-0.71
193,-13.50,-50.00,1.62,0.48,0.0,0.0,0.0,-13.50,-50.00,13.50,182.29,604.52,24.59,3.19,2.85,1231.15,35.09,3.90,3.56,0.50,-0.87
194,-9.60,-50.00,2.01,0.70,0.0,0.0,0.0,-9.60,-50.00,9.60,92.15,200.00,14.14,2.09,1.77,852.24,29.19,3.53,3.19,0.13,0.99
195,-5.74,-50.00,2.48,0.91,0.0,0.0,0.0,-5.74,-50.00,5.74,32.98,200.00,14.14,2.09,1.77,430.67,20.75,2.85,2.52,0.26,0.97
196,-1.91,-50.00,2.27,0.82,0.0,0.0,0.0,-1.91,-50.00,1.91,3.65,200.00,14.14,2.09,1.77,111.57,10.56,1.54,1.25,1.00,-0.09
197,1.91,-50.00,1.95,0.67,0.0,0.0,0.0,1.91,-50.00,1.91,3.65,200.00,14.14,2.09,1.77,244.32,15.63,2.29,1.96,0.91,-0.41
198,50.15,-50.00,0.99,-0.01,0.0,0.0,0.0,50.15,-50.00,50.15,2514.86,200.00,14.14,2.09,1.77,170.04,13.04,1.94,1.62,0.82,0.57
199,79.48,-50.00,0.63,-0.47,0.0,0.0,0.0,79.48,-50.00,79.48,6317.11,200.00,14.14,2.09,1.77,255.03,15.97,2.33,2.00,-0.81,-0.58
200,-21.52,-46.00,1.19,0.17,0.0,0.0,0.0,-21.52,-46.00,21.52,463.31,229.57,15.15,2.23,1.90,263.18,16.22,2.36,2.03,0.78,-0.63
201,-17.47,-46.00,1.24,0.21,0.0,0.0,0.0,-17.47,-46.00,17.47,305.15,240.30,15.50,2.27,1.95,649.46,25.48,3.26,2.92,0.32,-0.95
202,-13.50,-46.00,1.55,0.44,0.0,0.0,0.0,-13.50,-46.00,13.50,182.29,202.01,14.21,2.10,1.78,984.08,31.37,3.67,3.34,0.98,-0.19
203,-9.60,-46.00,1.99,0.69,0.0,0.0,0.0,-9.60,-46.00,9.60,92.15,308.81,17.57,2.52,2.19,705.21,26.56,3.34,3.01,0.47,0.88
204,-5.74,-46.00,2.56,0.94,0.0,0.0,0.0,-5.74,-46.00,5.74,32.98,200.00,14.14,2.09,1.77,384.72,19.61,2.74,2.41,0.87,0.50
205,-1.91,-46.00,2.62,0.96,0.0,0.0,0.0,-1.91,-46.00,1.91,3.65,129.04,11.36,1.68,1.37,101.33,10.07,1.46,1.17,0.00,1.00
206,-79.48,-42.00,0.32,-1.13,0.0,0.0,0.0,-79.48,-42.00,79.48,6317.11,1232.88,35.11,3.90,3.56,386.99,19.67,2.74,2.41,-0.00,1.00
207,-21.52,-42.00,1.02,0.02,0.0,0.0,0.0,-21.52,-42.00,21.52,463.31,1130.49,33.62,3.81,3.48,164.05,12.81,1.90,1.59,0.00,-1.00
208,-17.47,-42.00,0.74,-0.30,0.0,0.0,0.0,-17.47,-42.00,17.47,305.15,1700.00,41.23,4.22,3.88,506.56,22.51,3.01,2.68,0.83,-0.56
209,-13.50,-42.00,0.97,-0.03,0.0,0.0,0.0,-13.50,-42.00,13.50,182.29,1700.00,41.23,4.22,3.88,564.01,23.75,3.12,2.78,0.95,-0.31
210,-9.60,-42.00,1.76,0.57,0.0,0.0,0.0,-9.60,-42.00,9.60,92.15,1382.33,37.18,4.01,3.68,632.35,25.15,3.23,2.90,-0.18,0.98
211,-5.74,-42.00,2.52,0.93,0.0,0.0,0.0,-5.74,-42.00,5.74,32.98,200.00,14.14,2.09,1.77,223.19,14.94,2.20,1.88,-0.50,0.87
212,64.52,-42.00,1.05,0.05,0.0,0.0,0.0,64.52,-42.00,64.52,4162.45,200.00,14.14,2.09,1.77,201.51,14.20,2.10,1.78,-0.97,-0.25
213,79.48,-42.00,0.42,-0.88,0.0,0.0,0.0,79.48,-42.00,79.48,6317.11,200.00,14.14,2.09,1.77,402.23,20.06,2.78,2.45,-0.96,-0.27
214,-79.48,-38.00,0.33,-1.10,0.0,0.0,0.0,-79.48,-38.00,79.48,6317.11,1700.00,41.23,4.22,3.88,398.12,19.95,2.77,2.44,-0.27,0.96
215,-17.47,-38.00,1.13,0.12,0.0,0.0,0.0,-17.47,-38.00,17.47,305.15,255.53,15.99,2.33,2.01,118.30,10.88,1.60,1.30,0.90,0.44
216,-13.50,-38.00,1.43,0.36,0.0,0.0,0.0,-13.50,-38.00,13.50,182.29,721.60,26.86,3.36,3.03,198.44,14.09,2.09,1.76,0.54,-0.84
217,-9.60,-38.00,1.32,0.28,0.0,0.0,0.0,-9.60,-38.00,9.60,92.15,1294.16,35.97,3.95,3.61,344.90,18.57,2.63,2.30,0.63,-0.78
218,-5.74,-38.00,2.17,0.78,0.0,0.0,0.0,-5.74,-38.00,5.74,32.98,496.60,22.28,2.99,2.66,236.30,15.37,2.26,1.93,0.94,0.35
219,64.52,-38.00,0.76,-0.28,0.0,0.0,0.0,64.52,-38.00,64.52,4162.45,200.00,14.14,2.09,1.77,295.29,17.18,2.48,2.15,0.99,-0.15
220,79.48,-38.00,0.56,-0.57,0.0,0.0,0.0,79.48,-38.00,79.48,6317.11,200.00,14.14,2.09,1.77,481.53,21.94,2.96,2.63,-0.99,-0.16
221,-5.74,-34.00,2.38,0.87,0.0,0.0,0.0,-5.74,-34.00,5.74,32.98,272.82,16.52,2.40,2.07,82.55,9.09,1.28,1.00,-0.00,1.00
222,-79.48,-30.00,0.33,-1.11,0.0,0.0,0.0,-79.48,-30.00,79.48,6317.11,486.62,22.06,2.97,2.64,477.68,21.86,2.95,2.62,-0.67,0.74
223,64.52,-30.00,0.70,-0.36,0.0,0.0,0.0,64.52,-30.00,64.52,4162.45,0.00,0.00,0.00,0.00,57.49,7.58,0.98,0.75,-0.00,-1.00
224,79.48,-30.00,0.53,-0.63,0.0,0.0,0.0,79.48,-30.00,79.48,6317.11,200.00,14.14,2.09,1.77,446.66,21.13,2.89,2.55,0.39,0.92
225,-79.48,-22.00,0.36,-1.01,0.0,0.0,0.0,-79.48,-22.00,79.48,6317.11,200.00,14.14,2.09,1.77,605.17,24.60,3.19,2.85,-0.87,0.49
226,64.52,-22.00,0.70,-0.35,0.0,0.0,0.0,64.52,-22.00,64.52,4162.45,0.00,0.00,0.00,0.00,57.49,7.58,0.98,0.75,0.00,-1.00
227,79.48,-22.00,0.42,-0.87,0.0,0.0,0.0,79.48,-22.00,79.48,6317.11,200.00,14.14,2.09,1.77,385.77,19.64,2.74,2.41,0.60,0.80
228,-79.48,-18.00,0.35,-1.04,0.0,0.0,0.0,-79.48,-18.00,79.48,6317.11,200.00,14.14,2.09,1.77,678.34,26.04,3.30,2.97,-0.93,0.38
229,64.52,-18.00,0.70,-0.36,0.0,0.0,0.0,64.52,-18.00,64.52,4162.45,0.00,0.00,0.00,0.00,164.90,12.84,1.91,1.59,-0.00,1.00
230,79.48,-18.00,0.42,-0.87,0.0,0.0,0.0,79.48,-18.00,79.48,6317.11,200.00,14.14,2.09,1.77,341.20,18.47,2.62,2.29,0.50,0.87
231,9.60,-14.00,1.84,0.61,1.0,0.0,0.0,9.60,-14.00,9.60,92.15,0.00,0.00,0.00,0.00,0.00,0.00,0.00,0.00,-0.93,-0.38
232,13.50,-14.00,1.16,0.15,0.0,0.0,0.0,13.50,-14.00,13.50,182.29,200.00,14.14,2.09,1.77,223.53,14.95,2.20,1.88,-0.97,-0.25
233,17.47,-14.00,0.50,-0.69,0.0,0.0,0.0,17.47,-14.00,17.47,305.15,200.00,14.14,2.09,1.77,322.84,17.97,2.56,2.23,-0.99,-0.15
234,21.52,-14.00,0.27,-1.32,0.0,0.0,0.0,21.52,-14.00,21.52,463.31,200.00,14.14,2.09,1.77,263.18,16.22,2.36,2.03,-0.78,0.63
235,-79.48,-10.00,0.37,-0.99,0.0,0.0,0.0,-79.48,-10.00,79.48,6317.11,200.00,14.14,2.09,1.77,786.27,28.04,3.45,3.11,-0.77,0.64
236,5.74,-10.00,2.23,0.80,0.0,0.0,0.0,5.74,-10.00,5.74,32.98,1442.58,37.98,4.06,3.72,223.19,14.94,2.20,1.88,-0.50,-0.87
237,9.60,-10.00,1.63,0.49,0.0,0.0,0.0,9.60,-10.00,9.60,92.15,768.67,27.72,3.43,3.09,440.54,20.99,2.87,2.54,-0.99,0.11
238,13.50,-10.00,1.21,0.19,0.0,0.0,0.0,13.50,-10.00,13.50,182.29,200.00,14.14,2.09,1.77,584.08,24.17,3.15,2.82,-0.75,-0.66
239,17.47,-10.00,0.56,-0.58,0.0,0.0,0.0,17.47,-10.00,17.47,305.15,200.00,14.14,2.09,1.77,743.68,27.27,3.39,3.06,-1.00,0.10
240,21.52,-10.00,0.29,-1.23,0.0,0.0,0.0,21.52,-10.00,21.52,463.31,200.00,14.14,2.09,1.77,583.76,24.16,3.15,2.82,-0.51,0.86
241,25.70,-10.00,0.12,-2.15,0.0,0.0,0.0,25.70,-10.00,25.70,660.40,200.00,14.14,2.09,1.77,246.30,15.69,2.30,1.97,-0.80,0.59
242,30.02,-10.00,0.09,-2.38,0.0,0.0,0.0,30.02,-10.00,30.02,901.47,200.00,14.14,2.09,1.77,96.32,9.81,1.41,1.12,-1.00,-0.02
243,39.34,-10.00,0.42,-0.88,1.0,0.0,0.0,39.34,-10.00,39.34,1547.64,0.00,0.00,0.00,0.00,0.00,0.00,0.00,0.00,-0.92,0.40
244,79.48,-10.00,0.40,-0.92,0.0,0.0,0.0,79.48,-10.00,79.48,6317.11,200.00,14.14,2.09,1.77,225.01,15.00,2.21,1.88,0.94,0.35
245,5.74,-6.00,1.80,0.59,0.0,0.0,0.0,5.74,-6.00,5.74,32.98,679.95,26.08,3.30,2.97,193.75,13.92,2.06,1.74,-0.00,-1.00
246,9.60,-6.00,1.55,0.44,0.0,0.0,0.0,9.60,-6.00,9.60,92.15,848.08,29.12,3.52,3.19,622.65,24.95,3.22,2.88,-0.00,-1.00
247,13.50,-6.00,1.20,0.18,0.0,0.0,0.0,13.50,-6.00,13.50,182.29,200.00,14.14,2.09,1.77,953.82,30.88,3.64,3.31,-0.92,-0.39
248,17.47,-6.00,0.59,-0.53,0.0,0.0,0.0,17.47,-6.00,17.47,305.15,200.00,14.14,2.09,1.77,1166.35,34.15,3.84,3.51,-1.00,0.08
249,21.52,-6.00,0.29,-1.23,0.0,0.0,0.0,21.52,-6.00,21.52,463.31,200.00,14.14,2.09,1.77,860.30,29.33,3.54,3.20,-0.69,0.72
250,25.70,-6.00,0.13,-2.07,1.0,1.0,0.0,25.70,-6.00,25.70,660.40,200.00,14.14,2.09,1.77,539.24,23.22,3.07,2.74,-0.72,0.69
251,30.02,-6.00,0.14,-2.00,1.0,1.0,0.0,30.02,-6.00,30.02,901.47,844.28,29.06,3.52,3.18,344.16,18.55,2.63,2.30,-0.27,0.96
252,34.55,-6.00,0.11,-2.17,0.0,1.0,0.0,34.55,-6.00,34.55,1193.73,0.00,0.00,0.00,0.00,0.00,0.00,0.00,0.00,-0.83,0.55
253,39.34,-6.00,0.39,-0.94,0.0,1.0,0.0,39.34,-6.00,39.34,1547.64,200.00,14.14,2.09,1.77,267.03,16.34,2.38,2.05,-0.96,0.29
254,-79.48,-2.00,0.36,-1.03,0.0,0.0,0.0,-79.48,-2.00,79.48,6317.11,200.00,14.14,2.09,1.77,922.35,30.37,3.61,3.27,-0.90,0.44
255,5.74,-2.00,1.42,0.35,0.0,0.0,0.0,5.74,-2.00,5.74,32.98,200.00,14.14,2.09,1.77,193.75,13.92,2.06,1.74,-0.00,-1.00
256,9.60,-2.00,1.45,0.37,0.0,0.0,0.0,9.60,-2.00,9.60,92.15,200.00,14.14,2.09,1.77,609.10,24.68,3.19,2.86,0.55,-0.84
257,13.50,-2.00,1.18,0.17,0.0,0.0,0.0,13.50,-2.00,13.50,182.29,200.00,14.14,2.09,1.77,1000.91,31.64,3.69,3.35,0.33,-0.94
258,17.47,-2.00,0.62,-0.47,0.0,0.0,0.0,17.47,-2.00,17.47,305.15,200.00,14.14,2.09,1.77,1424.37,37.74,4.04,3.71,0.24,-0.97
259,21.52,-2.00,0.31,-1.18,0.0,0.0,0.0,21.52,-2.00,21.52,463.31,200.00,14.14,2.09,1.77,1156.03,34.00,3.83,3.50,-0.67,0.74
260,25.70,-2.00,0.11,-2.25,0.0,0.0,0.0,25.70,-2.00,25.70,660.40,200.00,14.14,2.09,1.77,870.96,29.51,3.55,3.22,-0.89,0.45
261,30.02,-2.00,0.11,-2.22,1.0,0.0,0.0,30.02,-2.00,30.02,901.47,418.31,20.45,2.82,2.49,442.05,21.03,2.88,2.54,-0.00,1.00
262,34.55,-2.00,0.13,-2.02,1.0,1.0,0.0,34.55,-2.00,34.55,1193.73,0.00,0.00,0.00,0.00,0.00,0.00,0.00,0.00,-0.83,0.55
263,39.34,-2.00,0.44,-0.83,1.0,1.0,0.0,39.34,-2.00,39.34,1547.64,200.00,14.14,2.09,1.77,172.46,13.13,1.95,1.63,0.51,-0.86
264,50.15,-2.00,0.88,-0.12,0.0,0.0,0.0,50.15,-2.00,50.15,2514.86,200.00,14.14,2.09,1.77,146.64,12.11,1.80,1.49,-0.50,-0.87
265,56.60,-2.00,1.08,0.07,1.0,0.0,0.0,56.60,-2.00,56.60,3203.77,0.00,0.00,0.00,0.00,0.00,0.00,0.00,0.00,0.80,-0.59
266,79.48,-2.00,0.40,-0.91,0.0,0.0,0.0,79.48,-2.00,79.48,6317.11,200.00,14.14,2.09,1.77,82.02,9.06,1.27,1.00,0.78,-0.63
267,-79.48,2.00,0.26,-1.35,0.0,0.0,0.0,-79.48,2.00,79.48,6317.11,200.00,14.14,2.09,1.77,961.92,31.01,3.65,3.31,-0.26,0.96
268,5.74,2.00,1.46,0.38,0.0,0.0,0.0,5.74,2.00,5.74,32.98,200.00,14.14,2.09,1.77,138.10,11.75,1.74,1.43,-0.80,-0.60
269,9.60,2.00,1.45,0.37,0.0,0.0,0.0,9.60,2.00,9.60,92.15,200.00,14.14,2.09,1.77,523.20,22.87,3.04,2.71,-0.21,-0.98
270,13.50,2.00,1.15,0.14,0.0,0.0,0.0,13.50,2.00,13.50,182.29,200.00,14.14,2.09,1.77,951.66,30.85,3.64,3.30,-0.12,-0.99
271,17.47,2.00,0.55,-0.60,0.0,0.0,0.0,17.47,2.00,17.47,305.15,200.00,14.14,2.09,1.77,1390.71,37.29,4.02,3.68,-0.08,-1.00
272,21.52,2.00,0.25,-1.40,0.0,0.0,0.0,21.52,2.00,21.52,463.31,200.00,14.14,2.09,1.77,1382.37,37.18,4.01,3.68,0.78,0.63
273,25.70,2.00,0.09,-2.41,0.0,0.0,0.0,25.70,2.00,25.70,660.40,200.00,14.14,2.09,1.77,1000.22,31.63,3.69,3.35,-0.37,0.93
274,30.02,2.00,0.07,-2.62,1.0,0.0,0.0,30.02,2.00,30.02,901.47,846.24,29.09,3.52,3.19,553.25,23.52,3.10,2.76,0.00,1.00
275,34.55,2.00,0.14,-1.98,0.0,1.0,0.0,34.55,2.00,34.55,1193.73,0.00,0.00,0.00,0.00,0.00,0.00,0.00,0.00,0.00,1.00
276,39.34,2.00,0.37,-1.01,1.0,1.0,0.0,39.34,2.00,39.34,1547.64,0.00,0.00,0.00,0.00,0.00,0.00,0.00,0.00,-0.00,-1.00
277,44.49,2.00,1.02,0.02,0.0,0.0,0.0,44.49,2.00,44.49,1979.22,200.00,14.14,2.09,1.77,168.31,12.97,1.93,1.61,-0.95,-0.31
278,50.15,2.00,1.13,0.12,1.0,0.0,0.0,50.15,2.00,50.15,2514.86,200.00,14.14,2.09,1.77,94.70,9.73,1.40,1.11,-0.00,1.00
279,1.91,6.00,2.50,0.92,1.0,0.0,0.0,1.91,6.00,1.91,3.65,0.00,0.00,0.00,0.00,0.00,0.00,0.00,0.00,-0.88,-0.48
280,5.74,6.00,1.81,0.59,0.0,0.0,0.0,5.74,6.00,5.74,32.98,200.00,14.14,2.09,1.77,193.75,13.92,2.06,1.74,0.00,-1.00
281,9.60,6.00,1.32,0.28,0.0,0.0,0.0,9.60,6.00,9.60,92.15,567.74,23.83,3.12,2.79,622.65,24.95,3.22,2.88,0.00,-1.00
282,13.50,6.00,1.06,0.06,0.0,0.0,0.0,13.50,6.00,13.50,182.29,200.00,14.14,2.09,1.77,1056.52,32.50,3.74,3.41,0.00,-1.00
283,17.47,6.00,0.39,-0.94,0.0,0.0,0.0,17.47,6.00,17.47,305.15,200.00,14.14,2.09,1.77,1467.28,38.31,4.07,3.74,0.47,0.88
284,21.52,6.00,0.15,-1.88,0.0,0.0,0.0,21.52,6.00,21.52,463.31,200.00,14.14,2.09,1.77,1088.64,32.99,3.77,3.44,0.63,0.78
285,25.70,6.00,0.07,-2.59,0.0,0.0,0.0,25.70,6.00,25.70,660.40,200.00,14.14,2.09,1.77,782.57,27.97,3.44,3.11,0.87,0.49
286,30.02,6.00,0.07,-2.73,0.0,1.0,0.0,30.02,6.00,30.02,901.47,200.00,14.14,2.09,1.77,436.23,20.89,2.86,2.53,0.64,0.77
287,44.49,6.00,0.81,-0.21,1.0,1.0,0.0,44.49,6.00,44.49,1979.22,796.09,28.21,3.46,3.13,96.41,9.82,1.41,1.12,0.83,-0.56
288,-79.48,10.00,0.23,-1.46,0.0,0.0,0.0,-79.48,10.00,79.48,6317.11,200.00,14.14,2.09,1.77,1026.77,32.04,3.72,3.38,-0.53,0.85
289,-17.47,10.00,0.70,-0.35,0.0,0.0,0.0,-17.47,10.00,17.47,305.15,200.00,14.14,2.09,1.77,118.30,10.88,1.60,1.30,-0.90,0.44
290,-1.91,10.00,2.32,0.84,1.0,0.0,0.0,-1.91,10.00,1.91,3.65,200.00,14.14,2.09,1.77,111.57,10.56,1.54,1.25,-1.00,-0.09
291,1.91,10.00,2.53,0.93,0.0,0.0,0.0,1.91,10.00,1.91,3.65,429.18,20.72,2.85,2.51,111.57,10.56,1.54,1.25,-1.00,0.09
292,5.74,10.00,1.78,0.57,0.0,0.0,0.0,5.74,10.00,5.74,32.98,689.04,26.25,3.32,2.98,430.67,20.75,2.85,2.52,-0.26,-0.97
293,9.60,10.00,1.27,0.24,0.0,0.0,0.0,9.60,10.00,9.60,92.15,200.00,14.14,2.09,1.77,763.27,27.63,3.42,3.08,-0.58,-0.81
294,13.50,10.00,0.96,-0.04,0.0,0.0,0.0,13.50,10.00,13.50,182.29,200.00,14.14,2.09,1.77,1144.12,33.82,3.82,3.49,-0.39,-0.92
295,17.47,10.00,0.26,-1.34,0.0,0.0,0.0,17.47,10.00,17.47,305.15,200.00,14.14,2.09,1.77,1192.14,34.53,3.87,3.53,0.59,0.81
296,21.52,10.00,0.08,-2.48,0.0,0.0,0.0,21.52,10.00,21.52,463.31,200.00,14.14,2.09,1.77,868.68,29.47,3.55,3.21,0.81,0.59
297,25.70,10.00,0.08,-2.53,1.0,0.0,0.0,25.70,10.00,25.70,660.40,200.00,14.14,2.09,1.77,471.74,21.72,2.94,2.61,0.62,0.79
298,30.02,10.00,0.13,-2.04,0.0,0.0,0.0,30.02,10.00,30.02,901.47,200.00,14.14,2.09,1.77,239.44,15.47,2.27,1.94,0.39,0.92
299,34.55,10.00,0.20,-1.59,1.0,0.0,0.0,34.55,10.00,34.55,1193.73,0.00,0.00,0.00,0.00,0.00,0.00,0.00,0.00,-0.49,-0.87
300,39.34,10.00,0.40,-0.92,1.0,0.0,0.0,39.34,10.00,39.34,1547.64,0.00,0.00,0.00,0.00,0.00,0.00,0.00,0.00,0.92,0.40
301,44.49,10.00,0.80,-0.22,1.0,1.0,0.0,44.49,10.00,44.49,1979.22,0.00,0.00,0.00,0.00,0.00,0.00,0.00,0.00,-0.44,0.90
302,50.15,10.00,0.83,-0.19,1.0,0.0,0.0,50.15,10.00,50.15,2514.86,200.00,14.14,2.09,1.77,170.04,13.04,1.94,1.62,-0.82,0.57
303,56.60,10.00,1.01,0.01,0.0,0.0,0.0,56.60,10.00,56.60,3203.77,0.00,0.00,0.00,0.00,66.92,8.18,1.10,0.85,0.00,-1.00
304,-30.02,14.00,0.34,-1.08,0.0,0.0,0.0,-30.02,14.00,30.02,901.47,506.39,22.50,3.01,2.68,144.71,12.03,1.78,1.47,-0.66,-0.75
305,-25.70,14.00,0.50,-0.70,0.0,0.0,0.0,-25.70,14.00,25.70,660.40,1646.41,40.58,4.19,3.85,202.93,14.25,2.11,1.79,-0.98,-0.17
306,-21.52,14.00,0.90,-0.11,0.0,0.0,0.0,-21.52,14.00,21.52,463.31,540.07,23.24,3.07,2.74,314.28,17.73,2.54,2.21,-0.98,-0.18
307,-17.47,14.00,1.19,0.17,0.0,0.0,0.0,-17.47,14.00,17.47,305.15,832.28,28.85,3.51,3.17,421.79,20.54,2.83,2.50,-0.76,0.65
308,-13.50,14.00,1.09,0.08,0.0,0.0,0.0,-13.50,14.00,13.50,182.29,1115.43,33.40,3.80,3.46,273.71,16.54,2.40,2.07,-0.79,0.61
309,-9.60,14.00,0.96,-0.04,0.0,0.0,0.0,-9.60,14.00,9.60,92.15,200.00,14.14,2.09,1.77,331.72,18.21,2.59,2.26,-0.99,-0.14
310,-5.74,14.00,1.48,0.39,0.0,0.0,0.0,-5.74,14.00,5.74,32.98,200.00,14.14,2.09,1.77,415.56,20.39,2.81,2.48,-0.80,-0.61
311,-1.91,14.00,2.16,0.77,0.0,0.0,0.0,-1.91,14.00,1.91,3.65,200.00,14.14,2.09,1.77,555.74,23.57,3.10,2.77,-1.00,-0.02
312,1.91,14.00,2.24,0.81,0.0,0.0,0.0,1.91,14.00,1.91,3.65,200.00,14.14,2.09,1.77,555.74,23.57,3.10,2.77,-1.00,0.02
313,5.74,14.00,1.70,0.53,0.0,0.0,0.0,5.74,14.00,5.74,32.98,1315.31,36.27,3.96,3.63,693.37,26.33,3.32,2.99,-0.80,-0.60
314,9.60,14.00,1.35,0.30,0.0,0.0,0.0,9.60,14.00,9.60,92.15,200.00,14.14,2.09,1.77,1009.74,31.78,3.70,3.36,-0.55,-0.83
315,13.50,14.00,1.06,0.06,0.0,0.0,0.0,13.50,14.00,13.50,182.29,200.00,14.14,2.09,1.77,1373.79,37.06,4.01,3.67,-0.65,-0.76
316,17.47,14.00,0.26,-1.36,0.0,0.0,0.0,17.47,14.00,17.47,305.15,200.00,14.14,2.09,1.77,997.84,31.59,3.69,3.35,0.30,0.95
317,21.52,14.00,0.08,-2.55,0.0,0.0,0.0,21.52,14.00,21.52,463.31,200.00,14.14,2.09,1.77,583.76,24.16,3.15,2.82,0.51,0.86
318,25.70,14.00,0.11,-2.19,0.0,0.0,0.0,25.70,14.00,25.70,660.40,200.00,14.14,2.09,1.77,274.50,16.57,2.40,2.08,0.36,0.93
319,30.02,14.00,0.18,-1.71,0.0,1.0,0.0,30.02,14.00,30.02,901.47,0.00,0.00,0.00,0.00,0.00,0.00,0.00,0.00,1.00,0.02
320,34.55,14.00,0.27,-1.31,1.0,0.0,0.0,34.55,14.00,34.55,1193.73,0.00,0.00,0.00,0.00,0.00,0.00,0.00,0.00,0.74,-0.67
321,39.34,14.00,0.46,-0.78,1.0,0.0,0.0,39.34,14.00,39.34,1547.64,0.00,0.00,0.00,0.00,0.00,0.00,0.00,0.00,-0.92,0.40
322,44.49,14.00,0.71,-0.34,1.0,1.0,0.0,44.49,14.00,44.49,1979.22,0.00,0.00,0.00,0.00,0.00,0.00,0.00,0.00,-0.94,-0.35
323,-79.48,18.00,0.21,-1.56,0.0,0.0,0.0,-79.48,18.00,79.48,6317.11,200.00,14.14,2.09,1.77,1054.16,32.47,3.74,3.41,-0.00,1.00
324,-39.34,18.00,0.60,-0.51,1.0,0.0,0.0,-39.34,18.00,39.34,1547.64,0.00,0.00,0.00,0.00,0.00,0.00,0.00,0.00,0.00,-1.00
325,-34.55,18.00,0.54,-0.61,1.0,0.0,0.0,-34.55,18.00,34.55,1193.73,914.99,30.25,3.60,3.27,242.77,15.58,2.28,1.96,-0.74,-0.67
326,-30.02,18.00,0.79,-0.24,0.0,0.0,0.0,-30.02,18.00,30.02,901.47,200.00,14.14,2.09,1.77,439.91,20.97,2.87,2.54,-0.86,-0.51
327,-25.70,18.00,0.86,-0.15,0.0,0.0,0.0,-25.70,18.00,25.70,660.40,200.00,14.14,2.09,1.77,601.30,24.52,3.18,2.85,-1.00,-0.08
328,-21.52,18.00,1.09,0.09,0.0,0.0,0.0,-21.52,18.00,21.52,463.31,645.69,25.41,3.25,2.92,724.42,26.92,3.37,3.03,-0.83,-0.55
329,-17.47,18.00,1.29,0.26,0.0,0.0,0.0,-17.47,18.00,17.47,305.15,200.00,14.14,2.09,1.77,796.04,28.21,3.46,3.13,-0.94,0.33
330,-13.50,18.00,1.32,0.27,0.0,0.0,0.0,-13.50,18.00,13.50,182.29,200.00,14.14,2.09,1.77,671.76,25.92,3.29,2.96,-0.97,0.24
331,-9.60,18.00,1.32,0.27,0.0,0.0,0.0,-9.60,18.00,9.60,92.15,200.00,14.14,2.09,1.77,707.56,26.60,3.34,3.01,-0.92,-0.39
332,-5.74,18.00,1.66,0.50,0.0,0.0,0.0,-5.74,18.00,5.74,32.98,200.00,14.14,2.09,1.77,812.47,28.50,3.48,3.15,-0.95,-0.32
333,-1.91,18.00,2.03,0.71,0.0,0.0,0.0,-1.91,18.00,1.91,3.65,200.00,14.14,2.09,1.77,996.95,31.57,3.69,3.35,-0.89,-0.46
334,1.91,18.00,2.30,0.83,0.0,0.0,0.0,1.91,18.00,1.91,3.65,200.00,14.14,2.09,1.77,1000.22,31.63,3.69,3.35,-1.00,0.01
335,5.74,18.00,1.84,0.61,0.0,0.0,0.0,5.74,18.00,5.74,32.98,390.04,19.75,2.75,2.42,1081.55,32.89,3.77,3.43,-0.93,-0.38
336,9.60,18.00,1.48,0.39,0.0,0.0,0.0,9.60,18.00,9.60,92.15,200.00,14.14,2.09,1.77,1305.32,36.13,3.96,3.62,-0.77,-0.64
337,13.50,18.00,1.15,0.14,0.0,0.0,0.0,13.50,18.00,13.50,182.29,200.00,14.14,2.09,1.77,1389.77,37.28,4.02,3.68,0.00,1.00
338,17.47,18.00,0.21,-1.55,0.0,0.0,0.0,17.47,18.00,17.47,305.15,200.00,14.14,2.09,1.77,948.65,30.80,3.64,3.30,-0.00,1.00
339,21.52,18.00,0.10,-2.33,0.0,0.0,0.0,21.52,18.00,21.52,463.31,200.00,14.14,2.09,1.77,497.63,22.31,2.99,2.66,0.00,1.00
340,25.70,18.00,0.13,-2.06,1.0,0.0,0.0,25.70,18.00,25.70,660.40,0.00,0.00,0.00,0.00,0.00,0.00,0.00,0.00,0.00,1.00
341,34.55,18.00,0.28,-1.27,1.0,0.0,0.0,34.55,18.00,34.55,1193.73,0.00,0.00,0.00,0.00,0.00,0.00,0.00,0.00,-0.85,-0.52
342,39.34,18.00,0.48,-0.73,1.0,1.0,0.0,39.34,18.00,39.34,1547.64,0.00,0.00,0.00,0.00,0.00,0.00,0.00,0.00,-0.92,0.40
343,44.49,18.00,0.74,-0.30,1.0,1.0,0.0,44.49,18.00,44.49,1979.22,200.00,14.14,2.09,1.77,56.88,7.54,0.98,0.74,-0.00,1.00
344,50.15,18.00,0.84,-0.18,1.0,0.0,0.0,50.15,18.00,50.15,2514.86,200.00,14.14,2.09,1.77,146.64,12.11,1.80,1.49,0.50,-0.87
345,56.60,18.00,0.91,-0.10,0.0,0.0,0.0,56.60,18.00,56.60,3203.77,200.00,14.14,2.09,1.77,472.09,21.73,2.94,2.61,-0.94,-0.33
346,64.52,18.00,0.69,-0.37,0.0,0.0,0.0,64.52,18.00,64.52,4162.45,456.43,21.36,2.91,2.57,243.02,15.59,2.28,1.96,-0.97,0.26
347,79.48,18.00,0.41,-0.89,0.0,0.0,0.0,79.48,18.00,79.48,6317.11,200.00,14.14,2.09,1.77,57.79,7.60,0.99,0.75,-0.00,1.00
348,-79.48,22.00,0.20,-1.59,0.0,0.0,0.0,-79.48,22.00,79.48,6317.11,200.00,14.14,2.09,1.77,1054.16,32.47,3.74,3.41,0.00,1.00
349,-39.34,22.00,0.78,-0.25,1.0,0.0,0.0,-39.34,22.00,39.34,1547.64,0.00,0.00,0.00,0.00,0.00,0.00,0.00,0.00,-0.00,-1.00
350,-34.55,22.00,0.96,-0.04,0.0,0.0,0.0,-34.55,22.00,34.55,1193.73,1391.45,37.30,4.02,3.68,242.77,15.58,2.28,1.96,0.74,-0.67
351,-30.02,22.00,1.02,0.02,0.0,0.0,0.0,-30.02,22.00,30.02,901.47,200.00,14.14,2.09,1.77,646.08,25.42,3.25,2.92,0.71,-0.70
352,-25.70,22.00,0.93,-0.08,0.0,0.0,0.0,-25.70,22.00,25.70,660.40,200.00,14.14,2.09,1.77,901.07,30.02,3.59,3.25,1.00,-0.07
353,-21.52,22.00,1.04,0.04,0.0,0.0,0.0,-21.52,22.00,21.52,463.31,200.00,14.14,2.09,1.77,1041.91,32.28,3.73,3.39,0.86,-0.50
354,-17.47,22.00,1.32,0.28,0.0,0.0,0.0,-17.47,22.00,17.47,305.15,200.00,14.14,2.09,1.77,1205.78,34.72,3.88,3.54,-0.98,0.20
355,-13.50,22.00,1.58,0.46,0.0,0.0,0.0,-13.50,22.00,13.50,182.29,200.00,14.14,2.09,1.77,1097.20,33.12,3.78,3.45,-0.99,0.13
356,-9.60,22.00,1.59,0.46,0.0,0.0,0.0,-9.60,22.00,9.60,92.15,200.00,14.14,2.09,1.77,1124.26,33.53,3.81,3.47,-0.97,-0.25
357,-5.74,22.00,1.53,0.42,0.0,0.0,0.0,-5.74,22.00,5.74,32.98,200.00,14.14,2.09,1.77,1239.93,35.21,3.90,3.57,-0.98,-0.21
358,-1.91,22.00,1.78,0.58,0.0,0.0,0.0,-1.91,22.00,1.91,3.65,200.00,14.14,2.09,1.77,1393.50,37.33,4.02,3.68,-0.87,-0.49
359,1.91,22.00,2.06,0.72,0.0,0.0,0.0,1.91,22.00,1.91,3.65,200.00,14.14,2.09,1.77,1444.72,38.01,4.06,3.72,-1.00,0.01
360,5.74,22.00,1.58,0.46,0.0,0.0,0.0,5.74,22.00,5.74,32.98,200.00,14.14,2.09,1.77,1500.81,38.74,4.10,3.76,-0.96,-0.27
361,9.60,22.00,1.28,0.25,0.0,0.0,0.0,9.60,22.00,9.60,92.15,200.00,14.14,2.09,1.77,1667.07,40.83,4.20,3.86,-0.87,-0.49
362,13.50,22.00,0.87,-0.14,0.0,0.0,0.0,13.50,22.00,13.50,182.29,200.00,14.14,2.09,1.77,1405.36,37.49,4.03,3.69,-0.14,0.99
363,17.47,22.00,0.25,-1.40,0.0,0.0,0.0,17.47,22.00,17.47,305.15,200.00,14.14,2.09,1.77,970.82,31.16,3.66,3.32,-0.21,0.98
364,21.52,22.00,0.12,-2.10,0.0,0.0,0.0,21.52,22.00,21.52,463.31,200.00,14.14,2.09,1.77,537.62,23.19,3.07,2.74,-0.37,0.93
365,25.70,22.00,0.08,-2.47,0.0,0.0,0.0,25.70,22.00,25.70,660.40,200.00,14.14,2.09,1.77,202.93,14.25,2.11,1.79,-0.98,0.17
366,30.02,22.00,0.11,-2.19,0.0,1.0,0.0,30.02,22.00,30.02,901.47,0.00,0.00,0.00,0.00,0.00,0.00,0.00,0.00,0.00,1.00
367,34.55,22.00,0.26,-1.34,1.0,0.0,0.0,34.55,22.00,34.55,1193.73,0.00,0.00,0.00,0.00,0.00,0.00,0.00,0.00,-0.00,-1.00
368,39.34,22.00,0.49,-0.72,1.0,1.0,0.0,39.34,22.00,39.34,1547.64,812.56,28.51,3.48,3.15,300.04,17.32,2.49,2.16,-0.88,-0.48
369,44.49,22.00,0.47,-0.75,1.0,1.0,0.0,44.49,22.00,44.49,1979.22,0.00,0.00,0.00,0.00,0.00,0.00,0.00,0.00,0.00,-1.00
370,50.15,22.00,0.84,-0.17,0.0,0.0,0.0,50.15,22.00,50.15,2514.86,200.00,14.14,2.09,1.77,127.69,11.30,1.67,1.36,0.00,-1.00
371,56.60,22.00,0.94,-0.06,0.0,0.0,0.0,56.60,22.00,56.60,3203.77,200.00,14.14,2.09,1.77,709.33,26.63,3.35,3.01,-0.99,-0.17
372,64.52,22.00,0.77,-0.27,0.0,0.0,0.0,64.52,22.00,64.52,4162.45,200.00,14.14,2.09,1.77,406.81,20.17,2.79,2.46,-0.89,0.46
373,79.48,22.00,0.42,-0.87,0.0,0.0,0.0,79.48,22.00,79.48,6317.11,200.00,14.14,2.09,1.77,57.79,7.60,0.99,0.75,-0.00,1.00
374,-30.02,26.00,1.06,0.06,0.0,0.0,0.0,-30.02,26.00,30.02,901.47,832.02,28.84,3.51,3.17,360.51,18.99,2.67,2.34,0.78,-0.62
375,-25.70,26.00,0.94,-0.06,0.0,0.0,0.0,-25.70,26.00,25.70,660.40,200.00,14.14,2.09,1.77,501.44,22.39,3.00,2.67,1.00,-0.09
376,-21.52,26.00,0.92,-0.08,0.0,0.0,0.0,-21.52,26.00,21.52,463.31,200.00,14.14,2.09,1.77,711.56,26.68,3.35,3.01,0.70,-0.71
377,-17.47,26.00,1.21,0.19,0.0,0.0,0.0,-17.47,26.00,17.47,305.15,200.00,14.14,2.09,1.77,888.93,29.81,3.57,3.24,0.81,-0.58
378,-13.50,26.00,1.54,0.43,0.0,0.0,0.0,-13.50,26.00,13.50,182.29,200.00,14.14,2.09,1.77,1189.75,34.49,3.86,3.53,0.70,-0.71
379,-9.60,26.00,1.51,0.41,0.0,0.0,0.0,-9.60,26.00,9.60,92.15,1225.15,35.00,3.89,3.56,1116.40,33.41,3.80,3.46,0.89,0.45
380,-5.74,26.00,1.42,0.35,0.0,0.0,0.0,-5.74,26.00,5.74,32.98,1700.00,41.23,4.22,3.88,999.76,31.62,3.69,3.35,1.00,0.08
381,-1.91,26.00,1.69,0.53,0.0,0.0,0.0,-1.91,26.00,1.91,3.65,1343.37,36.65,3.98,3.65,1056.21,32.50,3.74,3.41,0.94,-0.33
382,1.91,26.00,2.04,0.71,0.0,0.0,0.0,1.91,26.00,1.91,3.65,200.00,14.14,2.09,1.77,1238.47,35.19,3.90,3.57,0.90,-0.44
383,5.74,26.00,1.53,0.43,0.0,0.0,0.0,5.74,26.00,5.74,32.98,200.00,14.14,2.09,1.77,1456.80,38.17,4.07,3.73,0.98,0.18
384,9.60,26.00,1.11,0.11,0.0,0.0,0.0,9.60,26.00,9.60,92.15,1314.29,36.25,3.96,3.63,1293.04,35.96,3.95,3.61,0.92,0.40
385,13.50,26.00,0.72,-0.33,0.0,0.0,0.0,13.50,26.00,13.50,182.29,806.57,28.40,3.47,3.14,1084.99,32.94,3.77,3.44,0.88,0.48
386,17.47,26.00,0.30,-1.19,0.0,0.0,0.0,17.47,26.00,17.47,305.15,200.00,14.14,2.09,1.77,954.47,30.89,3.64,3.31,0.75,0.66
387,21.52,26.00,0.15,-1.88,0.0,0.0,0.0,21.52,26.00,21.52,463.31,200.00,14.14,2.09,1.77,711.56,26.68,3.35,3.01,0.70,0.71
388,25.70,26.00,0.06,-2.83,0.0,0.0,0.0,25.70,26.00,25.70,660.40,200.00,14.14,2.09,1.77,255.95,16.00,2.34,2.01,0.00,1.00
389,34.55,26.00,0.24,-1.41,1.0,1.0,0.0,34.55,26.00,34.55,1193.73,0.00,0.00,0.00,0.00,0.00,0.00,0.00,0.00,-0.87,-0.48
390,39.34,26.00,0.47,-0.76,1.0,1.0,0.0,39.34,26.00,39.34,1547.64,915.95,30.26,3.60,3.27,250.87,15.84,2.32,1.99,0.67,0.74
391,44.49,26.00,0.45,-0.80,0.0,1.0,0.0,44.49,26.00,44.49,1979.22,0.00,0.00,0.00,0.00,0.00,0.00,0.00,0.00,0.00,1.00
392,-79.48,30.00,0.23,-1.47,0.0,0.0,0.0,-79.48,30.00,79.48,6317.11,200.00,14.14,2.09,1.77,1060.03,32.56,3.75,3.41,-0.14,0.99
393,-30.02,30.00,1.44,0.36,0.0,0.0,0.0,-30.02,30.00,30.02,901.47,180.40,13.43,1.99,1.68,96.32,9.81,1.41,1.12,1.00,0.02
394,-25.70,30.00,1.23,0.21,0.0,0.0,0.0,-25.70,30.00,25.70,660.40,200.00,14.14,2.09,1.77,105.55,10.27,1.49,1.20,0.95,-0.32
395,-21.52,30.00,1.08,0.07,0.0,0.0,0.0,-21.52,30.00,21.52,463.31,200.00,14.14,2.09,1.77,314.28,17.73,2.54,2.21,0.98,-0.18
396,-17.47,30.00,1.10,0.10,0.0,0.0,0.0,-17.47,30.00,17.47,305.15,200.00,14.14,2.09,1.77,574.86,23.98,3.14,2.80,0.72,-0.69
397,-13.50,30.00,1.40,0.34,0.0,0.0,0.0,-13.50,30.00,13.50,182.29,201.43,14.19,2.10,1.78,935.58,30.59,3.62,3.29,0.45,-0.90
398,-9.60,30.00,1.33,0.28,0.0,0.0,0.0,-9.60,30.00,9.60,92.15,1700.00,41.23,4.22,3.88,752.02,27.42,3.40,3.07,0.74,0.68
399,-5.74,30.00,1.34,0.29,0.0,0.0,0.0,-5.74,30.00,5.74,32.98,1700.00,41.23,4.22,3.88,559.65,23.66,3.11,2.78,0.99,0.14
400,-1.91,30.00,1.60,0.47,0.0,0.0,0.0,-1.91,30.00,1.91,3.65,1700.00,41.23,4.22,3.88,652.59,25.55,3.26,2.93,0.85,-0.53
401,1.91,30.00,1.76,0.57,0.0,0.0,0.0,1.91,30.00,1.91,3.65,1425.36,37.75,4.04,3.71,862.00,29.36,3.54,3.21,0.77,-0.63
402,5.74,30.00,1.55,0.44,0.0,0.0,0.0,5.74,30.00,5.74,32.98,200.00,14.14,2.09,1.77,1024.71,32.01,3.71,3.38,0.97,0.25
403,9.60,30.00,1.11,0.10,0.0,0.0,0.0,9.60,30.00,9.60,92.15,290.51,17.04,2.46,2.13,905.31,30.09,3.59,3.25,0.83,0.55
404,13.50,30.00,0.87,-0.14,0.0,0.0,0.0,13.50,30.00,13.50,182.29,200.00,14.14,2.09,1.77,732.36,27.06,3.38,3.04,0.72,0.69
405,17.47,30.00,0.43,-0.84,0.0,0.0,0.0,17.47,30.00,17.47,305.15,200.00,14.14,2.09,1.77,532.82,23.08,3.06,2.73,0.99,0.12
406,21.52,30.00,0.26,-1.35,0.0,0.0,0.0,21.52,30.00,21.52,463.31,200.00,14.14,2.09,1.77,349.58,18.70,2.64,2.31,0.88,0.48
407,25.70,30.00,0.07,-2.73,0.0,1.0,0.0,25.70,30.00,25.70,660.40,200.00,14.14,2.09,1.77,105.55,10.27,1.49,1.20,0.95,0.32
408,30.02,30.00,0.06,-2.88,0.0,1.0,0.0,30.02,30.00,30.02,901.47,0.00,0.00,0.00,0.00,0.00,0.00,0.00,0.00,-0.40,0.92
409,34.55,30.00,0.20,-1.62,1.0,1.0,0.0,34.55,30.00,34.55,1193.73,0.00,0.00,0.00,0.00,0.00,0.00,0.00,0.00,-0.00,-1.00
410,39.34,30.00,0.38,-0.97,1.0,1.0,0.0,39.34,30.00,39.34,1547.64,1179.11,34.34,3.85,3.52,184.57,13.59,2.02,1.70,0.00,1.00
411,44.49,30.00,0.51,-0.68,1.0,0.0,0.0,44.49,30.00,44.49,1979.22,0.00,0.00,0.00,0.00,0.00,0.00,0.00,0.00,0.81,-0.59
412,50.15,30.00,0.84,-0.18,0.0,0.0,0.0,50.15,30.00,50.15,2514.86,200.00,14.14,2.09,1.77,249.74,15.80,2.31,1.98,-0.30,-0.95
413,56.60,30.00,1.02,0.02,0.0,0.0,0.0,56.60,30.00,56.60,3203.77,200.00,14.14,2.09,1.77,763.89,27.64,3.42,3.09,0.33,0.94
414,64.52,30.00,0.74,-0.29,0.0,0.0,0.0,64.52,30.00,64.52,4162.45,200.00,14.14,2.09,1.77,152.03,12.33,1.83,1.52,0.93,0.38
415,79.48,30.00,0.43,-0.85,0.0,0.0,0.0,79.48,30.00,79.48,6317.11,200.00,14.14,2.09,1.77,57.79,7.60,0.99,0.75,0.00,1.00
416,-17.47,34.00,1.28,0.25,0.0,0.0,0.0,-17.47,34.00,17.47,305.15,734.58,27.10,3.38,3.05,351.53,18.75,2.65,2.32,0.59,-0.80
417,-13.50,34.00,1.46,0.38,0.0,0.0,0.0,-13.50,34.00,13.50,182.29,1004.31,31.69,3.69,3.36,542.87,23.30,3.08,2.75,0.99,-0.11
418,-9.60,34.00,1.68,0.52,0.0,0.0,0.0,-9.60,34.00,9.60,92.15,884.47,29.74,3.57,3.23,438.75,20.95,2.87,2.53,0.75,0.66
419,-5.74,34.00,1.44,0.37,0.0,0.0,0.0,-5.74,34.00,5.74,32.98,816.45,28.57,3.49,3.15,138.10,11.75,1.74,1.43,0.80,0.60
420,-1.91,34.00,1.35,0.30,0.0,0.0,0.0,-1.91,34.00,1.91,3.65,818.54,28.61,3.49,3.15,253.02,15.91,2.32,2.00,0.88,-0.48
421,1.91,34.00,1.18,0.16,0.0,0.0,0.0,1.91,34.00,1.91,3.65,884.64,29.74,3.57,3.23,548.08,23.41,3.09,2.76,0.61,-0.79
422,5.74,34.00,1.27,0.24,0.0,0.0,0.0,5.74,34.00,5.74,32.98,947.50,30.78,3.64,3.30,606.35,24.62,3.19,2.86,0.91,0.42
423,9.60,34.00,1.09,0.09,0.0,0.0,0.0,9.60,34.00,9.60,92.15,942.91,30.71,3.63,3.30,511.95,22.63,3.02,2.69,0.85,0.53
424,13.50,34.00,0.95,-0.05,0.0,0.0,0.0,13.50,34.00,13.50,182.29,200.00,14.14,2.09,1.77,328.73,18.13,2.58,2.25,0.98,0.17
425,17.47,34.00,0.54,-0.62,0.0,0.0,0.0,17.47,34.00,17.47,305.15,200.00,14.14,2.09,1.77,121.28,11.01,1.62,1.32,0.87,0.49
426,21.52,34.00,0.34,-1.07,0.0,1.0,0.0,21.52,34.00,21.52,463.31,0.00,0.00,0.00,0.00,0.00,0.00,0.00,0.00,-0.00,1.00
427,25.70,34.00,0.11,-2.22,0.0,1.0,0.0,25.70,34.00,25.70,660.40,1118.36,33.44,3.80,3.47,105.55,10.27,1.49,1.20,-0.95,0.32
428,34.55,34.00,0.17,-1.77,1.0,0.0,0.0,34.55,34.00,34.55,1193.73,0.00,0.00,0.00,0.00,0.00,0.00,0.00,0.00,-0.00,-1.00
429,39.34,34.00,0.29,-1.25,1.0,0.0,0.0,39.34,34.00,39.34,1547.64,1094.68,33.09,3.78,3.44,184.57,13.59,2.02,1.70,0.00,1.00
430,-79.48,38.00,0.22,-1.52,0.0,0.0,0.0,-79.48,38.00,79.48,6317.11,200.00,14.14,2.09,1.77,1105.69,33.25,3.79,3.45,-0.41,0.91
431,-25.70,38.00,0.64,-0.45,0.0,1.0,0.0,-25.70,38.00,25.70,660.40,0.00,0.00,0.00,0.00,0.00,0.00,0.00,0.00,-1.00,0.10
432,-17.47,38.00,1.30,0.26,0.0,0.0,0.0,-17.47,38.00,17.47,305.15,200.00,14.14,2.09,1.77,194.95,13.96,2.07,1.75,0.55,0.84
433,-13.50,38.00,1.70,0.53,0.0,0.0,0.0,-13.50,38.00,13.50,182.29,200.00,14.14,2.09,1.77,121.40,11.02,1.62,1.32,0.89,-0.46
434,-9.60,38.00,1.74,0.55,1.0,0.0,0.0,-9.60,38.00,9.60,92.15,200.00,14.14,2.09,1.77,66.67,8.17,1.10,0.85,0.00,1.00
435,-1.91,38.00,1.30,0.26,1.0,1.0,0.0,-1.91,38.00,1.91,3.65,0.00,0.00,0.00,0.00,0.00,0.00,0.00,0.00,0.74,-0.67
436,1.91,38.00,1.08,0.08,0.0,0.0,0.0,1.91,38.00,1.91,3.65,200.00,14.14,2.09,1.77,239.85,15.49,2.27,1.95,0.46,-0.89
437,5.74,38.00,1.09,0.09,0.0,0.0,0.0,5.74,38.00,5.74,32.98,1027.42,32.05,3.72,3.38,274.23,16.56,2.40,2.07,0.40,0.92
438,9.60,38.00,0.90,-0.11,1.0,0.0,0.0,9.60,38.00,9.60,92.15,648.96,25.47,3.26,2.92,118.27,10.88,1.60,1.30,0.93,0.38
439,13.50,38.00,0.88,-0.12,1.0,0.0,0.0,13.50,38.00,13.50,182.29,0.00,0.00,0.00,0.00,0.00,0.00,0.00,0.00,-0.89,-0.46
440,17.47,38.00,0.77,-0.27,0.0,0.0,0.0,17.47,38.00,17.47,305.15,719.90,26.83,3.36,3.03,118.30,10.88,1.60,1.30,-0.90,-0.44
441,21.52,38.00,0.47,-0.76,0.0,0.0,0.0,21.52,38.00,21.52,463.31,1700.00,41.23,4.22,3.88,268.29,16.38,2.38,2.05,-0.78,-0.63
442,25.70,38.00,0.14,-1.95,0.0,0.0,0.0,25.70,38.00,25.70,660.40,1642.64,40.53,4.19,3.85,302.07,17.38,2.50,2.17,0.99,0.12
443,30.02,38.00,0.10,-2.33,0.0,1.0,0.0,30.02,38.00,30.02,901.47,660.03,25.69,3.27,2.94,220.16,14.84,2.19,1.86,-0.87,0.50
444,39.34,38.00,0.32,-1.14,1.0,0.0,0.0,39.34,38.00,39.34,1547.64,703.69,26.53,3.34,3.00,73.38,8.57,1.18,0.92,0.00,1.00
445,50.15,38.00,0.81,-0.21,0.0,0.0,0.0,50.15,38.00,50.15,2514.86,200.00,14.14,2.09,1.77,413.77,20.34,2.81,2.48,-0.55,-0.84
446,56.60,38.00,0.96,-0.04,0.0,0.0,0.0,56.60,38.00,56.60,3203.77,200.00,14.14,2.09,1.77,711.44,26.67,3.35,3.01,0.00,1.00
447,64.52,38.00,0.74,-0.30,0.0,0.0,0.0,64.52,38.00,64.52,4162.45,0.00,0.00,0.00,0.00,57.49,7.58,0.98,0.75,0.00,-1.00
448,79.48,38.00,0.43,-0.84,0.0,0.0,0.0,79.48,38.00,79.48,6317.11,200.00,14.14,2.09,1.77,57.79,7.60,0.99,0.75,0.00,1.00
449,-79.48,42.00,0.20,-1.63,0.0,0.0,0.0,-79.48,42.00,79.48,6317.11,200.00,14.14,2.09,1.77,1143.94,33.82,3.82,3.49,-0.53,0.85
450,-25.70,42.00,0.52,-0.65,0.0,0.0,0.0,-25.70,42.00,25.70,660.40,378.14,19.45,2.72,2.39,105.55,10.27,1.49,1.20,-0.95,-0.32
451,1.91,42.00,1.59,0.46,0.0,0.0,0.0,1.91,42.00,1.91,3.65,129.04,11.36,1.68,1.37,101.33,10.07,1.46,1.17,0.00,-1.00
452,5.74,42.00,1.34,0.29,0.0,0.0,0.0,5.74,42.00,5.74,32.98,200.00,14.14,2.09,1.77,251.03,15.84,2.32,1.99,0.00,1.00
453,9.60,42.00,1.09,0.09,0.0,1.0,0.0,9.60,42.00,9.60,92.15,685.19,26.18,3.31,2.98,118.27,10.88,1.60,1.30,-0.93,0.38
454,13.50,42.00,1.04,0.03,0.0,1.0,0.0,13.50,42.00,13.50,182.29,200.00,14.14,2.09,1.77,223.53,14.95,2.20,1.88,0.97,-0.25
455,17.47,42.00,0.77,-0.26,0.0,0.0,0.0,17.47,42.00,17.47,305.15,200.00,14.14,2.09,1.77,456.15,21.36,2.91,2.57,-0.94,-0.35
456,21.52,42.00,0.56,-0.59,0.0,0.0,0.0,21.52,42.00,21.52,463.31,242.52,15.57,2.28,1.96,275.24,16.59,2.41,2.08,0.00,1.00
457,30.02,42.00,0.13,-2.05,0.0,1.0,0.0,30.02,42.00,30.02,901.47,0.00,0.00,0.00,0.00,0.00,0.00,0.00,0.00,0.65,0.76
458,34.55,42.00,0.17,-1.79,0.0,1.0,0.0,34.55,42.00,34.55,1193.73,277.76,16.67,2.42,2.09,61.20,7.82,1.03,0.79,-0.00,-1.00
459,39.34,42.00,0.29,-1.25,1.0,0.0,0.0,39.34,42.00,39.34,1547.64,0.00,0.00,0.00,0.00,0.00,0.00,0.00,0.00,-0.00,1.00
460,50.15,42.00,0.80,-0.22,0.0,0.0,0.0,50.15,42.00,50.15,2514.86,200.00,14.14,2.09,1.77,357.72,18.91,2.67,2.33,0.21,-0.98
461,56.60,42.00,0.98,-0.02,0.0,0.0,0.0,56.60,42.00,56.60,3203.77,200.00,14.14,2.09,1.77,730.76,27.03,3.38,3.04,-0.21,0.98
462,79.48,42.00,0.43,-0.84,0.0,0.0,0.0,79.48,42.00,79.48,6317.11,200.00,14.14,2.09,1.77,57.79,7.60,0.99,0.75,0.00,1.00
463,-21.52,46.00,1.75,0.56,0.0,0.0,0.0,-21.52,46.00,21.52,463.31,1236.75,35.17,3.90,3.57,116.01,10.77,1.58,1.28,0.89,-0.46
464,5.74,46.00,1.81,0.59,0.0,0.0,0.0,5.74,46.00,5.74,32.98,389.06,19.72,2.75,2.42,82.55,9.09,1.28,1.00,0.00,-1.00
465,9.60,46.00,1.35,0.30,0.0,1.0,0.0,9.60,46.00,9.60,92.15,0.00,0.00,0.00,0.00,66.67,8.17,1.10,0.85,-0.00,-1.00
466,17.47,46.00,0.79,-0.24,0.0,0.0,0.0,17.47,46.00,17.47,305.15,200.00,14.14,2.09,1.77,219.91,14.83,2.19,1.86,0.96,0.27
467,30.02,46.00,0.10,-2.27,0.0,0.0,0.0,30.02,46.00,30.02,901.47,141.20,11.88,1.76,1.45,96.32,9.81,1.41,1.12,-1.00,-0.02
468,34.55,46.00,0.11,-2.22,0.0,1.0,0.0,34.55,46.00,34.55,1193.73,1700.00,41.23,4.22,3.88,252.76,15.90,2.32,2.00,-0.74,-0.67
469,-79.48,50.00,0.19,-1.66,0.0,0.0,0.0,-79.48,50.00,79.48,6317.11,200.00,14.14,2.09,1.77,1204.04,34.70,3.87,3.54,0.65,0.76
470,5.74,50.00,2.10,0.74,0.0,1.0,0.0,5.74,50.00,5.74,32.98,0.00,0.00,0.00,0.00,0.00,0.00,0.00,0.00,1.00,-0.09
471,13.50,50.00,1.09,0.08,0.0,1.0,0.0,13.50,50.00,13.50,182.29,0.00,0.00,0.00,0.00,0.00,0.00,0.00,0.00,0.00,1.00
472,17.47,50.00,0.83,-0.19,0.0,1.0,0.0,17.47,50.00,17.47,305.15,0.00,0.00,0.00,0.00,0.00,0.00,0.00,0.00,0.97,0.23
473,21.52,50.00,0.65,-0.43,0.0,1.0,0.0,21.52,50.00,21.52,463.31,0.00,0.00,0.00,0.00,0.00,0.00,0.00,0.00,-0.88,0.47
474,25.70,50.00,0.24,-1.42,0.0,0.0,0.0,25.70,50.00,25.70,660.40,200.00,14.14,2.09,1.77,105.55,10.27,1.49,1.20,-0.95,0.32
475,30.02,50.00,0.16,-1.81,0.0,0.0,0.0,30.02,50.00,30.02,901.47,0.00,0.00,0.00,0.00,149.47,12.23,1.82,1.50,0.65,-0.76
476,34.55,50.00,0.17,-1.75,0.0,1.0,0.0,34.55,50.00,34.55,1193.73,0.00,0.00,0.00,0.00,0.00,0.00,0.00,0.00,-0.00,1.00
477,50.15,50.00,0.73,-0.31,1.0,0.0,0.0,50.15,50.00,50.15,2514.86,200.00,14.14,2.09,1.77,350.08,18.71,2.64,2.31,-0.00,-1.00
478,56.60,50.00,0.98,-0.02,1.0,0.0,0.0,56.60,50.00,56.60,3203.77,200.00,14.14,2.09,1.77,931.65,30.52,3.62,3.28,-0.42,0.91
479,64.52,50.00,0.75,-0.29,0.0,0.0,0.0,64.52,50.00,64.52,4162.45,200.00,14.14,2.09,1.77,164.90,12.84,1.91,1.59,0.00,1.00
480,79.48,50.00,0.46,-0.79,0.0,0.0,0.0,79.48,50.00,79.48,6317.11,200.00,14.14,2.09,1.77,57.79,7.60,0.99,0.75,-0.00,1.00
481,17.47,54.00,0.70,-0.35,0.0,1.0,0.0,17.47,54.00,17.47,305.15,0.00,0.00,0.00,0.00,0.00,0.00,0.00,0.00,0.00,-1.00
482,25.70,54.00,0.35,-1.04,0.0,1.0,0.0,25.70,54.00,25.70,660.40,0.00,0.00,0.00,0.00,0.00,0.00,0.00,0.00,-0.80,-0.59
483,30.02,54.00,0.34,-1.09,0.0,0.0,0.0,30.02,54.00,30.02,901.47,200.00,14.14,2.09,1.77,224.57,14.99,2.21,1.88,-0.87,-0.50
484,34.55,54.00,0.23,-1.47,0.0,1.0,0.0,34.55,54.00,34.55,1193.73,525.34,22.92,3.05,2.71,189.38,13.76,2.04,1.72,-0.96,0.27
485,44.49,54.00,0.27,-1.33,1.0,0.0,0.0,44.49,54.00,44.49,1979.22,0.00,0.00,0.00,0.00,0.00,0.00,0.00,0.00,-0.00,-1.00
486,-79.48,58.00,0.20,-1.60,0.0,0.0,0.0,-79.48,58.00,79.48,6317.11,200.00,14.14,2.09,1.77,1114.36,33.38,3.80,3.46,0.44,0.90
487,30.02,58.00,0.40,-0.92,0.0,0.0,0.0,30.02,58.00,30.02,901.47,200.00,14.14,2.09,1.77,446.08,21.12,2.88,2.55,-0.67,-0.75
488,34.55,58.00,0.26,-1.36,0.0,0.0,0.0,34.55,58.00,34.55,1193.73,1570.67,39.63,4.14,3.80,383.58,19.59,2.73,2.40,0.00,1.00
489,50.15,58.00,0.56,-0.57,0.0,1.0,0.0,50.15,58.00,50.15,2514.86,766.77,27.69,3.42,3.09,572.47,23.93,3.13,2.80,0.00,-1.00
490,56.60,58.00,0.73,-0.32,0.0,0.0,0.0,56.60,58.00,56.60,3203.77,454.89,21.33,2.90,2.57,1050.34,32.41,3.74,3.40,-0.09,1.00
491,64.52,58.00,0.64,-0.45,0.0,0.0,0.0,64.52,58.00,64.52,4162.45,200.00,14.14,2.09,1.77,189.33,13.76,2.04,1.72,-0.48,0.88
492,79.48,58.00,0.44,-0.82,0.0,0.0,0.0,79.48,58.00,79.48,6317.11,200.00,14.14,2.09,1.77,168.49,12.98,1.93,1.61,-0.91,0.41
493,-79.48,62.00,0.21,-1.55,0.0,0.0,0.0,-79.48,62.00,79.48,6317.11,200.00,14.14,2.09,1.77,1083.49,32.92,3.77,3.43,0.32,0.95
494,25.70,62.00,0.52,-0.65,0.0,0.0,0.0,25.70,62.00,25.70,660.40,0.00,0.00,0.00,0.00,77.63,8.81,1.22,0.96,-0.00,-1.00
495,30.02,62.00,0.44,-0.82,0.0,0.0,0.0,30.02,62.00,30.02,901.47,1028.66,32.07,3.72,3.38,558.70,23.64,3.11,2.77,0.00,-1.00
496,34.55,62.00,0.48,-0.72,0.0,0.0,0.0,34.55,62.00,34.55,1193.73,667.62,25.84,3.29,2.95,524.96,22.91,3.05,2.71,-0.67,0.74
497,39.34,62.00,0.10,-2.26,0.0,0.0,0.0,39.34,62.00,39.34,1547.64,200.00,14.14,2.09,1.77,176.51,13.29,1.97,1.66,-0.98,-0.20
498,44.49,62.00,0.13,-2.01,0.0,0.0,0.0,44.49,62.00,44.49,1979.22,200.00,14.14,2.09,1.77,320.95,17.92,2.56,2.23,-0.98,0.20
499,50.15,62.00,0.56,-0.59,0.0,0.0,0.0,50.15,62.00,50.15,2514.86,200.00,14.14,2.09,1.77,646.11,25.42,3.25,2.92,-0.49,-0.87
500,56.60,62.00,0.76,-0.27,0.0,0.0,0.0,56.60,62.00,56.60,3203.77,557.59,23.61,3.11,2.77,1091.84,33.04,3.78,3.44,-0.25,0.97
501,64.52,62.00,0.67,-0.39,0.0,0.0,0.0,64.52,62.00,64.52,4162.45,477.09,21.84,2.95,2.62,324.09,18.00,2.57,2.24,-0.84,0.55
502,79.48,62.00,0.43,-0.85,0.0,0.0,0.0,79.48,62.00,79.48,6317.11,200.00,14.14,2.09,1.77,98.03,9.90,1.43,1.14,0.79,0.62
503,21.52,66.00,1.09,0.09,0.0,1.0,0.0,21.52,66.00,21.52,463.31,0.00,0.00,0.00,0.00,0.00,0.00,0.00,0.00,-0.89,-0.46
504,25.70,66.00,0.52,-0.65,0.0,0.0,0.0,25.70,66.00,25.70,660.40,1086.24,32.96,3.77,3.44,126.98,11.27,1.66,1.36,-0.79,-0.61
505,30.02,66.00,0.47,-0.76,0.0,0.0,0.0,30.02,66.00,30.02,901.47,612.09,24.74,3.20,2.86,567.33,23.82,3.12,2.79,-0.18,-0.98
506,34.55,66.00,0.60,-0.51,0.0,1.0,0.0,34.55,66.00,34.55,1193.73,1053.88,32.46,3.74,3.41,727.94,26.98,3.37,3.04,-0.71,0.70
507,39.34,66.00,0.16,-1.82,0.0,1.0,0.0,39.34,66.00,39.34,1547.64,718.74,26.81,3.36,3.02,463.11,21.52,2.92,2.59,-0.91,0.42
508,44.49,66.00,0.13,-2.05,0.0,0.0,0.0,44.49,66.00,44.49,1979.22,200.00,14.14,2.09,1.77,562.98,23.73,3.12,2.78,-0.75,-0.67
509,-79.48,70.00,0.19,-1.65,0.0,0.0,0.0,-79.48,70.00,79.48,6317.11,200.00,14.14,2.09,1.77,1054.53,32.47,3.74,3.41,0.04,1.00
510,9.60,70.00,2.65,0.97,0.0,0.0,0.0,9.60,70.00,9.60,92.15,194.76,13.96,2.07,1.75,66.67,8.17,1.10,0.85,0.00,-1.00
511,13.50,70.00,2.42,0.88,1.0,0.0,0.0,13.50,70.00,13.50,182.29,845.80,29.08,3.52,3.19,121.40,11.02,1.62,1.32,-0.89,0.46
512,21.52,70.00,1.19,0.17,0.0,0.0,0.0,21.52,70.00,21.52,463.31,200.00,14.14,2.09,1.77,391.93,19.80,2.76,2.42,-0.00,-1.00
513,25.70,70.00,0.57,-0.55,0.0,0.0,0.0,25.70,70.00,25.70,660.40,200.00,14.14,2.09,1.77,508.37,22.55,3.01,2.68,-0.99,-0.13
514,30.02,70.00,0.73,-0.32,0.0,0.0,0.0,30.02,70.00,30.02,901.47,2099.73,45.82,4.43,4.09,744.97,27.29,3.40,3.06,-0.68,-0.74
515,34.55,70.00,1.10,0.09,0.0,0.0,0.0,34.55,70.00,34.55,1193.73,2013.34,44.87,4.39,4.05,1017.98,31.91,3.71,3.37,-0.85,0.53
516,39.34,70.00,0.36,-1.01,0.0,0.0,0.0,39.34,70.00,39.34,1547.64,396.60,19.91,2.77,2.44,786.27,28.04,3.45,3.11,-0.96,0.28
517,44.49,70.00,0.17,-1.78,0.0,0.0,0.0,44.49,70.00,44.49,1979.22,200.00,14.14,2.09,1.77,830.36,28.82,3.50,3.17,-0.91,-0.42
518,50.15,70.00,0.43,-0.85,0.0,0.0,0.0,50.15,70.00,50.15,2514.86,200.00,14.14,2.09,1.77,1064.87,32.63,3.75,3.42,-0.88,-0.47
519,56.60,70.00,0.69,-0.36,0.0,0.0,0.0,56.60,70.00,56.60,3203.77,200.00,14.14,2.09,1.77,1278.67,35.76,3.94,3.60,-0.49,0.87
520,64.52,70.00,0.68,-0.39,0.0,0.0,0.0,64.52,70.00,64.52,4162.45,200.00,14.14,2.09,1.77,498.48,22.33,3.00,2.66,0.00,1.00
521,79.48,70.00,0.43,-0.85,0.0,0.0,0.0,79.48,70.00,79.48,6317.11,200.00,14.14,2.09,1.77,57.79,7.60,0.99,0.75,0.00,1.00
522,5.74,74.00,2.24,0.81,1.0,0.0,0.0,5.74,74.00,5.74,32.98,200.00,14.14,2.09,1.77,223.07,14.94,2.20,1.88,-0.99,0.13
523,9.60,74.00,2.05,0.72,0.0,0.0,0.0,9.60,74.00,9.60,92.15,200.00,14.14,2.09,1.77,282.73,16.81,2.43,2.10,0.78,-0.63
524,13.50,74.00,1.88,0.63,0.0,0.0,0.0,13.50,74.00,13.50,182.29,201.83,14.21,2.10,1.78,425.71,20.63,2.84,2.51,-0.75,0.66
525,17.47,74.00,1.64,0.50,0.0,0.0,0.0,17.47,74.00,17.47,305.15,200.00,14.14,2.09,1.77,323.18,17.98,2.57,2.23,-0.98,0.19
526,21.52,74.00,1.23,0.21,0.0,0.0,0.0,21.52,74.00,21.52,463.31,200.00,14.14,2.09,1.77,502.12,22.41,3.00,2.67,-0.63,-0.77
527,25.70,74.00,0.88,-0.13,0.0,0.0,0.0,25.70,74.00,25.70,660.40,1336.11,36.55,3.98,3.64,907.55,30.13,3.59,3.26,-1.00,-0.05
528,30.02,74.00,2.21,0.79,0.0,0.0,0.0,30.02,74.00,30.02,901.47,2100.00,45.83,4.43,4.09,1048.18,32.38,3.74,3.40,-0.87,-0.50
529,34.55,74.00,1.14,0.13,0.0,0.0,0.0,34.55,74.00,34.55,1193.73,2100.00,45.83,4.43,4.09,1339.68,36.60,3.98,3.65,-0.90,0.43
530,39.34,74.00,0.24,-1.41,0.0,0.0,0.0,39.34,74.00,39.34,1547.64,780.28,27.93,3.44,3.11,1118.80,33.45,3.80,3.47,-0.97,0.24
531,44.49,74.00,0.17,-1.77,0.0,1.0,0.0,44.49,74.00,44.49,1979.22,200.00,14.14,2.09,1.77,1128.70,33.60,3.81,3.47,-0.96,-0.27
532,-79.48,78.00,0.33,-1.10,0.0,0.0,1.0,-79.48,78.00,79.48,6317.11,200.00,14.14,2.09,1.77,1057.46,32.52,3.75,3.41,-0.11,0.99
533,9.60,78.00,2.56,0.94,1.0,0.0,0.0,9.60,78.00,9.60,92.15,0.00,0.00,0.00,0.00,0.00,0.00,0.00,0.00,0.93,-0.38
534,13.50,78.00,2.17,0.77,0.0,0.0,0.0,13.50,78.00,13.50,182.29,200.00,14.14,2.09,1.77,352.97,18.79,2.65,2.32,0.62,-0.79
535,17.47,78.00,1.61,0.48,0.0,0.0,0.0,17.47,78.00,17.47,305.15,200.00,14.14,2.09,1.77,656.47,25.62,3.27,2.93,0.66,-0.75
536,21.52,78.00,1.36,0.30,0.0,0.0,0.0,21.52,78.00,21.52,463.31,228.25,15.11,2.22,1.90,830.59,28.82,3.50,3.17,-0.89,-0.45
537,25.70,78.00,1.26,0.23,1.0,0.0,0.0,25.70,78.00,25.70,660.40,2100.00,45.83,4.43,4.09,1119.56,33.46,3.80,3.47,-0.66,-0.75
538,30.02,78.00,3.67,1.30,0.0,0.0,0.0,30.02,78.00,30.02,901.47,2100.00,45.83,4.43,4.09,1397.29,37.38,4.02,3.69,-0.94,-0.35
539,34.55,78.00,0.58,-0.54,0.0,0.0,0.0,34.55,78.00,34.55,1193.73,2058.52,45.37,4.41,4.07,1641.07,40.51,4.18,3.85,-0.80,-0.60
540,39.34,78.00,0.19,-1.67,0.0,0.0,0.0,39.34,78.00,39.34,1547.64,1179.93,34.35,3.85,3.52,1453.84,38.13,4.06,3.73,-0.98,0.22
541,44.49,78.00,0.11,-2.19,0.0,1.0,0.0,44.49,78.00,44.49,1979.22,200.00,14.14,2.09,1.77,1438.40,37.93,4.05,3.72,-0.99,-0.17
542,50.15,78.00,0.36,-1.03,0.0,0.0,0.0,50.15,78.00,50.15,2514.86,200.00,14.14,2.09,1.77,1599.77,40.00,4.16,3.82,-0.97,-0.23
543,56.60,78.00,0.63,-0.46,0.0,0.0,0.0,56.60,78.00,56.60,3203.77,200.00,14.14,2.09,1.77,1421.59,37.70,4.04,3.70,-0.20,0.98
544,64.52,78.00,0.69,-0.37,0.0,0.0,0.0,64.52,78.00,64.52,4162.45,200.00,14.14,2.09,1.77,584.72,24.18,3.15,2.82,-0.48,0.88
545,79.48,78.00,0.42,-0.86,0.0,0.0,0.0,79.48,78.00,79.48,6317.11,200.00,14.14,2.09,1.77,57.79,7.60,0.99,0.75,-0.00,1.00
546,-79.48,82.00,0.25,-1.40,0.0,0.0,0.0,-79.48,82.00,79.48,6317.11,200.00,14.14,2.09,1.77,1072.01,32.74,3.76,3.42,-0.25,0.97
547,13.50,82.00,1.90,0.64,0.0,0.0,0.0,13.50,82.00,13.50,182.29,200.00,14.14,2.09,1.77,55.76,7.47,0.96,0.73,0.00,-1.00
548,17.47,82.00,1.52,0.42,0.0,0.0,0.0,17.47,82.00,17.47,305.15,200.00,14.14,2.09,1.77,347.75,18.65,2.64,2.31,0.62,-0.79
549,21.52,82.00,1.34,0.29,0.0,0.0,0.0,21.52,82.00,21.52,463.31,1005.94,31.72,3.70,3.36,726.90,26.96,3.37,3.04,0.73,-0.68
550,25.70,82.00,1.83,0.60,0.0,0.0,0.0,25.70,82.00,25.70,660.40,2100.00,45.83,4.43,4.09,1035.37,32.18,3.72,3.39,0.71,-0.70
551,30.02,82.00,2.16,0.77,0.0,0.0,0.0,30.02,82.00,30.02,901.47,2100.00,45.83,4.43,4.09,1414.82,37.61,4.04,3.70,0.52,-0.85
552,34.55,82.00,0.51,-0.68,0.0,0.0,0.0,34.55,82.00,34.55,1193.73,2095.00,45.77,4.43,4.09,1862.10,43.15,4.31,3.97,0.40,-0.92
553,39.34,82.00,0.19,-1.65,0.0,1.0,0.0,39.34,82.00,39.34,1547.64,600.00,24.49,3.18,2.84,1789.49,42.30,4.27,3.93,-0.98,0.22
554,44.49,82.00,0.07,-2.72,0.0,0.0,0.0,44.49,82.00,44.49,1979.22,200.00,14.14,2.09,1.77,1752.93,41.87,4.25,3.91,-1.00,-0.09
555,50.15,82.00,0.66,-0.42,0.0,0.0,0.0,50.15,82.00,50.15,2514.86,200.00,14.14,2.09,1.77,1879.67,43.36,4.32,3.98,-0.99,-0.15
556,56.60,82.00,0.69,-0.38,0.0,0.0,0.0,56.60,82.00,56.60,3203.77,200.00,14.14,2.09,1.77,1482.33,38.50,4.08,3.75,-0.30,0.96
557,64.52,82.00,0.67,-0.40,0.0,1.0,0.0,64.52,82.00,64.52,4162.45,200.00,14.14,2.09,1.77,678.90,26.06,3.30,2.97,-0.39,0.92
558,79.48,82.00,0.43,-0.84,0.0,0.0,0.0,79.48,82.00,79.48,6317.11,200.00,14.14,2.09,1.77,57.79,7.60,0.99,0.75,-0.00,1.00
559,17.47,86.00,1.50,0.41,0.0,0.0,0.0,17.47,86.00,17.47,305.15,200.00,14.14,2.09,1.77,118.30,10.88,1.60,1.30,0.90,-0.44
560,21.52,86.00,1.31,0.27,0.0,0.0,0.0,21.52,86.00,21.52,463.31,1674.37,40.92,4.20,3.87,420.38,20.50,2.83,2.49,0.75,-0.66
561,25.70,86.00,1.86,0.62,0.0,0.0,0.0,25.70,86.00,25.70,660.40,2100.00,45.83,4.43,4.09,806.07,28.39,3.47,3.14,0.39,-0.92
562,30.02,86.00,2.49,0.91,1.0,0.0,0.0,30.02,86.00,30.02,901.47,2100.00,45.83,4.43,4.09,1262.71,35.53,3.92,3.59,0.25,-0.97
563,34.55,86.00,0.61,-0.50,0.0,0.0,0.0,34.55,86.00,34.55,1193.73,2100.00,45.83,4.43,4.09,1754.32,41.88,4.25,3.91,0.18,-0.98
564,39.34,86.00,0.28,-1.27,0.0,1.0,0.0,39.34,86.00,39.34,1547.64,600.00,24.49,3.18,2.84,2124.91,46.10,4.44,4.11,-0.97,0.23
565,44.49,86.00,0.06,-2.86,0.0,1.0,0.0,44.49,86.00,44.49,1979.22,600.00,24.49,3.18,2.84,2069.54,45.49,4.42,4.08,-1.00,-0.04
566,-79.48,90.00,0.28,-1.26,0.0,0.0,0.0,-79.48,90.00,79.48,6317.11,200.00,14.14,2.09,1.77,1133.50,33.67,3.81,3.48,-0.50,0.87
567,17.47,90.00,1.45,0.37,1.0,0.0,0.0,17.47,90.00,17.47,305.15,0.00,0.00,0.00,0.00,0.00,0.00,0.00,0.00,-0.90,0.44
568,21.52,90.00,1.40,0.34,1.0,0.0,0.0,21.52,90.00,21.52,463.31,1191.33,34.52,3.86,3.53,299.48,17.31,2.49,2.16,-0.35,-0.94
569,25.70,90.00,1.53,0.43,0.0,0.0,0.0,25.70,90.00,25.70,660.40,2100.00,45.83,4.43,4.09,751.86,27.42,3.40,3.07,-0.14,-0.99
570,30.02,90.00,2.69,0.99,0.0,0.0,0.0,30.02,90.00,30.02,901.47,2100.00,45.83,4.43,4.09,1230.02,35.07,3.90,3.56,-0.09,-1.00
571,34.55,90.00,0.92,-0.08,0.0,0.0,0.0,34.55,90.00,34.55,1193.73,2100.00,45.83,4.43,4.09,1731.95,41.62,4.24,3.90,-0.06,-1.00
572,39.34,90.00,0.35,-1.04,0.0,1.0,0.0,39.34,90.00,39.34,1547.64,864.78,29.41,3.54,3.21,2263.76,47.58,4.51,4.17,-0.05,-1.00
573,44.49,90.00,0.06,-2.77,0.0,0.0,0.0,44.49,90.00,44.49,1979.22,631.66,25.13,3.23,2.90,2386.79,48.85,4.56,4.22,-1.00,0.01
574,50.15,90.00,0.41,-0.90,0.0,0.0,0.0,50.15,90.00,50.15,2514.86,245.27,15.66,2.29,1.97,2330.35,48.27,4.54,4.20,-0.33,0.95
575,56.60,90.00,0.77,-0.26,0.0,0.0,0.0,56.60,90.00,56.60,3203.77,200.00,14.14,2.09,1.77,1657.00,40.71,4.19,3.86,-0.34,0.94
576,64.52,90.00,0.73,-0.31,0.0,0.0,0.0,64.52,90.00,64.52,4162.45,200.00,14.14,2.09,1.77,883.01,29.72,3.57,3.23,-0.64,0.77
577,79.48,90.00,0.45,-0.79,0.0,0.0,0.0,79.48,90.00,79.48,6317.11,200.00,14.14,2.09,1.77,57.79,7.60,0.99,0.75,-0.00,1.00
578,13.50,94.00,1.92,0.65,0.0,0.0,0.0,13.50,94.00,13.50,182.29,200.00,14.14,2.09,1.77,121.40,11.02,1.62,1.32,0.89,0.46
579,17.47,94.00,1.53,0.43,0.0,0.0,0.0,17.47,94.00,17.47,305.15,200.00,14.14,2.09,1.77,163.30,12.78,1.90,1.58,0.00,-1.00
580,21.52,94.00,1.37,0.32,0.0,0.0,0.0,21.52,94.00,21.52,463.31,1944.89,44.10,4.35,4.02,573.36,23.94,3.13,2.80,-0.74,-0.67
581,25.70,94.00,1.58,0.46,1.0,0.0,0.0,25.70,94.00,25.70,660.40,2100.00,45.83,4.43,4.09,904.80,30.08,3.59,3.25,-0.58,-0.81
582,30.02,94.00,3.87,1.35,0.0,0.0,0.0,30.02,94.00,30.02,901.47,2100.00,45.83,4.43,4.09,1325.65,36.41,3.97,3.64,-0.40,-0.92
583,34.55,94.00,2.44,0.89,0.0,0.0,0.0,34.55,94.00,34.55,1193.73,2100.00,45.83,4.43,4.09,1798.21,42.41,4.28,3.94,-0.30,-0.96
584,39.34,94.00,0.50,-0.70,0.0,0.0,0.0,39.34,94.00,39.34,1547.64,600.00,24.49,3.18,2.84,2259.34,47.53,4.50,4.17,1.00,-0.08
585,44.49,94.00,0.12,-2.08,0.0,1.0,0.0,44.49,94.00,44.49,1979.22,424.49,20.60,2.84,2.50,2370.63,48.69,4.55,4.22,0.95,-0.31
586,-79.48,98.00,0.32,-1.14,0.0,0.0,0.0,-79.48,98.00,79.48,6317.11,200.00,14.14,2.09,1.77,1170.36,34.21,3.85,3.51,0.28,-0.96
587,5.74,98.00,2.84,1.04,1.0,0.0,0.0,5.74,98.00,5.74,32.98,0.00,0.00,0.00,0.00,0.00,0.00,0.00,0.00,-0.97,-0.25
588,9.60,98.00,2.36,0.86,0.0,1.0,0.0,9.60,98.00,9.60,92.15,200.00,14.14,2.09,1.77,118.27,10.88,1.60,1.30,-0.93,0.38
589,13.50,98.00,1.94,0.66,0.0,0.0,0.0,13.50,98.00,13.50,182.29,200.00,14.14,2.09,1.77,223.01,14.93,2.20,1.88,-0.97,0.25
590,17.47,98.00,1.53,0.43,1.0,0.0,0.0,17.47,98.00,17.47,305.15,606.99,24.64,3.19,2.86,358.76,18.94,2.67,2.34,-0.89,-0.45
591,21.52,98.00,1.37,0.31,1.0,0.0,0.0,21.52,98.00,21.52,463.31,2100.00,45.83,4.43,4.09,685.86,26.19,3.31,2.98,0.92,-0.39
592,25.70,98.00,2.36,0.86,1.0,0.0,0.0,25.70,98.00,25.70,660.40,2100.00,45.83,4.43,4.09,966.84,31.09,3.66,3.32,0.65,-0.76
593,30.02,98.00,3.10,1.13,1.0,0.0,0.0,30.02,98.00,30.02,901.47,2100.00,45.83,4.43,4.09,1367.25,36.98,4.00,3.67,0.46,-0.89
594,34.55,98.00,2.31,0.84,0.0,0.0,0.0,34.55,98.00,34.55,1193.73,1827.93,42.75,4.29,3.96,1827.77,42.75,4.29,3.96,0.35,-0.94
595,39.34,98.00,0.45,-0.80,0.0,1.0,0.0,39.34,98.00,39.34,1547.64,600.00,24.49,3.18,2.84,1917.39,43.79,4.34,4.00,0.99,-0.14
596,44.49,98.00,0.18,-1.74,0.0,0.0,0.0,44.49,98.00,44.49,1979.22,830.89,28.83,3.50,3.17,2073.49,45.54,4.42,4.08,0.92,-0.40
597,50.15,98.00,0.59,-0.52,0.0,0.0,0.0,50.15,98.00,50.15,2514.86,1406.24,37.50,4.03,3.69,2391.21,48.90,4.56,4.22,0.80,-0.60
598,56.60,98.00,0.67,-0.40,0.0,0.0,0.0,56.60,98.00,56.60,3203.77,200.00,14.14,2.09,1.77,1850.27,43.01,4.30,3.97,0.12,0.99
599,64.52,98.00,0.56,-0.57,0.0,0.0,0.0,64.52,98.00,64.52,4162.45,200.00,14.14,2.09,1.77,982.93,31.35,3.67,3.34,0.23,0.97
600,79.48,98.00,0.39,-0.94,0.0,0.0,0.0,79.48,98.00,79.48,6317.11,200.00,14.14,2.09,1.77,57.79,7.60,0.99,0.75,0.00,1.00
601,-79.48,102.00,0.41,-0.89,0.0,0.0,0.0,-79.48,102.00,79.48,6317.11,200.00,14.14,2.09,1.77,1147.22,33.87,3.83,3.49,0.29,-0.96
602,1.91,102.00,2.26,0.82,0.0,0.0,0.0,1.91,102.00,1.91,3.65,200.00,14.14,2.09,1.77,150.41,12.26,1.82,1.51,-0.74,-0.67
603,5.74,102.00,3.08,1.12,1.0,0.0,0.0,5.74,102.00,5.74,32.98,0.00,0.00,0.00,0.00,0.00,0.00,0.00,0.00,0.00,1.00
604,9.60,102.00,2.40,0.87,1.0,0.0,0.0,9.60,102.00,9.60,92.15,200.00,14.14,2.09,1.77,282.73,16.81,2.43,2.10,0.78,-0.63
605,13.50,102.00,2.01,0.70,1.0,0.0,0.0,13.50,102.00,13.50,182.29,200.00,14.14,2.09,1.77,425.71,20.63,2.84,2.51,0.75,0.66
606,17.47,102.00,1.57,0.45,0.0,0.0,0.0,17.47,102.00,17.47,305.15,200.00,14.14,2.09,1.77,219.91,14.83,2.19,1.86,0.96,0.27
607,21.52,102.00,1.51,0.41,0.0,0.0,0.0,21.52,102.00,21.52,463.31,1116.06,33.41,3.80,3.46,349.75,18.70,2.64,2.31,0.60,-0.80
608,25.70,102.00,1.49,0.40,1.0,0.0,0.0,25.70,102.00,25.70,660.40,2100.00,45.83,4.43,4.09,772.63,27.80,3.43,3.10,0.27,-0.96
609,30.02,102.00,1.36,0.30,1.0,0.0,0.0,30.02,102.00,30.02,901.47,2071.39,45.51,4.42,4.08,1242.38,35.25,3.91,3.57,0.17,-0.99
610,34.55,102.00,1.20,0.18,0.0,0.0,0.0,34.55,102.00,34.55,1193.73,847.63,29.11,3.52,3.19,1551.63,39.39,4.13,3.79,0.99,0.12
611,39.34,102.00,0.68,-0.38,0.0,1.0,0.0,39.34,102.00,39.34,1547.64,735.41,27.12,3.38,3.05,1578.84,39.73,4.15,3.81,0.98,-0.22
612,44.49,102.00,0.35,-1.04,0.0,0.0,0.0,44.49,102.00,44.49,1979.22,786.71,28.05,3.45,3.11,1790.12,42.31,4.27,3.94,0.86,-0.50
613,50.15,102.00,0.62,-0.47,0.0,0.0,0.0,50.15,102.00,50.15,2514.86,743.77,27.27,3.39,3.06,2174.50,46.63,4.47,4.13,0.72,-0.70
614,56.60,102.00,0.65,-0.42,0.0,0.0,0.0,56.60,102.00,56.60,3203.77,200.00,14.14,2.09,1.77,1828.37,42.76,4.29,3.96,0.05,1.00
615,64.52,102.00,0.53,-0.63,0.0,0.0,0.0,64.52,102.00,64.52,4162.45,200.00,14.14,2.09,1.77,950.68,30.83,3.64,3.30,0.10,0.99
616,-1.91,106.00,2.41,0.88,1.0,0.0,0.0,-1.91,106.00,1.91,3.65,200.00,14.14,2.09,1.77,232.26,15.24,2.24,1.91,0.00,-1.00
617,1.91,106.00,2.31,0.84,1.0,0.0,0.0,1.91,106.00,1.91,3.65,200.00,14.14,2.09,1.77,121.06,11.00,1.62,1.32,-0.00,1.00
618,5.74,106.00,3.28,1.19,1.0,0.0,0.0,5.74,106.00,5.74,32.98,0.00,0.00,0.00,0.00,0.00,0.00,0.00,0.00,0.00,1.00
619,9.60,106.00,3.27,1.18,1.0,0.0,0.0,9.60,106.00,9.60,92.15,0.00,0.00,0.00,0.00,66.67,8.17,1.10,0.85,0.00,-1.00
620,13.50,106.00,2.77,1.02,1.0,0.0,0.0,13.50,106.00,13.50,182.29,200.00,14.14,2.09,1.77,198.44,14.09,2.09,1.76,0.54,0.84
621,21.52,106.00,1.41,0.34,1.0,0.0,0.0,21.52,106.00,21.52,463.31,401.38,20.03,2.78,2.45,280.73,16.76,2.43,2.10,-0.00,-1.00
622,25.70,106.00,1.42,0.35,1.0,0.0,0.0,25.70,106.00,25.70,660.40,2003.15,44.76,4.38,4.05,744.80,27.29,3.40,3.06,-0.00,-1.00
623,30.02,106.00,1.31,0.27,1.0,0.0,0.0,30.02,106.00,30.02,901.47,1782.63,42.22,4.27,3.93,1224.18,34.99,3.89,3.56,0.60,-0.80
624,34.55,106.00,1.07,0.07,0.0,0.0,0.0,34.55,106.00,34.55,1193.73,1149.30,33.90,3.83,3.49,1187.57,34.46,3.86,3.53,0.99,0.11
625,39.34,106.00,0.96,-0.05,0.0,0.0,0.0,39.34,106.00,39.34,1547.64,899.64,29.99,3.58,3.25,1247.35,35.32,3.91,3.57,0.95,-0.32
626,44.49,106.00,0.51,-0.68,0.0,0.0,0.0,44.49,106.00,44.49,1979.22,200.00,14.14,2.09,1.77,1528.95,39.10,4.11,3.78,0.78,-0.63
627,-79.48,110.00,0.37,-0.98,0.0,0.0,0.0,-79.48,110.00,79.48,6317.11,200.00,14.14,2.09,1.77,1099.21,33.15,3.78,3.45,0.38,-0.92
628,-1.91,110.00,2.53,0.93,1.0,0.0,0.0,-1.91,110.00,1.91,3.65,200.00,14.14,2.09,1.77,342.28,18.50,2.62,2.29,0.32,0.95
629,13.50,110.00,3.41,1.23,1.0,0.0,0.0,13.50,110.00,13.50,182.29,0.00,0.00,0.00,0.00,0.00,0.00,0.00,0.00,0.98,-0.17
630,21.52,110.00,1.73,0.55,1.0,0.0,0.0,21.52,110.00,21.52,463.31,200.00,14.14,2.09,1.77,268.29,16.38,2.38,2.05,0.78,-0.63
631,25.70,110.00,1.17,0.16,1.0,0.0,0.0,25.70,110.00,25.70,660.40,200.00,14.14,2.09,1.77,605.50,24.61,3.19,2.85,0.51,-0.86
632,30.02,110.00,1.12,0.12,0.0,0.0,0.0,30.02,110.00,30.02,901.47,200.00,14.14,2.09,1.77,1008.39,31.76,3.70,3.36,0.81,0.58
633,34.55,110.00,1.29,0.26,0.0,0.0,0.0,34.55,110.00,34.55,1193.73,987.86,31.43,3.68,3.34,823.26,28.69,3.50,3.16,0.99,0.11
634,39.34,110.00,1.20,0.18,0.0,0.0,0.0,39.34,110.00,39.34,1547.64,1024.74,32.01,3.71,3.38,931.41,30.52,3.62,3.28,0.88,-0.48
635,44.49,110.00,0.73,-0.31,0.0,0.0,0.0,44.49,110.00,44.49,1979.22,200.00,14.14,2.09,1.77,1304.08,36.11,3.95,3.62,0.63,-0.78
636,50.15,110.00,0.72,-0.33,0.0,0.0,0.0,50.15,110.00,50.15,2514.86,391.53,19.79,2.76,2.42,1715.65,41.42,4.23,3.89,0.91,-0.42
637,56.60,110.00,0.86,-0.15,1.0,0.0,0.0,56.60,110.00,56.60,3203.77,686.52,26.20,3.31,2.98,1724.77,41.53,4.23,3.90,0.93,0.36
638,64.52,110.00,0.51,-0.66,0.0,0.0,0.0,64.52,110.00,64.52,4162.45,200.00,14.14,2.09,1.77,943.26,30.71,3.63,3.30,0.00,1.00
639,-44.49,114.00,0.97,-0.03,0.0,0.0,0.0,-44.49,114.00,44.49,1979.22,200.00,14.14,2.09,1.77,56.88,7.54,0.98,0.74,0.00,-1.00
640,-39.34,114.00,0.91,-0.10,0.0,0.0,0.0,-39.34,114.00,39.34,1547.64,200.00,14.14,2.09,1.77,314.68,17.74,2.54,2.21,-0.80,-0.60
641,-34.55,114.00,0.88,-0.13,0.0,0.0,0.0,-34.55,114.00,34.55,1193.73,200.00,14.14,2.09,1.77,368.72,19.20,2.70,2.36,-0.99,-0.16
642,-30.02,114.00,0.85,-0.16,0.0,0.0,0.0,-30.02,114.00,30.02,901.47,200.00,14.14,2.09,1.77,113.92,10.67,1.56,1.26,0.00,1.00
643,-5.74,114.00,4.05,1.40,1.0,0.0,0.0,-5.74,114.00,5.74,32.98,0.00,0.00,0.00,0.00,0.00,0.00,0.00,0.00,0.97,0.25
644,-1.91,114.00,2.40,0.87,1.0,0.0,0.0,-1.91,114.00,1.91,3.65,200.00,14.14,2.09,1.77,253.02,15.91,2.32,2.00,0.88,-0.48
645,1.91,114.00,2.71,1.00,0.0,0.0,0.0,1.91,114.00,1.91,3.65,581.99,24.12,3.15,2.81,111.57,10.56,1.54,1.25,-1.00,0.09
646,5.74,114.00,3.48,1.25,1.0,0.0,0.0,5.74,114.00,5.74,32.98,0.00,0.00,0.00,0.00,0.00,0.00,0.00,0.00,-0.50,0.87
647,21.52,114.00,1.87,0.63,0.0,0.0,0.0,21.52,114.00,21.52,463.31,0.00,0.00,0.00,0.00,58.34,7.64,0.99,0.76,0.00,-1.00
648,25.70,114.00,1.17,0.15,0.0,0.0,0.0,25.70,114.00,25.70,660.40,200.00,14.14,2.09,1.77,427.02,20.66,2.84,2.51,0.72,-0.69
649,30.02,114.00,1.07,0.07,1.0,0.0,0.0,30.02,114.00,30.02,901.47,200.00,14.14,2.09,1.77,686.77,26.21,3.31,2.98,0.99,-0.14
650,34.55,114.00,1.24,0.22,0.0,0.0,0.0,34.55,114.00,34.55,1193.73,200.00,14.14,2.09,1.77,459.35,21.43,2.91,2.58,0.99,0.13
651,39.34,114.00,1.18,0.17,0.0,0.0,0.0,39.34,114.00,39.34,1547.64,999.12,31.61,3.69,3.35,654.88,25.59,3.27,2.93,0.70,-0.72
652,44.49,114.00,0.91,-0.09,0.0,0.0,0.0,44.49,114.00,44.49,1979.22,1033.00,32.14,3.72,3.39,1114.30,33.38,3.80,3.46,0.57,-0.82
653,-79.48,118.00,0.32,-1.15,0.0,0.0,0.0,-79.48,118.00,79.48,6317.11,200.00,14.14,2.09,1.77,1037.25,32.21,3.73,3.39,0.38,-0.92
654,-39.34,118.00,0.71,-0.34,0.0,0.0,0.0,-39.34,118.00,39.34,1547.64,200.00,14.14,2.09,1.77,267.03,16.34,2.38,2.05,0.96,-0.29
655,-34.55,118.00,0.96,-0.04,0.0,0.0,0.0,-34.55,118.00,34.55,1193.73,200.00,14.14,2.09,1.77,624.37,24.99,3.22,2.88,-0.16,0.99
656,-30.02,118.00,0.99,-0.01,0.0,0.0,0.0,-30.02,118.00,30.02,901.47,200.00,14.14,2.09,1.77,149.47,12.23,1.82,1.50,-0.65,0.76
657,-1.91,118.00,2.32,0.84,1.0,0.0,0.0,-1.91,118.00,1.91,3.65,0.00,0.00,0.00,0.00,0.00,0.00,0.00,0.00,1.00,0.04
658,1.91,118.00,2.16,0.77,1.0,0.0,0.0,1.91,118.00,1.91,3.65,0.00,0.00,0.00,0.00,0.00,0.00,0.00,0.00,0.74,0.67
659,5.74,118.00,3.31,1.20,1.0,0.0,0.0,5.74,118.00,5.74,32.98,0.00,0.00,0.00,0.00,0.00,0.00,0.00,0.00,0.80,0.60
660,25.70,118.00,1.20,0.18,1.0,0.0,0.0,25.70,118.00,25.70,660.40,200.00,14.14,2.09,1.77,126.98,11.27,1.66,1.36,0.79,-0.61
661,30.02,118.00,1.12,0.11,0.0,0.0,0.0,30.02,118.00,30.02,901.47,200.00,14.14,2.09,1.77,311.84,17.66,2.53,2.20,0.94,-0.35
662,34.55,118.00,1.14,0.13,1.0,0.0,0.0,34.55,118.00,34.55,1193.73,200.00,14.14,2.09,1.77,104.12,10.20,1.48,1.19,0.87,0.48
663,39.34,118.00,1.21,0.19,0.0,0.0,0.0,39.34,118.00,39.34,1547.64,200.00,14.14,2.09,1.77,455.63,21.35,2.91,2.57,0.59,-0.81
664,44.49,118.00,1.19,0.17,0.0,0.0,0.0,44.49,118.00,44.49,1979.22,200.00,14.14,2.09,1.77,892.45,29.87,3.58,3.24,0.86,-0.51
665,50.15,118.00,0.78,-0.25,0.0,0.0,0.0,50.15,118.00,50.15,2514.86,988.93,31.45,3.68,3.34,1238.81,35.20,3.90,3.57,0.73,-0.68
666,56.60,118.00,0.81,-0.21,0.0,0.0,0.0,56.60,118.00,56.60,3203.77,660.47,25.70,3.28,2.94,1265.79,35.58,3.92,3.59,0.96,0.27
667,64.52,118.00,0.45,-0.81,0.0,0.0,0.0,64.52,118.00,64.52,4162.45,200.00,14.14,2.09,1.77,982.93,31.35,3.67,3.34,-0.23,0.97
668,-79.48,122.00,0.37,-0.99,0.0,0.0,0.0,-79.48,122.00,79.48,6317.11,200.00,14.14,2.09,1.77,991.31,31.49,3.68,3.34,0.57,-0.82
669,-39.34,122.00,0.62,-0.47,0.0,0.0,0.0,-39.34,122.00,39.34,1547.64,200.00,14.14,2.09,1.77,73.38,8.57,1.18,0.92,0.00,-1.00
670,-34.55,122.00,1.04,0.04,0.0,0.0,0.0,-34.55,122.00,34.55,1193.73,200.00,14.14,2.09,1.77,502.71,22.42,3.00,2.67,0.17,-0.99
671,-30.02,122.00,1.12,0.11,0.0,0.0,0.0,-30.02,122.00,30.02,901.47,200.00,14.14,2.09,1.77,449.37,21.20,2.89,2.56,-0.87,0.49
672,-25.70,122.00,1.11,0.10,0.0,0.0,0.0,-25.70,122.00,25.70,660.40,200.00,14.14,2.09,1.77,126.98,11.27,1.66,1.36,-0.79,0.61
673,-1.91,122.00,2.33,0.85,1.0,0.0,0.0,-1.91,122.00,1.91,3.65,0.00,0.00,0.00,0.00,0.00,0.00,0.00,0.00,0.68,0.74
674,9.60,122.00,4.03,1.39,1.0,0.0,0.0,9.60,122.00,9.60,92.15,0.00,0.00,0.00,0.00,0.00,0.00,0.00,0.00,0.98,-0.20
675,17.47,122.00,2.89,1.06,1.0,0.0,0.0,17.47,122.00,17.47,305.15,0.00,0.00,0.00,0.00,0.00,0.00,0.00,0.00,0.42,0.91
676,30.02,122.00,1.05,0.05,1.0,0.0,0.0,30.02,122.00,30.02,901.47,0.00,0.00,0.00,0.00,0.00,0.00,0.00,0.00,1.00,0.02
677,34.55,122.00,1.14,0.13,1.0,0.0,0.0,34.55,122.00,34.55,1193.73,0.00,0.00,0.00,0.00,0.00,0.00,0.00,0.00,0.74,-0.67
678,39.34,122.00,1.05,0.05,1.0,0.0,0.0,39.34,122.00,39.34,1547.64,789.44,28.10,3.45,3.12,274.49,16.57,2.40,2.08,0.32,-0.95
679,44.49,122.00,1.32,0.28,0.0,0.0,0.0,44.49,122.00,44.49,1979.22,200.00,14.14,2.09,1.77,624.63,24.99,3.22,2.88,0.81,-0.59
680,50.15,122.00,0.87,-0.14,0.0,0.0,0.0,50.15,122.00,50.15,2514.86,200.00,14.14,2.09,1.77,1053.68,32.46,3.74,3.41,0.55,-0.84
681,56.60,122.00,0.89,-0.12,0.0,0.0,0.0,56.60,122.00,56.60,3203.77,200.00,14.14,2.09,1.77,1030.13,32.10,3.72,3.38,0.96,0.27
682,64.52,122.00,0.51,-0.68,0.0,0.0,0.0,64.52,122.00,64.52,4162.45,535.17,23.13,3.07,2.73,1038.33,32.22,3.73,3.39,-0.34,0.94
683,-34.55,126.00,1.00,-0.00,0.0,0.0,0.0,-34.55,126.00,34.55,1193.73,200.00,14.14,2.09,1.77,494.77,22.24,2.99,2.65,0.00,-1.00
684,-30.02,126.00,1.13,0.12,0.0,0.0,0.0,-30.02,126.00,30.02,901.47,200.00,14.14,2.09,1.77,744.97,27.29,3.40,3.06,-0.68,0.74
685,-25.70,126.00,1.21,0.19,0.0,0.0,0.0,-25.70,126.00,25.70,660.40,200.00,14.14,2.09,1.77,300.02,17.32,2.49,2.16,0.00,1.00
686,44.49,126.00,1.42,0.35,1.0,0.0,0.0,44.49,126.00,44.49,1979.22,200.00,14.14,2.09,1.77,368.20,19.19,2.69,2.36,0.67,-0.74
687,-79.48,130.00,0.47,-0.75,0.0,0.0,0.0,-79.48,130.00,79.48,6317.11,200.00,14.14,2.09,1.77,898.44,29.97,3.58,3.25,0.57,-0.82
688,-39.34,130.00,0.71,-0.34,0.0,0.0,0.0,-39.34,130.00,39.34,1547.64,200.00,14.14,2.09,1.77,73.38,8.57,1.18,0.92,0.00,-1.00
689,-34.55,130.00,0.86,-0.15,0.0,0.0,0.0,-34.55,130.00,34.55,1193.73,200.00,14.14,2.09,1.77,562.22,23.71,3.11,2.78,-0.46,-0.89
690,-30.02,130.00,1.12,0.11,0.0,0.0,0.0,-30.02,130.00,30.02,901.47,200.00,14.14,2.09,1.77,836.07,28.91,3.51,3.18,-0.37,0.93
691,-25.70,130.00,1.21,0.19,0.0,0.0,0.0,-25.70,130.00,25.70,660.40,200.00,14.14,2.09,1.77,427.02,20.66,2.84,2.51,-0.72,0.69
692,-21.52,130.00,1.36,0.31,0.0,0.0,0.0,-21.52,130.00,21.52,463.31,200.00,14.14,2.09,1.77,169.54,13.02,1.94,1.62,0.00,1.00
693,-13.50,130.00,2.14,0.76,1.0,0.0,0.0,-13.50,130.00,13.50,182.29,0.00,0.00,0.00,0.00,0.00,0.00,0.00,0.00,-1.00,0.09
694,-1.91,130.00,2.11,0.75,1.0,0.0,0.0,-1.91,130.00,1.91,3.65,0.00,0.00,0.00,0.00,0.00,0.00,0.00,0.00,-0.46,-0.89
695,1.91,130.00,1.50,0.40,0.0,0.0,0.0,1.91,130.00,1.91,3.65,404.51,20.11,2.79,2.45,121.06,11.00,1.62,1.32,0.00,1.00
696,5.74,130.00,3.08,1.13,1.0,0.0,0.0,5.74,130.00,5.74,32.98,0.00,0.00,0.00,0.00,0.00,0.00,0.00,0.00,0.00,1.00
697,9.60,130.00,4.02,1.39,1.0,0.0,0.0,9.60,130.00,9.60,92.15,0.00,0.00,0.00,0.00,0.00,0.00,0.00,0.00,0.00,1.00
698,34.55,130.00,1.38,0.32,1.0,0.0,0.0,34.55,130.00,34.55,1193.73,0.00,0.00,0.00,0.00,0.00,0.00,0.00,0.00,0.00,1.00
699,39.34,130.00,1.49,0.40,1.0,0.0,0.0,39.34,130.00,39.34,1547.64,0.00,0.00,0.00,0.00,0.00,0.00,0.00,0.00,0.80,-0.60
700,44.49,130.00,1.10,0.09,1.0,0.0,0.0,44.49,130.00,44.49,1979.22,968.40,31.12,3.66,3.32,276.70,16.63,2.41,2.08,0.00,-1.00
701,50.15,130.00,0.99,-0.01,1.0,0.0,0.0,50.15,130.00,50.15,2514.86,509.31,22.57,3.02,2.68,570.88,23.89,3.13,2.80,1.00,0.02
702,56.60,130.00,0.99,-0.01,1.0,0.0,0.0,56.60,130.00,56.60,3203.77,582.76,24.14,3.15,2.82,549.35,23.44,3.09,2.76,0.99,0.15
703,64.52,130.00,0.59,-0.53,1.0,0.0,0.0,64.52,130.00,64.52,4162.45,458.19,21.41,2.91,2.58,773.47,27.81,3.43,3.10,0.67,-0.75
704,-44.49,134.00,0.88,-0.13,0.0,0.0,0.0,-44.49,134.00,44.49,1979.22,200.00,14.14,2.09,1.77,56.88,7.54,0.98,0.74,0.00,-1.00
705,-39.34,134.00,0.75,-0.29,0.0,0.0,0.0,-39.34,134.00,39.34,1547.64,200.00,14.14,2.09,1.77,340.46,18.45,2.62,2.29,-0.49,-0.87
706,-34.55,134.00,0.81,-0.22,0.0,1.0,0.0,-34.55,134.00,34.55,1193.73,200.00,14.14,2.09,1.77,701.56,26.49,3.34,3.00,-0.49,-0.87
707,-30.02,134.00,1.09,0.08,0.0,0.0,0.0,-30.02,134.00,30.02,901.47,200.00,14.14,2.09,1.77,698.54,26.43,3.33,3.00,0.29,0.96
708,-25.70,134.00,1.15,0.14,0.0,0.0,0.0,-25.70,134.00,25.70,660.40,200.00,14.14,2.09,1.77,276.36,16.62,2.41,2.08,0.74,0.68
709,-21.52,134.00,1.26,0.23,0.0,0.0,0.0,-21.52,134.00,21.52,463.31,200.00,14.14,2.09,1.77,118.92,10.91,1.60,1.30,-0.87,0.49
710,1.91,134.00,1.38,0.32,0.0,0.0,0.0,1.91,134.00,1.91,3.65,519.13,22.78,3.04,2.70,101.33,10.07,1.46,1.17,0.00,-1.00
711,5.74,134.00,3.14,1.15,1.0,0.0,0.0,5.74,134.00,5.74,32.98,0.00,0.00,0.00,0.00,0.00,0.00,0.00,0.00,0.00,1.00
712,39.34,134.00,1.69,0.52,1.0,0.0,0.0,39.34,134.00,39.34,1547.64,0.00,0.00,0.00,0.00,0.00,0.00,0.00,0.00,0.37,-0.93
713,44.49,134.00,1.32,0.28,1.0,0.0,0.0,44.49,134.00,44.49,1979.22,0.00,0.00,0.00,0.00,0.00,0.00,0.00,0.00,-0.00,-1.00
714,-79.48,138.00,0.39,-0.94,0.0,0.0,0.0,-79.48,138.00,79.48,6317.11,200.00,14.14,2.09,1.77,807.00,28.41,3.48,3.14,0.55,-0.83
715,-44.49,138.00,0.93,-0.08,0.0,0.0,0.0,-44.49,138.00,44.49,1979.22,200.00,14.14,2.09,1.77,56.88,7.54,0.98,0.74,0.00,-1.00
716,-39.34,138.00,0.81,-0.21,0.0,0.0,0.0,-39.34,138.00,39.34,1547.64,200.00,14.14,2.09,1.77,389.17,19.73,2.75,2.42,0.64,-0.77
717,-34.55,138.00,0.93,-0.08,0.0,0.0,0.0,-34.55,138.00,34.55,1193.73,200.00,14.14,2.09,1.77,868.60,29.47,3.55,3.21,0.29,-0.96
718,-30.02,138.00,1.14,0.13,0.0,0.0,0.0,-30.02,138.00,30.02,901.47,200.00,14.14,2.09,1.77,567.33,23.82,3.12,2.79,0.18,0.98
719,-25.70,138.00,1.08,0.08,0.0,0.0,0.0,-25.70,138.00,25.70,660.40,200.00,14.14,2.09,1.77,126.98,11.27,1.66,1.36,0.79,0.61
720,-13.50,138.00,2.27,0.82,0.0,0.0,0.0,-13.50,138.00,13.50,182.29,3.28,1.81,0.07,0.05,55.76,7.47,0.96,0.73,0.00,1.00
721,5.74,138.00,3.14,1.14,1.0,0.0,0.0,5.74,138.00,5.74,32.98,0.00,0.00,0.00,0.00,0.00,0.00,0.00,0.00,0.83,0.56
722,39.34,138.00,1.66,0.51,1.0,0.0,0.0,39.34,138.00,39.34,1547.64,0.00,0.00,0.00,0.00,0.00,0.00,0.00,0.00,-0.51,0.86
723,44.49,138.00,1.46,0.38,1.0,0.0,0.0,44.49,138.00,44.49,1979.22,0.00,0.00,0.00,0.00,0.00,0.00,0.00,0.00,-0.83,0.56
724,50.15,138.00,1.15,0.14,1.0,0.0,0.0,50.15,138.00,50.15,2514.86,0.00,0.00,0.00,0.00,0.00,0.00,0.00,0.00,0.98,0.22
725,56.60,138.00,0.97,-0.03,0.0,0.0,0.0,56.60,138.00,56.60,3203.77,200.00,14.14,2.09,1.77,75.28,8.68,1.20,0.93,0.80,0.59
726,64.52,138.00,1.03,0.03,1.0,0.0,0.0,64.52,138.00,64.52,4162.45,422.19,20.55,2.83,2.50,615.70,24.81,3.21,2.87,0.09,-1.00
727,-79.48,142.00,0.38,-0.96,0.0,0.0,0.0,-79.48,142.00,79.48,6317.11,523.48,22.88,3.04,2.71,741.32,27.23,3.39,3.06,0.92,-0.39
728,-39.34,142.00,1.02,0.02,1.0,0.0,0.0,-39.34,142.00,39.34,1547.64,200.00,14.14,2.09,1.77,307.55,17.54,2.52,2.19,-0.27,-0.96
729,-34.55,142.00,1.12,0.11,0.0,0.0,0.0,-34.55,142.00,34.55,1193.73,200.00,14.14,2.09,1.77,829.74,28.81,3.50,3.17,0.81,0.58
730,-30.02,142.00,1.12,0.11,1.0,0.0,0.0,-30.02,142.00,30.02,901.47,200.00,14.14,2.09,1.77,515.54,22.71,3.03,2.69,0.77,0.64
731,-25.70,142.00,1.19,0.18,0.0,0.0,0.0,-25.70,142.00,25.70,660.40,200.00,14.14,2.09,1.77,276.36,16.62,2.41,2.08,0.74,0.68
732,-13.50,142.00,2.87,1.05,1.0,0.0,0.0,-13.50,142.00,13.50,182.29,0.00,0.00,0.00,0.00,0.00,0.00,0.00,0.00,0.54,0.84
733,39.34,142.00,1.78,0.58,1.0,0.0,0.0,39.34,142.00,39.34,1547.64,0.00,0.00,0.00,0.00,0.00,0.00,0.00,0.00,0.88,0.48
734,44.49,142.00,1.85,0.61,1.0,0.0,1.0,44.49,142.00,44.49,1979.22,0.00,0.00,0.00,0.00,0.00,0.00,0.00,0.00,0.98,0.20
735,50.15,142.00,1.21,0.19,1.0,0.0,0.0,50.15,142.00,50.15,2514.86,0.00,0.00,0.00,0.00,0.00,0.00,0.00,0.00,1.00,0.01
736,56.60,142.00,0.90,-0.10,1.0,0.0,1.0,56.60,142.00,56.60,3203.77,0.00,0.00,0.00,0.00,66.92,8.18,1.10,0.85,-0.00,-1.00
737,64.52,142.00,0.87,-0.14,0.0,0.0,0.0,64.52,142.00,64.52,4162.45,378.98,19.47,2.72,2.39,615.70,24.81,3.21,2.87,-0.09,-1.00
738,-44.49,146.00,1.24,0.21,1.0,0.0,0.0,-44.49,146.00,44.49,1979.22,200.00,14.14,2.09,1.77,245.05,15.65,2.29,1.97,-0.98,0.20
739,-39.34,146.00,1.17,0.16,0.0,0.0,0.0,-39.34,146.00,39.34,1547.64,200.00,14.14,2.09,1.77,478.12,21.87,2.95,2.62,-0.51,-0.86
740,-34.55,146.00,1.16,0.15,0.0,0.0,0.0,-34.55,146.00,34.55,1193.73,200.00,14.14,2.09,1.77,544.39,23.33,3.08,2.75,0.87,0.50
741,-30.02,146.00,1.21,0.19,0.0,0.0,0.0,-30.02,146.00,30.02,901.47,200.00,14.14,2.09,1.77,245.22,15.66,2.29,1.97,0.40,0.92
742,-13.50,146.00,3.09,1.13,1.0,0.0,0.0,-13.50,146.00,13.50,182.29,0.00,0.00,0.00,0.00,0.00,0.00,0.00,0.00,0.61,0.79
743,-9.60,146.00,4.05,1.40,1.0,0.0,0.0,-9.60,146.00,9.60,92.15,0.00,0.00,0.00,0.00,0.00,0.00,0.00,0.00,0.29,0.96
744,9.60,146.00,3.75,1.32,1.0,0.0,0.0,9.60,146.00,9.60,92.15,0.00,0.00,0.00,0.00,0.00,0.00,0.00,0.00,0.88,0.47
745,-79.48,150.00,0.30,-1.19,0.0,0.0,0.0,-79.48,150.00,79.48,6317.11,1700.00,41.23,4.22,3.88,590.25,24.30,3.16,2.83,0.94,-0.35
746,-44.49,150.00,0.77,-0.26,0.0,0.0,0.0,-44.49,150.00,44.49,1979.22,200.00,14.14,2.09,1.77,97.33,9.87,1.42,1.13,0.81,-0.59
747,-39.34,150.00,1.30,0.26,1.0,0.0,0.0,-39.34,150.00,39.34,1547.64,200.00,14.14,2.09,1.77,314.68,17.74,2.54,2.21,0.80,-0.60
748,-34.55,150.00,1.37,0.32,0.0,0.0,0.0,-34.55,150.00,34.55,1193.73,200.00,14.14,2.09,1.77,252.76,15.90,2.32,2.00,0.74,0.67
749,64.52,150.00,0.94,-0.06,0.0,0.0,0.0,64.52,150.00,64.52,4162.45,200.00,14.14,2.09,1.77,466.29,21.59,2.93,2.60,0.58,-0.82
750,-79.48,158.00,0.72,-0.34,0.0,0.0,0.0,-79.48,158.00,79.48,6317.11,682.35,26.12,3.31,2.97,436.83,20.90,2.86,2.53,0.95,-0.31
751,-1.91,158.00,1.04,0.04,1.0,0.0,0.0,-1.91,158.00,1.91,3.65,0.00,0.00,0.00,0.00,0.00,0.00,0.00,0.00,0.49,0.87
752,56.60,158.00,1.35,0.30,1.0,0.0,1.0,56.60,158.00,56.60,3203.77,0.00,0.00,0.00,0.00,0.00,0.00,0.00,0.00,0.60,-0.80
753,64.52,158.00,0.91,-0.09,0.0,0.0,0.0,64.52,158.00,64.52,4162.45,749.72,27.38,3.40,3.07,284.31,16.86,2.44,2.11,0.18,-0.98
754,-79.48,162.00,0.83,-0.19,0.0,0.0,0.0,-79.48,162.00,79.48,6317.11,570.00,23.87,3.13,2.79,359.64,18.96,2.67,2.34,0.95,-0.31
755,-1.91,162.00,0.94,-0.06,1.0,0.0,0.0,-1.91,162.00,1.91,3.65,0.00,0.00,0.00,0.00,0.00,0.00,0.00,0.00,0.61,0.79
756,64.52,162.00,1.06,0.06,0.0,0.0,0.0,64.52,162.00,64.52,4162.45,1149.70,33.91,3.83,3.49,284.31,16.86,2.44,2.11,-0.18,-0.98
757,-79.48,170.00,0.50,-0.68,0.0,0.0,0.0,-79.48,170.00,79.48,6317.11,200.00,14.14,2.09,1.77,206.02,14.35,2.12,1.80,0.93,-0.36
758,-9.60,170.00,3.97,1.38,1.0,0.0,0.0,-9.60,170.00,9.60,92.15,0.00,0.00,0.00,0.00,0.00,0.00,0.00,0.00,-0.46,0.89
759,-44.49,174.00,1.15,0.14,1.0,0.0,0.0,-44.49,174.00,44.49,1979.22,0.00,0.00,0.00,0.00,0.00,0.00,0.00,0.00,-0.87,0.49
760,-79.48,178.00,0.46,-0.77,0.0,0.0,0.0,-79.48,178.00,79.48,6317.11,200.00,14.14,2.09,1.77,70.06,8.37,1.14,0.88,0.55,-0.83
761,-50.15,178.00,1.23,0.21,0.0,0.0,0.0,-50.15,178.00,50.15,2514.86,590.01,24.29,3.16,2.83,94.70,9.73,1.40,1.11,0.00,-1.00
762,-44.49,178.00,1.28,0.25,1.0,0.0,0.0,-44.49,178.00,44.49,1979.22,0.00,0.00,0.00,0.00,0.00,0.00,0.00,0.00,-0.83,-0.56
763,-39.34,178.00,1.26,0.23,1.0,0.0,0.0,-39.34,178.00,39.34,1547.64,0.00,0.00,0.00,0.00,0.00,0.00,0.00,0.00,-0.41,0.91
764,-21.52,178.00,2.03,0.71,0.0,0.0,0.0,-21.52,178.00,21.52,463.31,0.00,0.00,0.00,0.00,58.34,7.64,0.99,0.76,0.00,1.00
