region_id,centroid_x,centroid_y,Coal,Evap,Glacial,Elev,Sqrt_Elevation,Dist2S,Sqrt_Dist,Sin_h,Cos_h
1,-45.32,-178.5,1,0,0,0,0,0,0,0.96,-0.28
2,-13.71,-178.5,1,0,0,0,0,0,0,0.17,0.99
3,67.4,-178.5,-999,-999,-999,200,14.14,157.38,12.55,0.14,-0.99
4,67.4,-175.5,1,0,0,200,14.14,178.94,13.38,0.11,0.99
5,67.4,-172.5,1,0,0,200,14.14,169.21,13.01,0.4,-0.92
6,67.4,-169.5,-999,-999,-999,200,14.14,157.38,12.55,0.14,-0.99
7,67.4,-166.5,-999,-999,-999,200,14.14,157.38,12.55,-0.14,-0.99
8,67.4,-163.5,-999,-999,-999,200,14.14,157.38,12.55,0.14,-0.99
9,67.4,-160.5,-999,-999,-999,200,14.14,169.21,13.01,-0.4,-0.92
10,67.4,-157.5,-999,-999,-999,200,14.14,251.8,15.87,-0.81,-0.59
11,60.42,-154.5,-999,-999,-999,473.42,21.76,160.24,12.66,0.18,-0.98
12,67.4,-154.5,-999,-999,-999,200,14.14,364.51,19.09,-0.93,-0.37
13,60.42,-151.5,1,0,0,0,0,0,0,0.51,0.86
14,67.4,-151.5,-999,-999,-999,527.65,22.97,486.69,22.06,-0.97,-0.24
15,67.4,-148.5,-999,-999,-999,769.13,27.73,612.13,24.74,0.21,-0.98
16,67.4,-145.5,1,0,0,960,30.98,601.08,24.52,0.04,-1
17,67.4,-142.5,1,0,0,1046.38,32.35,601.08,24.52,0.04,-1
18,67.4,-139.5,1,0,0,1899.25,43.58,601.08,24.52,0.04,-1
19,67.4,-136.5,1,0,0,1900,43.59,604.79,24.59,-0.13,-0.99
20,67.4,-133.5,1,0,0,1638.58,40.48,622.81,24.96,0.03,1
21,60.42,-130.5,0,0,0,1888.33,43.45,198.86,14.1,-0.98,-0.21
22,67.4,-130.5,0,0,0,1170.59,34.21,622.81,24.96,0.03,1
23,60.42,-127.5,-999,-999,-999,1900,43.59,334.62,18.29,-0.62,-0.79
24,67.4,-127.5,-999,-999,-999,1261.81,35.52,622.81,24.96,0.03,1
25,54.75,-124.5,-999,-999,-999,1414,37.6,89.43,9.46,-0.37,-0.93
26,60.42,-124.5,1,0,0,1878.22,43.34,457.09,21.38,-0.84,-0.55
27,67.4,-124.5,-999,-999,-999,1348.41,36.72,629.47,25.09,-0.13,0.99
28,54.75,-121.5,1,0,0,1886.05,43.43,217.99,14.76,-0.46,-0.89
29,60.42,-121.5,-999,-999,-999,851.12,29.17,603.2,24.56,-0.93,-0.38
30,67.4,-121.5,-999,-999,-999,677.55,26.03,655.44,25.6,-0.27,0.96
31,45.32,-118.5,-999,-999,-999,846.51,29.09,268.38,16.38,-0.71,0.71
32,49.8,-118.5,-999,-999,-999,1517.73,38.96,109.72,10.47,-0.98,0.21
33,54.75,-118.5,-999,-999,-999,1900,43.59,321.52,17.93,-0.32,-0.95
34,60.42,-118.5,-999,-999,-999,200,14.14,741.12,27.22,-0.8,-0.61
35,67.4,-118.5,-999,-999,-999,268.6,16.39,698.5,26.43,-0.39,0.92
36,41.17,-115.5,1,0,0,400,20,210.37,14.5,-1,-0.08
37,45.32,-115.5,-999,-999,-999,400,20,462.91,21.52,-0.9,0.44
38,49.8,-115.5,1,0,0,1900,43.59,323.03,17.97,-1,0.1
39,54.75,-115.5,-999,-999,-999,1604.72,40.06,427.15,20.67,-0.72,-0.69
40,60.42,-115.5,-999,-999,-999,200,14.14,879.62,29.66,-0.88,-0.48
41,67.4,-115.5,-999,-999,-999,200,14.14,755.65,27.49,-0.49,0.87
42,33.57,-112.5,0,1,0,0,0,66.76,8.17,-0.69,0.72
43,37.27,-112.5,1,0,0,400,20,223.66,14.96,-0.99,-0.12
44,41.17,-112.5,0,0,0,400,20,461.27,21.48,-1,-0.01
45,45.32,-112.5,1,0,0,675.11,25.98,655.11,25.6,-0.7,-0.71
46,49.8,-112.5,-999,-999,-999,1896.16,43.54,537.41,23.18,-1,0.09
47,54.75,-112.5,1,0,0,717.74,26.79,583.51,24.16,-0.88,-0.48
48,60.42,-112.5,-999,-999,-999,200,14.14,1028.9,32.08,-0.93,-0.37
49,67.4,-112.5,-999,-999,-999,200,14.14,823.83,28.7,-0.57,0.82
50,30.02,-109.5,-999,-999,-999,0,0,183.89,13.56,-0.79,-0.61
51,33.57,-109.5,0,1,0,1899.55,43.58,327.02,18.08,-0.99,0.16
52,37.27,-109.5,1,1,0,1239.39,35.21,476.47,21.83,-0.86,-0.51
53,41.17,-109.5,-999,-999,-999,1245.28,35.29,658.9,25.67,-0.86,-0.5
54,45.32,-109.5,0,1,0,1609.4,40.12,839.46,28.97,-0.85,-0.53
55,49.8,-109.5,-999,-999,-999,1014.14,31.85,751.76,27.42,-1,0.1
56,54.75,-109.5,-999,-999,-999,200,14.14,759.72,27.56,-0.94,-0.33
57,60.42,-109.5,-999,-999,-999,200,14.14,1136.37,33.71,-0.63,-0.77
58,67.4,-109.5,-999,-999,-999,200,14.14,900.39,30.01,-0.62,0.78
59,26.59,-106.5,-999,-999,-999,0,0,183.47,13.55,-0.27,-0.96
60,30.02,-106.5,-999,-999,-999,1900,43.59,449.83,21.21,-0.97,-0.23
61,33.57,-106.5,0,1,0,1900,43.59,602.55,24.55,-0.99,0.11
62,37.27,-106.5,0,1,0,1900,43.59,690.68,26.28,-0.87,-0.5
63,41.17,-106.5,1,0,0,1900,43.59,867.26,29.45,-0.87,-0.49
64,45.32,-106.5,1,0,0,1190.53,34.5,1047.76,32.37,-0.92,-0.39
65,49.8,-106.5,-999,-999,-999,200,14.14,964.73,31.06,-0.97,0.23
66,54.75,-106.5,-999,-999,-999,200,14.14,944.51,30.73,-0.97,-0.23
67,60.42,-106.5,-999,-999,-999,200,14.14,1249.59,35.35,-0.74,-0.68
68,67.4,-106.5,-999,-999,-999,200,14.14,968.26,31.12,-0.55,0.84
69,26.59,-103.5,-999,-999,-999,1900,43.59,382,19.54,-0.66,-0.75
70,30.02,-103.5,0,1,0,1900,43.59,655.75,25.61,-0.54,-0.84
71,33.57,-103.5,0,1,0,1067.01,32.67,874.67,29.57,-0.83,-0.55
72,37.27,-103.5,-999,-999,-999,404.85,20.12,931.85,30.53,-0.94,-0.34
73,41.17,-103.5,-999,-999,-999,397.33,19.93,1094.35,33.08,-0.93,-0.36
74,45.32,-103.5,-999,-999,-999,200,14.14,1268.07,35.61,-0.96,-0.29
75,49.8,-103.5,-999,-999,-999,200,14.14,1174.58,34.27,-0.97,0.22
76,54.75,-103.5,-999,-999,-999,200,14.14,1133.45,33.67,-0.99,-0.15
77,60.42,-103.5,-999,-999,-999,200,14.14,1377.75,37.12,-0.81,-0.58
78,67.4,-103.5,-999,-999,-999,200,14.14,1041.49,32.27,-0.59,0.81
79,23.26,-100.5,-999,-999,-999,1882.19,43.38,256.49,16.02,-0.2,-0.98
80,26.59,-100.5,-999,-999,-999,1900,43.59,471.56,21.72,0.94,0.35
81,30.02,-100.5,-999,-999,-999,1632.27,40.4,491.59,22.17,0.9,-0.44
82,33.57,-100.5,-999,-999,-999,200,14.14,653.69,25.57,0.81,-0.59
83,37.27,-100.5,0,1,0,200,14.14,901.89,30.03,0.78,-0.62
84,41.17,-100.5,-999,-999,-999,200,14.14,1218.77,34.91,0.58,-0.81
85,45.32,-100.5,1,0,0,200,14.14,1494.86,38.66,-0.98,-0.22
86,49.8,-100.5,-999,-999,-999,200,14.14,1384.47,37.21,-0.97,0.23
87,54.75,-100.5,-999,-999,-999,200,14.14,1324.5,36.39,-1,-0.09
88,60.42,-100.5,-999,-999,-999,200,14.14,1516.84,38.95,-0.87,-0.49
89,67.4,-100.5,-999,-999,-999,200,14.14,1119.88,33.46,-0.63,0.78
90,20.01,-97.5,-999,-999,-999,1187.61,34.46,124.27,11.15,-0.42,-0.91
91,23.26,-97.5,-999,-999,-999,1900,43.59,319.06,17.86,0.79,0.61
92,26.59,-97.5,-999,-999,-999,1382.81,37.19,215.96,14.7,0.68,0.73
93,30.02,-97.5,-999,-999,-999,200,14.14,240.73,15.52,1,0
94,33.57,-97.5,-999,-999,-999,200,14.14,435.5,20.87,0.77,-0.64
95,37.27,-97.5,0,1,0,200,14.14,716.09,26.76,0.59,-0.81
96,41.17,-97.5,0,1,0,200,14.14,1075.23,32.79,0.57,-0.82
97,45.32,-97.5,-999,-999,-999,200,14.14,1478.68,38.45,0.41,-0.91
98,49.8,-97.5,-999,-999,-999,200,14.14,1590.15,39.88,-0.95,0.3
99,54.75,-97.5,-999,-999,-999,200,14.14,1516.59,38.94,-1,-0.04
100,60.42,-97.5,-999,-999,-999,200,14.14,1663.9,40.79,-0.91,-0.41
101,67.4,-97.5,-999,-999,-999,200,14.14,1202.27,34.67,-0.66,0.76
102,16.83,-94.5,1,0,0,0,0,0,0,-0.38,-0.93
103,20.01,-94.5,1,0,0,764.28,27.65,190.89,13.82,0.82,0.58
104,33.57,-94.5,-999,-999,-999,200,14.14,223.63,14.95,0.63,-0.77
105,37.27,-94.5,-999,-999,-999,200,14.14,571.65,23.91,0.57,-0.82
106,41.17,-94.5,-999,-999,-999,200,14.14,959.83,30.98,0.34,-0.94
107,45.32,-94.5,0,1,0,200,14.14,1402.21,37.45,0.23,-0.97
108,49.8,-94.5,-999,-999,-999,200,14.14,1795.46,42.37,-0.95,0.3
109,54.75,-94.5,-999,-999,-999,200,14.14,1709.07,41.34,-1,0
110,60.42,-94.5,-999,-999,-999,200,14.14,1816.74,42.62,-0.94,-0.34
111,67.4,-94.5,-999,-999,-999,200,14.14,1276.93,35.73,0.6,0.8
112,16.83,-91.5,-999,-999,-999,68.23,8.26,106.88,10.34,0.5,-0.87
113,33.57,-91.5,-999,-999,-999,200,14.14,78.3,8.85,0.6,-0.8
114,37.27,-91.5,-999,-999,-999,200,14.14,477.15,21.84,0.1,-1
115,41.17,-91.5,-999,-999,-999,200,14.14,909.56,30.16,0.05,-1
116,45.32,-91.5,-999,-999,-999,200,14.14,1370.41,37.02,0.03,-1
117,49.8,-91.5,-999,-999,-999,200,14.14,1868.5,43.23,0.03,-1
118,54.75,-91.5,-999,-999,-999,200,14.14,1901.53,43.61,-1,0.04
119,60.42,-91.5,-999,-999,-999,200,14.14,1817.82,42.64,0.91,0.41
120,67.4,-91.5,-999,-999,-999,200,14.14,1201.7,34.67,0.57,0.82
121,16.83,-88.5,-999,-999,-999,610.11,24.7,184.87,13.6,-0.87,-0.5
122,33.57,-88.5,-999,-999,-999,200,14.14,78.3,8.85,0.6,-0.8
123,37.27,-88.5,-999,-999,-999,200,14.14,477.15,21.84,0.1,-1
124,41.17,-88.5,-999,-999,-999,200,14.14,909.56,30.16,0.05,-1
125,45.32,-88.5,-999,-999,-999,200,14.14,1370.41,37.02,0.03,-1
126,49.8,-88.5,-999,-999,-999,200,14.14,1689.42,41.1,0.83,-0.56
127,54.75,-88.5,-999,-999,-999,200,14.14,1964.76,44.33,0.83,0.55
128,60.42,-88.5,-999,-999,-999,200,14.14,1667.09,40.83,0.92,0.4
129,67.4,-88.5,-999,-999,-999,200,14.14,1130.48,33.62,0.54,0.84
130,13.71,-85.5,1,0,0,0,0,0,0,-0.85,-0.52
131,16.83,-85.5,-999,-999,-999,312.33,17.67,140.19,11.84,0.38,0.93
132,23.26,-85.5,-999,-999,-999,0,0,96.81,9.84,0.52,0.85
133,30.02,-85.5,1,0,0,0,0,0,0,-0.14,-0.99
134,33.57,-85.5,-999,-999,-999,200,14.14,180.37,13.43,-0.26,-0.97
135,37.27,-85.5,-999,-999,-999,200,14.14,526.53,22.95,-0.44,-0.9
136,41.17,-85.5,-999,-999,-999,200,14.14,935.03,30.58,-0.25,-0.97
137,45.32,-85.5,-999,-999,-999,200,14.14,1244.82,35.28,0.87,-0.5
138,49.8,-85.5,-999,-999,-999,200,14.14,1518.04,38.96,0.76,-0.65
139,54.75,-85.5,-999,-999,-999,200,14.14,1804.69,42.48,0.83,0.56
140,60.42,-85.5,-999,-999,-999,200,14.14,1515.89,38.93,0.92,0.39
141,67.4,-85.5,-999,-999,-999,200,14.14,1064.29,32.62,0.49,0.87
142,10.62,-82.5,1,0,0,843.54,29.04,69.12,8.31,-0.79,0.61
143,33.57,-82.5,-999,-999,-999,535.24,23.14,78.3,8.85,0.6,-0.8
144,37.27,-82.5,-999,-999,-999,200,14.14,476.47,21.83,0.86,-0.51
145,41.17,-82.5,-999,-999,-999,200,14.14,790.81,28.12,0.52,-0.85
146,45.32,-82.5,-999,-999,-999,200,14.14,1041.21,32.27,0.86,-0.51
147,49.8,-82.5,-999,-999,-999,200,14.14,1365.2,36.95,0.66,-0.75
148,54.75,-82.5,-999,-999,-999,200,14.14,1646.31,40.57,0.82,0.58
149,60.42,-82.5,-999,-999,-999,200,14.14,1364.47,36.94,0.92,0.39
150,67.4,-82.5,-999,-999,-999,200,14.14,992.01,31.5,0.56,0.83
151,37.27,-79.5,-999,-999,-999,673.41,25.95,286.26,16.92,0.48,-0.88
152,41.17,-79.5,-999,-999,-999,200,14.14,588.36,24.26,0.82,-0.57
153,45.32,-79.5,-999,-999,-999,200,14.14,851.26,29.18,0.75,-0.66
154,49.8,-79.5,-999,-999,-999,200,14.14,1218.16,34.9,0.83,-0.55
155,54.75,-79.5,-999,-999,-999,200,14.14,1490.54,38.61,0.8,0.6
156,60.42,-79.5,-999,-999,-999,200,14.14,1211.38,34.8,0.95,0.31
157,67.4,-79.5,-999,-999,-999,200,14.14,903.11,30.05,0.73,0.68
158,-4.53,-76.5,-999,-999,-999,1218.27,34.9,174.25,13.2,-0.95,-0.3
159,-1.51,-76.5,-999,-999,-999,1189.66,34.49,175.44,13.25,-0.95,-0.31
160,20.01,-76.5,1,0,0,0,0,0,0,0.91,0.42
161,37.27,-76.5,-999,-999,-999,1045.5,32.33,136.35,11.68,0.98,-0.21
162,41.17,-76.5,-999,-999,-999,200,14.14,383.2,19.58,0.79,-0.61
163,45.32,-76.5,-999,-999,-999,200,14.14,696.24,26.39,0.55,-0.83
164,49.8,-76.5,-999,-999,-999,200,14.14,1048.35,32.38,0.74,-0.68
165,54.75,-76.5,-999,-999,-999,200,14.14,1338.66,36.59,0.78,0.63
166,60.42,-76.5,-999,-999,-999,200,14.14,1054.79,32.48,0.95,0.31
167,67.4,-76.5,-999,-999,-999,200,14.14,811.9,28.49,0.69,0.72
168,-10.62,-73.5,-999,-999,-999,1243.68,35.27,169.22,13.01,-0.97,-0.25
169,-7.56,-73.5,1,0,0,200,14.14,318.09,17.84,-0.86,-0.5
170,-4.53,-73.5,0,1,0,200,14.14,474.73,21.79,-0.81,-0.58
171,-1.51,-73.5,-999,-999,-999,200,14.14,423.75,20.59,-0.92,0.4
172,1.51,-73.5,-999,-999,-999,614.01,24.78,235.12,15.33,-0.71,0.71
173,4.53,-73.5,-999,-999,-999,436.75,20.9,174.25,13.2,-0.95,0.3
174,16.83,-73.5,1,0,0,0,0,0,0,1,-0.04
175,20.01,-73.5,0,1,0,0,0,0,0,0.96,0.29
176,41.17,-73.5,-999,-999,-999,810.42,28.47,181.58,13.48,0.7,-0.71
177,45.32,-73.5,-999,-999,-999,200,14.14,557.69,23.62,0.53,-0.85
178,49.8,-73.5,-999,-999,-999,200,14.14,904.83,30.08,0.58,-0.81
179,54.75,-73.5,-999,-999,-999,200,14.14,1190.69,34.51,0.9,0.43
180,60.42,-73.5,-999,-999,-999,200,14.14,897.54,29.96,0.98,0.2
181,67.4,-73.5,-999,-999,-999,200,14.14,723.47,26.9,0.86,0.51
182,-67.4,-70.5,-999,-999,-999,931.08,30.51,116.59,10.8,-0.93,0.36
183,-54.75,-70.5,1,0,0,0,0,0,0,-0.9,-0.44
184,-49.8,-70.5,0,0,0,990.21,31.47,109.72,10.47,-0.98,-0.21
185,-45.32,-70.5,1,0,0,0,0,0,0,-0.74,-0.67
186,-37.27,-70.5,-999,-999,-999,233.76,15.29,53.64,7.32,-0.83,0.56
187,-13.71,-70.5,-999,-999,-999,1869.11,43.23,216.41,14.71,-0.74,-0.67
188,-10.62,-70.5,-999,-999,-999,200,14.14,463.77,21.54,-0.58,-0.81
189,-7.56,-70.5,-999,-999,-999,200,14.14,624.34,24.99,-0.79,-0.62
190,-4.53,-70.5,-999,-999,-999,200,14.14,769.73,27.74,-0.93,-0.36
191,-1.51,-70.5,-999,-999,-999,200,14.14,672.57,25.93,0.41,0.91
192,1.51,-70.5,1,0,0,200,14.14,392.22,19.8,0.71,0.71
193,4.53,-70.5,-999,-999,-999,550.15,23.46,174.25,13.2,-0.95,0.3
194,16.83,-70.5,1,1,0,0,0,0,0,-0.55,0.84
195,45.32,-70.5,-999,-999,-999,200,14.14,379.94,19.49,0.75,-0.66
196,49.8,-70.5,-999,-999,-999,200,14.14,767.97,27.71,0.57,-0.82
197,54.75,-70.5,-999,-999,-999,200,14.14,1017.73,31.9,0.89,0.46
198,60.42,-70.5,-999,-999,-999,200,14.14,735.93,27.13,0.98,0.19
199,67.4,-70.5,-999,-999,-999,200,14.14,615.27,24.8,0.83,0.56
200,-67.4,-67.5,-999,-999,-999,1224.35,34.99,218.98,14.8,-0.72,0.69
201,-54.75,-67.5,1,0,0,0,0,0,0,-0.37,-0.93
202,-49.8,-67.5,-999,-999,-999,200,14.14,109.72,10.47,0.98,-0.21
203,-41.17,-67.5,-999,-999,-999,200,14.14,207.61,14.41,0.2,-0.98
204,-37.27,-67.5,-999,-999,-999,480.69,21.92,291.09,17.06,-0.74,-0.67
205,-33.57,-67.5,-999,-999,-999,530.93,23.04,153.01,12.37,-0.91,0.41
206,-30.02,-67.5,-999,-999,-999,1335.39,36.54,144.44,12.02,-1,0.01
207,-26.59,-67.5,0,1,0,1329.61,36.46,82.16,9.06,-0.61,0.79
208,-20.01,-67.5,0,1,0,0,0,0,0,-1,-0.03
209,-16.83,-67.5,-999,-999,-999,1434.15,37.87,140.19,11.84,-0.38,-0.93
210,-13.71,-67.5,-999,-999,-999,1445.15,38.02,370.53,19.25,-0.72,-0.69
211,-10.62,-67.5,-999,-999,-999,200,14.14,656.61,25.62,-0.41,-0.91
212,-7.56,-67.5,-999,-999,-999,200,14.14,907.29,30.12,-0.9,-0.43
213,-4.53,-67.5,1,0,0,200,14.14,950.08,30.82,-0.06,1
214,-1.51,-67.5,-999,-999,-999,200,14.14,615.03,24.8,-0.09,1
215,1.51,-67.5,-999,-999,-999,200,14.14,282.55,16.81,-0.2,0.98
216,4.53,-67.5,0,1,0,0,0,0,0,-0.69,0.73
217,16.83,-67.5,1,0,0,0,0,0,0,-0.21,0.98
218,37.27,-67.5,1,0,0,0,0,0,0,0.57,-0.82
219,45.32,-67.5,-999,-999,-999,929.13,30.48,246.12,15.69,0.81,-0.58
220,49.8,-67.5,-999,-999,-999,200,14.14,672.19,25.93,0.3,-0.95
221,54.75,-67.5,-999,-999,-999,200,14.14,848.63,29.13,0.86,0.5
222,60.42,-67.5,-999,-999,-999,200,14.14,574.22,23.96,0.98,0.19
223,67.4,-67.5,-999,-999,-999,200,14.14,512.13,22.63,0.78,0.63
224,-67.4,-64.5,-999,-999,-999,723.51,26.9,198.92,14.1,0.98,0.19
225,-41.17,-64.5,-999,-999,-999,200,14.14,210.37,14.5,1,0.08
226,-37.27,-64.5,-999,-999,-999,200,14.14,223.66,14.96,0.99,0.12
227,-33.57,-64.5,-999,-999,-999,200,14.14,354,18.81,0.64,-0.77
228,-30.02,-64.5,0,1,0,602.17,24.54,433.28,20.82,-1,-0.02
229,-26.59,-64.5,0,1,0,1321.23,36.35,354.96,18.84,-0.99,0.17
230,-23.26,-64.5,-999,-999,-999,1603.94,40.05,359.05,18.95,-1,0.07
231,-20.01,-64.5,0,1,0,1900,43.59,365.69,19.12,-1,-0.01
232,-16.83,-64.5,-999,-999,-999,1735.05,41.65,393.35,19.83,-0.94,-0.34
233,-13.71,-64.5,-999,-999,-999,200,14.14,605.76,24.61,-0.79,-0.61
234,-10.62,-64.5,-999,-999,-999,200,14.14,843.74,29.05,-0.7,-0.72
235,-7.56,-64.5,1,0,0,200,14.14,1112.52,33.35,-0.53,-0.85
236,-4.53,-64.5,1,0,0,200,14.14,1025.06,32.02,-0.38,0.92
237,-1.51,-64.5,-999,-999,-999,200,14.14,725.57,26.94,-0.54,0.84
238,1.51,-64.5,-999,-999,-999,813.07,28.51,477.22,21.85,-0.58,0.81
239,4.53,-64.5,-999,-999,-999,1357.96,36.85,281.92,16.79,-0.98,0.19
240,7.56,-64.5,0,1,0,0,0,0,0,-0.66,0.75
241,13.71,-64.5,1,0,0,0,0,0,0,0.13,0.99
242,41.17,-64.5,1,0,0,0,0,0,0,0.36,-0.93
243,45.32,-64.5,-999,-999,-999,200,14.14,151.83,12.32,0.26,-0.96
244,49.8,-64.5,-999,-999,-999,200,14.14,646.01,25.42,0.06,-1
245,54.75,-64.5,-999,-999,-999,200,14.14,686.69,26.2,0.81,0.58
246,60.42,-64.5,-999,-999,-999,200,14.14,412.86,20.32,0.98,0.21
247,67.4,-64.5,-999,-999,-999,200,14.14,418.11,20.45,0.68,0.73
248,-67.4,-61.5,0,0,0,200,14.14,78.55,8.86,0.83,0.56
249,-33.57,-61.5,-999,-999,-999,200,14.14,274.4,16.56,-0.16,-0.99
250,-30.02,-61.5,0,1,0,200,14.14,183.89,13.56,0.79,0.61
251,-26.59,-61.5,0,1,0,200,14.14,215.96,14.7,0.68,-0.73
252,-23.26,-61.5,-999,-999,-999,200,14.14,466.86,21.61,0.75,-0.66
253,-20.01,-61.5,0,1,0,200,14.14,679.11,26.06,-1,-0.02
254,-16.83,-61.5,-999,-999,-999,200,14.14,701.69,26.49,-0.98,-0.2
255,-13.71,-61.5,-999,-999,-999,200,14.14,843.29,29.04,-0.82,-0.58
256,-10.62,-61.5,-999,-999,-999,200,14.14,1076.32,32.81,-0.74,-0.67
257,-7.56,-61.5,-999,-999,-999,200,14.14,1316.92,36.29,-0.69,-0.72
258,-4.53,-61.5,-999,-999,-999,200,14.14,1192.05,34.53,-0.61,0.79
259,-1.51,-61.5,-999,-999,-999,200,14.14,947.06,30.77,-0.76,0.65
260,1.51,-61.5,-999,-999,-999,1324.81,36.4,723.48,26.9,-0.84,0.54
261,4.53,-61.5,-999,-999,-999,1654.55,40.68,474.6,21.79,-0.58,0.81
262,7.56,-61.5,1,0,0,1221.65,34.95,168.94,13,-0.33,0.95
263,45.32,-61.5,-999,-999,-999,200,14.14,151.83,12.32,-0.26,-0.96
264,49.8,-61.5,-999,-999,-999,200,14.14,588.45,24.26,0.72,-0.69
265,54.75,-61.5,-999,-999,-999,200,14.14,530.16,23.03,0.86,0.52
266,60.42,-61.5,-999,-999,-999,200,14.14,253.13,15.91,0.96,0.29
267,67.4,-61.5,-999,-999,-999,200,14.14,321.68,17.94,0.8,0.59
268,-37.27,-58.5,-999,-999,-999,0,0,92.18,9.6,0.48,-0.88
269,-33.57,-58.5,-999,-999,-999,200,14.14,78.3,8.85,0.6,0.8
270,-23.26,-58.5,-999,-999,-999,200,14.14,308.87,17.57,0.16,-0.99
271,-20.01,-58.5,-999,-999,-999,200,14.14,667.64,25.84,0.07,-1
272,-16.83,-58.5,-999,-999,-999,200,14.14,1016.12,31.88,-0.99,-0.15
273,-13.71,-58.5,-999,-999,-999,200,14.14,1122.45,33.5,-0.9,-0.44
274,-10.62,-58.5,-999,-999,-999,1045.73,32.34,1311.27,36.21,-0.77,-0.64
275,-7.56,-58.5,-999,-999,-999,200,14.14,1220.63,34.94,0.87,0.5
276,-4.53,-58.5,-999,-999,-999,200,14.14,1091.42,33.04,0.97,0.25
277,-1.51,-58.5,-999,-999,-999,200,14.14,1022.71,31.98,0.38,0.93
278,1.51,-58.5,-999,-999,-999,802.25,28.32,723.45,26.9,0.53,0.85
279,4.53,-58.5,-999,-999,-999,933.1,30.55,419.99,20.49,0.39,0.92
280,7.56,-58.5,-999,-999,-999,687.88,26.23,168.94,13,0.33,0.95
281,45.32,-58.5,-999,-999,-999,54.64,7.39,52.82,7.27,0.74,-0.67
282,49.8,-58.5,-999,-999,-999,200,14.14,461.72,21.49,0.42,-0.91
283,54.75,-58.5,-999,-999,-999,200,14.14,374.15,19.34,0.91,0.41
284,60.42,-58.5,-999,-999,-999,200,14.14,104.08,10.2,0.78,0.63
285,67.4,-58.5,-999,-999,-999,200,14.14,229.02,15.13,0.61,0.79
286,-41.17,-55.5,0,1,0,0,0,0,0,0.1,-1
287,-23.26,-55.5,-999,-999,-999,200,14.14,340.34,18.45,-0.44,-0.9
288,-20.01,-55.5,-999,-999,-999,200,14.14,683.13,26.14,-0.22,-0.98
289,-16.83,-55.5,-999,-999,-999,200,14.14,1031.05,32.11,-0.15,-0.99
290,-13.71,-55.5,-999,-999,-999,1074.82,32.78,1376.03,37.09,-0.11,-0.99
291,-10.62,-55.5,-999,-999,-999,952.75,30.87,1197.32,34.6,0.61,0.8
292,-7.56,-55.5,-999,-999,-999,200,14.14,949.24,30.81,0.76,0.65
293,-4.53,-55.5,-999,-999,-999,200,14.14,774.42,27.83,0.93,0.36
294,-1.51,-55.5,-999,-999,-999,200,14.14,724.49,26.92,1,-0.08
295,1.51,-55.5,1,0,0,200,14.14,571.26,23.9,0.48,0.87
296,4.53,-55.5,-999,-999,-999,200,14.14,280.2,16.74,0.2,0.98
297,7.56,-55.5,1,0,0,0,0,0,0,0.66,0.75
298,49.8,-55.5,-999,-999,-999,200,14.14,361.86,19.02,0.52,-0.85
299,54.75,-55.5,-999,-999,-999,200,14.14,210.4,14.51,0.74,0.67
300,67.4,-55.5,-999,-999,-999,200,14.14,124.71,11.17,0.83,0.55
301,-41.17,-52.5,1,0,0,0,0,0,0,0.56,-0.83
302,-33.57,-52.5,-999,-999,-999,200,14.14,146.76,12.11,0.94,-0.34
303,-30.02,-52.5,-999,-999,-999,200,14.14,240.73,15.52,-1,0
304,-26.59,-52.5,-999,-999,-999,200,14.14,292.73,17.11,-0.84,-0.54
305,-23.26,-52.5,-999,-999,-999,200,14.14,545.02,23.35,-0.64,-0.77
306,-20.01,-52.5,-999,-999,-999,928.35,30.47,809.29,28.45,-0.56,-0.83
307,-16.83,-52.5,-999,-999,-999,850.61,29.17,1115.67,33.4,0.68,-0.73
308,-13.71,-52.5,-999,-999,-999,1126.05,33.56,1357.27,36.84,0.29,0.96
309,-10.62,-52.5,-999,-999,-999,200,14.14,1033.37,32.15,0.38,0.93
310,-7.56,-52.5,-999,-999,-999,200,14.14,730.07,27.02,0.53,0.85
311,-4.53,-52.5,-999,-999,-999,200,14.14,479.65,21.9,0.81,0.58
312,-1.51,-52.5,-999,-999,-999,200,14.14,392.82,19.82,0.99,-0.14
313,1.51,-52.5,-999,-999,-999,200,14.14,478.79,21.88,0.81,-0.58
314,4.53,-52.5,-999,-999,-999,995.26,31.55,172.61,13.14,0.32,0.95
315,49.8,-52.5,-999,-999,-999,200,14.14,313.49,17.71,0.12,-0.99
316,54.75,-52.5,-999,-999,-999,200,14.14,99.92,10,0.96,0.29
317,-30.02,-49.5,-999,-999,-999,187.76,13.7,119.51,10.93,0.4,-0.92
318,-26.59,-49.5,-999,-999,-999,200,14.14,292.73,17.11,0.84,-0.54
319,-23.26,-49.5,-999,-999,-999,200,14.14,404.45,20.11,0.87,-0.49
320,-20.01,-49.5,-999,-999,-999,200,14.14,641.55,25.33,0.71,-0.7
321,-16.83,-49.5,-999,-999,-999,631.3,25.13,894.64,29.91,0.63,-0.78
322,-13.71,-49.5,-999,-999,-999,644.65,25.39,1184.94,34.42,0.48,-0.88
323,-10.62,-49.5,-999,-999,-999,200,14.14,959.97,30.98,0.06,1
324,-7.56,-49.5,-999,-999,-999,200,14.14,621.11,24.92,0.09,1
325,-4.53,-49.5,-999,-999,-999,200,14.14,286.71,16.93,0.19,0.98
326,1.51,-49.5,-999,-999,-999,200,14.14,176.08,13.27,0.95,-0.32
327,4.53,-49.5,-999,-999,-999,95.94,9.8,76.19,8.73,0.73,0.69
328,49.8,-49.5,-999,-999,-999,200,14.14,170.63,13.06,0.62,0.79
329,-23.26,-46.5,-999,-999,-999,706.13,26.57,173.57,13.17,0.88,-0.48
330,-20.01,-46.5,-999,-999,-999,200,14.14,420.9,20.52,0.61,-0.79
331,-16.83,-46.5,-999,-999,-999,200,14.14,733.8,27.09,0.35,-0.94
332,-13.71,-46.5,-999,-999,-999,200,14.14,1033.36,32.15,0.99,-0.16
333,-10.62,-46.5,-999,-999,-999,200,14.14,830.98,28.83,0.47,0.88
334,-7.56,-46.5,-999,-999,-999,200,14.14,553.97,23.54,0.7,0.71
335,-4.53,-46.5,-999,-999,-999,200,14.14,286.71,16.93,-0.19,0.98
336,-20.01,-43.5,-999,-999,-999,1087.03,32.97,336.1,18.33,0.15,-0.99
337,-16.83,-43.5,-999,-999,-999,1655.04,40.68,678.65,26.05,0.85,-0.53
338,-13.71,-43.5,-999,-999,-999,1700,41.23,714.81,26.74,0.98,-0.21
339,-10.62,-43.5,-999,-999,-999,1641.59,40.52,738.06,27.17,0.08,1
340,-7.56,-43.5,-999,-999,-999,200,14.14,400.09,20,0.14,0.99
341,-4.53,-43.5,-999,-999,-999,200,14.14,80.89,8.99,0.69,0.73
342,67.4,-43.5,-999,-999,-999,200,14.14,157.25,12.54,-0.97,-0.26
343,-20.01,-40.5,-999,-999,-999,1478.23,38.45,261.21,16.16,1,0
344,-16.83,-40.5,-999,-999,-999,1700,41.23,372.8,19.31,1,-0.06
345,-13.71,-40.5,-999,-999,-999,1700,41.23,403.57,20.09,0.93,-0.36
346,-10.62,-40.5,-999,-999,-999,1545.97,39.32,514.11,22.67,0.95,-0.31
347,-7.56,-40.5,-999,-999,-999,200,14.14,483.2,21.98,-0.57,0.82
348,-4.53,-40.5,-999,-999,-999,200,14.14,178.91,13.38,0.31,0.95
349,67.4,-40.5,-999,-999,-999,200,14.14,282.07,16.79,-0.96,0.29
350,-13.71,-37.5,-999,-999,-999,646.5,25.43,153.7,12.4,0.35,-0.94
351,-10.62,-37.5,-999,-999,-999,1159.23,34.05,224.34,14.98,0.73,-0.69
352,-7.56,-37.5,-999,-999,-999,963.33,31.04,329.75,18.16,0.5,0.86
353,-4.53,-37.5,-999,-999,-999,614.52,24.79,174.25,13.2,0.95,-0.3
354,60.42,-37.5,-999,-999,-999,200,14.14,95.06,9.75,0.88,-0.48
355,67.4,-37.5,-999,-999,-999,200,14.14,405.89,20.15,-0.97,0.24
356,-7.56,-34.5,-999,-999,-999,1363.34,36.92,229.68,15.16,0.72,-0.7
357,67.4,-34.5,-999,-999,-999,200,14.14,363.35,19.06,0.71,-0.7
358,67.4,-31.5,-999,-999,-999,200,14.14,289.58,17.02,0.41,-0.91
359,67.4,-28.5,-999,-999,-999,200,14.14,218.98,14.8,0.72,-0.69
360,67.4,-25.5,-999,-999,-999,200,14.14,157.25,12.54,0.97,-0.26
361,13.71,-16.5,-999,-999,-999,200,14.14,95.28,9.76,-0.57,-0.82
362,10.62,-13.5,1,0,0,1163.97,34.12,87.91,9.38,-0.62,-0.78
363,13.71,-13.5,-999,-999,-999,200,14.14,281.61,16.78,-0.96,-0.27
364,16.83,-13.5,-999,-999,-999,200,14.14,372.8,19.31,-1,0.06
365,20.01,-13.5,-999,-999,-999,200,14.14,365.69,19.12,-1,0.01
366,23.26,-13.5,-999,-999,-999,200,14.14,257.26,16.04,-0.99,-0.1
367,4.53,-10.5,-999,-999,-999,634.89,25.2,80.89,8.99,-0.69,-0.73
368,7.56,-10.5,-999,-999,-999,1689.68,41.11,326.22,18.06,-0.85,-0.53
369,10.62,-10.5,-999,-999,-999,568.35,23.84,389.03,19.72,-0.99,-0.17
370,13.71,-10.5,-999,-999,-999,200,14.14,561.05,23.69,-0.68,-0.73
371,16.83,-10.5,-999,-999,-999,200,14.14,691.71,26.3,-1,0.04
372,20.01,-10.5,-999,-999,-999,200,14.14,658.71,25.67,-0.85,0.52
373,23.26,-10.5,-999,-999,-999,200,14.14,395.83,19.9,-0.63,0.78
374,26.59,-10.5,-999,-999,-999,200,14.14,155.79,12.48,-0.95,0.3
375,4.53,-7.5,-999,-999,-999,654.07,25.57,80.89,8.99,0.69,-0.73
376,7.56,-7.5,-999,-999,-999,1685.07,41.05,400.09,20,0.14,-0.99
377,10.62,-7.5,-999,-999,-999,200,14.14,714.41,26.73,-1,-0.09
378,13.71,-7.5,-999,-999,-999,200,14.14,818.47,28.61,-0.87,-0.49
379,16.83,-7.5,-999,-999,-999,200,14.14,1007.63,31.74,-0.91,-0.4
380,20.01,-7.5,-999,-999,-999,200,14.14,871.52,29.52,-0.63,0.78
381,23.26,-7.5,-999,-999,-999,200,14.14,614.87,24.8,-0.73,0.69
382,26.59,-7.5,1,1,0,200,14.14,363.9,19.08,-0.67,0.74
383,30.02,-7.5,1,0,0,375.6,19.38,262.94,16.22,-0.54,0.84
384,37.27,-7.5,1,0,0,200,14.14,136.35,11.68,-0.98,-0.21
385,41.17,-7.5,-999,-999,-999,200,14.14,127.13,11.28,-0.99,-0.14
386,54.75,-7.5,1,0,0,200,14.14,162.34,12.74,-0.98,0.19
387,4.53,-4.5,-999,-999,-999,200,14.14,80.89,8.99,0.69,-0.73
388,7.56,-4.5,-999,-999,-999,670.82,25.9,400.09,20,0.14,-0.99
389,10.62,-4.5,-999,-999,-999,200,14.14,738.06,27.17,0.08,-1
390,13.71,-4.5,-999,-999,-999,200,14.14,1080.58,32.87,-0.05,-1
391,16.83,-4.5,-999,-999,-999,200,14.14,1277.3,35.74,-0.82,-0.58
392,20.01,-4.5,-999,-999,-999,200,14.14,1089.55,33.01,-0.68,0.73
393,23.26,-4.5,-999,-999,-999,200,14.14,837.85,28.95,-0.76,0.65
394,26.59,-4.5,0,1,0,200,14.14,603.77,24.57,-0.89,0.46
395,30.02,-4.5,1,0,0,619.11,24.88,407.79,20.19,-0.57,0.82
396,33.57,-4.5,1,0,0,39.92,6.32,146.76,12.11,-0.94,0.34
397,37.27,-4.5,0,1,0,0,0,0,0,0.48,-0.88
398,41.17,-4.5,-999,-999,-999,200,14.14,207.61,14.41,0.2,0.98
399,49.8,-4.5,-999,-999,-999,200,14.14,96,9.8,0.38,-0.93
400,54.75,-4.5,-999,-999,-999,200,14.14,210.4,14.51,0.74,0.67
401,4.53,-1.5,-999,-999,-999,200,14.14,80.89,8.99,0.69,-0.73
402,7.56,-1.5,-999,-999,-999,200,14.14,396.98,19.92,0.7,-0.72
403,10.62,-1.5,-999,-999,-999,200,14.14,682.76,26.13,0.41,-0.91
404,13.71,-1.5,-999,-999,-999,200,14.14,1006.03,31.72,0.28,-0.96
405,16.83,-1.5,-999,-999,-999,200,14.14,1343.68,36.66,0.21,-0.98
406,20.01,-1.5,-999,-999,-999,200,14.14,1310.38,36.2,-0.71,0.7
407,23.26,-1.5,-999,-999,-999,200,14.14,1061.22,32.58,-0.78,0.63
408,26.59,-1.5,-999,-999,-999,200,14.14,825.64,28.73,-0.06,1
409,30.02,-1.5,-999,-999,-999,594.99,24.39,445.58,21.11,-0.1,0.99
410,33.57,-1.5,0,1,0,0,0,0,0,-0.69,-0.72
411,37.27,-1.5,1,1,0,0,0,0,0,0.48,-0.88
412,41.17,-1.5,1,0,0,245.55,15.67,207.61,14.41,-0.2,0.98
413,49.8,-1.5,-999,-999,-999,200,14.14,140.32,11.85,-0.78,-0.63
414,60.42,-1.5,1,0,0,0,0,0,0,0.51,0.86
415,7.56,1.5,-999,-999,-999,200,14.14,290.36,17.04,-0.19,-0.98
416,10.62,1.5,-999,-999,-999,200,14.14,627.22,25.04,-0.09,-1
417,13.71,1.5,-999,-999,-999,200,14.14,969.54,31.14,-0.06,-1
418,16.83,1.5,-999,-999,-999,200,14.14,1316.9,36.29,-0.04,-1
419,20.01,1.5,-999,-999,-999,200,14.14,1532.02,39.14,0.73,0.68
420,23.26,1.5,-999,-999,-999,200,14.14,1241.9,35.24,-0.26,0.97
421,26.59,1.5,-999,-999,-999,200,14.14,889.93,29.83,-0.36,0.93
422,30.02,1.5,1,0,0,219.08,14.8,552.38,23.5,-0.58,0.81
423,33.57,1.5,-999,-999,-999,200,14.14,165.86,12.88,0.27,0.96
424,41.17,1.5,0,1,0,343.31,18.53,136.79,11.7,0.31,-0.95
425,45.32,1.5,1,0,0,200,14.14,139.05,11.79,-0.83,0.55
426,49.8,1.5,-999,-999,-999,200,14.14,138.09,11.75,0.25,0.97
427,1.51,4.5,1,0,0,0,0,0,0,-0.14,-0.99
428,4.53,4.5,-999,-999,-999,200,14.14,80.89,8.99,0.69,-0.73
429,7.56,4.5,-999,-999,-999,200,14.14,400.09,20,-0.14,-0.99
430,10.62,4.5,-999,-999,-999,200,14.14,734.11,27.09,-0.53,-0.85
431,13.71,4.5,-999,-999,-999,200,14.14,1041.23,32.27,-0.37,-0.93
432,16.83,4.5,-999,-999,-999,200,14.14,1369.93,37.01,-0.29,-0.96
433,20.01,4.5,-999,-999,-999,200,14.14,1317.37,36.3,0.63,0.78
434,23.26,4.5,-999,-999,-999,200,14.14,1061.22,32.58,0.78,0.63
435,26.59,4.5,-999,-999,-999,200,14.14,834.62,28.89,0.5,0.86
436,30.02,4.5,0,1,0,214.99,14.66,465.09,21.57,0.3,0.95
437,33.57,4.5,-999,-999,-999,200,14.14,146.76,12.11,0.94,0.34
438,37.27,4.5,0,1,0,0,0,0,0,-0.13,0.99
439,41.17,4.5,1,0,0,0,0,0,0,0.99,0.14
440,45.32,4.5,1,1,0,200,14.14,246.12,15.69,0.81,-0.58
441,49.8,4.5,1,0,0,200,14.14,109.72,10.47,0.98,0.21
442,4.53,7.5,-999,-999,-999,952.63,30.86,176.45,13.28,-0.94,-0.33
443,7.56,7.5,-999,-999,-999,708.37,26.62,429.58,20.73,-0.39,-0.92
444,10.62,7.5,-999,-999,-999,711.15,26.67,754.34,27.47,-0.22,-0.98
445,13.71,7.5,-999,-999,-999,200,14.14,1091.67,33.04,-0.15,-0.99
446,16.83,7.5,-999,-999,-999,200,14.14,1415.21,37.62,0.67,0.74
447,20.01,7.5,-999,-999,-999,200,14.14,1143.3,33.81,0.47,0.88
448,23.26,7.5,-999,-999,-999,200,14.14,841.68,29.01,0.64,0.77
449,26.59,7.5,-999,-999,-999,200,14.14,603.77,24.57,0.89,0.46
450,30.02,7.5,-999,-999,-999,200,14.14,361.05,19,0.39,0.92
451,33.57,7.5,-999,-999,-999,192.7,13.88,66.76,8.17,-0.69,0.72
452,45.32,7.5,1,0,0,0,0,0,0,0.74,0.67
453,49.8,7.5,1,0,0,200,14.14,109.72,10.47,-0.98,0.21
454,54.75,7.5,1,0,0,0,0,0,0,-0.95,0.32
455,60.42,7.5,-999,-999,-999,334.94,18.3,145.74,12.07,-0.95,-0.3
456,-16.83,10.5,-999,-999,-999,200,14.14,106.88,10.34,-0.5,0.87
457,-4.53,10.5,-999,-999,-999,200,14.14,172.61,13.14,-0.32,-0.95
458,-1.51,10.5,1,0,0,200,14.14,175.44,13.25,-0.95,-0.31
459,1.51,10.5,-999,-999,-999,736.36,27.14,175.44,13.25,-0.95,0.31
460,4.53,10.5,-999,-999,-999,1655.58,40.69,326.87,18.08,-0.51,-0.86
461,7.56,10.5,-999,-999,-999,200,14.14,636.21,25.22,-0.79,-0.62
462,10.62,10.5,-999,-999,-999,200,14.14,887.54,29.79,-0.56,-0.83
463,13.71,10.5,-999,-999,-999,200,14.14,1186.79,34.45,-0.42,-0.91
464,16.83,10.5,-999,-999,-999,200,14.14,1220.77,34.94,0.53,0.85
465,20.01,10.5,-999,-999,-999,200,14.14,940.76,30.67,0.69,0.72
466,23.26,10.5,1,0,0,200,14.14,685.29,26.18,0.36,0.93
467,26.59,10.5,-999,-999,-999,200,14.14,363.9,19.08,0.67,0.74
468,30.02,10.5,-999,-999,-999,200,14.14,225.78,15.03,0.21,0.98
469,33.57,10.5,1,0,0,0,0,0,0,0.26,0.97
470,37.27,10.5,1,0,0,0,0,0,0,-0.83,0.56
471,41.17,10.5,1,0,0,0,0,0,0,-0.41,-0.91
472,45.32,10.5,1,1,0,0,0,0,0,-0.45,-0.89
473,49.8,10.5,1,0,0,200,14.14,221.82,14.89,-0.79,0.61
474,60.42,10.5,-999,-999,-999,405.77,20.14,256.92,16.03,-0.71,0.7
475,-30.02,13.5,-999,-999,-999,187.76,13.7,119.51,10.93,-0.4,-0.92
476,-26.59,13.5,-999,-999,-999,1128.49,33.59,155.79,12.48,-0.95,-0.3
477,-23.26,13.5,-999,-999,-999,1641.32,40.51,246.2,15.69,-0.61,-0.79
478,-20.01,13.5,-999,-999,-999,200,14.14,340.78,18.46,-0.76,-0.65
479,-16.83,13.5,-999,-999,-999,1225.29,35,336.15,18.33,-0.8,0.6
480,-13.71,13.5,-999,-999,-999,894.67,29.91,249.8,15.81,-0.65,0.76
481,-10.62,13.5,-999,-999,-999,200,14.14,224.34,14.98,-0.73,-0.69
482,-7.56,13.5,-999,-999,-999,200,14.14,279.67,16.72,-0.98,-0.18
483,-4.53,13.5,-999,-999,-999,200,14.14,420.61,20.51,-0.92,-0.39
484,-1.51,13.5,-999,-999,-999,200,14.14,503.12,22.43,-0.99,-0.11
485,1.51,13.5,-999,-999,-999,200,14.14,503.12,22.43,-0.99,0.11
486,4.53,13.5,-999,-999,-999,1359.34,36.87,573.28,23.94,-0.87,-0.49
487,7.56,13.5,-999,-999,-999,387.89,19.69,794.45,28.19,-0.63,-0.78
488,10.62,13.5,-999,-999,-999,200,14.14,1079.52,32.86,-0.46,-0.89
489,13.71,13.5,-999,-999,-999,200,14.14,1357.17,36.84,-0.62,-0.79
490,16.83,13.5,-999,-999,-999,200,14.14,1081.61,32.89,0.32,0.95
491,20.01,13.5,-999,-999,-999,200,14.14,755.83,27.49,0.46,0.89
492,23.26,13.5,-999,-999,-999,200,14.14,466.86,21.61,0.75,0.66
493,26.59,13.5,-999,-999,-999,200,14.14,215.96,14.7,0.68,0.73
494,30.02,13.5,0,1,0,0,0,0,0,1,0.03
495,33.57,13.5,1,0,0,0,0,0,0,0.16,0.99
496,37.27,13.5,1,0,0,0,0,0,0,0.83,0.56
497,41.17,13.5,1,0,0,0,0,0,0,0.91,0.41
498,45.32,13.5,1,1,0,0,0,0,0,0.45,-0.89
499,49.8,13.5,1,0,0,200,14.14,270.97,16.46,0.69,-0.73
500,54.75,13.5,-999,-999,-999,200,14.14,162.34,12.74,-0.98,0.19
501,60.42,13.5,-999,-999,-999,200,14.14,372.13,19.29,-0.61,0.79
502,-33.57,16.5,-999,-999,-999,756.91,27.51,146.76,12.11,-0.94,-0.34
503,-30.02,16.5,-999,-999,-999,200,14.14,324.74,18.02,-0.73,-0.69
504,-26.59,16.5,-999,-999,-999,200,14.14,448.98,21.19,-0.99,-0.12
505,-23.26,16.5,-999,-999,-999,697.51,26.41,495.92,22.27,-0.91,-0.4
506,-20.01,16.5,-999,-999,-999,215,14.66,612.11,24.74,-0.93,-0.38
507,-16.83,16.5,-999,-999,-999,200,14.14,622.4,24.95,-0.95,0.31
508,-13.71,16.5,-999,-999,-999,200,14.14,523.37,22.88,-0.94,0.35
509,-10.62,16.5,-999,-999,-999,200,14.14,514.11,22.67,-0.95,-0.31
510,-7.56,16.5,-999,-999,-999,200,14.14,607.88,24.66,-1,-0.09
511,-4.53,16.5,-999,-999,-999,200,14.14,719.97,26.83,-0.84,-0.54
512,-1.51,16.5,-999,-999,-999,200,14.14,835.36,28.9,-1,-0.07
513,1.51,16.5,-999,-999,-999,200,14.14,835.36,28.9,-1,0.07
514,4.53,16.5,-999,-999,-999,841.51,29.01,878.77,29.64,-0.95,-0.32
515,7.56,16.5,-999,-999,-999,200,14.14,1035.77,32.18,-0.81,-0.59
516,10.62,16.5,-999,-999,-999,200,14.14,1266.59,35.59,-0.66,-0.75
517,13.71,16.5,-999,-999,-999,200,14.14,1368.1,36.99,0.04,1
518,16.83,16.5,-999,-999,-999,200,14.14,1020.63,31.95,0.05,1
519,20.01,16.5,-999,-999,-999,200,14.14,667.64,25.84,0.07,1
520,23.26,16.5,-999,-999,-999,200,14.14,308.87,17.57,0.16,0.99
521,26.59,16.5,-999,-999,-999,0,0,67.59,8.22,0.73,0.68
522,37.27,16.5,1,0,0,0,0,0,0,0.85,-0.53
523,41.17,16.5,1,0,0,0,0,0,0,-0.41,-0.91
524,45.32,16.5,1,1,0,0,0,0,0,0.74,0.67
525,49.8,16.5,1,0,0,200,14.14,201.57,14.2,0.9,-0.43
526,54.75,16.5,-999,-999,-999,200,14.14,352.88,18.79,-0.99,0.12
527,60.42,16.5,-999,-999,-999,200,14.14,487.98,22.09,-0.77,0.63
528,67.4,16.5,-999,-999,-999,488.95,22.11,69.82,8.36,-0.3,0.95
529,-37.27,19.5,1,0,0,0,0,0,0,-0.3,-0.95
530,-33.57,19.5,1,0,0,200,14.14,384.45,19.61,0.12,-0.99
531,-30.02,19.5,-999,-999,-999,200,14.14,568.64,23.85,-0.91,-0.41
532,-26.59,19.5,-999,-999,-999,200,14.14,745.73,27.31,-1,-0.09
533,-23.26,19.5,-999,-999,-999,200,14.14,785.18,28.02,-0.96,-0.27
534,-20.01,19.5,-999,-999,-999,200,14.14,909.41,30.16,-0.96,-0.27
535,-16.83,19.5,-999,-999,-999,200,14.14,931.39,30.52,-0.98,0.2
536,-13.71,19.5,-999,-999,-999,200,14.14,834.83,28.89,-0.98,0.21
537,-10.62,19.5,-999,-999,-999,200,14.14,832.02,28.84,-0.98,-0.2
538,-7.56,19.5,-999,-999,-999,200,14.14,937.69,30.62,-1,-0.06
539,-4.53,19.5,-999,-999,-999,200,14.14,1015.53,31.87,-0.92,-0.39
540,-1.51,19.5,-999,-999,-999,200,14.14,1166.17,34.15,-0.9,-0.43
541,1.51,19.5,-999,-999,-999,200,14.14,1168.28,34.18,-1,0.05
542,4.53,19.5,-999,-999,-999,200,14.14,1199.01,34.63,-0.97,-0.23
543,7.56,19.5,-999,-999,-999,200,14.14,1317.31,36.29,-0.89,-0.46
544,10.62,19.5,-999,-999,-999,200,14.14,1504.17,38.78,-0.78,-0.63
545,13.71,19.5,-999,-999,-999,200,14.14,1368.1,36.99,0.04,1
546,16.83,19.5,-999,-999,-999,200,14.14,1020.63,31.95,0.05,1
547,20.01,19.5,-999,-999,-999,200,14.14,667.64,25.84,0.07,1
548,23.26,19.5,-999,-999,-999,200,14.14,308.87,17.57,-0.16,0.99
549,26.59,19.5,1,0,0,0,0,0,0,-0.95,-0.3
550,37.27,19.5,1,0,0,0,0,0,0,-0.48,-0.88
551,41.17,19.5,1,1,0,486.47,22.06,127.13,11.28,-0.99,-0.14
552,45.32,19.5,1,1,0,0,0,0,0,-0.96,0.28
553,49.8,19.5,-999,-999,-999,200,14.14,96,9.8,-0.38,-0.93
554,54.75,19.5,-999,-999,-999,200,14.14,528.43,22.99,-0.95,-0.32
555,60.42,19.5,-999,-999,-999,200,14.14,593.07,24.35,-0.7,0.72
556,67.4,19.5,-999,-999,-999,966.45,31.09,161.95,12.73,-0.9,0.44
557,-33.57,22.5,-999,-999,-999,1152.89,33.95,303.26,17.41,0.45,-0.9
558,-30.02,22.5,-999,-999,-999,200,14.14,613.33,24.77,0.68,-0.74
559,-26.59,22.5,-999,-999,-999,200,14.14,844.77,29.06,1,-0.09
560,-23.26,22.5,-999,-999,-999,200,14.14,911.35,30.19,0.93,-0.36
561,-20.01,22.5,-999,-999,-999,200,14.14,1094.86,33.09,0.78,-0.63
562,-16.83,22.5,-999,-999,-999,200,14.14,1241.42,35.23,0.87,-0.49
563,-13.71,22.5,-999,-999,-999,200,14.14,1153.86,33.97,-0.99,0.14
564,-10.62,22.5,-999,-999,-999,200,14.14,1155.04,33.99,-0.99,-0.15
565,-7.56,22.5,-999,-999,-999,200,14.14,1251.54,35.38,-0.91,-0.41
566,-4.53,22.5,-999,-999,-999,200,14.14,1328.17,36.44,-0.95,-0.3
567,-1.51,22.5,-999,-999,-999,200,14.14,1440.77,37.96,0.96,-0.27
568,1.51,22.5,-999,-999,-999,200,14.14,1501.42,38.75,-1,0.04
569,4.53,22.5,-999,-999,-999,200,14.14,1524.73,39.05,-0.98,-0.18
570,7.56,22.5,-999,-999,-999,200,14.14,1618.2,40.23,-0.93,-0.37
571,10.62,22.5,-999,-999,-999,200,14.14,1576.09,39.7,0.84,0.54
572,13.71,22.5,-999,-999,-999,200,14.14,1391.75,37.31,-0.18,0.98
573,16.83,22.5,-999,-999,-999,200,14.14,1051.56,32.43,-0.24,0.97
574,20.01,22.5,-999,-999,-999,200,14.14,713.1,26.7,-0.35,0.94
575,23.26,22.5,-999,-999,-999,200,14.14,395.83,19.9,-0.63,0.78
576,26.59,22.5,-999,-999,-999,200,14.14,164.66,12.83,-0.3,0.95
577,30.02,22.5,0,1,0,0,0,0,0,-0.15,0.99
578,33.57,22.5,1,0,0,0,0,0,0,0.16,-0.99
579,37.27,22.5,1,0,0,1211.79,34.81,223.66,14.96,-0.99,-0.12
580,41.17,22.5,1,1,0,200,14.14,101.21,10.06,0.41,0.91
581,45.32,22.5,1,1,0,0,0,0,0,0.74,0.67
582,49.8,22.5,-999,-999,-999,200,14.14,96,9.8,0.38,-0.93
583,54.75,22.5,-999,-999,-999,200,14.14,640.26,25.3,0.06,-1
584,60.42,22.5,-999,-999,-999,200,14.14,701.51,26.49,-0.63,0.77
585,67.4,22.5,-999,-999,-999,861.57,29.35,257.03,16.03,-0.7,0.72
586,-33.57,25.5,-999,-999,-999,989.68,31.46,146.76,12.11,0.94,-0.34
587,-30.02,25.5,-999,-999,-999,925.73,30.43,399.92,20,0.83,-0.56
588,-26.59,25.5,-999,-999,-999,200,14.14,547.79,23.4,0.99,-0.11
589,-23.26,25.5,-999,-999,-999,200,14.14,633.85,25.18,0.87,-0.5
590,-20.01,25.5,-999,-999,-999,200,14.14,809.15,28.45,0.96,-0.3
591,-16.83,25.5,-999,-999,-999,200,14.14,973.68,31.2,0.79,-0.61
592,-13.71,25.5,-999,-999,-999,200,14.14,1212.53,34.82,0.73,-0.68
593,-10.62,25.5,-999,-999,-999,1015.76,31.87,1218.47,34.91,0.86,0.5
594,-7.56,25.5,-999,-999,-999,1128.13,33.59,1087.91,32.98,0.97,0.25
595,-4.53,25.5,-999,-999,-999,1453.25,38.12,1053.99,32.47,1,-0.06
596,-1.51,25.5,-999,-999,-999,834.44,28.89,1123.68,33.52,0.94,-0.35
597,1.51,25.5,-999,-999,-999,200,14.14,1270.26,35.64,0.92,-0.39
598,4.53,25.5,-999,-999,-999,200,14.14,1435.95,37.89,0.81,-0.58
599,7.56,25.5,-999,-999,-999,200,14.14,1445.05,38.01,0.86,0.51
600,10.62,25.5,-999,-999,-999,1320.91,36.34,1304.4,36.12,0.95,0.31
601,13.71,25.5,-999,-999,-999,700.79,26.47,1122.45,33.5,0.9,0.44
602,16.83,25.5,-999,-999,-999,200,14.14,1016.12,31.88,0.99,0.15
603,20.01,25.5,-999,-999,-999,200,14.14,843.8,29.05,0.91,0.41
604,23.26,25.5,-999,-999,-999,200,14.14,529.48,23.01,-0.09,1
605,26.59,25.5,-999,-999,-999,200,14.14,164.66,12.83,0.3,0.95
606,33.57,25.5,1,1,0,0,0,0,0,-0.65,-0.76
607,37.27,25.5,1,1,0,900.06,30,148.27,12.18,0.3,-0.95
608,41.17,25.5,1,0,0,200,14.14,155.17,12.46,-0.8,0.6
609,45.32,25.5,0,1,0,0,0,0,0,-0.99,0.16
610,49.8,25.5,1,0,0,200,14.14,96,9.8,-0.38,-0.93
611,54.75,25.5,-999,-999,-999,200,14.14,640.26,25.3,-0.06,-1
612,60.42,25.5,-999,-999,-999,200,14.14,576.28,24.01,0.83,0.56
613,67.4,25.5,-999,-999,-999,861.32,29.35,356.74,18.89,-0.84,0.55
614,-30.02,28.5,-999,-999,-999,565.39,23.78,180.66,13.44,0.79,-0.61
615,-26.59,28.5,-999,-999,-999,662.22,25.73,252.34,15.89,0.98,-0.19
616,-23.26,28.5,-999,-999,-999,200,14.14,395.83,19.9,0.63,-0.78
617,-20.01,28.5,-999,-999,-999,200,14.14,516.68,22.73,0.9,-0.44
618,-16.83,28.5,-999,-999,-999,200,14.14,741.07,27.22,0.77,-0.64
619,-13.71,28.5,-999,-999,-999,200,14.14,999.03,31.61,0.57,-0.82
620,-10.62,28.5,-999,-999,-999,1700,41.23,950.09,30.82,0.76,0.65
621,-7.56,28.5,-999,-999,-999,1700,41.23,772.85,27.8,0.93,0.36
622,-4.53,28.5,-999,-999,-999,1700,41.23,722.16,26.87,1,-0.08
623,-1.51,28.5,-999,-999,-999,1700,41.23,819.31,28.62,0.88,-0.48
624,1.51,28.5,-999,-999,-999,1298.77,36.04,972.8,31.19,0.86,-0.52
625,4.53,28.5,-999,-999,-999,200,14.14,1181.26,34.37,0.71,-0.71
626,7.56,28.5,-999,-999,-999,200,14.14,1151.68,33.94,0.9,0.44
627,10.62,28.5,-999,-999,-999,1233.63,35.12,996.85,31.57,0.92,0.39
628,13.71,28.5,-999,-999,-999,451.32,21.24,843.29,29.04,0.82,0.58
629,16.83,28.5,-999,-999,-999,200,14.14,701.69,26.49,0.98,0.2
630,20.01,28.5,-999,-999,-999,200,14.14,571.78,23.91,0.81,0.59
631,23.26,28.5,-999,-999,-999,200,14.14,395.83,19.9,0.63,0.78
632,26.59,28.5,-999,-999,-999,200,14.14,164.66,12.83,-0.3,0.95
633,37.27,28.5,1,1,0,1700,41.23,256.55,16.02,0.18,-0.98
634,45.32,28.5,-999,-999,-999,0,0,85.18,9.23,-0.45,0.89
635,49.8,28.5,-999,-999,-999,200,14.14,203.43,14.26,-0.18,-0.98
636,54.75,28.5,-999,-999,-999,200,14.14,682.78,26.13,-0.37,-0.93
637,60.42,28.5,-999,-999,-999,200,14.14,446.53,21.13,0.73,0.68
638,67.4,28.5,-999,-999,-999,493.83,22.22,334.61,18.29,0.63,-0.78
639,-23.26,31.5,-999,-999,-999,200,14.14,156.08,12.49,0.98,0.18
640,-20.01,31.5,-999,-999,-999,200,14.14,270.26,16.44,0.57,-0.82
641,-16.83,31.5,-999,-999,-999,1210.37,34.79,532.73,23.08,0.49,-0.87
642,-13.71,31.5,-999,-999,-999,1174.04,34.26,810.34,28.47,1,-0.06
643,-10.62,31.5,-999,-999,-999,1700,41.23,713.3,26.71,0.7,0.72
644,-7.56,31.5,-999,-999,-999,1700,41.23,480.5,21.92,0.81,0.59
645,-4.53,31.5,-999,-999,-999,1700,41.23,391.35,19.78,0.99,-0.14
646,-1.51,31.5,-999,-999,-999,1700,41.23,526.77,22.95,0.95,-0.32
647,1.51,31.5,-999,-999,-999,1482.27,38.5,708.19,26.61,0.71,-0.71
648,4.53,31.5,-999,-999,-999,200,14.14,914.27,30.24,0.9,0.43
649,7.56,31.5,-999,-999,-999,200,14.14,827.69,28.77,1,0.07
650,10.62,31.5,-999,-999,-999,200,14.14,705.86,26.57,0.84,0.54
651,13.71,31.5,-999,-999,-999,200,14.14,594.67,24.39,1,0.07
652,16.83,31.5,-999,-999,-999,200,14.14,393.35,19.83,0.94,0.34
653,20.01,31.5,-999,-999,-999,200,14.14,340.78,18.46,0.76,0.65
654,23.26,31.5,0,1,0,200,14.14,156.08,12.49,0.98,-0.18
655,30.02,31.5,0,1,0,0,0,0,0,0.21,0.98
656,37.27,31.5,1,0,0,1636.36,40.45,148.27,12.18,-0.3,-0.95
657,45.32,31.5,1,0,0,0,0,0,0,0.83,-0.55
658,49.8,31.5,-999,-999,-999,200,14.14,270.97,16.46,-0.69,-0.73
659,54.75,31.5,-999,-999,-999,200,14.14,770.2,27.75,-0.24,-0.97
660,60.42,31.5,-999,-999,-999,200,14.14,341.06,18.47,0.52,0.86
661,67.4,31.5,-999,-999,-999,200,14.14,275.36,16.59,0.26,-0.97
662,-20.01,34.5,-999,-999,-999,189.28,13.76,121.44,11.02,0.43,-0.9
663,-16.83,34.5,-999,-999,-999,893.69,29.89,386.07,19.65,0.41,-0.91
664,-13.71,34.5,-999,-999,-999,974.15,31.21,486.92,22.07,1,-0.08
665,-10.62,34.5,-999,-999,-999,724.4,26.91,423.63,20.58,0.91,0.42
666,-7.56,34.5,-999,-999,-999,1030.57,32.1,240.12,15.5,0.69,0.72
667,-4.53,34.5,-999,-999,-999,600.58,24.51,76.19,8.73,0.73,-0.69
668,-1.51,34.5,-999,-999,-999,991.1,31.48,235.12,15.33,0.71,-0.71
669,1.51,34.5,-999,-999,-999,926.26,30.43,478.79,21.88,0.81,-0.58
670,4.53,34.5,-999,-999,-999,471.17,21.71,629.46,25.09,0.79,0.62
671,7.56,34.5,-999,-999,-999,1024.27,32,498.14,22.32,0.99,0.1
672,10.62,34.5,-999,-999,-999,1248.54,35.33,411.35,20.28,0.93,0.38
673,13.71,34.5,-999,-999,-999,200,14.14,271.88,16.49,0.99,0.13
674,16.83,34.5,-999,-999,-999,200,14.14,140.19,11.84,0.38,0.93
675,23.26,34.5,0,1,0,0,0,0,0,-0.87,0.49
676,26.59,34.5,-999,-999,-999,1240.8,35.22,155.79,12.48,-0.95,0.3
677,37.27,34.5,1,0,0,1700,41.23,256.55,16.02,0.18,-0.98
678,49.8,34.5,-999,-999,-999,200,14.14,313.49,17.71,0.12,-0.99
679,54.75,34.5,-999,-999,-999,200,14.14,841.44,29.01,-0.49,-0.87
680,60.42,34.5,-999,-999,-999,200,14.14,288.21,16.98,0.09,1
681,67.4,34.5,-999,-999,-999,200,14.14,267.97,16.37,0.09,-1
682,-26.59,37.5,0,1,0,0,0,0,0,-0.99,-0.13
683,-16.83,37.5,-999,-999,-999,200,14.14,184.87,13.6,0.87,0.5
684,-13.71,37.5,-999,-999,-999,200,14.14,165.22,12.85,0.98,-0.2
685,-10.62,37.5,1,0,0,200,14.14,169.22,13.01,0.97,-0.25
686,-7.56,37.5,-999,-999,-999,200,14.14,73.42,8.57,0.75,-0.66
687,-1.51,37.5,0,1,0,0,0,0,0,0.7,-0.71
688,1.51,37.5,-999,-999,-999,200,14.14,236.53,15.38,0.71,-0.71
689,4.53,37.5,-999,-999,-999,200,14.14,419.99,20.49,0.39,0.92
690,7.56,37.5,1,0,0,671.4,25.91,172.24,13.12,0.96,0.28
691,10.62,37.5,1,0,0,1047.34,32.36,162.95,12.77,0.33,0.94
692,20.01,37.5,-999,-999,-999,1323.87,36.38,124.27,11.15,-0.42,-0.91
693,23.26,37.5,-999,-999,-999,1700,41.23,292.32,17.1,-0.88,-0.47
694,26.59,37.5,-999,-999,-999,1502.41,38.76,354.96,18.84,0.99,-0.17
695,30.02,37.5,-999,-999,-999,673.36,25.95,180.66,13.44,-0.79,0.61
696,37.27,37.5,1,0,0,1446.09,38.03,148.27,12.18,0.3,-0.95
697,41.17,37.5,1,0,0,0,0,0,0,0.31,0.95
698,49.8,37.5,-999,-999,-999,200,14.14,361.86,19.02,-0.52,-0.85
699,54.75,37.5,-999,-999,-999,200,14.14,879.25,29.65,-0.22,-0.98
700,60.42,37.5,-999,-999,-999,200,14.14,288.21,16.98,0.09,1
701,67.4,37.5,-999,-999,-999,200,14.14,201.14,14.18,0.93,0.36
702,-4.53,40.5,1,1,0,0,0,0,0,0.71,0.71
703,1.51,40.5,-999,-999,-999,200,14.14,176.08,13.27,0.95,-0.32
704,4.53,40.5,-999,-999,-999,200,14.14,389.82,19.74,-0.14,0.99
705,10.62,40.5,0,1,0,0,0,0,0,-0.79,-0.61
706,13.71,40.5,0,1,0,940.87,30.67,180.24,13.43,-0.9,-0.43
707,16.83,40.5,-999,-999,-999,592.75,24.35,282.28,16.8,-0.95,-0.32
708,20.01,40.5,-999,-999,-999,1677.75,40.96,383.75,19.59,-0.96,-0.28
709,23.26,40.5,-999,-999,-999,850.99,29.17,173.57,13.17,0.88,0.48
710,26.59,40.5,-999,-999,-999,200,14.14,82.16,9.06,0.61,-0.79
711,30.02,40.5,0,1,0,0,0,0,0,1,0.03
712,33.57,40.5,0,1,0,200,14.14,146.76,12.11,0.94,0.34
713,37.27,40.5,1,0,0,1116.61,33.42,148.27,12.18,0.3,-0.95
714,49.8,40.5,-999,-999,-999,200,14.14,361.86,19.02,0.52,-0.85
715,54.75,40.5,-999,-999,-999,200,14.14,879.25,29.65,0.22,-0.98
716,60.42,40.5,-999,-999,-999,200,14.14,297.68,17.25,-0.25,0.97
717,67.4,40.5,-999,-999,-999,200,14.14,91.84,9.58,0.68,0.73
718,-26.59,43.5,-999,-999,-999,857.18,29.28,155.79,12.48,-0.95,-0.3
719,-23.26,43.5,-999,-999,-999,893.07,29.88,149.17,12.21,-0.35,0.94
720,1.51,43.5,-999,-999,-999,200,14.14,79.29,8.9,0.7,-0.71
721,4.53,43.5,-999,-999,-999,200,14.14,281.92,16.79,0.98,0.19
722,10.62,43.5,-999,-999,-999,618.21,24.86,188.17,13.72,0.29,-0.96
723,13.71,43.5,-999,-999,-999,200,14.14,95.28,9.76,0.57,-0.82
724,16.83,43.5,-999,-999,-999,200,14.14,353.67,18.81,0.46,-0.89
725,20.01,43.5,-999,-999,-999,200,14.14,340.78,18.46,0.76,0.65
726,23.26,43.5,-999,-999,-999,0,0,96.81,9.84,0.52,0.85
727,30.02,43.5,0,1,0,0,0,0,0,-0.79,-0.61
728,33.57,43.5,-999,-999,-999,902.69,30.04,78.3,8.85,0.6,-0.8
729,37.27,43.5,-999,-999,-999,1343.02,36.65,197.1,14.04,0.22,0.98
730,41.17,43.5,1,0,0,0,0,0,0,0.41,-0.91
731,49.8,43.5,-999,-999,-999,200,14.14,313.49,17.71,0.12,-0.99
732,54.75,43.5,-999,-999,-999,200,14.14,862.44,29.37,0.04,-1
733,60.42,43.5,-999,-999,-999,200,14.14,372.13,19.29,-0.61,0.79
734,-67.4,46.5,-999,-999,-999,200,14.14,78.55,8.86,-0.83,0.56
735,-23.26,46.5,-999,-999,-999,502.2,22.41,58.72,7.66,0.87,0.49
736,-20.01,46.5,-999,-999,-999,1025.72,32.03,156.73,12.52,1,0.01
737,10.62,46.5,0,1,0,543.56,23.31,87.91,9.38,0.62,-0.78
738,16.83,46.5,-999,-999,-999,200,14.14,184.87,13.6,0.87,-0.5
739,30.02,46.5,-999,-999,-999,0,0,48.18,6.94,1,-0.03
740,33.57,46.5,0,1,0,1700,41.23,223.63,14.95,-0.63,-0.77
741,37.27,46.5,-999,-999,-999,949.61,30.82,154.94,12.45,0.85,0.53
742,49.8,46.5,-999,-999,-999,200,14.14,313.49,17.71,0.12,-0.99
743,54.75,46.5,-999,-999,-999,200,14.14,862.44,29.37,0.04,-1
744,60.42,46.5,-999,-999,-999,200,14.14,461.26,21.48,-0.48,0.88
745,-67.4,49.5,-999,-999,-999,437.18,20.91,157.38,12.55,0.14,0.99
746,7.56,49.5,0,1,0,0,0,0,0,0.98,0.22
747,23.26,49.5,0,1,0,0,0,0,0,-0.25,-0.97
748,30.02,49.5,-999,-999,-999,0,0,122.83,11.08,-0.4,-0.92
749,33.57,49.5,0,1,0,1109.72,33.31,165.86,12.88,0.27,0.96
750,49.8,49.5,-999,-999,-999,200,14.14,313.49,17.71,0.12,-0.99
751,54.75,49.5,1,0,0,200,14.14,862.44,29.37,0.04,-1
752,60.42,49.5,-999,-999,-999,200,14.14,539.55,23.23,-0.31,0.95
753,-67.4,52.5,-999,-999,-999,505.63,22.49,116.59,10.8,0.93,0.36
754,13.71,52.5,0,1,0,0,0,0,0,0.57,0.82
755,16.83,52.5,0,1,0,0,0,0,0,-0.38,-0.93
756,20.01,52.5,0,1,0,264.12,16.25,52.26,7.23,-1,-0.03
757,30.02,52.5,-999,-999,-999,754.77,27.47,122.83,11.08,-0.4,-0.92
758,33.57,52.5,0,1,0,200,14.14,165.86,12.88,-0.27,0.96
759,49.8,52.5,-999,-999,-999,200,14.14,330.41,18.18,-0.34,-0.94
760,54.75,52.5,1,0,0,792.61,28.15,868.08,29.46,-0.13,-0.99
761,60.42,52.5,-999,-999,-999,200,14.14,607.04,24.64,-0.5,0.86
762,16.83,55.5,0,1,0,0,0,0,0,0.94,-0.33
763,26.59,55.5,0,1,0,0,0,0,0,-0.73,-0.68
764,30.02,55.5,-999,-999,-999,200,14.14,330.62,18.18,-0.74,-0.67
765,33.57,55.5,-999,-999,-999,200,14.14,358.86,18.94,-0.89,0.46
766,37.27,55.5,-999,-999,-999,977.71,31.27,92.18,9.6,0.48,0.88
767,45.32,55.5,1,0,0,0,0,0,0,-0.45,-0.89
768,49.8,55.5,-999,-999,-999,563.36,23.74,455.13,21.33,-0.75,-0.66
769,54.75,55.5,-999,-999,-999,776.81,27.87,917.28,30.29,-0.37,-0.93
770,60.42,55.5,-999,-999,-999,200,14.14,621.09,24.92,0.04,1
771,26.59,58.5,-999,-999,-999,200,14.14,82.16,9.06,-0.61,-0.79
772,30.02,58.5,-999,-999,-999,200,14.14,449.17,21.19,-0.11,-0.99
773,33.57,58.5,-999,-999,-999,1115.44,33.4,495.02,22.25,-0.09,1
774,37.27,58.5,-999,-999,-999,0,0,92.18,9.6,-0.48,0.88
775,45.32,58.5,-999,-999,-999,54.64,7.39,52.82,7.27,-0.74,-0.67
776,49.8,58.5,0,1,0,649.21,25.48,535.03,23.13,-0.07,-1
777,54.75,58.5,-999,-999,-999,647.74,25.45,1008.43,31.76,-0.56,-0.83
778,60.42,58.5,-999,-999,-999,664.03,25.77,632.99,25.16,-0.18,0.98
779,67.4,58.5,-999,-999,-999,200,14.14,78.55,8.86,-0.83,-0.56
780,26.59,61.5,-999,-999,-999,979.68,31.3,183.47,13.55,0.27,-0.96
781,30.02,61.5,-999,-999,-999,1045.23,32.33,559.85,23.66,0.09,-1
782,33.57,61.5,-999,-999,-999,546.64,23.38,585.28,24.19,-0.52,0.85
783,37.27,61.5,-999,-999,-999,200,14.14,232.69,15.25,-0.56,0.83
784,45.32,61.5,-999,-999,-999,200,14.14,276.68,16.63,-0.99,-0.11
785,49.8,61.5,-999,-999,-999,200,14.14,595.01,24.39,-0.46,-0.89
786,54.75,61.5,-999,-999,-999,580.43,24.09,1112.39,33.35,-0.25,-0.97
787,60.42,61.5,-999,-999,-999,576.95,24.02,678.46,26.05,-0.37,0.93
788,67.4,61.5,-999,-999,-999,200,14.14,198.92,14.1,-0.98,-0.19
789,20.01,64.5,0,1,0,0,0,0,0,-1,0.01
790,26.59,64.5,-999,-999,-999,826.39,28.75,183.47,13.55,0.27,-0.96
791,30.02,64.5,-999,-999,-999,607.17,24.64,559.85,23.66,0.09,-1
792,33.57,64.5,-999,-999,-999,1163.48,34.11,726.19,26.95,-0.54,0.84
793,37.27,64.5,-999,-999,-999,200,14.14,437.92,20.93,-0.89,0.46
794,41.17,64.5,-999,-999,-999,200,14.14,293.93,17.14,-1,-0.04
795,45.32,64.5,-999,-999,-999,200,14.14,510.74,22.6,-1,-0.03
796,49.8,64.5,-999,-999,-999,200,14.14,723.47,26.9,-0.71,-0.71
797,54.75,64.5,-999,-999,-999,200,14.14,1178.73,34.33,-0.44,-0.9
798,60.42,64.5,-999,-999,-999,200,14.14,751.35,27.41,-0.51,0.86
799,67.4,64.5,-999,-999,-999,200,14.14,188.22,13.72,0.32,0.95
800,20.01,67.5,-999,-999,-999,200,14.14,190.89,13.82,-0.82,0.58
801,23.26,67.5,-999,-999,-999,200,14.14,208.13,14.43,-0.74,-0.67
802,26.59,67.5,-999,-999,-999,1421.28,37.7,306.26,17.5,-0.82,-0.57
803,30.02,67.5,-999,-999,-999,1131.4,33.64,609.69,24.69,-0.41,-0.91
804,33.57,67.5,0,1,0,1620.4,40.25,903.23,30.05,-0.72,0.7
805,37.27,67.5,-999,-999,-999,515.85,22.71,683.29,26.14,-0.95,0.32
806,41.17,67.5,0,1,0,200,14.14,544.98,23.34,-1,0
807,45.32,67.5,-999,-999,-999,200,14.14,712.69,26.7,-0.77,-0.64
808,49.8,67.5,-999,-999,-999,200,14.14,891.12,29.85,-0.84,-0.55
809,54.75,67.5,-999,-999,-999,200,14.14,1277.62,35.74,-0.59,-0.81
810,60.42,67.5,-999,-999,-999,200,14.14,844.45,29.06,-0.61,0.79
811,67.4,67.5,-999,-999,-999,200,14.14,178.94,13.38,0.11,0.99
812,10.62,70.5,-999,-999,-999,1010.68,31.79,169.22,13.01,-0.97,0.25
813,13.71,70.5,1,0,0,1132.99,33.66,165.22,12.85,-0.98,0.2
814,20.01,70.5,-999,-999,-999,200,14.14,229.97,15.16,0.23,-0.97
815,23.26,70.5,-999,-999,-999,200,14.14,482.6,21.97,-0.96,-0.28
816,26.59,70.5,-999,-999,-999,200,14.14,578.17,24.05,-0.96,-0.29
817,30.02,70.5,-999,-999,-999,2100,45.83,777.72,27.89,-0.71,-0.7
818,33.57,70.5,-999,-999,-999,2100,45.83,1091.26,33.03,-0.51,-0.86
819,37.27,70.5,-999,-999,-999,851.06,29.17,917.56,30.29,-0.87,0.5
820,41.17,70.5,-999,-999,-999,200,14.14,796.04,28.21,-1,0.03
821,45.32,70.5,-999,-999,-999,200,14.14,907.02,30.12,-0.88,-0.48
822,49.8,70.5,-999,-999,-999,200,14.14,1079.69,32.86,-0.91,-0.42
823,54.75,70.5,-999,-999,-999,200,14.14,1402.04,37.44,-0.7,-0.71
824,60.42,70.5,-999,-999,-999,200,14.14,951.68,30.85,-0.68,0.73
825,67.4,70.5,-999,-999,-999,200,14.14,178.94,13.38,0.11,0.99
826,4.53,73.5,1,0,0,559.11,23.65,174.25,13.2,-0.95,0.3
827,7.56,73.5,1,0,0,463.02,21.52,176.92,13.3,-0.94,-0.35
828,10.62,73.5,-999,-999,-999,200,14.14,400.06,20,-0.69,-0.73
829,13.71,73.5,-999,-999,-999,686.69,26.2,370.53,19.25,-0.72,0.69
830,16.83,73.5,-999,-999,-999,200,14.14,282.28,16.8,-0.95,-0.32
831,20.01,73.5,-999,-999,-999,200,14.14,345.24,18.58,-0.77,-0.64
832,23.26,73.5,-999,-999,-999,200,14.14,640.05,25.3,-0.41,-0.91
833,26.59,73.5,-999,-999,-999,1667.93,40.84,868.91,29.48,-0.99,-0.17
834,30.02,73.5,-999,-999,-999,2100,45.83,1006.32,31.72,-0.85,-0.52
835,33.57,73.5,-999,-999,-999,2100,45.83,1258.66,35.48,-0.68,-0.73
836,37.27,73.5,-999,-999,-999,1614.72,40.18,1153.74,33.97,-0.91,0.42
837,41.17,73.5,0,1,0,200,14.14,1046.92,32.36,-1,0.05
838,45.32,73.5,-999,-999,-999,200,14.14,1120.21,33.47,-0.93,-0.36
839,49.8,73.5,-999,-999,-999,200,14.14,1279.73,35.77,-0.95,-0.32
840,54.75,73.5,-999,-999,-999,200,14.14,1545.67,39.32,-0.79,-0.62
841,60.42,73.5,-999,-999,-999,200,14.14,961.34,31.01,-0.1,0.99
842,67.4,73.5,-999,-999,-999,200,14.14,205.52,14.34,-0.48,0.87
843,-67.4,76.5,0,0,0,0,0,0,0,-0.61,0.79
844,7.56,76.5,1,0,0,0,0,0,0,0.33,-0.95
845,10.62,76.5,-999,-999,-999,200,14.14,177.95,13.34,0.92,-0.38
846,13.71,76.5,-999,-999,-999,200,14.14,443.16,21.05,0.37,-0.93
847,16.83,76.5,-999,-999,-999,200,14.14,593.88,24.37,-0.99,-0.14
848,20.01,76.5,-999,-999,-999,200,14.14,620,24.9,-0.94,-0.35
849,23.26,76.5,-999,-999,-999,979.26,31.29,818.1,28.6,-0.71,-0.7
850,26.59,76.5,1,0,0,2100,45.83,1109.52,33.31,-0.53,-0.85
851,30.02,76.5,-999,-999,-999,2100,45.83,1262.91,35.54,-0.92,-0.4
852,33.57,76.5,-999,-999,-999,2100,45.83,1464.87,38.27,-0.79,-0.61
853,37.27,76.5,-999,-999,-999,600,24.49,1397.43,37.38,-0.93,0.38
854,41.17,76.5,-999,-999,-999,200,14.14,1297.5,36.02,-1,0.07
855,45.32,76.5,0,1,0,200,14.14,1343.12,36.65,-0.96,-0.27
856,49.8,76.5,0,1,0,200,14.14,1486.39,38.55,-0.97,-0.24
857,54.75,76.5,-999,-999,-999,200,14.14,1609.02,40.11,-0.14,0.99
858,60.42,76.5,-999,-999,-999,200,14.14,988.35,31.44,-0.22,0.97
859,67.4,76.5,-999,-999,-999,200,14.14,288.23,16.98,-0.76,0.65
860,-67.4,79.5,0,0,0,0,0,0,0,-0.11,0.99
861,10.62,79.5,-999,-999,-999,0,0,69.12,8.31,0.79,0.61
862,13.71,79.5,-999,-999,-999,200,14.14,249.8,15.81,0.65,-0.76
863,16.83,79.5,-999,-999,-999,200,14.14,489.85,22.13,0.77,-0.64
864,20.01,79.5,-999,-999,-999,200,14.14,733.68,27.09,0.66,-0.75
865,23.26,79.5,-999,-999,-999,1987.1,44.58,1032.7,32.14,0.47,-0.88
866,26.59,79.5,-999,-999,-999,2100,45.83,1287.54,35.88,0.78,-0.63
867,30.02,79.5,-999,-999,-999,2100,45.83,1533.41,39.16,-0.95,-0.31
868,33.57,79.5,-999,-999,-999,2096.8,45.79,1695.68,41.18,-0.86,-0.51
869,37.27,79.5,-999,-999,-999,600,24.49,1645.08,40.56,-0.94,0.35
870,41.17,79.5,-999,-999,-999,802.63,28.33,1547.7,39.34,-1,0.09
871,45.32,79.5,-999,-999,-999,200,14.14,1571.37,39.64,-0.98,-0.19
872,49.8,79.5,-999,-999,-999,200,14.14,1696.99,41.19,-0.98,-0.18
873,54.75,79.5,-999,-999,-999,200,14.14,1642.33,40.53,-0.21,0.98
874,60.42,79.5,-999,-999,-999,200,14.14,1033.85,32.15,-0.33,0.94
875,67.4,79.5,-999,-999,-999,200,14.14,341.16,18.47,-0.5,0.87
876,13.71,82.5,-999,-999,-999,200,14.14,63.14,7.95,0.85,0.52
877,16.83,82.5,-999,-999,-999,200,14.14,259.36,16.1,0.62,-0.78
878,20.01,82.5,-999,-999,-999,200,14.14,579.69,24.08,0.28,-0.96
879,23.26,82.5,-999,-999,-999,2100,45.83,818.1,28.6,0.71,-0.7
880,26.59,82.5,-999,-999,-999,2100,45.83,1074.58,32.78,0.64,-0.77
881,30.02,82.5,-999,-999,-999,2100,45.83,1389.43,37.28,0.49,-0.87
882,33.57,82.5,-999,-999,-999,2100,45.83,1743.42,41.75,0.4,-0.92
883,37.27,82.5,-999,-999,-999,600,24.49,1894.91,43.53,-0.94,0.33
884,41.17,82.5,0,1,0,822.85,28.69,1797.45,42.4,-0.99,0.11
885,45.32,82.5,-999,-999,-999,200,14.14,1802.71,42.46,-0.99,-0.14
886,49.8,82.5,-999,-999,-999,200,14.14,1909.96,43.7,-0.99,-0.12
887,54.75,82.5,-999,-999,-999,200,14.14,1688.68,41.09,-0.27,0.96
888,60.42,82.5,0,1,0,200,14.14,1095.45,33.1,-0.42,0.91
889,67.4,82.5,-999,-999,-999,200,14.14,418.11,20.45,-0.68,0.73
890,16.83,85.5,-999,-999,-999,200,14.14,160.65,12.67,0.99,0.12
891,20.01,85.5,-999,-999,-999,217.81,14.76,345.24,18.58,0.77,-0.64
892,23.26,85.5,-999,-999,-999,2100,45.83,596.69,24.43,0.62,-0.79
893,26.59,85.5,-999,-999,-999,2100,45.83,916.64,30.28,0.4,-0.92
894,30.02,85.5,1,0,0,2100,45.83,1274.76,35.7,0.29,-0.96
895,33.57,85.5,-999,-999,-999,2100,45.83,1656.56,40.7,0.22,-0.97
896,37.27,85.5,-999,-999,-999,1153.23,33.96,2060.04,45.39,0.18,-0.98
897,41.17,85.5,-999,-999,-999,805.04,28.37,2046.65,45.24,-0.99,0.13
898,45.32,85.5,0,1,0,342.07,18.5,2035.82,45.12,-1,-0.09
899,49.8,85.5,-999,-999,-999,256.96,16.03,2124.31,46.09,-1,-0.07
900,54.75,85.5,-999,-999,-999,200,14.14,1746.94,41.8,-0.33,0.94
901,60.42,85.5,-999,-999,-999,200,14.14,1168.64,34.19,-0.34,0.94
902,67.4,85.5,-999,-999,-999,200,14.14,512.13,22.63,-0.78,0.63
903,20.01,88.5,-999,-999,-999,218.32,14.78,124.27,11.15,0.42,-0.91
904,23.26,88.5,-999,-999,-999,2100,45.83,476.48,21.83,0.11,-0.99
905,26.59,88.5,-999,-999,-999,2100,45.83,845.23,29.07,0.06,-1
906,30.02,88.5,-999,-999,-999,2100,45.83,1225.88,35.01,0.04,-1
907,33.57,88.5,-999,-999,-999,2100,45.83,1620.51,40.26,0.03,-1
908,37.27,88.5,0,1,0,1798.58,42.41,2032.3,45.08,0.03,-1
909,41.17,88.5,0,1,0,1280.87,35.79,2295.23,47.91,-0.99,0.15
910,45.32,88.5,-999,-999,-999,916.54,30.27,2269.89,47.64,-1,-0.04
911,49.8,88.5,-999,-999,-999,467.89,21.63,2333.52,48.31,-0.3,0.95
912,54.75,88.5,-999,-999,-999,200,14.14,1815.84,42.61,-0.38,0.92
913,60.42,88.5,-999,-999,-999,200,14.14,1231.18,35.09,-0.42,0.91
914,67.4,88.5,-999,-999,-999,200,14.14,603.5,24.57,-0.69,0.73
915,16.83,91.5,-999,-999,-999,1045.59,32.34,160.65,12.67,-0.99,0.12
916,20.01,91.5,1,0,0,210.26,14.5,273.84,16.55,-0.58,-0.82
917,23.26,91.5,1,0,0,2100,45.83,539.94,23.24,-0.49,-0.87
918,26.59,91.5,-999,-999,-999,2100,45.83,881.66,29.69,-0.3,-0.95
919,30.02,91.5,-999,-999,-999,2100,45.83,1250.56,35.36,-0.21,-0.98
920,33.57,91.5,-999,-999,-999,2100,45.83,1638.63,40.48,-0.16,-0.99
921,37.27,91.5,-999,-999,-999,2010.37,44.84,2046.22,45.24,-0.13,-0.99
922,41.17,91.5,-999,-999,-999,1056.94,32.51,2476.62,49.77,-0.11,-0.99
923,45.32,91.5,-999,-999,-999,412.65,20.31,2504.39,50.04,-1,0
924,49.8,91.5,-999,-999,-999,200,14.14,2402.68,49.02,-0.34,0.94
925,54.75,91.5,-999,-999,-999,528.28,22.98,1882.62,43.39,-0.33,0.94
926,60.42,91.5,-999,-999,-999,200,14.14,1304.9,36.12,-0.48,0.88
927,67.4,91.5,-999,-999,-999,200,14.14,695.73,26.38,-0.75,0.66
928,-67.4,94.5,-999,-999,-999,200,14.14,116.59,10.8,-0.93,0.36
929,16.83,94.5,-999,-999,-999,200,14.14,106.88,10.34,0.5,-0.87
930,20.01,94.5,-999,-999,-999,1733.3,41.63,449.39,21.2,0.12,-0.99
931,23.26,94.5,-999,-999,-999,2100,45.83,741.29,27.23,-0.78,-0.63
932,26.59,94.5,1,0,0,2100,45.83,1014.36,31.85,-0.57,-0.82
933,30.02,94.5,-999,-999,-999,2100,45.83,1344.74,36.67,-0.43,-0.9
934,33.57,94.5,-999,-999,-999,1533.06,39.15,1709.21,41.34,-0.34,-0.94
935,37.27,94.5,-999,-999,-999,1738.88,41.7,2100.97,45.84,-0.28,-0.96
936,41.17,94.5,0,1,0,870.08,29.5,2242.56,47.36,0.99,-0.17
937,45.32,94.5,-999,-999,-999,630.91,25.12,2363.64,48.62,0.94,-0.35
938,49.8,94.5,-999,-999,-999,200,14.14,2469.23,49.69,-0.3,0.95
939,54.75,94.5,-999,-999,-999,200,14.14,1951.27,44.17,-0.38,0.93
940,60.42,94.5,-999,-999,-999,200,14.14,1387.86,37.25,-0.53,0.85
941,67.4,94.5,-999,-999,-999,200,14.14,735.23,27.12,0.46,0.89
942,-67.4,97.5,-999,-999,-999,447.5,21.15,157.38,12.55,0.14,0.99
943,10.62,97.5,0,1,0,0,0,0,0,-0.79,-0.61
944,13.71,97.5,-999,-999,-999,200,14.14,165.22,12.85,-0.98,0.2
945,16.83,97.5,-999,-999,-999,200,14.14,282.28,16.8,-0.95,-0.32
946,20.01,97.5,1,0,0,2100,45.83,518.66,22.77,-0.52,-0.86
947,23.26,97.5,-999,-999,-999,2100,45.83,823.71,28.7,0.83,-0.56
948,26.59,97.5,1,0,0,2100,45.83,1074.58,32.78,0.64,-0.77
949,30.02,97.5,1,0,0,2100,45.83,1389.43,37.28,0.49,-0.87
950,33.57,97.5,-999,-999,-999,1740.88,41.72,1743.42,41.75,0.4,-0.92
951,37.27,97.5,-999,-999,-999,1152.78,33.95,1942.96,44.08,1,-0.02
952,41.17,97.5,-999,-999,-999,463.92,21.54,1996.47,44.68,0.97,-0.23
953,45.32,97.5,-999,-999,-999,858.52,29.3,2147.08,46.34,0.91,-0.42
954,49.8,97.5,-999,-999,-999,1142.14,33.8,2397.35,48.96,0.82,-0.58
955,54.75,97.5,-999,-999,-999,200,14.14,2028.07,45.03,-0.42,0.91
956,60.42,97.5,-999,-999,-999,200,14.14,1434.63,37.88,0.17,0.99
957,67.4,97.5,-999,-999,-999,200,14.14,682.43,26.12,0.36,0.93
958,-67.4,100.5,-999,-999,-999,351.53,18.75,157.38,12.55,0.14,0.99
959,1.51,100.5,-999,-999,-999,200,14.14,77.94,8.83,-0.71,0.7
960,4.53,100.5,1,0,0,200,14.14,176.45,13.28,-0.94,-0.33
961,7.56,100.5,1,0,0,200,14.14,240.12,15.5,0.69,-0.72
962,10.62,100.5,1,0,0,200,14.14,384.62,19.61,-0.99,0.12
963,13.71,100.5,1,0,0,200,14.14,484.76,22.02,-0.79,-0.62
964,16.83,100.5,1,0,0,200,14.14,393.35,19.83,0.94,0.34
965,20.01,100.5,-999,-999,-999,1604.79,40.06,383.75,19.59,0.96,-0.28
966,23.26,100.5,1,0,0,2100,45.83,596.69,24.43,0.62,-0.79
967,26.59,100.5,1,0,0,2038.45,45.15,916.64,30.28,0.4,-0.92
968,30.02,100.5,1,0,0,1195.98,34.58,1274.76,35.7,0.29,-0.96
969,33.57,100.5,-999,-999,-999,1354.38,36.8,1656.56,40.7,0.22,-0.97
970,37.27,100.5,0,1,0,600,24.49,1677.68,40.96,1,-0.05
971,41.17,100.5,0,1,0,463.92,21.54,1753.97,41.88,0.96,-0.29
972,45.32,100.5,-999,-999,-999,200,14.14,1938.59,44.03,0.87,-0.5
973,49.8,100.5,-999,-999,-999,997.89,31.59,2227.45,47.2,0.76,-0.65
974,54.75,100.5,-999,-999,-999,200,14.14,2039.9,45.17,0.07,1
975,60.42,100.5,-999,-999,-999,200,14.14,1411.91,37.58,0.1,0.99
976,67.4,100.5,-999,-999,-999,200,14.14,644.75,25.39,0.23,0.97
977,-67.4,103.5,-999,-999,-999,351.52,18.75,157.38,12.55,0.14,0.99
978,-1.51,103.5,1,0,0,0,0,0,0,-0.71,0.7
979,1.51,103.5,-999,-999,-999,200,14.14,174.91,13.23,0.32,0.95
980,4.53,103.5,1,0,0,0,0,0,0,-0.32,-0.95
981,7.56,103.5,1,0,0,200,14.14,73.42,8.57,0.75,0.66
982,10.62,103.5,1,0,0,200,14.14,243.76,15.61,0.68,-0.74
983,13.71,103.5,-999,-999,-999,200,14.14,301.81,17.37,0.53,0.85
984,16.83,103.5,-999,-999,-999,200,14.14,140.19,11.84,0.38,0.93
985,20.01,103.5,-999,-999,-999,200,14.14,124.27,11.15,0.42,-0.91
986,23.26,103.5,1,0,0,1811.54,42.56,476.48,21.83,0.11,-0.99
987,26.59,103.5,1,0,0,1447.5,38.05,845.23,29.07,0.06,-1
988,30.02,103.5,1,0,0,2088.34,45.7,1225.88,35.01,0.04,-1
989,33.57,103.5,-999,-999,-999,1220.72,34.94,1431.51,37.84,0.98,0.19
990,37.27,103.5,0,1,0,600,24.49,1413,37.59,1,-0.1
991,41.17,103.5,0,1,0,200,14.14,1517.13,38.95,0.93,-0.37
992,45.32,103.5,-999,-999,-999,200,14.14,1741.35,41.73,0.81,-0.59
993,49.8,103.5,-999,-999,-999,498.18,22.32,2071.69,45.52,0.69,-0.73
994,54.75,103.5,-999,-999,-999,200,14.14,2030.52,45.06,0.02,1
995,60.42,103.5,-999,-999,-999,200,14.14,1400.41,37.42,0.04,1
996,67.4,103.5,-999,-999,-999,200,14.14,625.04,25,0.08,1
997,-67.4,106.5,-999,-999,-999,200,14.14,157.38,12.55,0.14,0.99
998,-1.51,106.5,1,0,0,200,14.14,282.55,16.81,0.2,-0.98
999,1.51,106.5,1,0,0,200,14.14,174.91,13.23,-0.32,0.95
1000,7.56,106.5,1,0,0,0,0,0,0,0.2,-0.98
1001,10.62,106.5,-999,-999,-999,200,14.14,87.91,9.38,0.62,-0.78
1002,13.71,106.5,1,0,0,200,14.14,153.7,12.4,0.35,0.94
1003,20.01,106.5,-999,-999,-999,200,14.14,124.27,11.15,0.42,-0.91
1004,23.26,106.5,1,0,0,860.76,29.34,476.48,21.83,0.11,-0.99
1005,26.59,106.5,1,0,0,1955.92,44.23,845.23,29.07,0.06,-1
1006,30.02,106.5,1,0,0,1215.12,34.86,1195.35,34.57,0.57,-0.82
1007,33.57,106.5,-999,-999,-999,1504.7,38.79,1158.67,34.04,0.98,0.2
1008,37.27,106.5,-999,-999,-999,600,24.49,1149.67,33.91,0.99,-0.16
1009,41.17,106.5,-999,-999,-999,853.1,29.21,1289.37,35.91,0.88,-0.47
1010,45.32,106.5,-999,-999,-999,200,14.14,1559.93,39.5,0.73,-0.68
1011,49.8,106.5,-999,-999,-999,373.18,19.32,1929.2,43.92,0.68,-0.73
1012,54.75,106.5,1,0,0,200,14.14,2008.9,44.82,0.89,0.45
1013,60.42,106.5,1,0,0,200,14.14,1399.12,37.4,0.01,1
1014,67.4,106.5,-999,-999,-999,200,14.14,622.81,24.96,0.03,1
1015,-67.4,109.5,-999,-999,-999,200,14.14,157.38,12.55,0.14,0.99
1016,-4.53,109.5,1,0,0,0,0,0,0,-0.73,0.69
1017,-1.51,109.5,-999,-999,-999,200,14.14,284.42,16.86,-0.2,0.98
1018,10.62,109.5,1,0,0,0,0,0,0,0.99,-0.16
1019,20.01,109.5,-999,-999,-999,0,0,193.43,13.91,0.82,-0.58
1020,23.26,109.5,1,0,0,200,14.14,439.4,20.96,0.83,-0.56
1021,26.59,109.5,1,0,0,200,14.14,715.99,26.76,0.51,-0.86
1022,30.02,109.5,-999,-999,-999,200,14.14,1048.42,32.38,0.83,0.56
1023,33.57,109.5,-999,-999,-999,1276.86,35.73,886.89,29.78,0.97,0.23
1024,37.27,109.5,-999,-999,-999,1452.36,38.11,889.28,29.82,0.97,-0.24
1025,41.17,109.5,-999,-999,-999,1288.34,35.89,1076.81,32.81,0.8,-0.59
1026,45.32,109.5,-999,-999,-999,200,14.14,1400.72,37.43,0.62,-0.78
1027,49.8,109.5,-999,-999,-999,460.3,21.45,1732.92,41.63,0.92,-0.38
1028,54.75,109.5,-999,-999,-999,593.46,24.36,1836.49,42.85,0.92,0.4
1029,60.42,109.5,1,0,0,200,14.14,1399.12,37.4,0.01,1
1030,67.4,109.5,-999,-999,-999,200,14.14,622.81,24.96,0.03,1
1031,-67.4,112.5,-999,-999,-999,200,14.14,157.38,12.55,0.14,0.99
1032,-41.17,112.5,-999,-999,-999,200,14.14,127.13,11.28,-0.99,0.14
1033,-37.27,112.5,-999,-999,-999,200,14.14,234.56,15.32,-0.93,-0.36
1034,-33.57,112.5,-999,-999,-999,200,14.14,223.63,14.95,-0.63,0.77
1035,-7.56,112.5,-999,-999,-999,200,14.14,83.47,9.14,-0.66,0.75
1036,-4.53,112.5,1,0,0,200,14.14,174.25,13.2,0.95,-0.3
1037,-1.51,112.5,-999,-999,-999,200,14.14,284.42,16.86,-0.2,0.98
1038,4.53,112.5,1,0,0,0,0,0,0,-0.7,0.71
1039,23.26,112.5,-999,-999,-999,200,14.14,256.49,16.02,0.2,-0.98
1040,26.59,112.5,-999,-999,-999,200,14.14,604.43,24.59,0.76,-0.65
1041,30.02,112.5,-999,-999,-999,200,14.14,823.47,28.7,0.72,0.69
1042,33.57,112.5,-999,-999,-999,200,14.14,617.96,24.86,0.96,0.29
1043,37.27,112.5,-999,-999,-999,1202.5,34.68,635.84,25.22,0.93,-0.37
1044,41.17,112.5,-999,-999,-999,858.75,29.3,890.69,29.84,0.67,-0.75
1045,45.32,112.5,-999,-999,-999,200,14.14,1258.43,35.47,0.61,-0.79
1046,49.8,112.5,-999,-999,-999,311.78,17.66,1538.19,39.22,0.88,-0.47
1047,54.75,112.5,-999,-999,-999,402.34,20.06,1659.73,40.74,0.92,0.4
1048,60.42,112.5,-999,-999,-999,200,14.14,1400.41,37.42,-0.04,1
1049,67.4,112.5,-999,-999,-999,200,14.14,625.04,25,-0.08,1
1050,-67.4,115.5,-999,-999,-999,200,14.14,157.38,12.55,0.14,0.99
1051,-41.17,115.5,-999,-999,-999,200,14.14,317.32,17.81,0.13,-0.99
1052,-37.27,115.5,-999,-999,-999,200,14.14,490.96,22.16,-0.98,-0.19
1053,-33.57,115.5,-999,-999,-999,200,14.14,435.5,20.87,-0.77,0.64
1054,-30.02,115.5,-999,-999,-999,200,14.14,122.83,11.08,0.4,0.92
1055,-1.51,115.5,1,0,0,200,14.14,174.91,13.23,0.32,-0.95
1056,1.51,115.5,-999,-999,-999,555.42,23.57,175.44,13.25,0.95,0.31
1057,4.53,115.5,1,0,0,0,0,0,0,-0.73,-0.69
1058,7.56,115.5,1,0,0,0,0,0,0,-0.19,0.98
1059,23.26,115.5,-999,-999,-999,200,14.14,149.17,12.21,0.35,-0.94
1060,26.59,115.5,1,0,0,200,14.14,382,19.54,0.66,-0.75
1061,30.02,115.5,1,0,0,200,14.14,544.03,23.32,0.98,-0.18
1062,33.57,115.5,-999,-999,-999,200,14.14,358.86,18.94,0.89,0.46
1063,37.27,115.5,-999,-999,-999,200,14.14,403.18,20.08,0.79,-0.61
1064,41.17,115.5,-999,-999,-999,546.62,23.38,747.34,27.34,0.66,-0.75
1065,45.32,115.5,-999,-999,-999,592.8,24.35,1109.25,33.31,0.88,-0.47
1066,49.8,115.5,-999,-999,-999,200,14.14,1354.19,36.8,0.82,-0.57
1067,54.75,115.5,-999,-999,-999,516.45,22.73,1479.48,38.46,0.94,0.33
1068,60.42,115.5,-999,-999,-999,200,14.14,1320.23,36.33,1,0.06
1069,67.4,115.5,-999,-999,-999,200,14.14,644.75,25.39,-0.23,0.97
1070,-67.4,118.5,-999,-999,-999,200,14.14,157.38,12.55,-0.14,0.99
1071,-41.17,118.5,-999,-999,-999,200,14.14,207.61,14.41,0.2,-0.98
1072,-37.27,118.5,-999,-999,-999,200,14.14,373.05,19.31,0.57,-0.82
1073,-33.57,118.5,-999,-999,-999,200,14.14,527.4,22.97,-0.28,0.96
1074,-30.02,118.5,-999,-999,-999,200,14.14,183.89,13.56,-0.79,0.61
1075,1.51,118.5,1,0,0,0,0,0,0,0.95,0.32
1076,4.53,118.5,1,0,0,0,0,0,0,-0.69,0.73
1077,7.56,118.5,1,0,0,0,0,0,0,-0.33,-0.95
1078,26.59,118.5,-999,-999,-999,200,14.14,163.18,12.77,0.92,-0.39
1079,30.02,118.5,-999,-999,-999,200,14.14,266.96,16.34,0.91,-0.41
1080,33.57,118.5,1,0,0,200,14.14,146.76,12.11,0.94,0.34
1081,37.27,118.5,-999,-999,-999,200,14.14,256.55,16.02,0.18,-0.98
1082,41.17,118.5,-999,-999,-999,200,14.14,604.68,24.59,0.66,-0.75
1083,45.32,118.5,-999,-999,-999,200,14.14,907.02,30.12,0.88,-0.48
1084,49.8,118.5,-999,-999,-999,900.63,30.01,1186.23,34.44,0.73,-0.68
1085,54.75,118.5,-999,-999,-999,200,14.14,1297.81,36.03,0.97,0.25
1086,60.42,118.5,-999,-999,-999,200,14.14,1155.7,34,1,0.02
1087,67.4,118.5,-999,-999,-999,200,14.14,682.43,26.12,-0.36,0.93
1088,-67.4,121.5,-999,-999,-999,200,14.14,157.38,12.55,0.14,0.99
1089,-41.17,121.5,-999,-999,-999,63.92,7.99,45.98,6.78,0.91,0.41
1090,-37.27,121.5,-999,-999,-999,200,14.14,232.69,15.25,0.56,-0.83
1091,-33.57,121.5,-999,-999,-999,200,14.14,618.91,24.88,0.21,-0.98
1092,-30.02,121.5,-999,-999,-999,200,14.14,407.47,20.19,-0.84,0.54
1093,-26.59,121.5,-999,-999,-999,200,14.14,183.47,13.55,-0.27,0.96
1094,-4.53,121.5,-999,-999,-999,0,0,80.89,8.99,-0.69,0.73
1095,10.62,121.5,1,0,0,0,0,0,0,0.92,0.38
1096,16.83,121.5,1,0,0,0,0,0,0,0.39,0.92
1097,26.59,121.5,1,0,0,0,0,0,0,0.95,-0.3
1098,30.02,121.5,1,0,0,0,0,0,0,1,0.03
1099,33.57,121.5,1,0,0,0,0,0,0,0.91,0.41
1100,37.27,121.5,1,0,0,200,14.14,136.35,11.68,0.98,-0.21
1101,41.17,121.5,-999,-999,-999,200,14.14,452.44,21.27,0.86,-0.51
1102,45.32,121.5,-999,-999,-999,200,14.14,706.78,26.59,0.88,-0.48
1103,49.8,121.5,-999,-999,-999,200,14.14,1042.4,32.29,0.6,-0.8
1104,54.75,121.5,-999,-999,-999,200,14.14,1111.33,33.34,0.97,0.25
1105,60.42,121.5,-999,-999,-999,200,14.14,991.04,31.48,1,-0.03
1106,67.4,121.5,-999,-999,-999,524.68,22.91,733.95,27.09,0.02,1
1107,-67.4,124.5,-999,-999,-999,200,14.14,157.38,12.55,0.14,0.99
1108,-37.27,124.5,-999,-999,-999,200,14.14,197.1,14.04,0.22,-0.98
1109,-33.57,124.5,-999,-999,-999,200,14.14,605.81,24.61,-0.07,-1
1110,-30.02,124.5,-999,-999,-999,200,14.14,655.75,25.61,-0.54,0.84
1111,-26.59,124.5,-999,-999,-999,200,14.14,392.33,19.81,-0.9,0.44
1112,-1.51,124.5,1,0,0,0,0,0,0,0.51,0.86
1113,30.02,124.5,1,0,0,0,0,0,0,1,-0.01
1114,41.17,124.5,-999,-999,-999,200,14.14,247.97,15.75,0.86,-0.51
1115,45.32,124.5,-999,-999,-999,200,14.14,516.74,22.73,0.72,-0.69
1116,49.8,124.5,-999,-999,-999,200,14.14,934.15,30.56,0.4,-0.92
1117,54.75,124.5,-999,-999,-999,200,14.14,924.85,30.41,0.97,0.25
1118,60.42,124.5,-999,-999,-999,200,14.14,826.61,28.75,1,-0.08
1119,67.4,124.5,-999,-999,-999,461.42,21.48,735.73,27.12,-0.06,1
1120,-67.4,127.5,-999,-999,-999,351.38,18.75,157.38,12.55,0.14,0.99
1121,-37.27,127.5,-999,-999,-999,200,14.14,197.1,14.04,-0.22,-0.98
1122,-33.57,127.5,-999,-999,-999,200,14.14,605.81,24.61,-0.07,-1
1123,-30.02,127.5,-999,-999,-999,200,14.14,781.65,27.96,-0.07,1
1124,-26.59,127.5,-999,-999,-999,200,14.14,402.08,20.05,-0.13,0.99
1125,-1.51,127.5,1,0,0,0,0,0,0,-0.71,-0.71
1126,7.56,127.5,1,0,0,0,0,0,0,-0.26,0.97
1127,37.27,127.5,1,0,0,0,0,0,0,0.83,0.56
1128,41.17,127.5,1,0,0,487.11,22.07,45.98,6.78,0.91,-0.41
1129,45.32,127.5,1,0,0,200,14.14,388.19,19.7,0.32,-0.95
1130,49.8,127.5,1,0,0,200,14.14,751.76,27.42,1,0.1
1131,54.75,127.5,1,0,0,493.46,22.21,735.44,27.12,0.99,0.12
1132,60.42,127.5,1,0,0,200,14.14,663.05,25.75,0.99,-0.15
1133,67.4,127.5,-999,-999,-999,200,14.14,751.61,27.42,-0.18,0.98
1134,-67.4,130.5,-999,-999,-999,351.36,18.74,157.38,12.55,0.14,0.99
1135,-37.27,130.5,-999,-999,-999,200,14.14,306.47,17.51,-0.14,-0.99
1136,-33.57,130.5,-999,-999,-999,200,14.14,680.6,26.09,-0.44,-0.9
1137,-30.02,130.5,-999,-999,-999,200,14.14,854.12,29.23,-0.42,0.91
1138,-26.59,130.5,-999,-999,-999,200,14.14,532.8,23.08,-0.67,0.74
1139,-23.26,130.5,-999,-999,-999,200,14.14,294.96,17.17,0.53,0.85
1140,-13.71,130.5,1,0,0,0,0,0,0,-1,0.06
1141,1.51,130.5,-999,-999,-999,538.7,23.21,174.91,13.23,-0.32,0.95
1142,4.53,130.5,1,0,0,0,0,0,0,-0.19,0.98
1143,7.56,130.5,1,0,0,0,0,0,0,0.09,1
1144,33.57,130.5,-999,-999,-999,200,14.14,66.76,8.17,0.69,0.72
1145,37.27,130.5,1,0,0,0,0,0,0,1,0.08
1146,45.32,130.5,-999,-999,-999,200,14.14,313.2,17.7,0.89,-0.45
1147,49.8,130.5,1,0,0,514.42,22.68,537.41,23.18,1,0.09
1148,54.75,130.5,-999,-999,-999,1251.93,35.38,544.19,23.33,0.99,0.11
1149,60.42,130.5,-999,-999,-999,200,14.14,501.73,22.4,0.97,-0.25
1150,67.4,130.5,1,0,0,200,14.14,754.35,27.47,0.65,0.76
1151,-67.4,133.5,-999,-999,-999,351.33,18.74,157.38,12.55,0.14,0.99
1152,-41.17,133.5,-999,-999,-999,200,14.14,155.17,12.46,-0.8,-0.6
1153,-37.27,133.5,-999,-999,-999,200,14.14,429.41,20.72,-0.69,-0.72
1154,-33.57,133.5,-999,-999,-999,200,14.14,780.13,27.93,-0.38,-0.92
1155,-30.02,133.5,-999,-999,-999,200,14.14,713.18,26.71,0.36,0.93
1156,-26.59,133.5,-999,-999,-999,200,14.14,382,19.54,0.66,0.75
1157,-23.26,133.5,-999,-999,-999,200,14.14,256.49,16.02,-0.2,0.98
1158,1.51,133.5,-999,-999,-999,670.43,25.89,79.29,8.9,0.7,-0.71
1159,4.53,133.5,1,0,0,0,0,0,0,-0.31,0.95
1160,7.56,133.5,1,0,0,0,0,0,0,-0.11,0.99
1161,33.57,133.5,-999,-999,-999,200,14.14,78.3,8.85,0.6,-0.8
1162,41.17,133.5,1,0,0,0,0,0,0,0.51,-0.86
1163,45.32,133.5,1,0,0,1073.8,32.77,151.83,12.32,0.26,-0.96
1164,49.8,133.5,-999,-999,-999,200,14.14,323.03,17.97,1,0.1
1165,54.75,133.5,-999,-999,-999,403.74,20.09,352.88,18.79,0.99,0.12
1166,60.42,133.5,-999,-999,-999,615.68,24.81,346.33,18.61,0.91,-0.42
1167,67.4,133.5,-999,-999,-999,200,14.14,674.74,25.98,0.58,0.81
1168,-67.4,136.5,-999,-999,-999,351.3,18.74,157.38,12.55,0.14,0.99
1169,-41.17,136.5,-999,-999,-999,200,14.14,289.74,17.02,0.7,-0.71
1170,-37.27,136.5,-999,-999,-999,200,14.14,640.69,25.31,-0.86,-0.5
1171,-33.57,136.5,0,1,0,200,14.14,919.64,30.33,-0.6,-0.8
1172,-30.02,136.5,-999,-999,-999,200,14.14,609.69,24.69,0.41,0.91
1173,-26.59,136.5,-999,-999,-999,200,14.14,292.06,17.09,0.17,0.98
1174,4.53,136.5,1,0,0,0,0,0,0,0.85,0.52
1175,37.27,136.5,1,0,0,0,0,0,0,-0.93,-0.36
1176,41.17,136.5,1,0,0,0,0,0,0,-0.91,-0.42
1177,49.8,136.5,1,0,0,473.39,21.76,109.72,10.47,0.98,0.21
1178,54.75,136.5,-999,-999,-999,200,14.14,162.34,12.74,0.98,0.19
1179,60.42,136.5,-999,-999,-999,1006.21,31.72,211.04,14.53,0.68,-0.73
1180,67.4,136.5,1,0,0,200,14.14,606.2,24.62,0.48,0.88
1181,-67.4,139.5,-999,-999,-999,351.26,18.74,157.38,12.55,0.14,0.99
1182,-41.17,139.5,-999,-999,-999,200,14.14,155.17,12.46,0.8,-0.6
1183,-37.27,139.5,-999,-999,-999,200,14.14,541.21,23.26,0.23,-0.97
1184,-33.57,139.5,-999,-999,-999,200,14.14,946.28,30.76,0.78,0.63
1185,-30.02,139.5,1,0,0,200,14.14,559.85,23.66,-0.09,1
1186,-26.59,139.5,-999,-999,-999,200,14.14,183.47,13.55,-0.27,0.96
1187,-13.71,139.5,-999,-999,-999,303.14,17.41,63.14,7.95,0.85,-0.52
1188,41.17,139.5,1,0,0,0,0,0,0,0.41,-0.91
1189,45.32,139.5,1,0,0,0,0,0,0,0.26,0.96
1190,60.42,139.5,-999,-999,-999,1071.77,32.74,160.24,12.66,0.18,-0.98
1191,67.4,139.5,-999,-999,-999,200,14.14,553.08,23.52,0.34,0.94
1192,-67.4,142.5,-999,-999,-999,351.23,18.74,157.38,12.55,0.14,0.99
1193,-41.17,142.5,1,0,0,200,14.14,155.17,12.46,-0.8,-0.6
1194,-37.27,142.5,-999,-999,-999,200,14.14,541.21,23.26,-0.23,-0.97
1195,-33.57,142.5,-999,-999,-999,200,14.14,731.02,27.04,0.86,0.52
1196,-30.02,142.5,-999,-999,-999,200,14.14,478.87,21.88,0.72,0.69
1197,-26.59,142.5,-999,-999,-999,200,14.14,257.64,16.05,0.97,0.24
1198,-10.62,142.5,1,0,0,0,0,0,0,0.31,0.95
1199,45.32,142.5,1,0,0,0,0,0,0,0.89,0.45
1200,49.8,142.5,1,0,0,0,0,0,0,-0.91,-0.41
1201,54.75,142.5,1,0,0,0,0,0,0,0.95,0.32
1202,60.42,142.5,0,0,0,547.38,23.4,178.79,13.37,0.48,-0.88
1203,67.4,142.5,-999,-999,-999,200,14.14,520.24,22.81,0.17,0.99
1204,-67.4,145.5,-999,-999,-999,200,14.14,157.38,12.55,0.14,0.99
1205,-45.32,145.5,-999,-999,-999,200,14.14,190.92,13.82,0.2,-0.98
1206,-41.17,145.5,1,0,0,200,14.14,289.74,17.02,-0.7,-0.71
1207,-37.27,145.5,-999,-999,-999,200,14.14,651.64,25.53,-0.57,-0.82
1208,-33.57,145.5,-999,-999,-999,200,14.14,516.38,22.72,0.65,0.76
1209,-30.02,145.5,-999,-999,-999,200,14.14,267.38,16.35,0.55,0.83
1210,-16.83,145.5,-999,-999,-999,670.28,25.89,56.34,7.51,0.94,-0.33
1211,-10.62,145.5,1,0,0,0,0,0,0,0.26,0.97
1212,7.56,145.5,1,0,0,0,0,0,0,0.93,0.36
1213,60.42,145.5,-999,-999,-999,911.7,30.19,160.24,12.66,0.18,-0.98
1214,67.4,145.5,-999,-999,-999,200,14.14,511.69,22.62,0.03,1
1215,-67.4,148.5,-999,-999,-999,200,14.14,78.55,8.86,0.83,0.56
1216,-49.8,148.5,-999,-999,-999,200,14.14,96,9.8,0.38,0.93
1217,-45.32,148.5,-999,-999,-999,200,14.14,190.92,13.82,0.2,-0.98
1218,-41.17,148.5,1,0,0,200,14.14,353.25,18.8,0.81,-0.59
1219,-37.27,148.5,-999,-999,-999,200,14.14,488.42,22.1,1,0.03
1220,-33.57,148.5,-999,-999,-999,200,14.14,291.48,17.07,0.81,0.59
1221,-13.71,148.5,1,0,0,0,0,0,0,0.71,0.7
1222,60.42,148.5,-999,-999,-999,726.64,26.96,178.79,13.37,0.48,-0.88
1223,67.4,148.5,-999,-999,-999,200,14.14,454.87,21.33,0.44,0.9
1224,-41.17,151.5,1,0,0,200,14.14,127.13,11.28,0.99,0.14
1225,-37.27,151.5,-999,-999,-999,200,14.14,223.66,14.96,0.99,0.12
1226,-33.57,151.5,-999,-999,-999,200,14.14,78.3,8.85,0.6,0.8
1227,60.42,151.5,-999,-999,-999,509.28,22.57,95.06,9.75,0.88,-0.48
1228,67.4,151.5,1,0,0,604.19,24.58,412.05,20.3,0.22,0.98
1229,67.4,154.5,1,0,0,755.84,27.49,400.62,20.02,0.05,1
1230,-1.51,157.5,1,0,0,0,0,0,0,0.67,0.75
1231,54.75,157.5,0,0,0,0,0,0,0,0.24,-0.97
1232,60.42,157.5,1,0,0,0,0,0,0,-0.95,0.3
1233,67.4,157.5,-999,-999,-999,656.61,25.62,400.62,20.02,-0.05,1
1234,67.4,160.5,-999,-999,-999,343.56,18.54,400.62,20.02,0.05,1
1235,-1.51,163.5,1,0,0,0,0,0,0,0.64,0.77
1236,67.4,163.5,-999,-999,-999,520.21,22.81,395.08,19.88,0.77,-0.64
1237,60.42,166.5,0,0,0,0,0,0,0,-0.78,-0.63
1238,67.4,166.5,-999,-999,-999,1148.74,33.89,309.68,17.6,0.53,-0.85
1239,-7.56,169.5,1,0,0,0,0,0,0,-0.44,0.9
1240,67.4,169.5,-999,-999,-999,479.11,21.89,267.97,16.37,0.09,-1
1241,67.4,172.5,-999,-999,-999,941.55,30.68,267.97,16.37,0.09,-1
1242,-45.32,175.5,1,0,0,0,0,0,0,-0.93,0.38
1243,67.4,175.5,-999,-999,-999,850.45,29.16,190.69,13.81,0.59,-0.81
1244,-49.8,178.5,-999,-999,-999,671.59,25.91,109.72,10.47,0.98,-0.21
1245,-45.32,178.5,1,0,0,0,0,0,0,-0.74,-0.67
1246,-41.17,178.5,1,0,0,0,0,0,0,-0.91,-0.41
1247,-23.26,178.5,-999,-999,-999,0,0,96.81,9.84,0.52,-0.85
1248,67.4,178.5,-999,-999,0,497.53,22.31,157.38,12.55,0.14,-0.99