-44.82,-178.75,1,0,0
-41.25,-178.75,1,0,0
-14.48,-178.75,1,0,0
69.02,-178.75,0.0066973,0,0
69.02,-176.24,1,0,0
62.55,-173.73,0.015769,0,0
69.02,-173.73,1,0,0
62.55,-171.22,0.019298,0,0
69.02,-171.22,0.012425,0,0
62.55,-168.71,0.024276,0,0
69.02,-168.71,0.013846,0,0
62.55,-166.2,0.033245,0,0
69.02,-166.2,0.015631,0,0
62.55,-163.69,0.042759,0,0
69.02,-163.69,0.017861,0,0
62.55,-161.18,0.052534,0,0
69.02,-161.18,0.021421,0,0
57.32,-158.67,0.059651,0,0
62.55,-158.67,0.065962,0,0
69.02,-158.67,0.025833,0,0
62.55,-156.16,0.062905,0,0
69.02,-156.16,0.029362,0,0
57.32,-153.65,1,0,0
62.55,-153.65,0.086473,0,0
69.02,-153.65,0.038796,0,0
62.55,-151.14,0.095528,0,0
69.02,-151.14,0.053921,0,0
62.55,-148.63,0.078422,0,0
69.02,-148.63,0.083428,0,0
62.55,-146.12,0.21533,0,0
69.02,-146.12,0.15601,0,0
62.55,-143.61,0.14473,0,0
69.02,-143.61,1,0,0
62.55,-141.1,1,0,0
69.02,-141.1,1,0,1
62.55,-138.59,0.19777,0,0
69.02,-138.59,0.35149,0,0
62.55,-136.08,0.17521,0,0
69.02,-136.08,1,0,0
62.55,-133.57,0.17223,0,0
69.02,-133.57,1,0,0
62.55,-131.06,0,0,1
69.02,-131.06,0.17483,0,0
57.32,-128.55,0.11932,0,0
62.55,-128.55,0.16856,0,0
69.02,-128.55,0.14669,0,0
57.32,-126.04,0.051478,0,0
62.55,-126.04,0.13342,0,0
69.02,-126.04,0.091218,0,0
52.75,-123.53,0.053783,0,0
57.32,-123.53,1,0,0
62.55,-123.53,1,0,0
69.02,-123.53,0.054791,0,0
52.75,-121.02,1,0,0
57.32,-121.02,0.022409,0,0
62.55,-121.02,0.065486,0,0
69.02,-121.02,0.034649,0,0
41.25,-118.51,0.48924,0,0
44.82,-118.51,0.15147,0,0
48.63,-118.51,0.064002,0,0
52.75,-118.51,0.012835,0,0
57.32,-118.51,0.016297,0,0
62.55,-118.51,0.027532,0,0
69.02,-118.51,0.023113,0,0
37.87,-116,0.29465,0,0
41.25,-116,1,0,0
44.82,-116,0.092244,0,0
48.63,-116,0.02651,0,0
52.75,-116,0.0082895,0,0
57.32,-116,0.0243,0,0
62.55,-116,0.070433,0,0
69.02,-116,0.014166,0,0
34.64,-113.49,0.056314,0,0
37.87,-113.49,1,0,0
41.25,-113.49,0.30024,0,0
44.82,-113.49,1,0,0
48.63,-113.49,1,0,0
52.75,-113.49,1,0,0
57.32,-113.49,0.024311,0,0
62.55,-113.49,0.024931,0,0
69.02,-113.49,0.010469,0,0
34.64,-110.98,0,1,0
37.87,-110.98,1,1,1
41.25,-110.98,0,0,1
44.82,-110.98,1,1,0
48.63,-110.98,0.0072032,0,0
52.75,-110.98,1,0,0
57.32,-110.98,0.026871,0,0
62.55,-110.98,0.030336,0,0
69.02,-110.98,0.0092994,0,0
31.53,-108.47,0.0062919,0,0
34.64,-108.47,0,1,0
37.87,-108.47,1,1,0
41.25,-108.47,0.18906,0,0
44.82,-108.47,1,1,0
48.63,-108.47,1,0,0
52.75,-108.47,0.0051146,0,0
57.32,-108.47,0.028919,0,0
62.55,-108.47,0.014447,0,0
69.02,-108.47,0.0077405,0,0
28.52,-105.96,0.0018443,0,0
31.53,-105.96,0.0028289,0,0
34.64,-105.96,0,1,0
37.87,-105.96,0,1,0
41.25,-105.96,1,0,0
44.82,-105.96,1,0,0
48.63,-105.96,0.0058826,0,0
52.75,-105.96,0.0062469,0,0
57.32,-105.96,0.018662,0,0
62.55,-105.96,0.0068827,0,0
25.59,-103.45,0.0010762,0,0
28.52,-103.45,0.00091382,0,0
31.53,-103.45,0,1,0
34.64,-103.45,0.0073836,0,0
37.87,-103.45,0.026854,0,0
41.25,-103.45,0.026976,0,0
44.82,-103.45,1,0,0
48.63,-103.45,0.0066154,0,0
52.75,-103.45,0.0044688,0,0
57.32,-103.45,0.0049529,0,0
62.55,-103.45,0.0033744,0,0
19.94,-100.94,0.0009625,0,0
22.74,-100.94,0.00090175,0,0
25.59,-100.94,0.00057785,0,0
28.52,-100.94,0.00047081,0,0
31.53,-100.94,0.0012115,0,0
34.64,-100.94,0.0052572,0,0
37.87,-100.94,0,1,0
41.25,-100.94,0.015416,0,0
44.82,-100.94,0.01484,0,0
48.63,-100.94,0.0041453,0,0
52.75,-100.94,0.0020371,0,0
57.32,-100.94,0.0018196,0,0
62.55,-100.94,0.0021896,0,0
19.94,-98.43,0.0010787,0,0
22.74,-98.43,0.00081466,0,0
25.59,-98.43,0.00044567,0,0
28.52,-98.43,0.00048173,0,0
31.53,-98.43,0.00089405,0,0
34.64,-98.43,0,1,0
37.87,-98.43,0.008353,0,0
41.25,-98.43,0,1,0
44.82,-98.43,0.013159,0,0
48.63,-98.43,1,0,0
52.75,-98.43,0.0010376,0,0
57.32,-98.43,0.0010887,0,0
62.55,-98.43,0.0015881,0,0
17.19,-95.92,0.0010276,0,0
19.94,-95.92,0.0017346,0,0
22.74,-95.92,0.00077128,0,0
25.59,-95.92,0.00059944,0,0
28.52,-95.92,0.00069064,0,0
31.53,-95.92,0,1,0
34.64,-95.92,0,1,0
37.87,-95.92,0,1,0
41.25,-95.92,1,1,0
44.82,-95.92,0,1,0
48.63,-95.92,0.0011423,0,0
52.75,-95.92,0.00098909,0,0
57.32,-95.92,0.00098371,0,0
62.55,-95.92,0.0010113,0,0
69.02,-95.92,0.0020954,0,0
17.19,-93.41,1,0,0
19.94,-93.41,1,0,0
31.53,-93.41,0.0010892,0,0
34.64,-93.41,0.0016885,0,0
37.87,-93.41,0,1,0
41.25,-93.41,0,1,0
44.82,-93.41,0.0019212,0,0
48.63,-93.41,0.00080265,0,0
52.75,-93.41,0.00080144,0,0
57.32,-93.41,0.00098191,0,0
62.55,-93.41,0.00082272,0,0
17.19,-90.9,0.0008678,0,0
31.53,-90.9,0.00089893,0,0
34.64,-90.9,0.0017975,0,0
37.87,-90.9,0.0024041,0,0
41.25,-90.9,0.0017032,0,0
44.82,-90.9,0.00092052,0,0
48.63,-90.9,0.00044548,0,0
52.75,-90.9,0.00052938,0,0
57.32,-90.9,0.0013493,0,0
62.55,-90.9,0.00084959,0,0
14.48,-88.39,0.00053658,0,0
17.19,-88.39,0.00069691,0,0
34.64,-88.39,0.0017824,0,0
37.87,-88.39,0.001449,0,0
41.25,-88.39,0.00076162,0,0
44.82,-88.39,0.00043366,0,0
48.63,-88.39,0.00027068,0,0
52.75,-88.39,0.00050229,0,0
57.32,-88.39,0.00089108,0,0
62.55,-88.39,0.00059859,0,0
69.02,-88.39,0.0009028,0,0
14.48,-85.88,0.00033395,0,0
31.53,-85.88,0.00054738,0,0
34.64,-85.88,0.0011449,0,0
37.87,-85.88,0.00082794,0,0
41.25,-85.88,0.00038881,0,0
44.82,-85.88,0.00018651,0,0
48.63,-85.88,0.00016038,0,0
52.75,-85.88,0.00040277,0,0
57.32,-85.88,0.00044959,0,0
62.55,-85.88,0.00035079,0,0
69.02,-85.88,0.00056833,0,0
9.16,-83.37,5.6119e-05,0,0
11.81,-83.37,1,0,0
14.48,-83.37,1,0,0
31.53,-83.37,1,0,0
34.64,-83.37,0.00047331,0,0
37.87,-83.37,0.0003684,0,0
41.25,-83.37,0.00019043,0,0
44.82,-83.37,0.00016848,0,0
48.63,-83.37,0.0001135,0,0
52.75,-83.37,0.00026085,0,0
57.32,-83.37,0.00026848,0,0
62.55,-83.37,0.00024298,0,0
69.02,-83.37,0.00050689,0,0
31.53,-80.86,0.00026349,0,0
34.64,-80.86,0.00026445,0,0
37.87,-80.86,0.00018234,0,0
41.25,-80.86,0.00015187,0,0
44.82,-80.86,0.00012531,0,0
48.63,-80.86,8.7205e-05,0,0
52.75,-80.86,0.00025143,0,0
57.32,-80.86,0.00025143,0,0
62.55,-80.86,0.0002575,0,0
69.02,-80.86,0.00042296,0,0
-6.53,-78.35,0.001459,0,0
19.94,-78.35,1,0,0
34.64,-78.35,0.00028148,0,0
37.87,-78.35,0.00026872,0,0
41.25,-78.35,0.00018013,0,0
44.82,-78.35,0.00016212,0,0
48.63,-78.35,6.9169e-05,0,0
52.75,-78.35,0.00025351,0,0
57.32,-78.35,0.00032767,0,0
62.55,-78.35,0.00029714,0,0
69.02,-78.35,0.00030173,0,0
-9.16,-75.84,0.00067018,0,0
-6.53,-75.84,1,0,0
-3.91,-75.84,0.00088144,0,0
-1.3,-75.84,0.00032219,0,0
14.48,-75.84,1,0,0
34.64,-75.84,0.00036076,0,0
37.87,-75.84,0.00054139,0,0
41.25,-75.84,0.00024152,0,0
44.82,-75.84,0.00024897,0,0
48.63,-75.84,5.7304e-05,0,0
52.75,-75.84,0.00016993,0,0
57.32,-75.84,0.00022341,0,0
62.55,-75.84,0.00024929,0,0
69.02,-75.84,0.00023961,0,0
-14.48,-73.33,0.00055191,0,0
-11.81,-73.33,0.00031192,0,0
-9.16,-73.33,0.00037454,0,0
-6.53,-73.33,0.0011817,0,0
-3.91,-73.33,0,1,0
-1.3,-73.33,0.00024113,0,0
1.3,-73.33,0.00075072,0,0
3.91,-73.33,0.0010802,0,0
17.19,-73.33,1,0,0
19.94,-73.33,0,1,0
37.87,-73.33,0.00073807,0,0
41.25,-73.33,0.00037355,0,0
44.82,-73.33,0.00043689,0,0
48.63,-73.33,5.3036e-05,0,0
52.75,-73.33,7.8683e-05,0,0
57.32,-73.33,0.00010013,0,0
62.55,-73.33,0.00014329,0,0
69.02,-73.33,0.00017403,0,0
-52.75,-70.82,0.28336,0,0
-48.63,-70.82,0,0,1
-44.82,-70.82,1,0,0
-17.19,-70.82,0.0012387,0,0
-14.48,-70.82,0.0001727,0,0
-11.81,-70.82,0.00016216,0,0
-9.16,-70.82,0.00034202,0,0
-6.53,-70.82,0.0015665,0,0
-3.91,-70.82,0.0013025,0,0
-1.3,-70.82,0.00033008,0,0
1.3,-70.82,1,0,0
3.91,-70.82,0.0017975,0,0
6.53,-70.82,0.0014663,0,0
9.16,-70.82,0.00029772,0,0
41.25,-70.82,0.00058447,0,0
44.82,-70.82,0.00046558,0,0
48.63,-70.82,5.2535e-05,0,0
52.75,-70.82,3.1488e-05,0,0
57.32,-70.82,5.6528e-05,0,0
62.55,-70.82,8.7604e-05,0,0
69.02,-70.82,0.0001393,0,0
-69.02,-68.31,0.50025,0,0
-57.32,-68.31,1,0,0
-52.75,-68.31,0.33578,0,0
-48.63,-68.31,0.27413,0,0
-44.82,-68.31,0.10784,0,0
-41.25,-68.31,0.029121,0,0
-37.87,-68.31,0.010023,0,0
-34.64,-68.31,0.0067562,0,0
-31.53,-68.31,0.0074316,0,0
-19.94,-68.31,0,1,0
-17.19,-68.31,0,1,0
-14.48,-68.31,0.00026368,0,0
-11.81,-68.31,0.00027805,0,0
-9.16,-68.31,0.00076635,0,0
-6.53,-68.31,0.0011431,0,0
-3.91,-68.31,1,0,0
-1.3,-68.31,0.00016076,0,0
1.3,-68.31,0.00073841,0,0
3.91,-68.31,0.0019481,0,0
6.53,-68.31,0,1,0
17.19,-68.31,1,1,0
37.87,-68.31,1,0,0
41.25,-68.31,0.00046381,0,0
44.82,-68.31,0.00034461,0,0
48.63,-68.31,6.5028e-05,0,0
52.75,-68.31,1.3917e-05,0,0
57.32,-68.31,3.2739e-05,0,0
62.55,-68.31,5.7981e-05,0,0
69.02,-68.31,0.00012631,0,0
-57.32,-65.8,1,0,0
-48.63,-65.8,0.24806,0,0
-44.82,-65.8,0.13464,0,0
-41.25,-65.8,0.053354,0,0
-37.87,-65.8,0.014651,0,0
-34.64,-65.8,0.0058142,0,0
-31.53,-65.8,0.0050712,0,0
-28.52,-65.8,1,0,0
-25.59,-65.8,0,1,0
-22.74,-65.8,0.002792,0,0
-19.94,-65.8,0.0050532,0,0
-17.19,-65.8,0.00068243,0,0
-14.48,-65.8,0.00066961,0,0
-11.81,-65.8,0.00037017,0,0
-9.16,-65.8,0.00042028,0,0
-6.53,-65.8,1,0,0
-3.91,-65.8,0.00045159,0,0
-1.3,-65.8,0.00014343,0,0
1.3,-65.8,0.00013514,0,0
3.91,-65.8,0.00094915,0,0
6.53,-65.8,0.0037091,0,0
9.16,-65.8,0.00011416,0,0
14.48,-65.8,1,0,0
41.25,-65.8,1,0,0
44.82,-65.8,0.00016043,0,0
48.63,-65.8,0.00010253,0,0
52.75,-65.8,1.1639e-05,0,0
57.32,-65.8,3.6021e-05,0,0
62.55,-65.8,6.7963e-05,0,0
69.02,-65.8,0.00019263,0,0
-57.32,-63.29,0.50072,0,0
-44.82,-63.29,0.13461,0,0
-41.25,-63.29,0.047238,0,0
-37.87,-63.29,0.021262,0,0
-34.64,-63.29,0.0078154,0,0
-31.53,-63.29,0,1,0
-28.52,-63.29,0,1,0
-25.59,-63.29,0,1,0
-22.74,-63.29,0.0019495,0,0
-19.94,-63.29,0,1,0
-17.19,-63.29,0.0032279,0,0
-14.48,-63.29,0.0012725,0,0
-11.81,-63.29,0.0002764,0,0
-9.16,-63.29,0.00053528,0,0
-6.53,-63.29,1,0,0
-3.91,-63.29,0.00088466,0,0
-1.3,-63.29,0.00021411,0,0
1.3,-63.29,0.00015036,0,0
3.91,-63.29,0.0016566,0,0
6.53,-63.29,1,1,0
14.48,-63.29,1,0,0
44.82,-63.29,9.9878e-05,0,0
48.63,-63.29,0.00010568,0,0
52.75,-63.29,1.3162e-05,0,0
57.32,-63.29,4.3745e-05,0,0
62.55,-63.29,9.0234e-05,0,0
69.02,-63.29,0.00017218,0,0
-69.02,-60.78,0,0,1
-62.55,-60.78,0,0,1
-41.25,-60.78,0.053053,0,0
-37.87,-60.78,0.02169,0,0
-34.64,-60.78,0.0050686,0,0
-31.53,-60.78,0.0038599,0,0
-28.52,-60.78,0.0044524,0,0
-25.59,-60.78,0.0056332,0,0
-22.74,-60.78,0.0028881,0,0
-19.94,-60.78,0,1,0
-17.19,-60.78,0.0069153,0,0
-14.48,-60.78,0.0011101,0,0
-11.81,-60.78,0.0003172,0,0
-9.16,-60.78,0.00075073,0,0
-1.3,-60.78,0.00021128,0,0
1.3,-60.78,8.7611e-05,0,0
3.91,-60.78,0.00027674,0,0
6.53,-60.78,0.00091952,0,0
48.63,-60.78,7.8829e-05,0,0
52.75,-60.78,1.7806e-05,0,0
57.32,-60.78,5.857e-05,0,0
62.55,-60.78,0.00016353,0,0
69.02,-60.78,0.0002185,0,0
-37.87,-58.27,1,0,0
-34.64,-58.27,0.0052301,0,0
-31.53,-58.27,0.0035167,0,0
-28.52,-58.27,0.0020243,0,0
-25.59,-58.27,0.0021225,0,0
-22.74,-58.27,0.0047478,0,0
-19.94,-58.27,0.01369,0,0
-17.19,-58.27,0.010764,0,0
-14.48,-58.27,0.00044032,0,0
-11.81,-58.27,0.00032624,0,0
-9.16,-58.27,0.00078765,0,0
-1.3,-58.27,0.00012351,0,0
1.3,-58.27,7.5098e-05,0,0
3.91,-58.27,0.00017502,0,0
52.75,-58.27,2.8024e-05,0,0
57.32,-58.27,9.6373e-05,0,0
-41.25,-55.76,0,1,0
-28.52,-55.76,0.0017163,0,0
-25.59,-55.76,0.0011677,0,0
-22.74,-55.76,0.003311,0,0
-19.94,-55.76,0.0056851,0,0
-17.19,-55.76,0.0075079,0,0
-14.48,-55.76,0.00044056,0,0
-11.81,-55.76,0.0003638,0,0
-9.16,-55.76,0.00070538,0,0
-6.53,-55.76,0.0012266,0,0
-3.91,-55.76,0.00058844,0,0
-1.3,-55.76,9.9136e-05,0,0
1.3,-55.76,1,0,0
6.53,-55.76,1,0,0
52.75,-55.76,5.0112e-05,0,0
-41.25,-53.25,1,0,0
-34.64,-53.25,0.0032025,0,0
-31.53,-53.25,0.0015296,0,0
-28.52,-53.25,0.00095131,0,0
-25.59,-53.25,0.00070002,0,0
-22.74,-53.25,0.0011984,0,0
-19.94,-53.25,0.007313,0,0
-17.19,-53.25,0.0078864,0,0
-14.48,-53.25,0.0010083,0,0
-11.81,-53.25,0.00063302,0,0
-9.16,-53.25,0.00082196,0,0
-6.53,-53.25,1,0,0
-3.91,-53.25,0.00059812,0,0
-1.3,-53.25,1,0,0
1.3,-53.25,5.0094e-05,0,0
48.63,-53.25,2.9638e-05,0,0
-31.53,-50.74,0.0013643,0,0
-28.52,-50.74,0.00051643,0,0
-25.59,-50.74,0.00055973,0,0
-22.74,-50.74,0.0010289,0,0
-19.94,-50.74,0.0016462,0,0
-17.19,-50.74,0.003519,0,0
-14.48,-50.74,0.002593,0,0
-11.81,-50.74,0.0013462,0,0
-9.16,-50.74,0.0013175,0,0
-6.53,-50.74,0.0013275,0,0
-3.91,-50.74,0.00054821,0,0
-1.3,-50.74,0.00010729,0,0
1.3,-50.74,4.6211e-05,0,0
-31.53,-48.23,0.0012821,0,0
-28.52,-48.23,0.00061354,0,0
-25.59,-48.23,0.0002872,0,0
-22.74,-48.23,0.00042683,0,0
-19.94,-48.23,0.00033932,0,0
-17.19,-48.23,0.0022057,0,0
-14.48,-48.23,0.0020435,0,0
-11.81,-48.23,0.00089584,0,0
-9.16,-48.23,0.0010828,0,0
-6.53,-48.23,0.0011421,0,0
69.02,-48.23,0.00018002,0,0
-25.59,-45.72,0.00057419,0,0
-22.74,-45.72,0.00018663,0,0
-19.94,-45.72,0.00011165,0,0
-17.19,-45.72,0.0002015,0,0
-14.48,-45.72,0.00088866,0,0
-11.81,-45.72,0.00079664,0,0
-9.16,-45.72,1,0,0
-6.53,-45.72,1,0,0
-3.91,-45.72,0.00039961,0,0
62.55,-45.72,9.7773e-05,0,0
69.02,-45.72,0.00017596,0,0
-22.74,-43.21,0.00028294,0,0
-19.94,-43.21,7.48e-05,0,0
-17.19,-43.21,0.00010402,0,0
-14.48,-43.21,0.00014177,0,0
-11.81,-43.21,0.00024859,0,0
-9.16,-43.21,0.00096378,0,0
-6.53,-43.21,0.00075222,0,0
62.55,-43.21,9.215e-05,0,0
69.02,-43.21,0.00015297,0,0
-22.74,-40.7,1,0,0
-19.94,-40.7,0.00010703,0,0
-17.19,-40.7,5.7961e-05,0,0
-14.48,-40.7,9.8767e-05,0,0
-11.81,-40.7,0.00024977,0,0
-9.16,-40.7,0.00044887,0,0
-6.53,-40.7,0.00038066,0,0
62.55,-40.7,0.00027635,0,0
69.02,-40.7,0.00032007,0,0
-22.74,-38.19,0.00040707,0,0
-19.94,-38.19,0.00020747,0,0
-17.19,-38.19,0.00010199,0,0
-14.48,-38.19,9.8878e-05,0,0
-11.81,-38.19,8.0115e-05,0,0
-9.16,-38.19,0.00013553,0,0
-6.53,-38.19,0.00013897,0,0
62.55,-38.19,0.00021885,0,0
69.02,-38.19,0.00033414,0,0
-11.81,-35.68,0.00012065,0,0
-9.16,-35.68,8.2508e-05,0,0
69.02,-35.68,0.00033985,0,0
-9.16,-33.17,0.00011229,0,0
69.02,-33.17,0.00048758,0,0
69.02,-30.66,0.00071595,0,0
69.02,-28.15,0.0006817,0,0
69.02,-25.64,0.00019914,0,0
69.02,-23.13,0.00022538,0,0
69.02,-20.62,0.00018518,0,0
19.94,-18.11,2.8445e-07,0,0
9.16,-15.6,2.6406e-05,0,0
11.81,-15.6,1,0,0
14.48,-15.6,7.5552e-06,0,0
17.19,-15.6,8.418e-07,0,0
19.94,-15.6,1.5535e-07,0,0
22.74,-15.6,2.161e-07,0,0
6.53,-13.09,2.5306e-05,0,0
9.16,-13.09,9.0546e-06,0,0
11.81,-13.09,1.9986e-05,0,0
14.48,-13.09,3.5592e-06,0,0
17.19,-13.09,3.0424e-07,0,0
19.94,-13.09,9.3389e-08,0,0
22.74,-13.09,9.643e-08,0,0
25.59,-13.09,1.6381e-07,0,0
3.91,-10.58,2.832e-05,0,0
6.53,-10.58,1.0452e-05,0,0
9.16,-10.58,6.0063e-06,0,0
11.81,-10.58,5.5105e-06,0,0
14.48,-10.58,1.3524e-06,0,0
17.19,-10.58,1.4284e-07,0,0
19.94,-10.58,4.8404e-08,0,0
22.74,-10.58,8.5865e-08,0,0
25.59,-10.58,1.7541e-07,0,0
28.52,-10.58,4.57e-07,0,0
37.87,-10.58,1.8494e-06,0,0
41.25,-10.58,1.3261e-06,0,0
52.75,-10.58,8.3687e-05,0,0
3.91,-8.07,4.4225e-05,0,0
6.53,-8.07,1,0,0
9.16,-8.07,4.8492e-06,0,0
11.81,-8.07,2.8566e-06,0,0
14.48,-8.07,5.8433e-07,0,0
17.19,-8.07,1.0474e-07,0,0
19.94,-8.07,3.5221e-08,0,0
22.74,-8.07,6.1988e-08,0,0
25.59,-8.07,8.0225e-08,0,0
28.52,-8.07,0,1,0
31.53,-8.07,1,0,0
37.87,-8.07,1,0,0
41.25,-8.07,2.0907e-06,0,0
57.32,-8.07,1,0,0
3.91,-5.56,6.3787e-05,0,0
6.53,-5.56,1.8789e-05,0,0
9.16,-5.56,4.3381e-06,0,0
11.81,-5.56,2.179e-06,0,0
14.48,-5.56,5.5065e-07,0,0
17.19,-5.56,1.1071e-07,0,0
19.94,-5.56,4.3115e-08,0,0
22.74,-5.56,6.18e-08,0,0
25.59,-5.56,9.3277e-08,0,0
28.52,-5.56,1,1,0
31.53,-5.56,1,0,0
34.64,-5.56,0,1,0
37.87,-5.56,0,1,0
41.25,-5.56,1.457e-06,0,0
52.75,-5.56,0.00012745,0,0
3.91,-3.05,8.3939e-05,0,0
6.53,-3.05,2.3867e-05,0,0
9.16,-3.05,3.7136e-06,0,0
11.81,-3.05,1.3111e-06,0,0
14.48,-3.05,5.4836e-07,0,0
17.19,-3.05,1.3953e-07,0,0
19.94,-3.05,1.4916e-07,0,0
22.74,-3.05,4.6033e-07,0,0
25.59,-3.05,7.712e-07,0,0
28.52,-3.05,1,0,0
31.53,-3.05,1.8299e-06,0,0
34.64,-3.05,1,1,0
37.87,-3.05,1,1,0
41.25,-3.05,1,0,0
44.82,-3.05,8.4539e-07,0,0
3.91,-0.54,0.00017297,0,0
6.53,-0.54,2.9315e-05,0,0
9.16,-0.54,3.6498e-06,0,0
11.81,-0.54,1.0431e-06,0,0
14.48,-0.54,3.1151e-07,0,0
17.19,-0.54,1.7169e-07,0,0
19.94,-0.54,6.4656e-07,0,0
22.74,-0.54,1.3014e-06,0,0
25.59,-0.54,1.4929e-06,0,0
28.52,-0.54,2.4471e-07,0,0
31.53,-0.54,5.8872e-07,0,0
34.64,-0.54,1,0,0
37.87,-0.54,1,1,0
41.25,-0.54,0,1,0
44.82,-0.54,6.7396e-07,0,0
48.63,-0.54,3.6519e-05,0,0
57.32,-0.54,1,0,0
6.53,1.97,3.6762e-05,0,0
9.16,1.97,3.296e-06,0,0
11.81,1.97,6.8488e-07,0,0
14.48,1.97,2.5815e-07,0,0
17.19,1.97,1.8877e-07,0,0
19.94,1.97,2.1765e-07,0,0
22.74,1.97,3.2669e-07,0,0
25.59,1.97,1.3218e-06,0,0
28.52,1.97,7.5048e-07,0,0
31.53,1.97,1,0,0
34.64,1.97,8.1672e-06,0,0
37.87,1.97,0,1,0
41.25,1.97,0,1,0
44.82,1.97,1.2975e-06,0,0
48.63,1.97,1,0,0
3.91,4.48,0.00036434,0,0
6.53,4.48,2.8135e-05,0,0
9.16,4.48,1.3382e-06,0,0
11.81,4.48,3.9315e-07,0,0
14.48,4.48,1.4697e-07,0,0
17.19,4.48,2.3235e-07,0,0
19.94,4.48,1.1922e-07,0,0
22.74,4.48,5.3622e-07,0,0
25.59,4.48,2.8097e-06,0,0
28.52,4.48,0,1,0
34.64,4.48,1.1285e-05,0,0
37.87,4.48,0,1,0
41.25,4.48,1,0,0
44.82,4.48,0.00022457,0,0
48.63,4.48,1,0,0
57.32,4.48,0.00037586,0,0
1.3,6.99,1,0,0
3.91,6.99,1,0,0
6.53,6.99,1.7414e-05,0,0
9.16,6.99,8.3785e-07,0,0
11.81,6.99,2.4691e-07,0,0
14.48,6.99,1.4721e-07,0,0
17.19,6.99,1.0076e-07,0,0
19.94,6.99,1.3139e-07,0,0
22.74,6.99,1.0655e-06,0,0
25.59,6.99,4.9494e-06,0,0
28.52,6.99,5.8475e-06,0,0
44.82,6.99,1,1,0
48.63,6.99,1,0,0
52.75,6.99,1,0,0
62.55,6.99,0.00015643,0,0
-19.94,9.5,2.3598e-05,0,0
-6.53,9.5,2.0415e-05,0,0
-3.91,9.5,1.4457e-05,0,0
-1.3,9.5,1,0,0
1.3,9.5,9.8549e-05,0,0
3.91,9.5,4.0364e-05,0,0
6.53,9.5,1,0,0
9.16,9.5,5.9785e-07,0,0
11.81,9.5,3.4894e-07,0,0
14.48,9.5,2.2386e-07,0,0
17.19,9.5,1.4007e-07,0,0
19.94,9.5,1.6867e-07,0,0
22.74,9.5,1.4558e-06,0,0
25.59,9.5,1.0875e-05,0,0
28.52,9.5,1.7116e-05,0,0
31.53,9.5,1,0,0
37.87,9.5,1,0,0
41.25,9.5,2.2927e-06,0,0
44.82,9.5,1,0,0
48.63,9.5,1,1,0
57.32,9.5,0.00012469,0,0
62.55,9.5,7.5471e-05,0,0
-22.74,12.01,5.5356e-05,0,0
-19.94,12.01,1.4997e-05,0,0
-17.19,12.01,6.5222e-06,0,0
-14.48,12.01,8.411e-06,0,0
-11.81,12.01,6.9451e-06,0,0
-9.16,12.01,6.9143e-06,0,0
-6.53,12.01,9.5925e-06,0,0
-3.91,12.01,5.4253e-06,0,0
-1.3,12.01,5.7117e-06,0,0
1.3,12.01,4.3228e-06,0,0
3.91,12.01,3.4832e-06,0,0
6.53,12.01,1.5742e-06,0,0
9.16,12.01,5.8399e-07,0,0
11.81,12.01,5.1849e-07,0,0
14.48,12.01,4.5945e-07,0,0
17.19,12.01,1.5539e-07,0,0
19.94,12.01,2.7197e-07,0,0
22.74,12.01,2.2933e-06,0,0
25.59,12.01,1,0,0
28.52,12.01,0,1,0
37.87,12.01,1,0,0
41.25,12.01,1,0,0
44.82,12.01,1,0,0
48.63,12.01,1,0,0
62.55,12.01,5.532e-05,0,0
-28.52,14.52,0.00027202,0,0
-25.59,14.52,8.245e-05,0,0
-22.74,14.52,3.0734e-05,0,0
-19.94,14.52,1.0771e-05,0,0
-17.19,14.52,2.8734e-06,0,0
-14.48,14.52,1.7296e-06,0,0
-11.81,14.52,1.9634e-06,0,0
-9.16,14.52,1.9989e-06,0,0
-6.53,14.52,3.8026e-06,0,0
-3.91,14.52,5.4011e-06,0,0
-1.3,14.52,2.9151e-06,0,0
1.3,14.52,8.4841e-07,0,0
3.91,14.52,5.952e-07,0,0
6.53,14.52,6.2955e-07,0,0
9.16,14.52,8.1987e-07,0,0
11.81,14.52,8.6097e-07,0,0
14.48,14.52,8.2862e-07,0,0
17.19,14.52,2.2131e-07,0,0
19.94,14.52,7.2737e-07,0,0
22.74,14.52,4.7387e-06,0,0
25.59,14.52,3.6312e-05,0,0
28.52,14.52,3.2315e-05,0,0
31.53,14.52,1,0,0
34.64,14.52,1,0,0
37.87,14.52,1,0,0
41.25,14.52,1,0,0
44.82,14.52,1,1,0
48.63,14.52,1,0,0
52.75,14.52,1.0001e-05,0,0
62.55,14.52,5.9453e-05,0,0
-34.64,17.03,0.0039462,0,0
-31.53,17.03,1,0,0
-28.52,17.03,0,1,0
-25.59,17.03,0.00011386,0,0
-22.74,17.03,4.0984e-05,0,0
-19.94,17.03,0,1,0
-17.19,17.03,1.3371e-05,0,0
-14.48,17.03,1.525e-06,0,0
-11.81,17.03,8.5112e-07,0,0
-9.16,17.03,1.0978e-06,0,0
-6.53,17.03,2.5205e-06,0,0
-3.91,17.03,3.5255e-06,0,0
-1.3,17.03,1.6048e-06,0,0
1.3,17.03,4.2637e-07,0,0
3.91,17.03,4.505e-07,0,0
6.53,17.03,9.7502e-07,0,0
9.16,17.03,1.1467e-06,0,0
11.81,17.03,1.666e-06,0,0
14.48,17.03,6.9599e-07,0,0
17.19,17.03,4.117e-07,0,0
19.94,17.03,1.4292e-06,0,0
22.74,17.03,7.5526e-06,0,0
25.59,17.03,1,0,0
34.64,17.03,1,0,0
37.87,17.03,1,0,0
41.25,17.03,1,1,0
44.82,17.03,1,1,0
48.63,17.03,1,1,0
52.75,17.03,5.9179e-06,0,0
69.02,17.03,4.9907e-05,0,0
-37.87,19.54,1,0,0
-34.64,19.54,1,0,0
-31.53,19.54,0.0015051,0,0
-28.52,19.54,0.00066703,0,0
-25.59,19.54,0.0003949,0,0
-22.74,19.54,0.00018316,0,0
-19.94,19.54,0.00017726,0,0
-17.19,19.54,0.0001397,0,0
-14.48,19.54,1.8595e-05,0,0
-11.81,19.54,5.4633e-06,0,0
-9.16,19.54,5.3696e-06,0,0
-6.53,19.54,6.1672e-06,0,0
-3.91,19.54,3.8778e-06,0,0
-1.3,19.54,2.1607e-06,0,0
1.3,19.54,8.9483e-07,0,0
3.91,19.54,5.7997e-07,0,0
6.53,19.54,1.0324e-06,0,0
9.16,19.54,2.8084e-06,0,0
11.81,19.54,1.6422e-06,0,0
14.48,19.54,7.2582e-07,0,0
17.19,19.54,8.0063e-07,0,0
19.94,19.54,1.6102e-06,0,0
22.74,19.54,9.202e-06,0,0
25.59,19.54,4.9506e-05,0,0
37.87,19.54,1,0,0
41.25,19.54,1,0,0
44.82,19.54,1,0,0
48.63,19.54,8.6227e-06,0,0
52.75,19.54,3.16e-06,0,0
62.55,19.54,2.1913e-05,0,0
69.02,19.54,2.5891e-05,0,0
-34.64,22.05,0.0032766,0,0
-31.53,22.05,0.0018533,0,0
-28.52,22.05,0.0014579,0,0
-25.59,22.05,0.0012329,0,0
-22.74,22.05,0.00091676,0,0
-19.94,22.05,0.00083877,0,0
-17.19,22.05,0.000782,0,0
-14.48,22.05,0.00022188,0,0
-11.81,22.05,9.8486e-05,0,0
-9.16,22.05,7.8518e-05,0,0
-6.53,22.05,7.4542e-05,0,0
-3.91,22.05,3.4003e-05,0,0
-1.3,22.05,1.5862e-05,0,0
1.3,22.05,1.1035e-05,0,0
3.91,22.05,3.2641e-06,0,0
6.53,22.05,2.3379e-06,0,0
9.16,22.05,5.8343e-06,0,0
11.81,22.05,8.6025e-07,0,0
14.48,22.05,1.265e-06,0,0
17.19,22.05,1.6159e-06,0,0
19.94,22.05,2.6502e-06,0,0
22.74,22.05,1.2028e-05,0,0
25.59,22.05,5.5971e-05,0,0
28.52,22.05,3.2061e-05,0,0
34.64,22.05,1,0,0
37.87,22.05,1,0,0
41.25,22.05,1,1,0
44.82,22.05,1,1,0
48.63,22.05,1.934e-05,0,0
52.75,22.05,1.6898e-06,0,0
57.32,22.05,7.0526e-06,0,0
62.55,22.05,7.1742e-06,0,0
69.02,22.05,2.6743e-05,0,0
-34.64,24.56,0.0029961,0,0
-31.53,24.56,0.0014273,0,0
-28.52,24.56,0.00086621,0,0
-25.59,24.56,0.00045206,0,0
-22.74,24.56,0.0003542,0,0
-19.94,24.56,0.00023238,0,0
-17.19,24.56,0.00021202,0,0
-14.48,24.56,0.00028966,0,0
-11.81,24.56,0.0005822,0,0
-9.16,24.56,0.00043937,0,0
-6.53,24.56,0.00026727,0,0
-3.91,24.56,0.0001349,0,0
-1.3,24.56,6.1419e-05,0,0
1.3,24.56,3.105e-05,0,0
3.91,24.56,1.71e-05,0,0
6.53,24.56,4.9697e-06,0,0
9.16,24.56,4.0189e-06,0,0
11.81,24.56,1.2717e-06,0,0
14.48,24.56,2.0523e-06,0,0
17.19,24.56,3.1266e-06,0,0
19.94,24.56,4.3268e-06,0,0
22.74,24.56,1.4376e-05,0,0
25.59,24.56,5.8749e-05,0,0
28.52,24.56,6.6092e-05,0,0
31.53,24.56,1,1,0
34.64,24.56,1,1,0
37.87,24.56,1,1,0
41.25,24.56,1,0,0
44.82,24.56,1,1,0
48.63,24.56,1,0,0
52.75,24.56,1.1893e-06,0,0
57.32,24.56,6.8701e-06,0,0
62.55,24.56,4.9777e-06,0,0
69.02,24.56,2.4413e-05,0,0
-34.64,27.07,0.0044628,0,0
-31.53,27.07,0.00095934,0,0
-28.52,27.07,0.00040828,0,0
-25.59,27.07,0.00017553,0,0
-22.74,27.07,9.9947e-05,0,0
-19.94,27.07,4.453e-05,0,0
-17.19,27.07,4.267e-05,0,0
-14.48,27.07,8.5251e-05,0,0
-11.81,27.07,0.00018361,0,0
-9.16,27.07,7.8543e-05,0,0
-6.53,27.07,5.5652e-05,0,0
-3.91,27.07,2.0862e-05,0,0
-1.3,27.07,1.3281e-05,0,0
1.3,27.07,5.3206e-06,0,0
3.91,27.07,3.62e-06,0,0
6.53,27.07,5.0038e-06,0,0
9.16,27.07,3.6355e-06,0,0
11.81,27.07,1.9012e-06,0,0
14.48,27.07,3.1987e-06,0,0
17.19,27.07,5.0875e-06,0,0
19.94,27.07,7.412e-06,0,0
22.74,27.07,2.0001e-05,0,0
25.59,27.07,7.3026e-05,0,0
28.52,27.07,9.4572e-05,0,0
34.64,27.07,1,0,0
37.87,27.07,1,1,0
48.63,27.07,2.9409e-05,0,0
52.75,27.07,1.1623e-06,0,0
62.55,27.07,5.9439e-06,0,0
-31.53,29.58,0.0013104,0,0
-28.52,29.58,0.00033209,0,0
-25.59,29.58,0.00014397,0,0
-22.74,29.58,5.3885e-05,0,0
-19.94,29.58,1.7871e-05,0,0
-17.19,29.58,1.2984e-05,0,0
-14.48,29.58,3.6266e-05,0,0
-11.81,29.58,2.9367e-05,0,0
-9.16,29.58,1.9537e-05,0,0
-6.53,29.58,2.3552e-05,0,0
-3.91,29.58,2.3117e-05,0,0
-1.3,29.58,8.6307e-06,0,0
1.3,29.58,1.4727e-06,0,0
3.91,29.58,1.2164e-06,0,0
6.53,29.58,4.7245e-06,0,0
9.16,29.58,6.0592e-06,0,0
11.81,29.58,4.189e-06,0,0
14.48,29.58,6.4692e-06,0,0
17.19,29.58,1.065e-05,0,0
19.94,29.58,1.594e-05,0,0
22.74,29.58,5.6869e-05,0,0
25.59,29.58,0,1,0
34.64,29.58,1,1,0
37.87,29.58,1,1,0
44.82,29.58,0.00020174,0,0
48.63,29.58,3.1913e-05,0,0
52.75,29.58,1.1912e-06,0,0
57.32,29.58,3.904e-06,0,0
62.55,29.58,1.0891e-05,0,0
-25.59,32.09,0.00023239,0,0
-22.74,32.09,9.7438e-05,0,0
-19.94,32.09,3.6534e-05,0,0
-17.19,32.09,1.0156e-05,0,0
-14.48,32.09,1.7888e-05,0,0
-11.81,32.09,1.2619e-05,0,0
-9.16,32.09,2.6427e-05,0,0
-6.53,32.09,5.3711e-05,0,0
-3.91,32.09,7.514e-05,0,0
-1.3,32.09,2.4812e-05,0,0
1.3,32.09,2.4479e-06,0,0
3.91,32.09,8.7078e-07,0,0
6.53,32.09,4.2047e-06,0,0
9.16,32.09,1.4431e-05,0,0
11.81,32.09,1.5954e-05,0,0
14.48,32.09,2.171e-05,0,0
17.19,32.09,3.6576e-05,0,0
19.94,32.09,5.1837e-05,0,0
22.74,32.09,0,1,0
25.59,32.09,0,1,0
28.52,32.09,0.00021698,0,0
31.53,32.09,0,1,0
34.64,32.09,1,0,0
37.87,32.09,1,0,0
41.25,32.09,0.00018319,0,0
44.82,32.09,1,0,0
48.63,32.09,2.8839e-05,0,0
52.75,32.09,1.2628e-06,0,0
57.32,32.09,1.1572e-06,0,0
62.55,32.09,8.8195e-06,0,0
-69.02,34.6,0.84577,0,0
-17.19,34.6,1.5245e-05,0,0
-14.48,34.6,1.294e-05,0,0
-11.81,34.6,3.2126e-05,0,0
-9.16,34.6,0.00011903,0,0
-6.53,34.6,0.00017734,0,0
-3.91,34.6,0,1,0
-1.3,34.6,6.2754e-05,0,0
1.3,34.6,9.6611e-06,0,0
3.91,34.6,1.1355e-06,0,0
6.53,34.6,3.2105e-06,0,0
9.16,34.6,4.5298e-05,0,0
11.81,34.6,7.0368e-05,0,0
14.48,34.6,8.3958e-05,0,0
17.19,34.6,0.00021046,0,0
19.94,34.6,0.00018959,0,0
22.74,34.6,0,1,0
25.59,34.6,0.0001088,0,0
28.52,34.6,0.00010529,0,0
31.53,34.6,0.00018615,0,0
37.87,34.6,1,0,0
48.63,34.6,2.2162e-05,0,0
52.75,34.6,1.5726e-06,0,0
57.32,34.6,5.6727e-07,0,0
62.55,34.6,1.1433e-05,0,0
-25.59,37.11,0,1,0
-17.19,37.11,2.4504e-05,0,0
-14.48,37.11,5.5358e-05,0,0
-11.81,37.11,0.00011841,0,0
-9.16,37.11,0.0004727,0,0
-6.53,37.11,0.00062503,0,0
-3.91,37.11,0.00078634,0,0
-1.3,37.11,0,1,0
1.3,37.11,1.8804e-05,0,0
3.91,37.11,2.0867e-06,0,0
6.53,37.11,7.2811e-06,0,0
9.16,37.11,1,0,0
11.81,37.11,1,0,0
14.48,37.11,7.6826e-05,0,0
17.19,37.11,1,0,0
19.94,37.11,0.00018468,0,0
22.74,37.11,0.00037425,0,0
25.59,37.11,8.2491e-05,0,0
28.52,37.11,6.7996e-05,0,0
31.53,37.11,0.00012997,0,0
34.64,37.11,0.00012068,0,0
37.87,37.11,1,0,0
41.25,37.11,1,0,0
44.82,37.11,5.3908e-05,0,0
48.63,37.11,4.3285e-05,0,0
52.75,37.11,3.8117e-06,0,0
57.32,37.11,7.2739e-07,0,0
62.55,37.11,1.488e-05,0,0
-9.16,39.62,1,0,0
-3.91,39.62,1,1,0
1.3,39.62,3.5929e-05,0,0
3.91,39.62,4.0635e-06,0,0
6.53,39.62,1.7566e-05,0,0
9.16,39.62,0.00031,0,0
11.81,39.62,0,1,0
14.48,39.62,5.7968e-05,0,0
17.19,39.62,5.2115e-05,0,0
19.94,39.62,4.5943e-05,0,0
22.74,39.62,7.7001e-05,0,0
25.59,39.62,4.6599e-05,0,0
28.52,39.62,8.4059e-05,0,0
31.53,39.62,0,1,0
34.64,39.62,0.00022086,0,0
37.87,39.62,1,0,0
41.25,39.62,0.00057404,0,0
44.82,39.62,3.8685e-05,0,0
48.63,39.62,5.993e-05,0,0
52.75,39.62,1.5556e-05,0,0
57.32,39.62,1.4292e-06,0,0
62.55,39.62,1.2643e-05,0,0
-69.02,42.13,0.82778,0,0
1.3,42.13,3.3295e-05,0,0
3.91,42.13,6.1866e-06,0,0
6.53,42.13,3.1148e-05,0,0
11.81,42.13,0.00032348,0,0
14.48,42.13,4.1374e-05,0,0
17.19,42.13,1.7231e-05,0,0
19.94,42.13,1.4547e-05,0,0
22.74,42.13,2.2556e-05,0,0
25.59,42.13,4.2035e-05,0,0
28.52,42.13,0,1,0
31.53,42.13,0,1,0
37.87,42.13,0.00012177,0,0
41.25,42.13,1,0,0
52.75,42.13,5.5287e-05,0,0
57.32,42.13,3.4462e-06,0,0
62.55,42.13,4.6816e-06,0,0
-69.02,44.64,0.78514,0,0
-25.59,44.64,0.00018545,0,0
-22.74,44.64,7.7838e-05,0,0
-19.94,44.64,6.907e-05,0,0
1.3,44.64,5.2224e-05,0,0
3.91,44.64,1.4283e-05,0,0
6.53,44.64,2.7808e-05,0,0
9.16,44.64,0.00036269,0,0
11.81,44.64,0.00028888,0,0
14.48,44.64,4.5052e-05,0,0
17.19,44.64,1.1774e-05,0,0
19.94,44.64,9.1074e-06,0,0
22.74,44.64,2.2856e-05,0,0
25.59,44.64,7.6222e-05,0,0
28.52,44.64,0.00036913,0,0
31.53,44.64,0.0010386,0,0
34.64,44.64,0.0008168,0,0
37.87,44.64,7.9684e-05,0,0
41.25,44.64,0.00015527,0,0
57.32,44.64,7.2324e-06,0,0
62.55,44.64,2.1891e-06,0,0
-69.02,47.15,0.7713,0,0
-19.94,47.15,0.00020398,0,0
-17.19,47.15,7.4725e-05,0,0
-14.48,47.15,7.9315e-05,0,0
6.53,47.15,9.3353e-05,0,0
9.16,47.15,0,1,0
11.81,47.15,0.00022621,0,0
14.48,47.15,5.4892e-05,0,0
17.19,47.15,1.4043e-05,0,0
19.94,47.15,1.2991e-05,0,0
22.74,47.15,0,1,0
25.59,47.15,0.00012737,0,0
28.52,47.15,0.00049976,0,0
34.64,47.15,0,1,0
37.87,47.15,0.00011798,0,0
52.75,47.15,0.00026976,0,0
57.32,47.15,1.3724e-05,0,0
62.55,47.15,2.7261e-06,0,0
-69.02,49.66,0.79813,0,0
6.53,49.66,0,1,0
14.48,49.66,0.00010371,0,0
17.19,49.66,1.7536e-05,0,0
19.94,49.66,1.4037e-05,0,0
22.74,49.66,6.1367e-05,0,0
25.59,49.66,0.00025895,0,0
31.53,49.66,0.00051068,0,0
34.64,49.66,0,1,0
52.75,49.66,1,0,0
57.32,49.66,2.4922e-05,0,0
62.55,49.66,4.1548e-06,0,0
-69.02,52.17,0.78031,0,0
11.81,52.17,0,1,0
14.48,52.17,6.9984e-05,0,0
17.19,52.17,0,1,0
19.94,52.17,0,1,0
22.74,52.17,0.00010114,0,0
31.53,52.17,0.000181,0,0
34.64,52.17,0,1,0
37.87,52.17,0.00016781,0,0
41.25,52.17,6.851e-05,0,0
44.82,52.17,6.0282e-05,0,0
48.63,52.17,0.00018956,0,0
52.75,52.17,1,0,0
57.32,52.17,3.6085e-05,0,0
62.55,52.17,1.4449e-05,0,0
69.02,52.17,3.8355e-05,0,0
-69.02,54.68,0.77361,0,0
14.48,54.68,0,1,0
17.19,54.68,5.749e-05,0,0
19.94,54.68,2.2325e-05,0,0
22.74,54.68,0.0001713,0,0
28.52,54.68,0.00029592,0,0
31.53,54.68,5.2341e-05,0,0
34.64,54.68,0.00010165,0,0
37.87,54.68,0.00012924,0,0
41.25,54.68,8.1642e-05,0,0
44.82,54.68,0.00011964,0,0
48.63,54.68,0.00027692,0,0
52.75,54.68,0.00051205,0,0
57.32,54.68,2.5247e-05,0,0
62.55,54.68,6.9731e-05,0,0
-69.02,57.19,0.77731,0,0
19.94,57.19,5.6296e-05,0,0
25.59,57.19,0,1,0
28.52,57.19,0.00012614,0,0
31.53,57.19,1.7986e-05,0,0
34.64,57.19,1.6909e-05,0,0
37.87,57.19,1.9804e-05,0,0
41.25,57.19,4.565e-05,0,0
48.63,57.19,1,0,0
52.75,57.19,0.00039333,0,0
57.32,57.19,2.6921e-05,0,0
62.55,57.19,6.3679e-05,0,0
69.02,57.19,3.6689e-05,0,0
-69.02,59.7,0.80204,0,0
-17.19,59.7,8.6468e-05,0,0
28.52,59.7,5.599e-05,0,0
31.53,59.7,7.7711e-06,0,0
34.64,59.7,8.1046e-06,0,0
37.87,59.7,7.4925e-06,0,0
41.25,59.7,3.0577e-05,0,0
44.82,59.7,0.00013906,0,0
48.63,59.7,0,1,0
52.75,59.7,0.0002775,0,0
57.32,59.7,3.9451e-05,0,0
62.55,59.7,6.3345e-05,0,0
69.02,59.7,3.8858e-05,0,0
-69.02,62.21,0.83321,0,0
22.74,62.21,0.00011056,0,0
25.59,62.21,0.00015989,0,0
28.52,62.21,3.0728e-05,0,0
31.53,62.21,1,0,0
34.64,62.21,5.1762e-05,0,0
37.87,62.21,1.2451e-05,0,0
41.25,62.21,2.2003e-05,0,0
44.82,62.21,8.4303e-05,0,0
48.63,62.21,0.00047751,0,0
52.75,62.21,0.0001897,0,0
57.32,62.21,7.2312e-05,0,0
-69.02,64.72,0.87078,0,0
22.74,64.72,0,1,0
25.59,64.72,0.00012289,0,0
28.52,64.72,1.4943e-05,0,0
31.53,64.72,1.5974e-05,0,0
34.64,64.72,0.00015024,0,0
37.87,64.72,1.7695e-05,0,0
41.25,64.72,2.5709e-05,0,0
44.82,64.72,5.7038e-05,0,0
48.63,64.72,0.00023483,0,0
52.75,64.72,0.00011667,0,0
57.32,64.72,8.5237e-05,0,0
62.55,64.72,7.0627e-05,0,0
69.02,64.72,5.6004e-05,0,0
-69.02,67.23,0.94454,0,0
17.19,67.23,3.1704e-05,0,0
22.74,67.23,0.00012393,0,0
25.59,67.23,0,1,0
28.52,67.23,2.1038e-05,0,0
31.53,67.23,2.4121e-05,0,0
34.64,67.23,0,1,0
37.87,67.23,4.3902e-05,0,0
41.25,67.23,0,1,0
44.82,67.23,8.2927e-05,0,0
48.63,67.23,0.00015096,0,0
52.75,67.23,7.3829e-05,0,0
57.32,67.23,0.00010582,0,0
62.55,67.23,7.7002e-05,0,0
11.81,69.74,5.3595e-05,0,0
14.48,69.74,2.7624e-05,0,0
19.94,69.74,3.5972e-05,0,0
22.74,69.74,7.3302e-05,0,0
25.59,69.74,0,1,0
28.52,69.74,0,1,0
31.53,69.74,4.6234e-05,0,0
34.64,69.74,0.00071135,0,0
37.87,69.74,0.00067776,0,0
41.25,69.74,3.5346e-05,0,0
44.82,69.74,0.00015268,0,0
48.63,69.74,0.00010951,0,0
52.75,69.74,5.3902e-05,0,0
57.32,69.74,0.00010935,0,0
3.91,72.25,0.00019089,0,0
6.53,72.25,1,0,0
9.16,72.25,0.00015643,0,0
11.81,72.25,1,0,0
14.48,72.25,4.7525e-06,0,0
17.19,72.25,7.4256e-06,0,0
19.94,72.25,9.443e-06,0,0
22.74,72.25,2.8294e-05,0,0
25.59,72.25,2.5374e-05,0,0
28.52,72.25,6.5843e-06,0,0
31.53,72.25,0,1,0
34.64,72.25,0.00032152,0,0
37.87,72.25,0.00030442,0,0
41.25,72.25,7.0404e-05,0,0
44.82,72.25,0.00026519,0,0
48.63,72.25,0.00010936,0,0
52.75,72.25,4.8526e-05,0,0
57.32,72.25,4.3704e-05,0,0
62.55,72.25,9.1979e-05,0,0
-69.02,74.76,0.97136,0,0
6.53,74.76,1,0,0
9.16,74.76,0.00032485,0,0
11.81,74.76,8.4092e-05,0,0
14.48,74.76,5.5748e-06,0,0
17.19,74.76,1.1617e-06,0,0
19.94,74.76,4.2735e-06,0,0
22.74,74.76,3.7881e-05,0,0
25.59,74.76,2.3047e-05,0,0
28.52,74.76,0,1,0
31.53,74.76,0.0012362,0,0
34.64,74.76,0.00028426,0,0
37.87,74.76,6.5414e-05,0,0
41.25,74.76,0.00012044,0,0
44.82,74.76,0,1,0
48.63,74.76,0.00012657,0,0
52.75,74.76,0,1,0
57.32,74.76,2.7465e-05,0,0
62.55,74.76,0.00013812,0,0
-69.02,77.27,0,0,1
6.53,77.27,1,0,0
9.16,77.27,1,0,0
11.81,77.27,0.00012792,0,0
14.48,77.27,1.492e-05,0,0
17.19,77.27,2.5774e-06,0,0
19.94,77.27,1.8372e-05,0,0
22.74,77.27,9.5633e-05,0,0
25.59,77.27,1,0,0
28.52,77.27,3.0662e-06,0,0
31.53,77.27,0.0016492,0,0
34.64,77.27,0.00039544,0,0
37.87,77.27,4.4073e-05,0,0
41.25,77.27,0.00044215,0,0
44.82,77.27,0,1,0
48.63,77.27,0.00014927,0,0
52.75,77.27,2.2201e-05,0,0
57.32,77.27,3.882e-05,0,0
62.55,77.27,6.2156e-05,0,0
-69.02,79.78,0,0,1
14.48,79.78,3.9828e-05,0,0
17.19,79.78,9.464e-06,0,0
19.94,79.78,5.8858e-05,0,0
22.74,79.78,0,1,0
25.59,79.78,1,0,0
28.52,79.78,9.0923e-06,0,0
31.53,79.78,0.0022313,0,0
34.64,79.78,0.00054302,0,0
37.87,79.78,2.3334e-05,0,0
41.25,79.78,0.00076428,0,0
44.82,79.78,0.0005339,0,0
48.63,79.78,0.00013167,0,0
52.75,79.78,1.4958e-05,0,0
57.32,79.78,3.8051e-05,0,0
62.55,79.78,3.5357e-05,0,0
69.02,79.78,7.8483e-05,0,0
-69.02,82.29,0.90039,0,0
19.94,82.29,9.5084e-05,0,0
22.74,82.29,0.00010602,0,0
25.59,82.29,0.00010621,0,0
28.52,82.29,0.0052264,0,0
31.53,82.29,0.0026735,0,0
34.64,82.29,0.00064431,0,0
37.87,82.29,1.5915e-05,0,0
41.25,82.29,0,1,0
44.82,82.29,0.00087106,0,0
48.63,82.29,0.00017048,0,0
52.75,82.29,1.3658e-05,0,0
57.32,82.29,2.3082e-05,0,0
62.55,82.29,0,1,0
69.02,82.29,0.00010992,0,0
-69.02,84.8,0.85741,0,0
25.59,84.8,0.00015702,0,0
28.52,84.8,0.0019931,0,0
31.53,84.8,0.0028296,0,0
34.64,84.8,0.00071277,0,0
37.87,84.8,5.8414e-06,0,0
41.25,84.8,0.0012429,0,0
44.82,84.8,0,1,0
48.63,84.8,0.00015841,0,0
52.75,84.8,1.0989e-05,0,0
57.32,84.8,1.2808e-05,0,0
62.55,84.8,0.00013704,0,0
69.02,84.8,7.9536e-05,0,0
-69.02,87.31,0.82041,0,0
17.19,87.31,0.00039329,0,0
22.74,87.31,7.5075e-05,0,0
28.52,87.31,1,0,0
31.53,87.31,0.0026253,0,0
34.64,87.31,0.00062335,0,0
37.87,87.31,0,1,0
41.25,87.31,0,1,0
44.82,87.31,0.0010738,0,0
48.63,87.31,5.7139e-05,0,0
52.75,87.31,1.3559e-05,0,0
57.32,87.31,1.2504e-05,0,0
62.55,87.31,0.00010572,0,0
69.02,87.31,6.3283e-05,0,0
-69.02,89.82,0.787,0,0
17.19,89.82,1,0,0
19.94,89.82,1.5769e-05,0,0
22.74,89.82,1,0,0
25.59,89.82,0.0001221,0,0
28.52,89.82,9.3847e-05,0,0
31.53,89.82,0.0018088,0,0
34.64,89.82,0.0004554,0,0
37.87,89.82,8.9926e-06,0,0
41.25,89.82,0.00088181,0,0
44.82,89.82,0.00091598,0,0
48.63,89.82,0.00011349,0,0
52.75,89.82,1.9773e-05,0,0
57.32,89.82,1.1853e-05,0,0
62.55,89.82,5.4315e-05,0,0
69.02,89.82,8.6921e-05,0,0
-69.02,92.33,0.75069,0,0
19.94,92.33,4.8135e-05,0,0
22.74,92.33,1,0,0
25.59,92.33,1.7103e-05,0,0
28.52,92.33,9.5336e-05,0,0
31.53,92.33,0.00031396,0,0
34.64,92.33,0.00022932,0,0
37.87,92.33,2.5281e-05,0,0
41.25,92.33,0.00064565,0,0
44.82,92.33,0.00083136,0,0
48.63,92.33,0.00015113,0,0
52.75,92.33,3.9474e-05,0,0
57.32,92.33,1.4783e-05,0,0
62.55,92.33,3.7473e-05,0,0
69.02,92.33,5.1898e-05,0,0
-69.02,94.84,0.72296,0,0
6.53,94.84,3.9558e-05,0,0
17.19,94.84,3.0785e-05,0,0
19.94,94.84,3.099e-05,0,0
22.74,94.84,5.3198e-06,0,0
25.59,94.84,1.0114e-05,0,0
28.52,94.84,1,0,0
31.53,94.84,0.00079332,0,0
34.64,94.84,9.0262e-05,0,0
37.87,94.84,0.00016779,0,0
41.25,94.84,0,1,0
44.82,94.84,0.00075249,0,0
48.63,94.84,0.00013732,0,0
52.75,94.84,3.5645e-05,0,0
57.32,94.84,1.964e-05,0,0
62.55,94.84,2.77e-05,0,0
69.02,94.84,5.3578e-05,0,0
-69.02,97.35,0.70679,0,0
3.91,97.35,3.0788e-05,0,0
11.81,97.35,0,1,0
14.48,97.35,8.3828e-05,0,0
17.19,97.35,2.7369e-05,0,0
19.94,97.35,1,0,0
22.74,97.35,3.4364e-06,0,0
25.59,97.35,1,0,0
28.52,97.35,1,0,0
31.53,97.35,2.0841e-05,0,0
34.64,97.35,5.6454e-05,0,0
37.87,97.35,0.00041816,0,0
41.25,97.35,0.00083213,0,0
44.82,97.35,0.00047154,0,0
48.63,97.35,0.00014043,0,0
52.75,97.35,5.5018e-05,0,0
57.32,97.35,2.8229e-05,0,0
62.55,97.35,2.7132e-05,0,0
69.02,97.35,4.7683e-05,0,0
-69.02,99.86,0.68703,0,0
1.3,99.86,1.3189e-05,0,0
6.53,99.86,1,0,0
9.16,99.86,1,0,0
11.81,99.86,1,0,0
14.48,99.86,1,0,0
17.19,99.86,1.766e-05,0,0
19.94,99.86,2.3737e-05,0,0
22.74,99.86,1,0,0
25.59,99.86,6.9482e-06,0,0
28.52,99.86,1,0,0
31.53,99.86,1,0,0
34.64,99.86,3.2236e-05,0,0
37.87,99.86,0,1,0
41.25,99.86,0,1,0
44.82,99.86,0.00017655,0,0
48.63,99.86,0.00015969,0,0
52.75,99.86,0.00011285,0,0
57.32,99.86,5.5482e-05,0,0
62.55,99.86,3.4493e-05,0,0
69.02,99.86,5.9177e-05,0,0
-69.02,102.37,0.66451,0,0
3.91,102.37,1,0,0
6.53,102.37,1,0,0
9.16,102.37,1,0,0
17.19,102.37,2.9102e-05,0,0
19.94,102.37,5.9624e-05,0,0
22.74,102.37,1,0,0
25.59,102.37,1,0,0
28.52,102.37,1,0,0
31.53,102.37,4.6318e-05,0,0
34.64,102.37,1.7423e-05,0,0
37.87,102.37,0,1,0
41.25,102.37,0,1,0
44.82,102.37,0.0001242,0,0
48.63,102.37,0.00014676,0,0
52.75,102.37,0.00031926,0,0
57.32,102.37,9.8148e-05,0,0
62.55,102.37,6.024e-05,0,0
69.02,102.37,6.6247e-05,0,0
-69.02,104.88,0.64458,0,0
-1.3,104.88,1,0,0
1.3,104.88,1,0,0
6.53,104.88,1,0,0
9.16,104.88,1,0,0
14.48,104.88,8.6889e-05,0,0
17.19,104.88,2.0441e-05,0,0
22.74,104.88,1,0,0
25.59,104.88,1,0,0
28.52,104.88,1.9939e-05,0,0
31.53,104.88,3.6979e-05,0,0
34.64,104.88,3.2679e-05,0,0
37.87,104.88,9.0907e-05,0,0
41.25,104.88,0.00048287,0,0
44.82,104.88,0.00018988,0,0
48.63,104.88,0.0001168,0,0
52.75,104.88,0.0009868,0,0
57.32,104.88,0.00034653,0,0
62.55,104.88,0.00011506,0,0
69.02,104.88,8.4408e-05,0,0
-69.02,107.39,0.62497,0,0
6.53,107.39,1,0,0
14.48,107.39,1,0,0
19.94,107.39,1,0,0
22.74,107.39,1,0,0
25.59,107.39,1,0,0
28.52,107.39,1,0,0
31.53,107.39,1,0,0
34.64,107.39,4.0301e-05,0,0
37.87,107.39,0.00010029,0,0
41.25,107.39,0.00031278,0,0
44.82,107.39,0.0001362,0,0
48.63,107.39,0.00013491,0,0
52.75,107.39,0.00067919,0,0
57.32,107.39,1,0,0
62.55,107.39,0.00012093,0,0
69.02,107.39,0.00010737,0,0
-69.02,109.9,0.59958,0,0
-34.64,109.9,0.010042,0,0
-31.53,109.9,0.0041114,0,0
-6.53,109.9,0.001147,0,0
-3.91,109.9,1,0,0
11.81,109.9,1,0,0
22.74,109.9,1,0,0
25.59,109.9,1,0,0
28.52,109.9,1.8401e-05,0,0
34.64,109.9,9.0237e-05,0,0
37.87,109.9,0.00013963,0,0
41.25,109.9,0.00036048,0,0
44.82,109.9,0.00013725,0,0
48.63,109.9,0.00013898,0,0
52.75,109.9,0.00079644,0,0
57.32,109.9,1,0,0
62.55,109.9,0.00015799,0,0
69.02,109.9,0.00013811,0,0
-69.02,112.41,0.59121,0,0
-41.25,112.41,0.021859,0,0
-37.87,112.41,0.011351,0,0
-34.64,112.41,1,0,0
-31.53,112.41,0.0039498,0,0
-28.52,112.41,0.0022445,0,0
-6.53,112.41,0.0010261,0,0
-3.91,112.41,1,0,0
1.3,112.41,4.0345e-05,0,0
3.91,112.41,1,0,0
6.53,112.41,1,0,0
25.59,112.41,2.6631e-05,0,0
28.52,112.41,2.7039e-05,0,0
37.87,112.41,0.0004846,0,0
41.25,112.41,0.00051669,0,0
44.82,112.41,0.00015467,0,0
48.63,112.41,0.00017448,0,0
52.75,112.41,0.0012798,0,0
57.32,112.41,0.00066059,0,0
62.55,112.41,0.00025054,0,0
69.02,112.41,0.00020115,0,0
-69.02,114.92,0.56808,0,0
-37.87,114.92,0.011344,0,0
-34.64,114.92,0.0097273,0,0
-31.53,114.92,0.00435,0,0
-28.52,114.92,0.0021755,0,0
-1.3,114.92,1,0,0
1.3,114.92,0.0001073,0,0
3.91,114.92,1,0,0
6.53,114.92,1,0,0
25.59,114.92,3.7068e-05,0,0
28.52,114.92,1,0,0
31.53,114.92,0.00014924,0,0
37.87,114.92,0.00048494,0,0
44.82,114.92,0.00016941,0,0
48.63,114.92,0.00027346,0,0
52.75,114.92,0.0011787,0,0
57.32,114.92,0.0010185,0,0
62.55,114.92,0.00033692,0,0
69.02,114.92,0.00032444,0,0
-69.02,117.43,0.54423,0,0
-37.87,117.43,0.0099531,0,0
-34.64,117.43,0.012116,0,0
-31.53,117.43,0.0056745,0,0
-28.52,117.43,0.0020336,0,0
-1.3,117.43,1,0,0
1.3,117.43,1,0,0
3.91,117.43,1,0,0
6.53,117.43,1,0,0
28.52,117.43,1,0,0
31.53,117.43,0.00014138,0,0
34.64,117.43,1,0,0
41.25,117.43,1,0,0
44.82,117.43,0.00025565,0,0
48.63,117.43,0.00023455,0,0
52.75,117.43,0.0016355,0,0
57.32,117.43,0.0021198,0,0
62.55,117.43,0.00051271,0,0
69.02,117.43,0.00054085,0,0
-69.02,119.94,0.51972,0,0
-37.87,119.94,0.0083651,0,0
-34.64,119.94,0.0083891,0,0
-31.53,119.94,1,0,0
-28.52,119.94,0.0022561,0,0
-25.59,119.94,0.001184,0,0
6.53,119.94,1,0,0
17.19,119.94,1,0,0
25.59,119.94,0.00015803,0,0
28.52,119.94,1,0,0
34.64,119.94,1,0,0
41.25,119.94,0.00075241,0,0
44.82,119.94,0.00047282,0,0
48.63,119.94,0.0005293,0,0
52.75,119.94,0.001346,0,0
57.32,119.94,0.0031693,0,0
62.55,119.94,0.00073398,0,0
69.02,119.94,0.0008627,0,0
-69.02,122.45,0.49245,0,0
-37.87,122.45,0.0067907,0,0
-34.64,122.45,0.0059386,0,0
-31.53,122.45,0.010452,0,0
-28.52,122.45,0.0030345,0,0
-25.59,122.45,0.0011519,0,0
-22.74,122.45,0.00066209,0,0
-1.3,122.45,1,0,0
9.16,122.45,1,0,0
14.48,122.45,0.0005458,0,0
19.94,122.45,0.00023577,0,0
28.52,122.45,1,0,0
37.87,122.45,1,0,0
44.82,122.45,0.0004641,0,0
48.63,122.45,0.0014572,0,0
52.75,122.45,0.0026391,0,0
57.32,122.45,0.0041719,0,0
62.55,122.45,0.0010672,0,0
69.02,122.45,0.00086499,0,0
-69.02,124.96,0.47388,0,0
-37.87,124.96,0.0057845,0,0
-34.64,124.96,0.0039199,0,0
-31.53,124.96,0.010845,0,0
-28.52,124.96,0.0052945,0,0
-25.59,124.96,0.0012832,0,0
-6.53,124.96,0.00066535,0,0
-3.91,124.96,0.00051414,0,0
41.25,124.96,0.00042588,0,0
44.82,124.96,0.0003906,0,0
48.63,124.96,0.0017511,0,0
52.75,124.96,0.0073652,0,0
57.32,124.96,1,0,0
62.55,124.96,0.0016216,0,0
69.02,124.96,0.0015375,0,0
-69.02,127.47,0.45873,0,0
-37.87,127.47,0.0050348,0,0
-34.64,127.47,0.0030727,0,0
-31.53,127.47,0.0078574,0,0
-28.52,127.47,0.0061549,0,0
-25.59,127.47,0.001896,0,0
-22.74,127.47,0.0010856,0,0
-11.81,127.47,0.0011471,0,0
-9.16,127.47,0.00083769,0,0
37.87,127.47,1,0,0
41.25,127.47,1,0,0
44.82,127.47,1,0,0
48.63,127.47,0.0029187,0,0
52.75,127.47,0.017002,0,0
57.32,127.47,1,0,0
62.55,127.47,0.0024302,0,0
69.02,127.47,0.0010668,0,0
-69.02,129.98,0.43895,0,0
-37.87,129.98,0.0041384,0,0
-34.64,129.98,0.0040668,0,0
-31.53,129.98,0.0066229,0,0
-28.52,129.98,0.0059132,0,0
-25.59,129.98,0.0022411,0,0
-22.74,129.98,0.0014141,0,0
-19.94,129.98,0.0014498,0,0
-11.81,129.98,1,0,0
-9.16,129.98,0.00085319,0,0
-1.3,129.98,1,0,0
3.91,129.98,1,0,0
6.53,129.98,1,0,0
9.16,129.98,1,0,0
34.64,129.98,1,0,0
37.87,129.98,1,0,0
44.82,129.98,1,0,0
48.63,129.98,1,0,0
52.75,129.98,1,0,0
57.32,129.98,0.018859,0,0
62.55,129.98,0.0037881,0,0
69.02,129.98,1,0,0
-69.02,132.49,0.43191,0,0
-41.25,132.49,0.0076119,0,0
-37.87,132.49,0.0041654,0,0
-34.64,132.49,0.0031931,0,0
-31.53,132.49,0.0045227,0,0
-28.52,132.49,0.0054986,0,0
-25.59,132.49,0.0021488,0,0
-11.81,132.49,0.0019694,0,0
3.91,132.49,1,0,0
6.53,132.49,1,0,0
37.87,132.49,1,0,0
44.82,132.49,0.0017722,0,0
48.63,132.49,1,0,0
52.75,132.49,0.041769,0,0
57.32,132.49,0.036179,0,0
62.55,132.49,0.0067825,0,0
69.02,132.49,0.0012514,0,0
-69.02,135,0.41396,0,0
-41.25,135,0.0067052,0,0
-37.87,135,0.0028849,0,0
-34.64,135,0,1,0
-31.53,135,0.0036264,0,0
-28.52,135,1,0,0
-25.59,135,0.002498,0,0
-19.94,135,1,0,0
-11.81,135,0.0068698,0,0
37.87,135,1,0,0
48.63,135,0.019172,0,0
52.75,135,0.16455,0,0
62.55,135,0.0083396,0,0
69.02,135,1,0,0
-69.02,137.51,0.4025,0,0
-37.87,137.51,1,0,0
-34.64,137.51,0.0017276,0,0
-31.53,137.51,0.003667,0,0
-28.52,137.51,0.0052026,0,0
-11.81,137.51,0.0018373,0,0
6.53,137.51,1,0,0
37.87,137.51,0.0026226,0,0
41.25,137.51,1,0,0
48.63,137.51,1,0,0
52.75,137.51,1,0,0
62.55,137.51,0.010891,0,0
69.02,137.51,0.002589,0,0
-69.02,140.02,0.4043,0,0
-44.82,140.02,0.011529,0,0
-41.25,140.02,0.0062076,0,0
-37.87,140.02,0.0020377,0,0
-34.64,140.02,0.0018742,0,0
-31.53,140.02,0.0037959,0,0
-28.52,140.02,1,0,0
-25.59,140.02,0.0031059,0,0
-22.74,140.02,0.002586,0,0
-14.48,140.02,0.0028799,0,0
-11.81,140.02,0.0020353,0,0
41.25,140.02,1,0,0
44.82,140.02,1,0,0
48.63,140.02,1,0,0
62.55,140.02,0.01748,0,0
69.02,140.02,0.002772,0,0
-69.02,142.53,0.40386,0,0
-41.25,142.53,1,0,0
-37.87,142.53,0.0028618,0,0
-34.64,142.53,0.0029732,0,0
-31.53,142.53,0.0051184,0,0
-28.52,142.53,0.0055834,0,0
-25.59,142.53,0.0029242,0,0
44.82,142.53,1,0,0
48.63,142.53,1,0,1
52.75,142.53,1,0,1
57.32,142.53,1,0,1
62.55,142.53,0.026968,0,0
69.02,142.53,0.0062433,0,0
-69.02,145.04,0.40145,0,0
-48.63,145.04,0.025847,0,0
-44.82,145.04,0.0073313,0,0
-41.25,145.04,1,0,0
-37.87,145.04,0.0053195,0,0
-34.64,145.04,0.0043526,0,0
-31.53,145.04,0.0014853,0,0
-28.52,145.04,0.0043596,0,0
-11.81,145.04,1,0,0
9.16,145.04,1,0,0
48.63,145.04,1,0,0
62.55,145.04,0.046924,0,0
69.02,145.04,0.0048872,0,0
-69.02,147.55,0.40151,0,0
-41.25,147.55,0.0025343,0,0
-37.87,147.55,0.00085857,0,0
-34.64,147.55,0.0011272,0,0
-31.53,147.55,0.0008701,0,0
-28.52,147.55,1,0,0
-14.48,147.55,1,0,0
62.55,147.55,0.073232,0,0
69.02,147.55,0.0062911,0,0
-69.02,150.06,0.38638,0,0
-41.25,150.06,1,0,0
-37.87,150.06,0.00035046,0,0
-34.64,150.06,0.00022191,0,0
62.55,150.06,0.12252,0,0
69.02,150.06,0.0091199,0,0
-69.02,152.57,0.36564,0,0
-34.64,152.57,1,0,0
-28.52,152.57,0,1,0
62.55,152.57,1,0,0
69.02,152.57,0.011265,0,0
-69.02,155.08,0.3449,0,0
57.32,155.08,0.86804,0,0
62.55,155.08,1,0,0
69.02,155.08,1,0,0
-1.3,157.59,1,0,0
57.32,157.59,1,0,1
69.02,157.59,0.012739,0,0
57.32,160.1,0.86745,0,0
69.02,160.1,0.014227,0,0
-1.3,162.61,1,0,0
62.55,162.61,0.48507,0,0
69.02,162.61,0.012568,0,0
62.55,165.12,0,0,1
69.02,165.12,0.012049,0,0
69.02,167.63,0.012079,0,0
-9.16,170.14,1,0,0
62.55,170.14,0.2456,0,0
69.02,170.14,0.011569,0,0
69.02,172.65,0.011954,0,0
-44.82,175.16,1,0,0
-41.25,175.16,0.0043353,0,0
-37.87,175.16,1,0,0
69.02,175.16,0.012342,0,0
-48.63,177.67,0.036794,0,0
-44.82,177.67,1,0,0
-41.25,177.67,1,0,0
69.02,177.67,0.010839,0,0
