37.87,-110.98,1,0.75465,0.51167,0.93592
44.82,-110.98,1,0.21966,0.046162,0.46586
37.87,-108.47,1,0.80659,0.59461,0.95525
44.82,-108.47,1,0.24508,0.059495,0.49989
41.25,-95.92,1,0.95219,0.83244,0.99896
17.19,-68.31,1,0.32875,0.11638,0.59103
6.53,-63.29,1,0.23897,0.051717,0.51727
28.52,-5.56,1,0.50076,0.22003,0.7773
34.64,-3.05,1,0.47273,0.24451,0.71964
37.87,-3.05,1,0.62515,0.37073,0.85072
37.87,-0.54,1,0.51158,0.27757,0.75032
44.82,6.99,1,0.45723,0.24838,0.67603
48.63,9.5,1,0.31762,0.10082,0.57533
44.82,14.52,1,0.53275,0.31376,0.74789
41.25,17.03,1,0.41099,0.21059,0.63146
44.82,17.03,1,0.3519,0.15082,0.59421
48.63,17.03,1,0.21181,0.065491,0.41578
41.25,22.05,1,0.45106,0.23698,0.67449
44.82,22.05,1,0.32369,0.13412,0.5626
31.53,24.56,1,0.52851,0.28623,0.76581
34.64,24.56,1,0.33341,0.13611,0.57233
37.87,24.56,1,0.27113,0.10791,0.46947
44.82,24.56,1,0.44467,0.22619,0.67942
37.87,27.07,1,0.18924,0.058689,0.3701
34.64,29.58,1,0.4995,0.2732,0.73006
37.87,29.58,1,0.26971,0.09532,0.49352
-3.91,39.62,1,0.73338,0.37447,0.97022
69.02,-141.1,0,0.044141,1.2212e-08,0.23582
48.63,142.53,0,0.0024618,5.1442e-17,0.011457
52.75,142.53,0,0.0014251,6.2358e-16,0.0062986
57.32,142.53,0,0.0014992,1.3615e-13,0.0062573
57.32,157.59,0,0.0026203,1.4983e-15,0.012053
-44.82,-178.75,0,0.060403,7.9299e-13,0.34052
-41.25,-178.75,0,0.040675,1.0876e-13,0.2393
-14.48,-178.75,0,0.075755,3.9549e-08,0.38532
69.02,-176.24,0,0.014715,8.305e-19,0.078876
69.02,-173.73,0,0.006404,4.8255e-21,0.023137
57.32,-153.65,0,0.0040338,5.5355e-10,0.020929
69.02,-143.61,0,0.030121,3.4262e-09,0.16559
62.55,-141.1,0,0.0027402,1.8265e-11,0.013775
69.02,-136.08,0,0.039753,6.0791e-09,0.2149
69.02,-133.57,0,0.040327,8.753e-09,0.21788
57.32,-123.53,0,0.0049266,5.1016e-10,0.025182
62.55,-123.53,0,0.0051394,2.629e-11,0.027055
52.75,-121.02,0,0.0064065,1.62e-08,0.033584
41.25,-116,0,0.37636,0.13502,0.65698
37.87,-113.49,0,0.66998,0.39225,0.8977
44.82,-113.49,0,0.10824,0.011143,0.28497
48.63,-113.49,0,0.010093,8.3675e-06,0.048037
52.75,-113.49,0,0.0020989,6.2039e-10,0.0094109
52.75,-110.98,0,0.0035844,6.3619e-09,0.017729
48.63,-108.47,0,0.019042,5.0106e-05,0.086118
41.25,-105.96,0,0.77487,0.57293,0.92715
44.82,-105.96,0,0.23338,0.046229,0.50258
44.82,-103.45,0,0.36348,0.11766,0.65378
48.63,-98.43,0,0.35651,0.0706,0.70862
17.19,-93.41,0,0.37225,0.11106,0.67907
19.94,-93.41,0,0.17153,0.020734,0.4313
11.81,-83.37,0,0.32527,0.096388,0.61009
14.48,-83.37,0,0.32092,0.1081,0.5805
31.53,-83.37,0,0.49595,0.1901,0.80168
19.94,-78.35,0,0.24894,0.067069,0.4945
-6.53,-75.84,0,0.13826,0.02002,0.34066
14.48,-75.84,0,0.24467,0.070674,0.48158
17.19,-73.33,0,0.24857,0.07111,0.48662
-44.82,-70.82,0,0.14959,0.0063184,0.42359
1.3,-70.82,0,0.12714,0.024082,0.29671
-57.32,-68.31,0,0.033332,8.8961e-09,0.18498
-3.91,-68.31,0,0.27236,0.070654,0.53929
37.87,-68.31,0,0.13221,0.0035971,0.42773
-57.32,-65.8,0,0.0188,1.1379e-09,0.10285
-28.52,-65.8,0,0.70986,0.39678,0.94239
-6.53,-65.8,0,0.42849,0.14125,0.73773
14.48,-65.8,0,0.29903,0.097185,0.55076
41.25,-65.8,0,0.13482,0.0052352,0.41471
-6.53,-63.29,0,0.46503,0.16163,0.77286
14.48,-63.29,0,0.26815,0.081489,0.50635
-37.87,-58.27,0,0.36084,0.076486,0.71298
1.3,-55.76,0,0.10934,0.014976,0.27309
6.53,-55.76,0,0.12965,0.017488,0.32644
-41.25,-53.25,0,0.17878,0.013844,0.48028
-6.53,-53.25,0,0.1767,0.02663,0.41251
-1.3,-53.25,0,0.14861,0.027233,0.33463
-9.16,-45.72,0,0.19652,0.036755,0.42282
-6.53,-45.72,0,0.087119,0.0079049,0.23623
-22.74,-40.7,0,0.53222,0.27931,0.78177
11.81,-15.6,0,0.071392,0.00068615,0.23781
6.53,-8.07,0,0.10428,0.00023276,0.3698
31.53,-8.07,0,0.47501,0.21821,0.74065
37.87,-8.07,0,0.64405,0.40121,0.85144
57.32,-8.07,0,0.031711,0.00014476,0.13125
31.53,-5.56,0,0.4028,0.16671,0.66445
28.52,-3.05,0,0.39188,0.14161,0.68128
41.25,-3.05,0,0.59327,0.35775,0.81082
34.64,-0.54,0,0.38873,0.19029,0.61605
57.32,-0.54,0,0.04022,0.00031712,0.16037
31.53,1.97,0,0.43743,0.21673,0.66567
48.63,1.97,0,0.21736,0.043828,0.46006
41.25,4.48,0,0.40475,0.1939,0.63831
48.63,4.48,0,0.28456,0.075643,0.54378
1.3,6.99,0,0.068115,7.8285e-05,0.26701
3.91,6.99,0,0.050573,2.6192e-05,0.21304
48.63,6.99,0,0.31463,0.095859,0.57325
52.75,6.99,0,0.11312,0.0089362,0.31251
-1.3,9.5,0,0.094761,0.00078503,0.31682
6.53,9.5,0,0.11573,0.00046465,0.38434
31.53,9.5,0,0.41989,0.20287,0.65199
37.87,9.5,0,0.50749,0.29585,0.71974
44.82,9.5,0,0.48933,0.27212,0.71336
25.59,12.01,0,0.45471,0.21195,0.70759
37.87,12.01,0,0.36141,0.17344,0.57924
41.25,12.01,0,0.40319,0.21118,0.61627
44.82,12.01,0,0.37203,0.17964,0.59238
48.63,12.01,0,0.42679,0.18191,0.68093
31.53,14.52,0,0.36844,0.16403,0.59817
34.64,14.52,0,0.25322,0.094269,0.45222
37.87,14.52,0,0.31202,0.13101,0.53242
41.25,14.52,0,0.53368,0.318,0.74485
48.63,14.52,0,0.27368,0.090091,0.51121
-31.53,17.03,0,0.40839,0.10259,0.7553
25.59,17.03,0,0.56569,0.30499,0.81206
34.64,17.03,0,0.3979,0.17837,0.63289
37.87,17.03,0,0.40828,0.20077,0.63242
-37.87,19.54,0,0.22403,0.027143,0.53691
-34.64,19.54,0,0.3373,0.065687,0.68728
37.87,19.54,0,0.37836,0.17738,0.60074
41.25,19.54,0,0.38116,0.18983,0.59473
44.82,19.54,0,0.46494,0.24187,0.69653
34.64,22.05,0,0.16965,0.0439,0.35862
37.87,22.05,0,0.42312,0.20506,0.65261
41.25,24.56,0,0.37253,0.18359,0.57979
48.63,24.56,0,0.32878,0.14019,0.54818
34.64,27.07,0,0.1919,0.052699,0.39876
34.64,32.09,0,0.45637,0.22481,0.70339
37.87,32.09,0,0.28259,0.095632,0.51489
44.82,32.09,0,0.34538,0.14156,0.58576
37.87,34.6,0,0.32887,0.11654,0.57998
9.16,37.11,0,0.40303,0.12348,0.72147
11.81,37.11,0,0.49506,0.19482,0.79706
17.19,37.11,0,0.86261,0.6858,0.9756
37.87,37.11,0,0.40719,0.17504,0.66247
41.25,37.11,0,0.38906,0.15332,0.65828
-9.16,39.62,0,0.64104,0.29097,0.92639
37.87,39.62,0,0.48399,0.23208,0.7366
41.25,42.13,0,0.38517,0.15282,0.65486
52.75,49.66,0,0.19317,0.020185,0.483
52.75,52.17,0,0.20935,0.022197,0.5131
48.63,57.19,0,0.34269,0.071854,0.68922
31.53,62.21,0,0.86975,0.69196,0.97794
6.53,72.25,0,0.25902,0.017002,0.62968
11.81,72.25,0,0.24936,0.037169,0.55763
6.53,74.76,0,0.13607,0.0029951,0.4243
6.53,77.27,0,0.098214,0.0016496,0.33018
9.16,77.27,0,0.11819,0.004186,0.35814
25.59,77.27,0,0.56472,0.26353,0.83705
25.59,79.78,0,0.35032,0.094439,0.65244
28.52,87.31,0,0.14054,0.014904,0.35171
17.19,89.82,0,0.11504,0.010493,0.30843
22.74,89.82,0,0.06916,0.0021824,0.22117
22.74,92.33,0,0.071775,0.0016984,0.23014
28.52,94.84,0,0.052983,0.0005367,0.1854
19.94,97.35,0,0.072256,0.0010498,0.24787
25.59,97.35,0,0.018544,2.4369e-05,0.07491
28.52,97.35,0,0.044365,0.00016778,0.16717
6.53,99.86,0,0.03407,0.00012938,0.13615
9.16,99.86,0,0.068434,0.0015632,0.23199
11.81,99.86,0,0.11027,0.0065161,0.32065
14.48,99.86,0,0.1105,0.0072993,0.31339
22.74,99.86,0,0.015513,5.2062e-06,0.07236
28.52,99.86,0,0.012931,6.0894e-06,0.057911
31.53,99.86,0,0.092949,0.0019981,0.2939
3.91,102.37,0,0.013721,2.3994e-06,0.065905
6.53,102.37,0,0.038226,9.381e-05,0.15444
9.16,102.37,0,0.033517,0.0001715,0.13657
22.74,102.37,0,0.018179,5.9066e-06,0.082941
25.59,102.37,0,0.0032856,1.4615e-07,0.015878
28.52,102.37,0,0.0074834,9.6169e-07,0.035562
-1.3,104.88,0,0.011939,3.226e-09,0.067087
1.3,104.88,0,0.008122,2.0558e-08,0.044547
6.53,104.88,0,0.01905,1.0738e-05,0.086313
9.16,104.88,0,0.026183,0.00010753,0.10937
22.74,104.88,0,0.008342,6.4706e-07,0.040974
25.59,104.88,0,0.0050031,2.4301e-07,0.02422
6.53,107.39,0,0.0097891,1.432e-06,0.048304
14.48,107.39,0,0.043338,0.00074167,0.15837
19.94,107.39,0,0.013741,8.1286e-06,0.063288
22.74,107.39,0,0.0088827,7.7503e-07,0.043175
25.59,107.39,0,0.010652,7.691e-07,0.050944
28.52,107.39,0,0.013187,2.1394e-06,0.060788
31.53,107.39,0,0.05007,0.00018334,0.18906
57.32,107.39,0,0.41125,0.053266,0.80993
-3.91,109.9,0,0.01674,4.9617e-10,0.096156
11.81,109.9,0,0.015601,5.001e-05,0.065611
22.74,109.9,0,0.020151,5.3331e-06,0.088588
25.59,109.9,0,0.011098,8.1917e-07,0.052701
57.32,109.9,0,0.31721,0.024978,0.71755
-34.64,112.41,0,0.15287,0.014445,0.40453
-3.91,112.41,0,0.012081,8.5262e-11,0.06979
3.91,112.41,0,0.0050226,1.3304e-08,0.025781
6.53,112.41,0,0.0074082,2.2372e-07,0.037047
-1.3,114.92,0,0.0040058,3.6347e-12,0.020322
3.91,114.92,0,0.010221,4.4135e-08,0.052256
6.53,114.92,0,0.013092,3.5549e-07,0.065162
28.52,114.92,0,0.0077691,1.9929e-07,0.039299
-1.3,117.43,0,0.0035819,3.5853e-12,0.017839
1.3,117.43,0,0.0018038,1.8849e-11,0.0087699
3.91,117.43,0,0.0027752,9.4384e-10,0.013608
6.53,117.43,0,0.0043834,7.975e-09,0.023086
28.52,117.43,0,0.0035737,2.3777e-08,0.017886
34.64,117.43,0,0.033855,4.8698e-05,0.14197
41.25,117.43,0,0.055212,0.00014972,0.21479
-31.53,119.94,0,0.25217,0.046678,0.55377
6.53,119.94,0,0.0049615,4.5602e-09,0.026586
17.19,119.94,0,0.010845,7.0663e-06,0.050551
28.52,119.94,0,0.0024544,7.9841e-09,0.011544
34.64,119.94,0,0.013436,2.9514e-06,0.061785
-1.3,122.45,0,0.0052765,7.969e-11,0.028764
9.16,122.45,0,0.0053923,5.3754e-09,0.027014
28.52,122.45,0,0.0027452,1.5425e-08,0.013934
37.87,122.45,0,0.014491,7.683e-07,0.069144
57.32,124.96,0,0.022383,4.4023e-06,0.10571
37.87,127.47,0,0.014553,9.7468e-08,0.072598
41.25,127.47,0,0.015965,1.4793e-07,0.081346
44.82,127.47,0,0.0078808,2.9193e-09,0.042517
57.32,127.47,0,0.013068,4.3252e-07,0.065557
-11.81,129.98,0,0.017441,9.9444e-07,0.08734
-1.3,129.98,0,0.0028474,1.961e-10,0.015573
3.91,129.98,0,0.0058311,6.6483e-11,0.032087
6.53,129.98,0,0.011079,1.3902e-10,0.060095
9.16,129.98,0,0.0094491,3.8309e-10,0.048757
34.64,129.98,0,0.0092155,1.0606e-07,0.045696
37.87,129.98,0,0.02231,1.4506e-07,0.11058
44.82,129.98,0,0.0060349,2.5782e-10,0.034103
48.63,129.98,0,0.0063103,3.5374e-11,0.035937
52.75,129.98,0,0.0099367,3.0146e-09,0.05327
69.02,129.98,0,0.022365,2.2955e-08,0.11809
3.91,132.49,0,0.0063959,4.922e-11,0.035348
6.53,132.49,0,0.0044543,2.1014e-12,0.022688
37.87,132.49,0,0.017818,4.0483e-08,0.093098
48.63,132.49,0,0.0038721,4.0843e-13,0.020699
-28.52,135,0,0.48619,0.14667,0.82175
-19.94,135,0,0.058197,0.00052386,0.21427
37.87,135,0,0.0087939,5.2844e-09,0.047076
69.02,135,0,0.020674,2.7097e-09,0.11199
-37.87,137.51,0,0.069376,0.0022997,0.22972
6.53,137.51,0,0.0037962,1.094e-12,0.019028
41.25,137.51,0,0.0051594,6.5736e-11,0.027161
48.63,137.51,0,0.0025935,8.545e-16,0.0131
52.75,137.51,0,0.0011666,1.8283e-15,0.0046353
-28.52,140.02,0,0.42673,0.10755,0.75736
41.25,140.02,0,0.0061664,6.3736e-11,0.032459
44.82,140.02,0,0.004828,3.4368e-13,0.028846
48.63,140.02,0,0.0064685,3.3315e-15,0.03539
-41.25,142.53,0,0.062304,0.0005309,0.22985
44.82,142.53,0,0.0022112,1.3202e-14,0.012428
-41.25,145.04,0,0.080041,0.00091206,0.28058
-11.81,145.04,0,0.020656,3.8144e-07,0.10701
9.16,145.04,0,0.0037945,9.4006e-12,0.019159
48.63,145.04,0,0.0018918,3.6405e-17,0.0086685
-28.52,147.55,0,0.16366,0.020656,0.39869
-14.48,147.55,0,0.023169,1.3041e-06,0.11689
-41.25,150.06,0,0.036895,0.00013238,0.15076
-34.64,152.57,0,0.050816,0.0019623,0.16069
62.55,152.57,0,0.0051835,1.6586e-15,0.027303
62.55,155.08,0,0.0071486,1.6796e-15,0.03772
69.02,155.08,0,0.021057,2.2456e-12,0.12299
-1.3,157.59,0,0.0044152,2.1951e-11,0.022561
-1.3,162.61,0,0.0050983,2.146e-11,0.026159
-9.16,170.14,0,0.019151,3.4794e-08,0.10299
-44.82,175.16,0,0.047957,5.9076e-07,0.23744
-37.87,175.16,0,0.078248,5.2425e-05,0.3242
-44.82,177.67,0,0.02292,3.5137e-08,0.12267
-41.25,177.67,0,0.062034,3.3852e-06,0.29434
34.64,-110.98,1,0.7204,0.44309,0.9361
34.64,-108.47,1,0.71111,0.43511,0.93001
34.64,-105.96,1,0.79705,0.56304,0.96126
37.87,-105.96,1,0.86101,0.69276,0.97006
31.53,-103.45,1,0.67193,0.35114,0.92977
37.87,-100.94,1,0.87196,0.67672,0.98343
34.64,-98.43,1,0.92098,0.77116,0.995
41.25,-98.43,1,0.92684,0.78273,0.99553
31.53,-95.92,1,0.74406,0.47155,0.94749
34.64,-95.92,1,0.88239,0.69838,0.98813
37.87,-95.92,1,0.93326,0.79907,0.99673
44.82,-95.92,1,0.81133,0.52697,0.9781
37.87,-93.41,1,0.89146,0.70492,0.99179
41.25,-93.41,1,0.88717,0.66923,0.9945
-3.91,-73.33,1,0.19136,0.036344,0.43249
19.94,-73.33,1,0.23155,0.064137,0.45807
-19.94,-68.31,1,0.67443,0.35199,0.93017
-17.19,-68.31,1,0.47808,0.18202,0.79395
6.53,-68.31,1,0.20738,0.047474,0.4458
-25.59,-65.8,1,0.74718,0.4632,0.952
-31.53,-63.29,1,0.64402,0.32408,0.90141
-28.52,-63.29,1,0.85726,0.64123,0.98254
-25.59,-63.29,1,0.81582,0.55947,0.97464
-19.94,-63.29,1,0.80703,0.54247,0.97482
-19.94,-60.78,1,0.91503,0.73529,0.99631
-41.25,-55.76,1,0.2773,0.033497,0.63712
28.52,-8.07,1,0.44454,0.17829,0.72824
34.64,-5.56,1,0.55185,0.30458,0.794
37.87,-5.56,1,0.6448,0.3909,0.86301
41.25,-0.54,1,0.64467,0.41316,0.84663
37.87,1.97,1,0.42808,0.20972,0.66507
41.25,1.97,1,0.55985,0.32957,0.78114
28.52,4.48,1,0.42946,0.18785,0.68987
37.87,4.48,1,0.40502,0.2049,0.62982
28.52,12.01,1,0.43058,0.206,0.67436
-28.52,17.03,1,0.38048,0.092829,0.72834
-19.94,17.03,1,0.72151,0.44158,0.9279
25.59,29.58,1,0.82234,0.59189,0.97071
22.74,32.09,1,0.87041,0.66673,0.98396
25.59,32.09,1,0.90273,0.7373,0.99065
31.53,32.09,1,0.77033,0.56099,0.92904
-3.91,34.6,1,0.60031,0.20656,0.93413
22.74,34.6,1,0.82715,0.56586,0.98069
-25.59,37.11,1,0.33879,0.093602,0.64544
-1.3,37.11,1,0.75616,0.44199,0.96611
11.81,39.62,1,0.71344,0.42032,0.93568
31.53,39.62,1,0.80669,0.58464,0.95824
28.52,42.13,1,0.85464,0.66039,0.97486
31.53,42.13,1,0.9038,0.75482,0.98762
9.16,47.15,1,0.60149,0.31812,0.85661
22.74,47.15,1,0.88645,0.72542,0.98304
34.64,47.15,1,0.76384,0.50451,0.94875
6.53,49.66,1,0.53559,0.26785,0.79599
34.64,49.66,1,0.87564,0.68145,0.98569
11.81,52.17,1,0.6637,0.38783,0.89471
17.19,52.17,1,0.85325,0.67531,0.9704
19.94,52.17,1,0.89841,0.75984,0.98284
34.64,52.17,1,0.91583,0.76915,0.99183
14.48,54.68,1,0.65476,0.38312,0.88245
25.59,57.19,1,0.88305,0.72024,0.98133
48.63,59.7,1,0.44471,0.12394,0.79137
22.74,64.72,1,0.74808,0.5038,0.9341
25.59,67.23,1,0.83191,0.61023,0.97307
34.64,67.23,1,0.852,0.646,0.9775
41.25,67.23,1,0.92789,0.78163,0.99627
25.59,69.74,1,0.84314,0.61936,0.97831
28.52,69.74,1,0.86057,0.65662,0.98068
31.53,72.25,1,0.7928,0.54247,0.95698
28.52,74.76,1,0.73551,0.44698,0.93833
44.82,74.76,1,0.97054,0.88145,0.99977
52.75,74.76,1,0.82629,0.56007,0.98124
44.82,77.27,1,0.97746,0.90279,0.9999
22.74,79.78,1,0.42738,0.14695,0.73342
41.25,82.29,1,0.99607,0.98071,1
62.55,82.29,1,0.26809,0.040021,0.60667
44.82,84.8,1,0.99291,0.96508,1
37.87,87.31,1,0.94851,0.81574,0.99933
41.25,87.31,1,0.9933,0.96823,1
41.25,94.84,1,0.97577,0.89487,0.99996
11.81,97.35,1,0.088228,0.0054521,0.26185
37.87,99.86,1,0.85473,0.60139,0.99302
41.25,99.86,1,0.90583,0.68805,0.99846
37.87,102.37,1,0.7124,0.37933,0.96472
41.25,102.37,1,0.80973,0.49625,0.99007
-34.64,135,1,0.18932,0.024973,0.45875
-28.52,152.57,1,0.067551,0.0037708,0.21312
62.55,-131.06,0,0.0052866,5.2281e-11,0.027523
41.25,-110.98,0,0.52428,0.26325,0.77748
-48.63,-70.82,0,0.085846,0.00043592,0.30306
-69.02,-60.78,0,0.024054,3.0141e-10,0.12965
-62.55,-60.78,0,0.038703,3.1022e-09,0.2048
-69.02,77.27,0,0.026844,5.2172e-15,0.16401
-69.02,79.78,0,0.039798,4.9874e-14,0.2428
62.55,165.12,0,0.0055604,3.5493e-16,0.028641
-44.82,-176.24,NaN,0.051582,1.346e-12,0.2917
-44.82,-173.73,NaN,0.055102,7.1148e-12,0.30264
-44.82,-171.22,NaN,0.041812,4.7497e-12,0.23348
69.02,-166.2,NaN,0.010796,2.7595e-14,0.057393
69.02,-163.69,NaN,0.0055916,6.9331e-15,0.025508
69.02,-161.18,NaN,0.0061359,1.0157e-13,0.029539
69.02,-158.67,NaN,0.006502,7.3883e-13,0.031932
69.02,-156.16,NaN,0.0060991,1.8978e-12,0.029681
69.02,-153.65,NaN,0.0069949,8.2224e-12,0.035484
62.55,-151.14,NaN,0.0025457,1.407e-11,0.012715
69.02,-151.14,NaN,0.0070858,1.4094e-11,0.036604
62.55,-148.63,NaN,0.0045134,1.7683e-10,0.023331
69.02,-148.63,NaN,0.010559,7.4103e-11,0.058033
62.55,-146.12,NaN,0.0074255,1.1023e-09,0.039903
69.02,-146.12,NaN,0.018073,7.7531e-10,0.10054
62.55,-143.61,NaN,0.0034079,6.3021e-11,0.017998
62.55,-138.59,NaN,0.0046623,1.3086e-10,0.024913
69.02,-138.59,NaN,0.03753,5.9491e-09,0.2038
62.55,-136.08,NaN,0.0060291,2.2563e-10,0.032454
62.55,-133.57,NaN,0.0081926,5.2081e-10,0.045501
69.02,-131.06,NaN,0.020949,1.7537e-09,0.11744
62.55,-128.55,NaN,0.0048673,5.4562e-11,0.024785
69.02,-128.55,NaN,0.011777,2.8125e-10,0.064674
62.55,-126.04,NaN,0.0051983,4.1738e-11,0.028102
69.02,-126.04,NaN,0.0070985,1.0494e-10,0.037665
69.02,-123.53,NaN,0.0069254,2.3627e-10,0.037083
57.32,-121.02,NaN,0.0027642,1.5228e-10,0.013426
62.55,-121.02,NaN,0.0068895,2.7822e-10,0.037816
69.02,-121.02,NaN,0.015185,1.2314e-08,0.081844
57.32,-118.51,NaN,0.0025555,1.2315e-10,0.012675
62.55,-118.51,NaN,0.009249,2.1354e-09,0.050631
69.02,-118.51,NaN,0.015305,2.279e-08,0.081822
52.75,-116,NaN,0.0028012,2.5565e-09,0.01373
57.32,-116,NaN,0.0042038,1.4834e-09,0.02177
62.55,-116,NaN,0.01265,1.5536e-08,0.068805
69.02,-116,NaN,0.017103,5.5589e-08,0.089089
41.25,-113.49,NaN,0.39094,0.15469,0.66273
57.32,-113.49,NaN,0.0095883,5.099e-08,0.050084
62.55,-113.49,NaN,0.01955,1.4043e-07,0.10148
69.02,-113.49,NaN,0.015985,8.4951e-08,0.08201
48.63,-110.98,NaN,0.01095,9.8604e-06,0.052203
57.32,-110.98,NaN,0.028532,2.958e-06,0.14409
62.55,-110.98,NaN,0.041268,3.2116e-06,0.19628
69.02,-110.98,NaN,0.015724,1.3936e-07,0.079013
28.52,-108.47,NaN,0.58883,0.29944,0.85427
31.53,-108.47,NaN,0.6779,0.38621,0.91773
41.25,-108.47,NaN,0.65858,0.42487,0.85695
52.75,-108.47,NaN,0.0078092,3.2236e-07,0.04053
57.32,-108.47,NaN,0.047852,1.7875e-05,0.22379
62.55,-108.47,NaN,0.083417,3.5735e-05,0.35325
69.02,-108.47,NaN,0.017677,3.6266e-07,0.08919
25.59,-105.96,NaN,0.55912,0.27863,0.82457
28.52,-105.96,NaN,0.41602,0.13914,0.73674
31.53,-105.96,NaN,0.55382,0.23289,0.8661
48.63,-105.96,NaN,0.036635,0.00036903,0.14523
52.75,-105.96,NaN,0.029449,3.0473e-05,0.13365
57.32,-105.96,NaN,0.05993,4.9073e-05,0.26691
62.55,-105.96,NaN,0.089816,6.3328e-05,0.37267
69.02,-105.96,NaN,0.020806,9.5178e-07,0.10308
22.74,-103.45,NaN,0.3574,0.12129,0.6351
25.59,-103.45,NaN,0.37515,0.11658,0.68471
28.52,-103.45,NaN,0.51397,0.21431,0.81566
34.64,-103.45,NaN,0.7632,0.49331,0.95753
37.87,-103.45,NaN,0.80532,0.57377,0.96263
41.25,-103.45,NaN,0.78379,0.57531,0.93687
48.63,-103.45,NaN,0.13159,0.0090017,0.36403
52.75,-103.45,NaN,0.072167,0.00042643,0.27528
57.32,-103.45,NaN,0.084862,0.00020015,0.34435
62.55,-103.45,NaN,0.099694,0.00012868,0.39693
69.02,-103.45,NaN,0.024967,2.4106e-06,0.11883
22.74,-100.94,NaN,0.26587,0.057784,0.5549
25.59,-100.94,NaN,0.41215,0.13755,0.72002
28.52,-100.94,NaN,0.63396,0.32617,0.89803
31.53,-100.94,NaN,0.8083,0.55143,0.9718
34.64,-100.94,NaN,0.9003,0.74773,0.98875
41.25,-100.94,NaN,0.76405,0.49728,0.94903
44.82,-100.94,NaN,0.63256,0.3411,0.87494
48.63,-100.94,NaN,0.25869,0.036019,0.58339
52.75,-100.94,NaN,0.11767,0.0020397,0.38698
57.32,-100.94,NaN,0.12045,0.00072625,0.43582
62.55,-100.94,NaN,0.11281,0.00025651,0.428
69.02,-100.94,NaN,0.030388,6.2845e-06,0.13981
19.94,-98.43,NaN,0.21938,0.038129,0.49336
22.74,-98.43,NaN,0.35848,0.10031,0.67262
25.59,-98.43,NaN,0.34887,0.097941,0.66527
28.52,-98.43,NaN,0.50015,0.20348,0.80857
31.53,-98.43,NaN,0.79194,0.53471,0.96445
37.87,-98.43,NaN,0.9662,0.89381,0.99856
44.82,-98.43,NaN,0.74431,0.45436,0.94844
52.75,-98.43,NaN,0.18239,0.0071647,0.51511
57.32,-98.43,NaN,0.16816,0.002031,0.53725
62.55,-98.43,NaN,0.12953,0.00049972,0.4657
69.02,-98.43,NaN,0.033997,1.2083e-05,0.1538
19.94,-95.92,NaN,0.28834,0.057743,0.60698
22.74,-95.92,NaN,0.26109,0.053378,0.56657
25.59,-95.92,NaN,0.26391,0.063945,0.5457
28.52,-95.92,NaN,0.52147,0.2495,0.7925
48.63,-95.92,NaN,0.47706,0.13298,0.82689
52.75,-95.92,NaN,0.26553,0.019327,0.65053
57.32,-95.92,NaN,0.22916,0.0053722,0.64756
62.55,-95.92,NaN,0.1502,0.00097394,0.51142
69.02,-95.92,NaN,0.041033,2.6899e-05,0.17703
22.74,-93.41,NaN,0.22061,0.049951,0.4638
25.59,-93.41,NaN,0.33292,0.11729,0.59104
28.52,-93.41,NaN,0.484,0.22065,0.7598
31.53,-93.41,NaN,0.67027,0.38715,0.90768
34.64,-93.41,NaN,0.82331,0.59689,0.9727
44.82,-93.41,NaN,0.86232,0.60533,0.99126
48.63,-93.41,NaN,0.59044,0.20515,0.90893
52.75,-93.41,NaN,0.36291,0.041408,0.77145
57.32,-93.41,NaN,0.30184,0.012628,0.74933
62.55,-93.41,NaN,0.17545,0.0018165,0.55941
69.02,-93.41,NaN,0.049955,6.0263e-05,0.20644
17.19,-90.9,NaN,0.19637,0.039774,0.43027
28.52,-90.9,NaN,0.45422,0.18416,0.73806
31.53,-90.9,NaN,0.58197,0.28418,0.85502
34.64,-90.9,NaN,0.74626,0.47643,0.94543
37.87,-90.9,NaN,0.84282,0.61148,0.9821
41.25,-90.9,NaN,0.85571,0.61302,0.98916
44.82,-90.9,NaN,0.80816,0.49006,0.98596
48.63,-90.9,NaN,0.68586,0.28653,0.957
52.75,-90.9,NaN,0.46614,0.07546,0.86786
57.32,-90.9,NaN,0.3821,0.02447,0.83682
62.55,-90.9,NaN,0.20515,0.0033028,0.61111
69.02,-90.9,NaN,0.061007,0.00011972,0.23997
14.48,-88.39,NaN,0.26632,0.068821,0.53193
31.53,-88.39,NaN,0.48499,0.18999,0.78724
34.64,-88.39,NaN,0.68964,0.39434,0.92117
37.87,-88.39,NaN,0.80414,0.54485,0.97231
41.25,-88.39,NaN,0.83121,0.57051,0.98383
44.82,-88.39,NaN,0.80261,0.48026,0.98435
48.63,-88.39,NaN,0.76322,0.36813,0.98274
52.75,-88.39,NaN,0.56616,0.12388,0.93271
57.32,-88.39,NaN,0.46677,0.043149,0.90469
62.55,-88.39,NaN,0.23305,0.0052693,0.65278
69.02,-88.39,NaN,0.07436,0.00023972,0.2776
14.48,-85.88,NaN,0.29135,0.09335,0.54365
31.53,-85.88,NaN,0.48791,0.18554,0.79617
34.64,-85.88,NaN,0.66566,0.3538,0.90906
37.87,-85.88,NaN,0.77676,0.49649,0.96463
41.25,-85.88,NaN,0.81304,0.5362,0.9801
44.82,-85.88,NaN,0.80012,0.47471,0.98367
48.63,-85.88,NaN,0.67446,0.2462,0.96792
52.75,-85.88,NaN,0.65575,0.18376,0.96998
57.32,-85.88,NaN,0.38174,0.023945,0.84906
62.55,-85.88,NaN,0.18609,0.0029071,0.5661
69.02,-85.88,NaN,0.084855,0.00038621,0.30356
34.64,-83.37,NaN,0.69004,0.3815,0.92262
37.87,-83.37,NaN,0.77372,0.48469,0.96515
41.25,-83.37,NaN,0.80848,0.52116,0.97962
44.82,-83.37,NaN,0.68684,0.33877,0.94996
48.63,-83.37,NaN,0.63463,0.22509,0.94806
52.75,-83.37,NaN,0.53679,0.10135,0.92929
57.32,-83.37,NaN,0.33539,0.021423,0.78472
62.55,-83.37,NaN,0.16974,0.0030067,0.51886
69.02,-83.37,NaN,0.044487,8.8743e-05,0.18067
9.16,-80.86,NaN,0.18675,0.051779,0.38012
11.81,-80.86,NaN,0.24373,0.077255,0.46419
31.53,-80.86,NaN,0.48754,0.18819,0.788
34.64,-80.86,NaN,0.57889,0.25561,0.86452
37.87,-80.86,NaN,0.67436,0.34371,0.93068
41.25,-80.86,NaN,0.65245,0.31422,0.92604
44.82,-80.86,NaN,0.6139,0.26541,0.9113
48.63,-80.86,NaN,0.59007,0.19977,0.92202
52.75,-80.86,NaN,0.48481,0.090353,0.88349
57.32,-80.86,NaN,0.28861,0.018483,0.70842
62.55,-80.86,NaN,0.15083,0.002839,0.46651
69.02,-80.86,NaN,0.035881,7.0462e-05,0.14623
31.53,-78.35,NaN,0.28237,0.060085,0.5814
34.64,-78.35,NaN,0.49201,0.17552,0.80616
37.87,-78.35,NaN,0.53849,0.19911,0.8603
41.25,-78.35,NaN,0.54062,0.20444,0.86377
44.82,-78.35,NaN,0.54659,0.21236,0.86593
48.63,-78.35,NaN,0.54704,0.178,0.88908
52.75,-78.35,NaN,0.42947,0.078687,0.82133
57.32,-78.35,NaN,0.24229,0.015125,0.6177
62.55,-78.35,NaN,0.1349,0.0027929,0.41949
69.02,-78.35,NaN,0.02885,5.3802e-05,0.12145
-9.16,-75.84,NaN,0.19794,0.039172,0.4395
31.53,-75.84,NaN,0.24373,0.037907,0.5495
34.64,-75.84,NaN,0.32999,0.072288,0.65926
37.87,-75.84,NaN,0.4169,0.10516,0.77095
41.25,-75.84,NaN,0.44584,0.12709,0.79202
44.82,-75.84,NaN,0.47601,0.15934,0.80991
48.63,-75.84,NaN,0.48859,0.14619,0.83891
52.75,-75.84,NaN,0.37112,0.064307,0.74952
57.32,-75.84,NaN,0.19822,0.011824,0.52471
62.55,-75.84,NaN,0.10987,0.0021757,0.35128
69.02,-75.84,NaN,0.023163,4.2721e-05,0.098691
-14.48,-73.33,NaN,0.32328,0.10436,0.60102
-11.81,-73.33,NaN,0.30209,0.10181,0.55954
-9.16,-73.33,NaN,0.40109,0.14979,0.68199
-6.53,-73.33,NaN,0.35259,0.11098,0.63946
-1.3,-73.33,NaN,0.20556,0.05244,0.42836
34.64,-73.33,NaN,0.21129,0.022463,0.52953
37.87,-73.33,NaN,0.30911,0.047974,0.67264
41.25,-73.33,NaN,0.38046,0.084034,0.73744
44.82,-73.33,NaN,0.42286,0.12445,0.75895
48.63,-73.33,NaN,0.43886,0.12325,0.78763
52.75,-73.33,NaN,0.31393,0.050897,0.665
57.32,-73.33,NaN,0.15788,0.009095,0.43187
62.55,-73.33,NaN,0.093739,0.002004,0.30441
69.02,-73.33,NaN,0.01876,3.0711e-05,0.081346
-69.02,-70.82,NaN,0.042342,1.3666e-08,0.22874
-52.75,-70.82,NaN,0.044448,5.5265e-06,0.19991
-17.19,-70.82,NaN,0.44496,0.16534,0.75807
-14.48,-70.82,NaN,0.51479,0.25598,0.77798
-11.81,-70.82,NaN,0.56861,0.29611,0.82082
-9.16,-70.82,NaN,0.50259,0.2099,0.79417
-6.53,-70.82,NaN,0.47366,0.18001,0.77085
-3.91,-70.82,NaN,0.39738,0.13315,0.69688
-1.3,-70.82,NaN,0.32302,0.11287,0.57762
37.87,-70.82,NaN,0.25022,0.024975,0.60319
41.25,-70.82,NaN,0.30709,0.047792,0.66413
44.82,-70.82,NaN,0.3422,0.080358,0.67365
48.63,-70.82,NaN,0.40115,0.10767,0.7432
52.75,-70.82,NaN,0.26034,0.039687,0.57651
57.32,-70.82,NaN,0.12034,0.0065035,0.34523
62.55,-70.82,NaN,0.070965,0.0013536,0.23963
69.02,-70.82,NaN,0.015509,2.2636e-05,0.068302
-69.02,-68.31,NaN,0.025733,1.1916e-09,0.13948
-52.75,-68.31,NaN,0.036141,3.2567e-06,0.16421
-44.82,-68.31,NaN,0.13998,0.00572,0.40728
-41.25,-68.31,NaN,0.27438,0.042311,0.59935
-37.87,-68.31,NaN,0.34417,0.086232,0.65995
-34.64,-68.31,NaN,0.45422,0.18047,0.7454
-31.53,-68.31,NaN,0.57943,0.26577,0.86133
-14.48,-68.31,NaN,0.69261,0.40786,0.91734
-11.81,-68.31,NaN,0.66894,0.37308,0.90391
-9.16,-68.31,NaN,0.6192,0.29644,0.88648
-6.53,-68.31,NaN,0.44292,0.15571,0.74602
-1.3,-68.31,NaN,0.15302,0.032665,0.34062
1.3,-68.31,NaN,0.12192,0.018995,0.30149
41.25,-68.31,NaN,0.23611,0.02361,0.57825
44.82,-68.31,NaN,0.29562,0.058998,0.61341
48.63,-68.31,NaN,0.3793,0.10039,0.71368
52.75,-68.31,NaN,0.2119,0.029173,0.49067
57.32,-68.31,NaN,0.08995,0.0044918,0.26906
62.55,-68.31,NaN,0.057068,0.00099873,0.19671
69.02,-68.31,NaN,0.013251,1.8741e-05,0.058666
-69.02,-65.8,NaN,0.052397,1.746e-08,0.27272
-44.82,-65.8,NaN,0.16258,0.0079178,0.4512
-41.25,-65.8,NaN,0.24432,0.032192,0.56159
-37.87,-65.8,NaN,0.5329,0.20336,0.84086
-34.64,-65.8,NaN,0.64284,0.34344,0.88822
-31.53,-65.8,NaN,0.60263,0.29156,0.88245
-22.74,-65.8,NaN,0.67106,0.36879,0.91828
-19.94,-65.8,NaN,0.60065,0.27117,0.89449
-17.19,-65.8,NaN,0.70996,0.42345,0.93028
-14.48,-65.8,NaN,0.73375,0.44032,0.94277
-11.81,-65.8,NaN,0.76777,0.46786,0.95829
-9.16,-65.8,NaN,0.65416,0.3242,0.91086
-3.91,-65.8,NaN,0.27056,0.073299,0.52939
-1.3,-65.8,NaN,0.16982,0.04057,0.3653
37.87,-65.8,NaN,0.16006,0.0074195,0.4732
44.82,-65.8,NaN,0.27834,0.053551,0.58659
48.63,-65.8,NaN,0.34288,0.085008,0.66681
52.75,-65.8,NaN,0.15749,0.018429,0.39326
57.32,-65.8,NaN,0.065682,0.0028029,0.20697
62.55,-65.8,NaN,0.046358,0.000766,0.16417
69.02,-65.8,NaN,0.012123,1.7072e-05,0.054111
-69.02,-63.29,NaN,0.021971,3.3698e-10,0.12002
-44.82,-63.29,NaN,0.09197,0.002788,0.29184
-41.25,-63.29,NaN,0.18082,0.017101,0.46034
-37.87,-63.29,NaN,0.40328,0.11144,0.73825
-34.64,-63.29,NaN,0.56423,0.24232,0.85076
-22.74,-63.29,NaN,0.74051,0.45378,0.94938
-17.19,-63.29,NaN,0.8331,0.58485,0.98003
-14.48,-63.29,NaN,0.80358,0.53114,0.97072
-11.81,-63.29,NaN,0.77907,0.46041,0.96928
-9.16,-63.29,NaN,0.67748,0.34497,0.92476
-3.91,-63.29,NaN,0.33103,0.10383,0.60818
-1.3,-63.29,NaN,0.22867,0.065227,0.45182
1.3,-63.29,NaN,0.1244,0.012932,0.33811
41.25,-63.29,NaN,0.13168,0.0056436,0.3966
44.82,-63.29,NaN,0.23494,0.038914,0.52374
48.63,-63.29,NaN,0.27762,0.05835,0.58219
52.75,-63.29,NaN,0.11872,0.012082,0.31445
57.32,-63.29,NaN,0.047079,0.0016247,0.15691
62.55,-63.29,NaN,0.038627,0.0005698,0.13989
69.02,-63.29,NaN,0.0085218,9.0953e-06,0.038338
-37.87,-60.78,NaN,0.44188,0.12661,0.77857
-34.64,-60.78,NaN,0.49845,0.19146,0.80169
-31.53,-60.78,NaN,0.6466,0.33173,0.8998
-28.52,-60.78,NaN,0.83232,0.57604,0.97989
-25.59,-60.78,NaN,0.89965,0.69972,0.99383
-22.74,-60.78,NaN,0.92478,0.77565,0.99541
-17.19,-60.78,NaN,0.87909,0.66178,0.99065
-14.48,-60.78,NaN,0.85381,0.59784,0.98606
-11.81,-60.78,NaN,0.82993,0.52493,0.9858
-9.16,-60.78,NaN,0.72075,0.38286,0.9501
-6.53,-60.78,NaN,0.54004,0.2111,0.83704
-3.91,-60.78,NaN,0.40934,0.14304,0.69864
-1.3,-60.78,NaN,0.18036,0.030196,0.42039
1.3,-60.78,NaN,0.11224,0.011563,0.30463
3.91,-60.78,NaN,0.14567,0.025159,0.3465
41.25,-60.78,NaN,0.14915,0.0096688,0.41452
44.82,-60.78,NaN,0.23337,0.039536,0.51273
48.63,-60.78,NaN,0.2266,0.04168,0.50451
52.75,-60.78,NaN,0.089436,0.0073212,0.25216
57.32,-60.78,NaN,0.032235,0.0008015,0.11414
62.55,-60.78,NaN,0.025062,0.00028164,0.094218
69.02,-60.78,NaN,0.0086057,9.2226e-06,0.038908
-41.25,-58.27,NaN,0.32661,0.052628,0.68945
-28.52,-58.27,NaN,0.75302,0.46482,0.95052
-25.59,-58.27,NaN,0.87845,0.67154,0.98872
-22.74,-58.27,NaN,0.92025,0.74677,0.99665
-19.94,-58.27,NaN,0.94516,0.80809,0.9986
-17.19,-58.27,NaN,0.91902,0.73484,0.99661
-14.48,-58.27,NaN,0.8655,0.6104,0.98952
-11.81,-58.27,NaN,0.75059,0.38986,0.96845
-9.16,-58.27,NaN,0.58885,0.22031,0.89278
-6.53,-58.27,NaN,0.51336,0.17267,0.83891
-3.91,-58.27,NaN,0.3561,0.098038,0.65751
-1.3,-58.27,NaN,0.18075,0.034254,0.39911
1.3,-58.27,NaN,0.088754,0.007898,0.24939
3.91,-58.27,NaN,0.10246,0.012924,0.26818
41.25,-58.27,NaN,0.1567,0.012694,0.4158
44.82,-58.27,NaN,0.19448,0.028985,0.44884
48.63,-58.27,NaN,0.17479,0.026454,0.41542
52.75,-58.27,NaN,0.060428,0.0036856,0.18293
57.32,-58.27,NaN,0.02227,0.00038542,0.082792
62.55,-58.27,NaN,0.018609,0.0001738,0.071929
69.02,-58.27,NaN,0.0050767,3.1055e-06,0.023485
-28.52,-55.76,NaN,0.76138,0.49719,0.94572
-25.59,-55.76,NaN,0.87243,0.66834,0.98544
-22.74,-55.76,NaN,0.91681,0.7424,0.99576
-19.94,-55.76,NaN,0.93448,0.76777,0.99852
-17.19,-55.76,NaN,0.92012,0.73512,0.99677
-14.48,-55.76,NaN,0.79686,0.48518,0.97596
-11.81,-55.76,NaN,0.6507,0.30433,0.91572
-9.16,-55.76,NaN,0.44256,0.13795,0.75881
-6.53,-55.76,NaN,0.31384,0.072042,0.62302
-3.91,-55.76,NaN,0.28278,0.071892,0.5503
-1.3,-55.76,NaN,0.16884,0.032931,0.36705
41.25,-55.76,NaN,0.10924,0.0069056,0.3188
44.82,-55.76,NaN,0.15646,0.020213,0.38076
48.63,-55.76,NaN,0.14486,0.018912,0.36222
52.75,-55.76,NaN,0.04129,0.0016545,0.13489
57.32,-55.76,NaN,0.015429,0.00018081,0.060666
62.55,-55.76,NaN,0.013468,8.8578e-05,0.054424
-34.64,-53.25,NaN,0.59557,0.29319,0.86002
-31.53,-53.25,NaN,0.68532,0.41652,0.90053
-28.52,-53.25,NaN,0.83999,0.63307,0.97031
-25.59,-53.25,NaN,0.88834,0.7075,0.98677
-22.74,-53.25,NaN,0.92016,0.7572,0.9954
-19.94,-53.25,NaN,0.93778,0.78077,0.99853
-17.19,-53.25,NaN,0.84366,0.55338,0.98771
-14.48,-53.25,NaN,0.75849,0.44511,0.95883
-11.81,-53.25,NaN,0.54914,0.23249,0.8364
-9.16,-53.25,NaN,0.30771,0.078526,0.59153
-3.91,-53.25,NaN,0.16986,0.026968,0.39722
1.3,-53.25,NaN,0.090531,0.01214,0.22863
44.82,-53.25,NaN,0.16353,0.023026,0.38552
48.63,-53.25,NaN,0.11582,0.012633,0.30321
52.75,-53.25,NaN,0.029192,0.00074337,0.10455
62.55,-53.25,NaN,0.0099874,4.7342e-05,0.042185
-37.87,-50.74,NaN,0.2821,0.055194,0.58728
-34.64,-50.74,NaN,0.48498,0.19493,0.77328
-31.53,-50.74,NaN,0.77936,0.54529,0.94489
-28.52,-50.74,NaN,0.87252,0.6882,0.98017
-25.59,-50.74,NaN,0.80307,0.55487,0.96249
-22.74,-50.74,NaN,0.81657,0.56508,0.97168
-19.94,-50.74,NaN,0.8515,0.60392,0.98526
-17.19,-50.74,NaN,0.86251,0.60619,0.98924
-14.48,-50.74,NaN,0.74814,0.43594,0.95241
-11.81,-50.74,NaN,0.47655,0.18733,0.76283
-9.16,-50.74,NaN,0.21719,0.04462,0.45686
-6.53,-50.74,NaN,0.095973,0.0093319,0.25533
-3.91,-50.74,NaN,0.090075,0.0089416,0.24518
-1.3,-50.74,NaN,0.11258,0.017403,0.27158
1.3,-50.74,NaN,0.10939,0.017604,0.26629
44.82,-50.74,NaN,0.1735,0.028197,0.39614
48.63,-50.74,NaN,0.083623,0.0066984,0.2369
62.55,-50.74,NaN,0.011541,4.9895e-05,0.048884
-31.53,-48.23,NaN,0.5672,0.2877,0.81786
-28.52,-48.23,NaN,0.67072,0.39214,0.89558
-25.59,-48.23,NaN,0.77829,0.52781,0.95151
-22.74,-48.23,NaN,0.83455,0.59613,0.97717
-19.94,-48.23,NaN,0.83467,0.58916,0.97776
-17.19,-48.23,NaN,0.86934,0.60974,0.99172
-14.48,-48.23,NaN,0.73803,0.43296,0.94464
-11.81,-48.23,NaN,0.46274,0.18526,0.74141
-9.16,-48.23,NaN,0.2003,0.039706,0.42834
-6.53,-48.23,NaN,0.067032,0.0050026,0.19262
-3.91,-48.23,NaN,0.069619,0.0049493,0.20563
-1.3,-48.23,NaN,0.060212,0.0055318,0.16643
44.82,-48.23,NaN,0.1212,0.013663,0.31392
48.63,-48.23,NaN,0.056845,0.0031186,0.17817
-31.53,-45.72,NaN,0.40552,0.16566,0.66886
-28.52,-45.72,NaN,0.43396,0.19256,0.69722
-25.59,-45.72,NaN,0.68559,0.42205,0.89785
-22.74,-45.72,NaN,0.77575,0.52278,0.95269
-19.94,-45.72,NaN,0.82429,0.57348,0.97552
-17.19,-45.72,NaN,0.84292,0.57295,0.98474
-14.48,-45.72,NaN,0.63646,0.32377,0.88689
-11.81,-45.72,NaN,0.36048,0.11351,0.64062
44.82,-45.72,NaN,0.087221,0.0074069,0.24575
-25.59,-43.21,NaN,0.49014,0.24762,0.739
-22.74,-43.21,NaN,0.66209,0.41446,0.87453
-19.94,-43.21,NaN,0.56982,0.28125,0.83003
-17.19,-43.21,NaN,0.54587,0.2583,0.81458
-14.48,-43.21,NaN,0.46618,0.20102,0.72953
-11.81,-43.21,NaN,0.31858,0.096654,0.57964
-9.16,-43.21,NaN,0.10856,0.012422,0.27623
-6.53,-43.21,NaN,0.11199,0.013628,0.28088
62.55,-43.21,NaN,0.030373,0.00056443,0.1095
69.02,-43.21,NaN,0.018054,9.4308e-05,0.073622
-25.59,-40.7,NaN,0.4536,0.22869,0.69702
-19.94,-40.7,NaN,0.38645,0.14856,0.6631
-17.19,-40.7,NaN,0.34443,0.11777,0.6184
-14.48,-40.7,NaN,0.33374,0.11462,0.59197
-11.81,-40.7,NaN,0.33659,0.10985,0.59194
-9.16,-40.7,NaN,0.14274,0.022391,0.32904
57.32,-40.7,NaN,0.040467,0.0015114,0.1323
62.55,-40.7,NaN,0.039959,0.001064,0.13671
69.02,-40.7,NaN,0.023961,0.00019635,0.09308
-25.59,-38.19,NaN,0.43582,0.19956,0.68918
-22.74,-38.19,NaN,0.31731,0.10703,0.58403
-19.94,-38.19,NaN,0.25592,0.074674,0.50587
-17.19,-38.19,NaN,0.2147,0.054127,0.4512
-14.48,-38.19,NaN,0.21594,0.058531,0.43163
-11.81,-38.19,NaN,0.28583,0.078264,0.5397
-9.16,-38.19,NaN,0.16264,0.028657,0.35619
57.32,-38.19,NaN,0.044443,0.0019536,0.14426
62.55,-38.19,NaN,0.054775,0.0020277,0.17573
69.02,-38.19,NaN,0.031701,0.00036489,0.11714
-19.94,-35.68,NaN,0.34283,0.12356,0.60774
-17.19,-35.68,NaN,0.26614,0.080287,0.50741
-14.48,-35.68,NaN,0.17916,0.044102,0.3724
-11.81,-35.68,NaN,0.11759,0.01743,0.28256
-9.16,-35.68,NaN,0.074539,0.0066869,0.20364
57.32,-35.68,NaN,0.018596,0.00032041,0.071761
62.55,-35.68,NaN,0.021166,0.00030357,0.080857
69.02,-35.68,NaN,0.041666,0.00066053,0.14681
-14.48,-33.17,NaN,0.23423,0.063335,0.46054
-11.81,-33.17,NaN,0.10847,0.013815,0.27246
62.55,-33.17,NaN,0.0169,0.00019401,0.067116
69.02,-33.17,NaN,0.054077,0.0011638,0.18263
62.55,-30.66,NaN,0.017804,0.00021421,0.070249
69.02,-30.66,NaN,0.068951,0.0018477,0.2235
62.55,-28.15,NaN,0.011628,8.0485e-05,0.049186
69.02,-28.15,NaN,0.024993,0.00021717,0.09807
62.55,-25.64,NaN,0.016779,0.00016265,0.06794
69.02,-25.64,NaN,0.018773,0.00012446,0.075894
69.02,-23.13,NaN,0.014194,7.4152e-05,0.059208
69.02,-20.62,NaN,0.010924,4.5698e-05,0.046626
69.02,-18.11,NaN,0.0084379,2.3666e-05,0.037135
14.48,-15.6,NaN,0.11303,0.0048958,0.30837
69.02,-15.6,NaN,0.0063172,1.1819e-05,0.028921
9.16,-13.09,NaN,0.056398,0.00023838,0.20327
11.81,-13.09,NaN,0.10131,0.0012505,0.31806
14.48,-13.09,NaN,0.19152,0.013335,0.45446
17.19,-13.09,NaN,0.24081,0.037399,0.49348
19.94,-13.09,NaN,0.27375,0.071863,0.50515
3.91,-10.58,NaN,0.020413,8.8958e-06,0.091856
6.53,-10.58,NaN,0.027719,1.3683e-05,0.12122
9.16,-10.58,NaN,0.056047,0.00016968,0.20667
11.81,-10.58,NaN,0.18079,0.0045953,0.48483
14.48,-10.58,NaN,0.302,0.029616,0.6345
17.19,-10.58,NaN,0.36077,0.077196,0.65817
19.94,-10.58,NaN,0.33963,0.10488,0.5859
22.74,-10.58,NaN,0.28995,0.1012,0.50615
48.63,-10.58,NaN,0.25482,0.069772,0.48268
1.3,-8.07,NaN,0.020342,1.6127e-05,0.086423
3.91,-8.07,NaN,0.029142,1.3075e-05,0.12628
9.16,-8.07,NaN,0.15257,0.0015119,0.45941
11.81,-8.07,NaN,0.25478,0.0090926,0.62609
14.48,-8.07,NaN,0.43828,0.061713,0.80582
17.19,-8.07,NaN,0.46053,0.11499,0.77868
19.94,-8.07,NaN,0.45817,0.16915,0.72799
22.74,-8.07,NaN,0.41893,0.18185,0.65771
25.59,-8.07,NaN,0.42823,0.18599,0.6814
34.64,-8.07,NaN,0.61266,0.37449,0.82429
52.75,-8.07,NaN,0.13145,0.011671,0.34338
1.3,-5.56,NaN,0.039377,6.974e-05,0.15549
3.91,-5.56,NaN,0.018296,2.6438e-06,0.085541
6.53,-5.56,NaN,0.066232,6.7683e-05,0.26132
9.16,-5.56,NaN,0.25449,0.0047094,0.66218
11.81,-5.56,NaN,0.37597,0.023256,0.79175
14.48,-5.56,NaN,0.56221,0.1069,0.91673
17.19,-5.56,NaN,0.57773,0.17875,0.88717
19.94,-5.56,NaN,0.57911,0.24378,0.84756
22.74,-5.56,NaN,0.5648,0.28383,0.80902
25.59,-5.56,NaN,0.50842,0.23289,0.77428
48.63,-5.56,NaN,0.28456,0.08423,0.52732
52.75,-5.56,NaN,0.053948,0.0018585,0.1821
3.91,-3.05,NaN,0.041607,3.1017e-05,0.17102
6.53,-3.05,NaN,0.10314,0.0002561,0.3698
9.16,-3.05,NaN,0.22694,0.0029758,0.62531
11.81,-3.05,NaN,0.43386,0.029092,0.86685
14.48,-3.05,NaN,0.66572,0.17098,0.96788
17.19,-3.05,NaN,0.68471,0.26005,0.95183
19.94,-3.05,NaN,0.69028,0.33972,0.93127
22.74,-3.05,NaN,0.7019,0.40526,0.91925
25.59,-3.05,NaN,0.60674,0.32394,0.84868
48.63,-3.05,NaN,0.14714,0.025022,0.34282
1.3,-0.54,NaN,0.027013,1.4797e-05,0.11703
3.91,-0.54,NaN,0.053594,4.5988e-05,0.2176
6.53,-0.54,NaN,0.08924,0.00018458,0.33296
9.16,-0.54,NaN,0.20524,0.0026229,0.58159
11.81,-0.54,NaN,0.40972,0.028055,0.83772
14.48,-0.54,NaN,0.6429,0.14263,0.96657
17.19,-0.54,NaN,0.77511,0.3558,0.98374
19.94,-0.54,NaN,0.79488,0.45208,0.97809
22.74,-0.54,NaN,0.7486,0.44267,0.95
25.59,-0.54,NaN,0.66755,0.38926,0.88878
28.52,-0.54,NaN,0.52087,0.25711,0.7758
44.82,-0.54,NaN,0.41235,0.21541,0.61978
3.91,1.97,NaN,0.045321,2.6355e-05,0.19084
6.53,1.97,NaN,0.097508,0.00024943,0.35001
9.16,1.97,NaN,0.22671,0.0040009,0.60725
11.81,1.97,NaN,0.44366,0.040062,0.85692
14.48,1.97,NaN,0.67561,0.17683,0.97282
17.19,1.97,NaN,0.77332,0.33155,0.98846
19.94,1.97,NaN,0.79165,0.43489,0.98179
22.74,1.97,NaN,0.80807,0.5248,0.97333
25.59,1.97,NaN,0.71434,0.43414,0.91965
28.52,1.97,NaN,0.5293,0.27241,0.77962
44.82,1.97,NaN,0.53416,0.3253,0.72957
57.32,1.97,NaN,0.041245,0.00055452,0.15556
3.91,4.48,NaN,0.053821,3.7813e-05,0.22092
6.53,4.48,NaN,0.11207,0.00038081,0.38358
9.16,4.48,NaN,0.25637,0.0062026,0.65047
11.81,4.48,NaN,0.48399,0.056185,0.88031
14.48,4.48,NaN,0.71033,0.21916,0.97928
17.19,4.48,NaN,0.74943,0.33003,0.97801
19.94,4.48,NaN,0.74029,0.38557,0.96116
22.74,4.48,NaN,0.74315,0.44644,0.94541
25.59,4.48,NaN,0.64183,0.36915,0.8691
44.82,4.48,NaN,0.52228,0.30424,0.73772
57.32,4.48,NaN,0.057531,0.0014847,0.19629
6.53,6.99,NaN,0.089192,0.00023184,0.31647
9.16,6.99,NaN,0.28172,0.0095928,0.67662
11.81,6.99,NaN,0.52006,0.076314,0.89867
14.48,6.99,NaN,0.74068,0.26643,0.98411
17.19,6.99,NaN,0.73729,0.34121,0.96702
19.94,6.99,NaN,0.70964,0.37692,0.93556
22.74,6.99,NaN,0.66332,0.37177,0.8935
25.59,6.99,NaN,0.60857,0.34684,0.83717
28.52,6.99,NaN,0.46377,0.23414,0.70431
37.87,6.99,NaN,0.51739,0.30802,0.7242
57.32,6.99,NaN,0.088443,0.0036494,0.27102
1.3,9.5,NaN,0.04119,4.0082e-05,0.16697
3.91,9.5,NaN,0.11746,0.00046905,0.38825
9.16,9.5,NaN,0.36517,0.022714,0.77291
11.81,9.5,NaN,0.59876,0.1258,0.9362
14.48,9.5,NaN,0.73695,0.28519,0.97853
17.19,9.5,NaN,0.74469,0.37541,0.9624
19.94,9.5,NaN,0.70226,0.39625,0.91933
22.74,9.5,NaN,0.62197,0.35339,0.84797
25.59,9.5,NaN,0.53365,0.28162,0.77633
52.75,9.5,NaN,0.13297,0.015165,0.33768
57.32,9.5,NaN,0.10213,0.0065958,0.29921
62.55,9.5,NaN,0.024274,0.00035975,0.09379
69.02,9.5,NaN,0.019811,0.00018413,0.081481
-6.53,12.01,NaN,0.33597,0.075098,0.63491
-3.91,12.01,NaN,0.30608,0.039793,0.6364
-1.3,12.01,NaN,0.19362,0.0067224,0.51136
1.3,12.01,NaN,0.078574,0.00029445,0.27908
3.91,12.01,NaN,0.18281,0.0023624,0.51653
6.53,12.01,NaN,0.31427,0.01129,0.72901
9.16,12.01,NaN,0.49515,0.059996,0.88157
11.81,12.01,NaN,0.69836,0.21179,0.97247
14.48,12.01,NaN,0.73927,0.31379,0.97248
17.19,12.01,NaN,0.72134,0.36832,0.94544
19.94,12.01,NaN,0.73373,0.45224,0.92812
22.74,12.01,NaN,0.64114,0.38389,0.85567
34.64,12.01,NaN,0.29662,0.12771,0.50066
52.75,12.01,NaN,0.20404,0.038451,0.44474
57.32,12.01,NaN,0.14472,0.01448,0.37873
62.55,12.01,NaN,0.036884,0.00094513,0.13215
69.02,12.01,NaN,0.022528,0.00027261,0.089162
-25.59,14.52,NaN,0.44652,0.16805,0.73824
-22.74,14.52,NaN,0.41258,0.15802,0.69449
-19.94,14.52,NaN,0.53857,0.26298,0.80435
-17.19,14.52,NaN,0.50009,0.22466,0.76797
-14.48,14.52,NaN,0.49943,0.22318,0.76712
-11.81,14.52,NaN,0.52517,0.24423,0.78604
-9.16,14.52,NaN,0.47636,0.18369,0.75864
-6.53,14.52,NaN,0.4959,0.16669,0.80026
-3.91,14.52,NaN,0.49351,0.12323,0.83208
-1.3,14.52,NaN,0.39276,0.046157,0.76989
1.3,14.52,NaN,0.23662,0.0084357,0.58882
3.91,14.52,NaN,0.26007,0.0083873,0.63619
6.53,14.52,NaN,0.44367,0.038039,0.84972
9.16,14.52,NaN,0.64383,0.14636,0.95865
11.81,14.52,NaN,0.79622,0.34115,0.99202
14.48,14.52,NaN,0.76237,0.37307,0.97303
17.19,14.52,NaN,0.7353,0.41047,0.94057
19.94,14.52,NaN,0.67933,0.40774,0.88843
22.74,14.52,NaN,0.58552,0.33326,0.81207
52.75,14.52,NaN,0.28527,0.074017,0.55184
57.32,14.52,NaN,0.19971,0.028542,0.46963
62.55,14.52,NaN,0.066813,0.0034154,0.20715
69.02,14.52,NaN,0.026482,0.0004402,0.10033
-25.59,17.03,NaN,0.38074,0.11133,0.70643
-22.74,17.03,NaN,0.66551,0.37721,0.89564
-17.19,17.03,NaN,0.55367,0.27172,0.81893
-14.48,17.03,NaN,0.6615,0.39238,0.88254
-11.81,17.03,NaN,0.65594,0.37085,0.8853
-9.16,17.03,NaN,0.66103,0.34783,0.90417
-6.53,17.03,NaN,0.64776,0.29808,0.91097
-3.91,17.03,NaN,0.65747,0.25437,0.93448
-1.3,17.03,NaN,0.59634,0.15966,0.92026
1.3,17.03,NaN,0.53255,0.091543,0.89614
3.91,17.03,NaN,0.42267,0.039947,0.8176
6.53,17.03,NaN,0.62901,0.1304,0.95505
9.16,17.03,NaN,0.76263,0.27219,0.98883
11.81,17.03,NaN,0.81529,0.39727,0.99251
14.48,17.03,NaN,0.80566,0.45406,0.98074
17.19,17.03,NaN,0.78329,0.49057,0.95663
19.94,17.03,NaN,0.73648,0.48547,0.91678
22.74,17.03,NaN,0.64667,0.39652,0.85837
52.75,17.03,NaN,0.23775,0.055331,0.48826
57.32,17.03,NaN,0.26649,0.050646,0.56985
62.55,17.03,NaN,0.038551,0.0012059,0.13467
69.02,17.03,NaN,0.035927,0.00082956,0.12794
-31.53,19.54,NaN,0.50895,0.16282,0.83712
-28.52,19.54,NaN,0.57897,0.23749,0.87643
-25.59,19.54,NaN,0.62603,0.31152,0.89013
-22.74,19.54,NaN,0.70859,0.41594,0.92794
-19.94,19.54,NaN,0.82925,0.57673,0.97596
-17.19,19.54,NaN,0.80467,0.55316,0.96334
-14.48,19.54,NaN,0.79233,0.53942,0.95843
-11.81,19.54,NaN,0.7916,0.52285,0.96255
-9.16,19.54,NaN,0.80423,0.52245,0.97409
-6.53,19.54,NaN,0.79377,0.46926,0.97685
-3.91,19.54,NaN,0.78897,0.41797,0.98263
-1.3,19.54,NaN,0.77077,0.35104,0.98468
1.3,19.54,NaN,0.71984,0.25276,0.9763
3.91,19.54,NaN,0.71794,0.22781,0.97892
6.53,19.54,NaN,0.77165,0.28417,0.99021
9.16,19.54,NaN,0.85496,0.4441,0.99805
11.81,19.54,NaN,0.85009,0.47952,0.99512
14.48,19.54,NaN,0.83985,0.5271,0.98664
17.19,19.54,NaN,0.81871,0.55447,0.96826
19.94,19.54,NaN,0.77394,0.53682,0.93636
22.74,19.54,NaN,0.67393,0.4267,0.87916
34.64,19.54,NaN,0.32154,0.12882,0.54733
48.63,19.54,NaN,0.28113,0.10819,0.49527
52.75,19.54,NaN,0.25433,0.068193,0.50123
57.32,19.54,NaN,0.17102,0.021205,0.42353
62.55,19.54,NaN,0.030157,0.00080178,0.10879
69.02,19.54,NaN,0.047598,0.0014979,0.16042
-37.87,22.05,NaN,0.15294,0.01326,0.41552
-34.64,22.05,NaN,0.38871,0.090854,0.73786
-31.53,22.05,NaN,0.58771,0.22411,0.89507
-28.52,22.05,NaN,0.73014,0.38584,0.95838
-25.59,22.05,NaN,0.79906,0.50277,0.97436
-22.74,22.05,NaN,0.84575,0.59072,0.98388
-19.94,22.05,NaN,0.88864,0.66963,0.99252
-17.19,22.05,NaN,0.8829,0.67085,0.9898
-14.48,22.05,NaN,0.8809,0.66571,0.98951
-11.81,22.05,NaN,0.88368,0.66219,0.99172
-9.16,22.05,NaN,0.8967,0.67187,0.99537
-6.53,22.05,NaN,0.89234,0.64087,0.99631
-3.91,22.05,NaN,0.88758,0.60528,0.99745
-1.3,22.05,NaN,0.88549,0.56901,0.99842
1.3,22.05,NaN,0.85278,0.46521,0.99702
3.91,22.05,NaN,0.84605,0.43395,0.99723
6.53,22.05,NaN,0.873,0.48702,0.99879
9.16,22.05,NaN,0.89713,0.55565,0.99937
11.81,22.05,NaN,0.89059,0.58602,0.99769
14.48,22.05,NaN,0.88484,0.62541,0.99339
17.19,22.05,NaN,0.875,0.65799,0.98439
19.94,22.05,NaN,0.85619,0.66362,0.97219
22.74,22.05,NaN,0.83628,0.64276,0.96482
48.63,22.05,NaN,0.27903,0.1065,0.49715
52.75,22.05,NaN,0.29914,0.092531,0.5525
57.32,22.05,NaN,0.14997,0.019219,0.37602
62.55,22.05,NaN,0.026172,0.00060136,0.096903
69.02,22.05,NaN,0.021114,0.00028667,0.083225
-34.64,24.56,NaN,0.3751,0.081542,0.72928
-31.53,24.56,NaN,0.6834,0.3156,0.94649
-28.52,24.56,NaN,0.80866,0.48585,0.98364
-25.59,24.56,NaN,0.75637,0.41208,0.97224
-22.74,24.56,NaN,0.82107,0.51868,0.98548
-19.94,24.56,NaN,0.92883,0.74859,0.99825
-17.19,24.56,NaN,0.93109,0.76031,0.99801
-14.48,24.56,NaN,0.93315,0.76394,0.99822
-11.81,24.56,NaN,0.93727,0.76789,0.99875
-9.16,24.56,NaN,0.94496,0.77742,0.99943
-6.53,24.56,NaN,0.9474,0.78015,0.99969
-3.91,24.56,NaN,0.89042,0.60299,0.99827
-1.3,24.56,NaN,0.86416,0.52781,0.99725
1.3,24.56,NaN,0.84674,0.45608,0.99697
3.91,24.56,NaN,0.85509,0.45578,0.99824
6.53,24.56,NaN,0.85267,0.45351,0.99782
9.16,24.56,NaN,0.81103,0.39768,0.99169
11.81,24.56,NaN,0.86714,0.54332,0.99528
14.48,24.56,NaN,0.92698,0.73287,0.99789
17.19,24.56,NaN,0.92649,0.76401,0.99523
19.94,24.56,NaN,0.9252,0.78544,0.99278
22.74,24.56,NaN,0.85944,0.66615,0.97583
52.75,24.56,NaN,0.31803,0.10026,0.58078
57.32,24.56,NaN,0.13841,0.018449,0.34626
62.55,24.56,NaN,0.017928,0.00030544,0.069782
69.02,24.56,NaN,0.016729,0.00018026,0.068379
-34.64,27.07,NaN,0.22073,0.029625,0.53032
-31.53,27.07,NaN,0.48704,0.14621,0.83258
-28.52,27.07,NaN,0.59853,0.24087,0.90468
-25.59,27.07,NaN,0.65729,0.31901,0.92539
-22.74,27.07,NaN,0.75241,0.44211,0.96124
-19.94,27.07,NaN,0.8137,0.52633,0.97991
-17.19,27.07,NaN,0.86293,0.60806,0.99111
-14.48,27.07,NaN,0.90402,0.68062,0.99704
-11.81,27.07,NaN,0.88329,0.63151,0.9956
-9.16,27.07,NaN,0.87071,0.60413,0.99419
-6.53,27.07,NaN,0.78818,0.44821,0.9828
-3.91,27.07,NaN,0.79933,0.45681,0.98548
-1.3,27.07,NaN,0.8426,0.52407,0.99245
1.3,27.07,NaN,0.83421,0.4822,0.99262
3.91,27.07,NaN,0.84974,0.48942,0.99579
6.53,27.07,NaN,0.83034,0.45614,0.99311
9.16,27.07,NaN,0.70624,0.28499,0.96337
11.81,27.07,NaN,0.73217,0.35626,0.96005
14.48,27.07,NaN,0.85971,0.60616,0.98587
17.19,27.07,NaN,0.89045,0.69156,0.9882
19.94,27.07,NaN,0.89048,0.7169,0.98522
22.74,27.07,NaN,0.92252,0.78034,0.99232
25.59,27.07,NaN,0.84406,0.63504,0.97356
44.82,27.07,NaN,0.27616,0.11143,0.49217
48.63,27.07,NaN,0.36938,0.16499,0.59673
52.75,27.07,NaN,0.36437,0.12733,0.63464
57.32,27.07,NaN,0.13668,0.018907,0.33534
69.02,27.07,NaN,0.013749,0.00011393,0.057862
-34.64,29.58,NaN,0.15201,0.014582,0.40979
-31.53,29.58,NaN,0.28937,0.057087,0.61503
-28.52,29.58,NaN,0.47406,0.15887,0.80286
-25.59,29.58,NaN,0.54166,0.22787,0.84039
-22.74,29.58,NaN,0.68022,0.37318,0.92215
-19.94,29.58,NaN,0.7315,0.43713,0.944
-17.19,29.58,NaN,0.8015,0.52912,0.9719
-14.48,29.58,NaN,0.8723,0.63246,0.99154
-11.81,29.58,NaN,0.75638,0.41506,0.97244
-9.16,29.58,NaN,0.71396,0.36016,0.96037
-6.53,29.58,NaN,0.69504,0.33099,0.95744
-3.91,29.58,NaN,0.6939,0.32321,0.95965
-1.3,29.58,NaN,0.67379,0.30404,0.94775
1.3,29.58,NaN,0.7248,0.36455,0.95855
3.91,29.58,NaN,0.83854,0.50908,0.99124
6.53,29.58,NaN,0.80313,0.45835,0.98208
9.16,29.58,NaN,0.69436,0.32675,0.94292
11.81,29.58,NaN,0.81845,0.52878,0.97677
14.48,29.58,NaN,0.83235,0.58751,0.97354
17.19,29.58,NaN,0.84323,0.63463,0.97071
19.94,29.58,NaN,0.86187,0.67981,0.97481
22.74,29.58,NaN,0.84852,0.64187,0.97611
48.63,29.58,NaN,0.27966,0.10636,0.49602
52.75,29.58,NaN,0.33863,0.10576,0.61011
57.32,29.58,NaN,0.14125,0.021058,0.34365
69.02,29.58,NaN,0.0095221,5.2989e-05,0.041218
-31.53,32.09,NaN,0.25517,0.050355,0.55226
-28.52,32.09,NaN,0.25004,0.046402,0.55145
-25.59,32.09,NaN,0.43756,0.15933,0.74296
-22.74,32.09,NaN,0.5365,0.24949,0.82185
-19.94,32.09,NaN,0.62554,0.33981,0.87966
-17.19,32.09,NaN,0.72795,0.45025,0.93534
-14.48,32.09,NaN,0.83132,0.57542,0.98011
-11.81,32.09,NaN,0.70795,0.35981,0.95502
-9.16,32.09,NaN,0.64904,0.28752,0.9352
-6.53,32.09,NaN,0.6203,0.25272,0.92939
-3.91,32.09,NaN,0.64085,0.26287,0.9426
-1.3,32.09,NaN,0.61789,0.25591,0.92017
1.3,32.09,NaN,0.69323,0.36072,0.9359
3.91,32.09,NaN,0.81635,0.51155,0.98112
6.53,32.09,NaN,0.76,0.44235,0.9595
9.16,32.09,NaN,0.76449,0.45617,0.95903
11.81,32.09,NaN,0.79933,0.52194,0.96616
14.48,32.09,NaN,0.77492,0.52654,0.94358
17.19,32.09,NaN,0.79072,0.57266,0.94487
19.94,32.09,NaN,0.82912,0.63052,0.9624
48.63,32.09,NaN,0.29051,0.11205,0.50641
52.75,32.09,NaN,0.34165,0.10781,0.61528
57.32,32.09,NaN,0.14324,0.021527,0.34975
69.02,32.09,NaN,0.0073417,2.5753e-05,0.0328
-25.59,34.6,NaN,0.37566,0.1207,0.68019
-22.74,34.6,NaN,0.39847,0.14932,0.68776
-19.94,34.6,NaN,0.45821,0.20569,0.7325
-17.19,34.6,NaN,0.5243,0.24698,0.8024
-14.48,34.6,NaN,0.58577,0.26244,0.87648
-11.81,34.6,NaN,0.62583,0.27724,0.91545
-9.16,34.6,NaN,0.60702,0.23544,0.92365
-6.53,34.6,NaN,0.55889,0.19106,0.9019
-1.3,34.6,NaN,0.59945,0.23996,0.90822
1.3,34.6,NaN,0.66877,0.35969,0.91466
3.91,34.6,NaN,0.78098,0.48986,0.96518
6.53,34.6,NaN,0.62649,0.32411,0.87476
9.16,34.6,NaN,0.55784,0.2522,0.83765
11.81,34.6,NaN,0.66586,0.37053,0.89816
14.48,34.6,NaN,0.73931,0.48525,0.9252
17.19,34.6,NaN,0.78182,0.55966,0.94059
25.59,34.6,NaN,0.84815,0.60307,0.98481
28.52,34.6,NaN,0.85431,0.6734,0.97247
48.63,34.6,NaN,0.27355,0.098208,0.48605
52.75,34.6,NaN,0.29127,0.078925,0.55605
57.32,34.6,NaN,0.16024,0.026464,0.37949
62.55,34.6,NaN,0.03705,0.0011973,0.12908
-19.94,37.11,NaN,0.48688,0.22768,0.75134
-17.19,37.11,NaN,0.59687,0.32379,0.84358
-14.48,37.11,NaN,0.58948,0.29897,0.85382
-11.81,37.11,NaN,0.66666,0.36284,0.91345
-9.16,37.11,NaN,0.73413,0.40446,0.96111
-6.53,37.11,NaN,0.68058,0.30016,0.95429
1.3,37.11,NaN,0.71878,0.44294,0.93143
3.91,37.11,NaN,0.69773,0.40848,0.92212
6.53,37.11,NaN,0.60584,0.32069,0.85266
14.48,37.11,NaN,0.77329,0.53246,0.94428
19.94,37.11,NaN,0.8002,0.55152,0.96533
22.74,37.11,NaN,0.86371,0.63131,0.98775
25.59,37.11,NaN,0.79017,0.51433,0.96992
28.52,37.11,NaN,0.95046,0.85795,0.99554
31.53,37.11,NaN,0.87977,0.72144,0.97713
48.63,37.11,NaN,0.21855,0.064152,0.42474
52.75,37.11,NaN,0.26529,0.068407,0.51973
57.32,37.11,NaN,0.1867,0.033664,0.42597
62.55,37.11,NaN,0.047636,0.002353,0.15572
-17.19,39.62,NaN,0.50342,0.23897,0.7752
-14.48,39.62,NaN,0.51615,0.231,0.79862
-11.81,39.62,NaN,0.57697,0.26989,0.85832
1.3,39.62,NaN,0.71171,0.43818,0.92427
3.91,39.62,NaN,0.77775,0.51775,0.95544
6.53,39.62,NaN,0.57069,0.28713,0.8285
14.48,39.62,NaN,0.71553,0.44422,0.92138
17.19,39.62,NaN,0.809,0.57738,0.96199
19.94,39.62,NaN,0.85406,0.63659,0.98225
22.74,39.62,NaN,0.8428,0.61701,0.97802
28.52,39.62,NaN,0.86888,0.69186,0.97822
41.25,39.62,NaN,0.51521,0.26914,0.75661
48.63,39.62,NaN,0.2134,0.059799,0.42176
52.75,39.62,NaN,0.26388,0.065738,0.52446
57.32,39.62,NaN,0.22127,0.043425,0.48524
62.55,39.62,NaN,0.054169,0.0028733,0.17122
1.3,42.13,NaN,0.68379,0.40837,0.90864
3.91,42.13,NaN,0.7707,0.52687,0.94524
6.53,42.13,NaN,0.58322,0.29246,0.84501
9.16,42.13,NaN,0.72093,0.44338,0.92877
11.81,42.13,NaN,0.82688,0.59402,0.97182
14.48,42.13,NaN,0.79796,0.57058,0.95335
17.19,42.13,NaN,0.95007,0.85645,0.99567
19.94,42.13,NaN,0.92373,0.79124,0.99095
22.74,42.13,NaN,0.92643,0.80132,0.99157
34.64,42.13,NaN,0.84952,0.64847,0.97233
37.87,42.13,NaN,0.62817,0.37669,0.85
48.63,42.13,NaN,0.22478,0.06122,0.44539
52.75,42.13,NaN,0.25948,0.058597,0.53044
57.32,42.13,NaN,0.26343,0.055439,0.55146
62.55,42.13,NaN,0.058701,0.0032772,0.18401
69.02,42.13,NaN,0.020538,0.00020331,0.081173
3.91,44.64,NaN,0.65429,0.40436,0.87194
6.53,44.64,NaN,0.65179,0.37341,0.88377
11.81,44.64,NaN,0.72842,0.4534,0.93148
17.19,44.64,NaN,0.87266,0.70379,0.97709
19.94,44.64,NaN,0.8783,0.71787,0.97767
31.53,44.64,NaN,0.85917,0.6615,0.9783
34.64,44.64,NaN,0.73088,0.44545,0.93781
37.87,44.64,NaN,0.50474,0.24899,0.76696
48.63,44.64,NaN,0.21136,0.048469,0.43997
52.75,44.64,NaN,0.24626,0.047674,0.52649
57.32,44.64,NaN,0.2959,0.063783,0.60537
62.55,44.64,NaN,0.060031,0.0032409,0.18848
69.02,44.64,NaN,0.0078314,2.2027e-05,0.035229
-25.59,47.15,NaN,0.35414,0.11826,0.63501
-22.74,47.15,NaN,0.39319,0.14571,0.67523
-19.94,47.15,NaN,0.39178,0.14343,0.67219
3.91,47.15,NaN,0.53816,0.27974,0.78851
6.53,47.15,NaN,0.67699,0.39622,0.90166
11.81,47.15,NaN,0.74657,0.47847,0.93977
17.19,47.15,NaN,0.81398,0.60173,0.95565
31.53,47.15,NaN,0.93468,0.81453,0.99363
48.63,47.15,NaN,0.22516,0.049551,0.47251
52.75,47.15,NaN,0.2328,0.037245,0.52273
57.32,47.15,NaN,0.33332,0.074689,0.6617
62.55,47.15,NaN,0.070666,0.0044592,0.21372
-69.02,49.66,NaN,0.06638,2.9407e-08,0.36517
-19.94,49.66,NaN,0.2492,0.070907,0.49399
-17.19,49.66,NaN,0.40383,0.13983,0.69822
25.59,49.66,NaN,0.87504,0.71466,0.97691
31.53,49.66,NaN,0.89976,0.74864,0.98571
48.63,49.66,NaN,0.24482,0.051134,0.51946
57.32,49.66,NaN,0.33309,0.071123,0.673
62.55,49.66,NaN,0.084802,0.0064127,0.24418
69.02,49.66,NaN,0.02193,0.00019567,0.087016
-69.02,52.17,NaN,0.058736,1.1062e-08,0.32964
31.53,52.17,NaN,0.92332,0.79377,0.99087
37.87,52.17,NaN,0.78174,0.56362,0.94311
48.63,52.17,NaN,0.24289,0.044463,0.52724
57.32,52.17,NaN,0.34884,0.077479,0.69234
62.55,52.17,NaN,0.059862,0.0028317,0.19273
69.02,52.17,NaN,0.023177,0.00020878,0.090244
-69.02,54.68,NaN,0.056159,6.8005e-09,0.30586
28.52,54.68,NaN,0.86142,0.68975,0.97189
31.53,54.68,NaN,0.95315,0.86267,0.99566
34.64,54.68,NaN,0.93611,0.82009,0.99357
37.87,54.68,NaN,0.68381,0.41479,0.91162
48.63,54.68,NaN,0.22719,0.033339,0.52254
52.75,54.68,NaN,0.22986,0.029787,0.53812
57.32,54.68,NaN,0.32472,0.066808,0.66518
62.55,54.68,NaN,0.068163,0.0035809,0.21353
69.02,54.68,NaN,0.029878,0.0003824,0.11159
-69.02,57.19,NaN,0.061675,6.4738e-09,0.33765
28.52,57.19,NaN,0.88472,0.72357,0.98025
31.53,57.19,NaN,0.94273,0.83827,0.99409
34.64,57.19,NaN,0.89289,0.73139,0.98563
37.87,57.19,NaN,0.82428,0.61565,0.9668
44.82,57.19,NaN,0.56195,0.25614,0.84653
52.75,57.19,NaN,0.32859,0.067823,0.65991
57.32,57.19,NaN,0.34702,0.077112,0.69143
62.55,57.19,NaN,0.11792,0.011759,0.31567
69.02,57.19,NaN,0.021881,0.00017486,0.088637
-69.02,59.7,NaN,0.061401,3.2029e-09,0.3377
28.52,59.7,NaN,0.85594,0.67907,0.97104
31.53,59.7,NaN,0.92678,0.80822,0.9903
34.64,59.7,NaN,0.94117,0.8378,0.99409
37.87,59.7,NaN,0.88806,0.7241,0.98488
41.25,59.7,NaN,0.71103,0.42381,0.93554
44.82,59.7,NaN,0.57118,0.26513,0.85193
52.75,59.7,NaN,0.38873,0.10186,0.71657
57.32,59.7,NaN,0.44249,0.12931,0.78366
62.55,59.7,NaN,0.14027,0.016358,0.35859
69.02,59.7,NaN,0.020858,0.00013916,0.085332
-69.02,62.21,NaN,0.069168,2.7023e-09,0.3755
28.52,62.21,NaN,0.74698,0.48745,0.93812
34.64,62.21,NaN,0.94878,0.85678,0.99526
37.87,62.21,NaN,0.9093,0.76007,0.9904
41.25,62.21,NaN,0.80448,0.55781,0.96901
44.82,62.21,NaN,0.67576,0.37217,0.91868
48.63,62.21,NaN,0.56204,0.22067,0.86765
52.75,62.21,NaN,0.46332,0.15221,0.78086
57.32,62.21,NaN,0.48071,0.15687,0.81439
62.55,62.21,NaN,0.16679,0.022702,0.41022
69.02,62.21,NaN,0.021456,0.00013392,0.088044
-69.02,64.72,NaN,0.056149,3.9762e-10,0.31566
25.59,64.72,NaN,0.73554,0.46066,0.94117
28.52,64.72,NaN,0.65891,0.36103,0.90548
31.53,64.72,NaN,0.85416,0.66459,0.97299
34.64,64.72,NaN,0.92178,0.79891,0.98939
37.87,64.72,NaN,0.94067,0.82892,0.99551
41.25,64.72,NaN,0.85743,0.64365,0.98367
44.82,64.72,NaN,0.77461,0.4959,0.96123
48.63,64.72,NaN,0.67314,0.34143,0.92529
52.75,64.72,NaN,0.54561,0.21823,0.84256
57.32,64.72,NaN,0.5229,0.18867,0.84674
62.55,64.72,NaN,0.19707,0.030455,0.46428
69.02,64.72,NaN,0.023899,0.00015598,0.09622
-69.02,67.23,NaN,0.074768,7.3159e-10,0.40961
22.74,67.23,NaN,0.76487,0.53803,0.93561
28.52,67.23,NaN,0.68473,0.3853,0.91848
31.53,67.23,NaN,0.79295,0.5616,0.95235
37.87,67.23,NaN,0.95559,0.86585,0.99729
44.82,67.23,NaN,0.85278,0.62091,0.9847
48.63,67.23,NaN,0.76834,0.47665,0.96063
52.75,67.23,NaN,0.62832,0.29949,0.89645
57.32,67.23,NaN,0.56563,0.22433,0.87533
62.55,67.23,NaN,0.18488,0.025746,0.44784
69.02,67.23,NaN,0.02917,0.00023845,0.1142
-69.02,69.74,NaN,0.051404,4.0841e-11,0.29989
19.94,69.74,NaN,0.46863,0.23457,0.71465
22.74,69.74,NaN,0.61615,0.34693,0.85627
31.53,69.74,NaN,0.75121,0.47934,0.94306
34.64,69.74,NaN,0.85898,0.6589,0.9787
37.87,69.74,NaN,0.91289,0.75006,0.99384
41.25,69.74,NaN,0.94497,0.82235,0.99786
44.82,69.74,NaN,0.9097,0.72966,0.99502
48.63,69.74,NaN,0.82077,0.56485,0.97619
52.75,69.74,NaN,0.70567,0.38951,0.93736
57.32,69.74,NaN,0.60901,0.26464,0.90123
62.55,69.74,NaN,0.19396,0.028041,0.46597
69.02,69.74,NaN,0.03511,0.00037199,0.13549
-69.02,72.25,NaN,0.042378,3.7216e-12,0.25505
14.48,72.25,NaN,0.34256,0.10703,0.62337
17.19,72.25,NaN,0.39138,0.16115,0.64972
19.94,72.25,NaN,0.53214,0.29005,0.774
22.74,72.25,NaN,0.60207,0.33922,0.83996
25.59,72.25,NaN,0.76273,0.49694,0.948
28.52,72.25,NaN,0.7991,0.56558,0.957
34.64,72.25,NaN,0.8808,0.6995,0.98417
37.87,72.25,NaN,0.93393,0.79025,0.99694
41.25,72.25,NaN,0.96911,0.88638,0.99944
44.82,72.25,NaN,0.94729,0.81597,0.99876
48.63,72.25,NaN,0.87618,0.66422,0.98909
52.75,72.25,NaN,0.77239,0.47939,0.96456
57.32,72.25,NaN,0.61166,0.26351,0.9039
62.55,72.25,NaN,0.20553,0.03046,0.48609
69.02,72.25,NaN,0.04207,0.00056714,0.15738
-69.02,74.76,NaN,0.028956,9.1533e-14,0.17773
9.16,74.76,NaN,0.31445,0.038677,0.67409
11.81,74.76,NaN,0.24657,0.040103,0.53915
14.48,74.76,NaN,0.38594,0.13515,0.66539
17.19,74.76,NaN,0.53936,0.28835,0.7801
19.94,74.76,NaN,0.59303,0.34318,0.81952
22.74,74.76,NaN,0.63737,0.36984,0.86594
25.59,74.76,NaN,0.69347,0.41718,0.91031
31.53,74.76,NaN,0.82073,0.59642,0.96425
34.64,74.76,NaN,0.90251,0.74191,0.98918
37.87,74.76,NaN,0.95923,0.8572,0.99889
41.25,74.76,NaN,0.96984,0.88368,0.99964
48.63,74.76,NaN,0.91705,0.75118,0.9954
57.32,74.76,NaN,0.62767,0.2845,0.91124
62.55,74.76,NaN,0.21948,0.033034,0.51115
69.02,74.76,NaN,0.046495,0.00068497,0.17239
11.81,77.27,NaN,0.15307,0.016688,0.38401
14.48,77.27,NaN,0.29314,0.090948,0.5425
17.19,77.27,NaN,0.4094,0.16317,0.68008
19.94,77.27,NaN,0.64988,0.37674,0.87725
22.74,77.27,NaN,0.67136,0.38608,0.89865
28.52,77.27,NaN,0.68766,0.38979,0.91109
31.53,77.27,NaN,0.84446,0.63082,0.97306
34.64,77.27,NaN,0.9213,0.77546,0.99308
37.87,77.27,NaN,0.98189,0.93075,0.99975
41.25,77.27,NaN,0.98693,0.94245,0.99996
48.63,77.27,NaN,0.94486,0.8168,0.99824
52.75,77.27,NaN,0.87269,0.64272,0.99044
57.32,77.27,NaN,0.64493,0.30133,0.91883
62.55,77.27,NaN,0.23504,0.035571,0.5391
69.02,77.27,NaN,0.054306,0.00095317,0.19553
14.48,79.78,NaN,0.15955,0.029551,0.36043
17.19,79.78,NaN,0.26156,0.076192,0.50255
19.94,79.78,NaN,0.32307,0.098094,0.59765
28.52,79.78,NaN,0.50339,0.2028,0.79365
31.53,79.78,NaN,0.74739,0.47176,0.93866
34.64,79.78,NaN,0.93661,0.80162,0.99624
37.87,79.78,NaN,0.98335,0.93197,0.99987
41.25,79.78,NaN,0.99329,0.96785,0.99999
44.82,79.78,NaN,0.9826,0.92259,0.99995
48.63,79.78,NaN,0.96309,0.86393,0.99935
52.75,79.78,NaN,0.90633,0.70628,0.9954
57.32,79.78,NaN,0.66206,0.31813,0.92609
62.55,79.78,NaN,0.2517,0.037868,0.57179
69.02,79.78,NaN,0.060203,0.0011512,0.21378
-69.02,82.29,NaN,0.05396,2.1191e-12,0.32068
17.19,82.29,NaN,0.15938,0.031665,0.35192
19.94,82.29,NaN,0.19115,0.038373,0.41886
22.74,82.29,NaN,0.31088,0.08092,0.596
25.59,82.29,NaN,0.17578,0.025038,0.4119
28.52,82.29,NaN,0.33418,0.094924,0.61554
31.53,82.29,NaN,0.62305,0.32481,0.86779
34.64,82.29,NaN,0.86975,0.66585,0.98543
37.87,82.29,NaN,0.98069,0.91783,0.99991
44.82,82.29,NaN,0.9876,0.94129,0.99998
48.63,82.29,NaN,0.96822,0.87785,0.99958
52.75,82.29,NaN,0.93027,0.75777,0.998
57.32,82.29,NaN,0.67922,0.33741,0.93475
69.02,82.29,NaN,0.068626,0.0014337,0.23738
-69.02,84.8,NaN,0.045399,5.6348e-12,0.26506
19.94,84.8,NaN,0.15498,0.023283,0.36184
22.74,84.8,NaN,0.13779,0.015677,0.34548
25.59,84.8,NaN,0.088214,0.0063317,0.24493
28.52,84.8,NaN,0.21226,0.038409,0.45824
31.53,84.8,NaN,0.50515,0.21531,0.78496
34.64,84.8,NaN,0.81896,0.57827,0.97303
37.87,84.8,NaN,0.95689,0.84167,0.99946
41.25,84.8,NaN,0.9969,0.98497,1
48.63,84.8,NaN,0.97287,0.89047,0.99976
52.75,84.8,NaN,0.92653,0.74174,0.99803
57.32,84.8,NaN,0.69597,0.35141,0.94249
62.55,84.8,NaN,0.29569,0.049894,0.63662
69.02,84.8,NaN,0.078002,0.0017891,0.26267
-69.02,87.31,NaN,0.061097,8.1251e-11,0.34271
19.94,87.31,NaN,0.069221,0.0032047,0.21402
22.74,87.31,NaN,0.083158,0.0048783,0.24261
25.59,87.31,NaN,0.053797,0.0020384,0.16627
31.53,87.31,NaN,0.41209,0.13901,0.71227
34.64,87.31,NaN,0.76992,0.49888,0.95989
44.82,87.31,NaN,0.99349,0.9685,1
48.63,87.31,NaN,0.9786,0.90757,0.9999
52.75,87.31,NaN,0.94219,0.78096,0.99917
57.32,87.31,NaN,0.67848,0.32323,0.93534
62.55,87.31,NaN,0.32214,0.057762,0.67011
69.02,87.31,NaN,0.057445,0.00084099,0.20827
-69.02,89.82,NaN,0.046486,9.0051e-11,0.26456
25.59,89.82,NaN,0.037514,0.00082059,0.12505
28.52,89.82,NaN,0.097802,0.0059853,0.27264
31.53,89.82,NaN,0.32986,0.079431,0.63573
34.64,89.82,NaN,0.71477,0.41165,0.9427
37.87,89.82,NaN,0.93175,0.76944,0.99875
41.25,89.82,NaN,0.98433,0.92717,0.99999
44.82,89.82,NaN,0.99386,0.97003,1
48.63,89.82,NaN,0.98707,0.93867,0.99998
52.75,89.82,NaN,0.94364,0.78183,0.99931
57.32,89.82,NaN,0.65704,0.28721,0.92973
62.55,89.82,NaN,0.34161,0.063411,0.69412
69.02,89.82,NaN,0.053837,0.00061828,0.19854
-69.02,92.33,NaN,0.060947,9.078e-10,0.33291
19.94,92.33,NaN,0.064241,0.001691,0.20984
25.59,92.33,NaN,0.037562,0.00053423,0.12888
28.52,92.33,NaN,0.078064,0.0023799,0.23504
31.53,92.33,NaN,0.28097,0.047032,0.59162
34.64,92.33,NaN,0.67774,0.35584,0.93159
37.87,92.33,NaN,0.91794,0.73288,0.99813
41.25,92.33,NaN,0.98594,0.9352,0.99999
44.82,92.33,NaN,0.97596,0.89928,0.99993
48.63,92.33,NaN,0.94454,0.79623,0.99923
52.75,92.33,NaN,0.94367,0.77749,0.99941
57.32,92.33,NaN,0.71991,0.35268,0.95781
62.55,92.33,NaN,0.29429,0.043306,0.63699
69.02,92.33,NaN,0.051479,0.00046718,0.19266
-69.02,94.84,NaN,0.087798,1.1396e-08,0.44359
17.19,94.84,NaN,0.072111,0.0023553,0.22776
22.74,94.84,NaN,0.025214,0.00010734,0.098537
25.59,94.84,NaN,0.019748,6.9993e-05,0.076634
31.53,94.84,NaN,0.25823,0.030277,0.57873
34.64,94.84,NaN,0.65769,0.32179,0.92891
37.87,94.84,NaN,0.87512,0.63464,0.99499
44.82,94.84,NaN,0.97144,0.88391,0.99986
48.63,94.84,NaN,0.88522,0.65917,0.99474
52.75,94.84,NaN,0.8406,0.52775,0.99112
57.32,94.84,NaN,0.6949,0.31215,0.95368
62.55,94.84,NaN,0.28203,0.037632,0.62875
69.02,94.84,NaN,0.050349,0.00037458,0.19308
-69.02,97.35,NaN,0.11777,8.9863e-08,0.55518
22.74,97.35,NaN,0.023188,3.5724e-05,0.09752
31.53,97.35,NaN,0.13047,0.0057094,0.37277
34.64,97.35,NaN,0.45484,0.14333,0.80033
37.87,97.35,NaN,0.82802,0.54557,0.98978
41.25,97.35,NaN,0.95212,0.81591,0.99967
44.82,97.35,NaN,0.94035,0.79216,0.99896
48.63,97.35,NaN,0.86411,0.61907,0.99061
52.75,97.35,NaN,0.69962,0.31857,0.9564
57.32,97.35,NaN,0.67187,0.27618,0.94712
62.55,97.35,NaN,0.26951,0.031651,0.6187
69.02,97.35,NaN,0.049181,0.00029449,0.19061
-69.02,99.86,NaN,0.13782,3.3877e-07,0.61171
17.19,99.86,NaN,0.11214,0.005431,0.32085
19.94,99.86,NaN,0.11035,0.0019781,0.34521
25.59,99.86,NaN,0.0060262,1.0529e-06,0.028123
34.64,99.86,NaN,0.38371,0.098661,0.73515
44.82,99.86,NaN,0.88098,0.65486,0.99449
48.63,99.86,NaN,0.79205,0.49643,0.97413
52.75,99.86,NaN,0.69279,0.31801,0.94775
57.32,99.86,NaN,0.64896,0.24233,0.94165
62.55,99.86,NaN,0.25862,0.026029,0.61052
69.02,99.86,NaN,0.049534,0.00024196,0.19508
-69.02,102.37,NaN,0.13739,4.6958e-07,0.6031
11.81,102.37,NaN,0.051152,0.0012726,0.17531
14.48,102.37,NaN,0.073716,0.0024029,0.23933
17.19,102.37,NaN,0.082194,0.0017551,0.27481
19.94,102.37,NaN,0.035513,0.00010968,0.14737
31.53,102.37,NaN,0.087103,0.0013772,0.28476
34.64,102.37,NaN,0.36155,0.082616,0.71862
44.82,102.37,NaN,0.78201,0.47694,0.97743
48.63,102.37,NaN,0.68577,0.34535,0.93924
52.75,102.37,NaN,0.63684,0.25333,0.92241
57.32,102.37,NaN,0.62495,0.20574,0.93749
62.55,102.37,NaN,0.24994,0.021916,0.60727
69.02,102.37,NaN,0.050521,0.00020186,0.20162
-69.02,104.88,NaN,0.15437,1.3337e-06,0.64617
3.91,104.88,NaN,0.023227,5.0603e-06,0.10952
14.48,104.88,NaN,0.038988,0.00069289,0.14183
17.19,104.88,NaN,0.04303,0.00045288,0.16063
19.94,104.88,NaN,0.016484,1.7502e-05,0.073589
28.52,104.88,NaN,0.009412,1.5424e-06,0.043466
31.53,104.88,NaN,0.078356,0.00083562,0.26839
34.64,104.88,NaN,0.25816,0.034848,0.59907
37.87,104.88,NaN,0.46779,0.14729,0.83302
41.25,104.88,NaN,0.64461,0.27814,0.94459
44.82,104.88,NaN,0.56623,0.21526,0.89182
48.63,104.88,NaN,0.57374,0.22165,0.88233
52.75,104.88,NaN,0.51536,0.1438,0.85342
57.32,104.88,NaN,0.50345,0.10344,0.87309
62.55,104.88,NaN,0.24196,0.018045,0.60613
69.02,104.88,NaN,0.052537,0.00017198,0.21031
-69.02,107.39,NaN,0.14221,1.4121e-06,0.60911
-62.55,107.39,NaN,0.04645,3.6032e-07,0.22972
1.3,107.39,NaN,0.0093771,1.452e-08,0.052737
3.91,107.39,NaN,0.010479,3.2354e-07,0.051866
17.19,107.39,NaN,0.020046,9.8767e-05,0.081369
34.64,107.39,NaN,0.21915,0.020374,0.55
37.87,107.39,NaN,0.3442,0.071891,0.70795
41.25,107.39,NaN,0.4503,0.11491,0.82553
44.82,107.39,NaN,0.33938,0.058008,0.71207
48.63,107.39,NaN,0.43946,0.10736,0.78524
52.75,107.39,NaN,0.37218,0.05935,0.73664
62.55,107.39,NaN,0.23546,0.014717,0.60355
69.02,107.39,NaN,0.05523,0.00014583,0.22167
-69.02,109.9,NaN,0.15436,2.7434e-06,0.63342
-62.55,109.9,NaN,0.039427,2.8442e-07,0.19717
1.3,109.9,NaN,0.0095971,8.3594e-09,0.053296
3.91,109.9,NaN,0.0072508,8.3125e-08,0.035906
28.52,109.9,NaN,0.016906,2.7716e-06,0.077766
31.53,109.9,NaN,0.069016,0.00029149,0.26391
34.64,109.9,NaN,0.16958,0.0088402,0.46804
37.87,109.9,NaN,0.18396,0.015674,0.47597
41.25,109.9,NaN,0.16897,0.0083595,0.49008
44.82,109.9,NaN,0.22058,0.017877,0.55757
48.63,109.9,NaN,0.31915,0.04217,0.67563
52.75,109.9,NaN,0.27661,0.026176,0.62616
62.55,109.9,NaN,0.23054,0.011861,0.60119
69.02,109.9,NaN,0.058806,0.00012555,0.23922
-69.02,112.41,NaN,0.16979,6.5329e-06,0.66739
-62.55,112.41,NaN,0.046001,6.748e-07,0.22322
-1.3,112.41,NaN,0.0093777,1.0538e-10,0.054667
1.3,112.41,NaN,0.011512,6.5168e-09,0.063699
25.59,112.41,NaN,0.0033538,1.026e-07,0.016597
28.52,112.41,NaN,0.011924,9.5117e-07,0.057822
31.53,112.41,NaN,0.044844,8.4838e-05,0.18193
34.64,112.41,NaN,0.10877,0.0023755,0.34299
37.87,112.41,NaN,0.14097,0.0062202,0.40438
41.25,112.41,NaN,0.11184,0.002463,0.35913
44.82,112.41,NaN,0.14109,0.0046737,0.41986
48.63,112.41,NaN,0.20559,0.010909,0.526
52.75,112.41,NaN,0.22312,0.012367,0.55905
57.32,112.41,NaN,0.23048,0.011644,0.59314
62.55,112.41,NaN,0.11912,0.0020111,0.38138
69.02,112.41,NaN,0.055608,7.3327e-05,0.23129
-69.02,114.92,NaN,0.18962,1.4588e-05,0.71008
-62.55,114.92,NaN,0.039189,5.6432e-07,0.19283
-37.87,114.92,NaN,0.12746,0.011582,0.34201
-34.64,114.92,NaN,0.18329,0.023163,0.4464
-31.53,114.92,NaN,0.23063,0.040846,0.51637
-28.52,114.92,NaN,0.16519,0.023587,0.4018
-3.91,114.92,NaN,0.0078511,5.2547e-11,0.042978
1.3,114.92,NaN,0.0044138,3.1124e-10,0.022517
25.59,114.92,NaN,0.0040496,1.5361e-07,0.019909
31.53,114.92,NaN,0.019708,1.1112e-05,0.089477
34.64,114.92,NaN,0.058592,0.00037272,0.21507
37.87,114.92,NaN,0.074354,0.00084946,0.25148
41.25,114.92,NaN,0.10202,0.0013897,0.33412
44.82,114.92,NaN,0.080313,0.00068054,0.28351
48.63,114.92,NaN,0.1063,0.0012978,0.34605
52.75,114.92,NaN,0.13016,0.0024727,0.40012
57.32,114.92,NaN,0.15716,0.0043195,0.46429
62.55,114.92,NaN,0.083338,0.00071812,0.29809
69.02,114.92,NaN,0.057743,5.1462e-05,0.24007
-69.02,117.43,NaN,0.16947,1.153e-05,0.66638
-62.55,117.43,NaN,0.045956,1.249e-06,0.22298
-37.87,117.43,NaN,0.10698,0.0091311,0.29529
-34.64,117.43,NaN,0.26911,0.050544,0.57762
-31.53,117.43,NaN,0.3117,0.070653,0.63091
-28.52,117.43,NaN,0.24059,0.047324,0.51865
-25.59,117.43,NaN,0.11821,0.011306,0.31932
-3.91,117.43,NaN,0.0043288,2.3461e-11,0.022329
9.16,117.43,NaN,0.014705,1.3423e-06,0.069226
31.53,117.43,NaN,0.0094253,1.5643e-06,0.044376
37.87,117.43,NaN,0.038648,8.0453e-05,0.15122
44.82,117.43,NaN,0.081506,0.00038137,0.28975
48.63,117.43,NaN,0.098111,0.0005683,0.33107
52.75,117.43,NaN,0.06818,0.00029551,0.25718
57.32,117.43,NaN,0.098741,0.00099248,0.33917
62.55,117.43,NaN,0.057178,0.00021009,0.22256
69.02,117.43,NaN,0.060962,3.638e-05,0.25532
-69.02,119.94,NaN,0.16937,1.5177e-05,0.66331
-62.55,119.94,NaN,0.03897,1.0163e-06,0.19224
-37.87,119.94,NaN,0.075624,0.0045919,0.22752
-34.64,119.94,NaN,0.14553,0.01741,0.37356
-28.52,119.94,NaN,0.25783,0.053254,0.54516
-25.59,119.94,NaN,0.11618,0.01149,0.31126
-1.3,119.94,NaN,0.0034928,9.9629e-12,0.018022
14.48,119.94,NaN,0.020662,2.374e-05,0.091269
31.53,119.94,NaN,0.0085664,7.011e-07,0.041958
37.87,119.94,NaN,0.022221,7.7146e-06,0.097426
41.25,119.94,NaN,0.030886,1.3801e-05,0.13533
44.82,119.94,NaN,0.047648,4.1732e-05,0.19756
48.63,119.94,NaN,0.051983,4.6805e-05,0.21005
52.75,119.94,NaN,0.059078,9.6818e-05,0.23562
57.32,119.94,NaN,0.061365,0.00021785,0.23853
62.55,119.94,NaN,0.0386,5.2238e-05,0.16449
69.02,119.94,NaN,0.065245,2.6648e-05,0.27295
-69.02,122.45,NaN,0.17186,2.0423e-05,0.66522
-62.55,122.45,NaN,0.045874,2.2257e-06,0.22082
-37.87,122.45,NaN,0.059242,0.0027856,0.19129
-34.64,122.45,NaN,0.10356,0.0091753,0.29126
-31.53,122.45,NaN,0.20061,0.033202,0.46547
-28.52,122.45,NaN,0.31458,0.07577,0.62287
-25.59,122.45,NaN,0.19576,0.029285,0.4589
-22.74,122.45,NaN,0.12321,0.0084208,0.34233
1.3,122.45,NaN,0.0016998,5.7786e-11,0.0082652
31.53,122.45,NaN,0.00998,7.6717e-07,0.050502
34.64,122.45,NaN,0.010583,8.0025e-07,0.050442
41.25,122.45,NaN,0.017283,1.2303e-06,0.08187
44.82,122.45,NaN,0.026402,3.2022e-06,0.12272
48.63,122.45,NaN,0.028502,2.2859e-06,0.13366
52.75,122.45,NaN,0.040052,1.3428e-05,0.17962
57.32,122.45,NaN,0.037226,3.7636e-05,0.16075
62.55,122.45,NaN,0.025666,1.0887e-05,0.11678
69.02,122.45,NaN,0.029773,1.3846e-06,0.14061
-69.02,124.96,NaN,0.17177,2.5473e-05,0.6627
-62.55,124.96,NaN,0.039087,1.694e-06,0.19027
-31.53,124.96,NaN,0.20354,0.034161,0.46701
-28.52,124.96,NaN,0.4081,0.11921,0.73403
-25.59,124.96,NaN,0.29514,0.060916,0.61101
-22.74,124.96,NaN,0.14764,0.011344,0.39018
-19.94,124.96,NaN,0.084446,0.0019133,0.27536
44.82,124.96,NaN,0.009352,2.9073e-08,0.05082
48.63,124.96,NaN,0.016206,7.5641e-08,0.083979
52.75,124.96,NaN,0.028922,1.6446e-06,0.14104
62.55,124.96,NaN,0.017064,1.9294e-06,0.081144
69.02,124.96,NaN,0.022019,2.0255e-07,0.11011
-69.02,127.47,NaN,0.17433,3.3628e-05,0.6642
-62.55,127.47,NaN,0.046038,3.569e-06,0.22085
-31.53,127.47,NaN,0.21108,0.037076,0.47585
-28.52,127.47,NaN,0.34488,0.087512,0.66827
-25.59,127.47,NaN,0.35337,0.078716,0.68261
-22.74,127.47,NaN,0.16087,0.012923,0.41651
-19.94,127.47,NaN,0.072594,0.0011982,0.24815
48.63,127.47,NaN,0.010887,2.6706e-09,0.058702
52.75,127.47,NaN,0.017716,9.802e-08,0.092204
62.55,127.47,NaN,0.011381,2.5925e-07,0.057929
69.02,127.47,NaN,0.022596,8.517e-08,0.11713
-69.02,129.98,NaN,0.17424,3.683e-05,0.66151
-62.55,129.98,NaN,0.038234,2.2903e-06,0.18332
-31.53,129.98,NaN,0.20305,0.035002,0.46074
-28.52,129.98,NaN,0.3462,0.086378,0.67064
-25.59,129.98,NaN,0.36291,0.078472,0.69356
-22.74,129.98,NaN,0.19427,0.017045,0.47957
-19.94,129.98,NaN,0.10997,0.002567,0.34745
-17.19,129.98,NaN,0.060751,0.00026386,0.23965
57.32,129.98,NaN,0.0065438,2.1812e-08,0.033208
62.55,129.98,NaN,0.0076675,3.1299e-08,0.039431
-69.02,132.49,NaN,0.18503,5.391e-05,0.68429
-62.55,132.49,NaN,0.065241,1.4202e-05,0.29169
-34.64,132.49,NaN,0.15851,0.018432,0.40155
-31.53,132.49,NaN,0.26308,0.056184,0.54927
-28.52,132.49,NaN,0.3992,0.10783,0.73257
-25.59,132.49,NaN,0.32362,0.059741,0.64653
-22.74,132.49,NaN,0.27399,0.032029,0.61123
-19.94,132.49,NaN,0.092357,0.0016296,0.30619
-17.19,132.49,NaN,0.053537,0.0001871,0.21676
52.75,132.49,NaN,0.0055816,7.1935e-11,0.031116
57.32,132.49,NaN,0.0046078,2.5117e-09,0.023615
62.55,132.49,NaN,0.0052594,3.6917e-09,0.027413
69.02,132.49,NaN,0.021843,9.4471e-09,0.11781
-69.02,135,NaN,0.17121,4.5061e-05,0.64774
-62.55,135,NaN,0.049606,5.8035e-06,0.23077
-37.87,135,NaN,0.11157,0.0063757,0.32849
-31.53,135,NaN,0.3531,0.097391,0.66524
-25.59,135,NaN,0.27882,0.045973,0.58406
-22.74,135,NaN,0.12249,0.0064437,0.33997
-17.19,135,NaN,0.060944,0.00019356,0.24464
6.53,135,NaN,0.0038068,1.273e-12,0.019093
48.63,135,NaN,0.0028547,1.0905e-14,0.014762
52.75,135,NaN,0.0024511,3.7089e-13,0.012534
57.32,135,NaN,0.0029759,1.6854e-10,0.014444
62.55,135,NaN,0.003708,2.9134e-10,0.018426
-69.02,137.51,NaN,0.17463,5.7899e-05,0.65619
-62.55,137.51,NaN,0.030722,1.7878e-06,0.15104
-34.64,137.51,NaN,0.26204,0.048759,0.56343
-31.53,137.51,NaN,0.39479,0.11557,0.71715
-28.52,137.51,NaN,0.49964,0.14984,0.82721
-25.59,137.51,NaN,0.27535,0.044311,0.5823
-22.74,137.51,NaN,0.11557,0.0050538,0.3319
57.32,137.51,NaN,0.0022428,1.5462e-11,0.010391
62.55,137.51,NaN,0.0021719,9.0929e-12,0.01017
69.02,137.51,NaN,0.019438,1.2093e-09,0.10534
-69.02,140.02,NaN,0.17944,7.3749e-05,0.66806
-62.55,140.02,NaN,0.038893,3.8843e-06,0.18621
-37.87,140.02,NaN,0.046401,0.0010462,0.16506
-34.64,140.02,NaN,0.14872,0.017852,0.37075
-31.53,140.02,NaN,0.32597,0.080869,0.63363
-25.59,140.02,NaN,0.27562,0.044187,0.58229
-22.74,140.02,NaN,0.11833,0.005115,0.33909
57.32,140.02,NaN,0.0014178,6.1885e-13,0.0060523
62.55,140.02,NaN,0.0024554,2.1219e-12,0.011529
69.02,140.02,NaN,0.01732,3.9297e-10,0.095049
-69.02,142.53,NaN,0.13615,3.179e-05,0.55823
-62.55,142.53,NaN,0.034879,3.2288e-06,0.16987
-34.64,142.53,NaN,0.14432,0.017318,0.35769
-31.53,142.53,NaN,0.31905,0.077336,0.62479
-28.52,142.53,NaN,0.31837,0.066831,0.62716
-25.59,142.53,NaN,0.18695,0.021819,0.44462
-22.74,142.53,NaN,0.14356,0.0072918,0.39497
-19.94,142.53,NaN,0.086941,0.0009102,0.30203
69.02,142.53,NaN,0.017644,1.9801e-10,0.098232
-69.02,145.04,NaN,0.12689,2.6766e-05,0.52656
-62.55,145.04,NaN,0.040867,5.1152e-06,0.19555
-37.87,145.04,NaN,0.088632,0.0033371,0.27082
-34.64,145.04,NaN,0.17921,0.024813,0.42302
-31.53,145.04,NaN,0.34215,0.086129,0.65946
-28.52,145.04,NaN,0.22006,0.03581,0.48664
-25.59,145.04,NaN,0.11326,0.0087848,0.30701
-22.74,145.04,NaN,0.051785,0.00099245,0.17656
-19.94,145.04,NaN,0.031476,0.00012,0.12588
62.55,145.04,NaN,0.0063602,2.3389e-12,0.033681
69.02,145.04,NaN,0.021263,1.9466e-10,0.11998
-69.02,147.55,NaN,0.11083,1.8601e-05,0.47663
-62.55,147.55,NaN,0.035856,3.7857e-06,0.17218
-41.25,147.55,NaN,0.056717,0.00040592,0.21171
-37.87,147.55,NaN,0.14384,0.00815,0.39472
-34.64,147.55,NaN,0.24261,0.039748,0.53199
-31.53,147.55,NaN,0.20576,0.036793,0.45046
-25.59,147.55,NaN,0.097419,0.0062167,0.27817
69.02,147.55,NaN,0.029601,2.7784e-10,0.16928
-69.02,150.06,NaN,0.10237,1.6172e-05,0.4473
-37.87,150.06,NaN,0.057658,0.0012057,0.19342
-34.64,150.06,NaN,0.091414,0.0066444,0.25428
-31.53,150.06,NaN,0.11385,0.013459,0.29049
-28.52,150.06,NaN,0.08863,0.0073662,0.25252
57.32,150.06,NaN,0.0040167,1.7984e-13,0.020671
69.02,150.06,NaN,0.020589,2.0983e-11,0.1198
-69.02,152.57,NaN,0.081835,8.2999e-06,0.37174
-31.53,152.57,NaN,0.063624,0.0045943,0.18688
69.02,152.57,NaN,0.020065,6.4303e-12,0.11653
-69.02,155.08,NaN,0.055573,2.934e-06,0.26736
-69.02,157.59,NaN,0.03967,1.022e-06,0.20094
69.02,157.59,NaN,0.021042,2.4421e-12,0.1254
-69.02,160.1,NaN,0.042117,1.3492e-06,0.21229
69.02,160.1,NaN,0.015434,7.3143e-13,0.092248
-69.02,162.61,NaN,0.053316,2.7128e-06,0.26032
62.55,162.61,NaN,0.011417,9.022e-15,0.063058
69.02,162.61,NaN,0.012507,3.6751e-13,0.07178
-69.02,165.12,NaN,0.068149,6.6261e-06,0.31967
69.02,165.12,NaN,0.010124,1.371e-13,0.056379
-69.02,167.63,NaN,0.048133,2.1054e-06,0.24039
69.02,167.63,NaN,0.0039091,1.1481e-15,0.017837
-69.02,170.14,NaN,0.06688,5.7059e-06,0.31154
69.02,170.14,NaN,0.0038104,2.4982e-15,0.017956
-69.02,172.65,NaN,0.038378,9.5837e-07,0.19289
69.02,172.65,NaN,0.0043881,8.4844e-15,0.021571
-37.87,177.67,NaN,0.08372,5.2819e-05,0.34809
-19.94,177.67,NaN,0.024909,2.3764e-05,0.11421
