69.02,-121.02,25.587,-73.886,119.58
17.19,-93.41,0.93013,0.67794,1.1896
69.02,-93.41,18.31,-55.539,88.318
62.55,-73.33,0.63538,0.37389,0.91832
34.64,-55.76,9.2656,-31.441,51.189
37.87,-55.76,-2.7565,-13.35,6.0526
31.53,-53.25,13.187,-41.575,66.917
34.64,-53.25,1.2191,-15.323,17.34
37.87,-53.25,-296.09,-1407.9,809.11
25.59,-50.74,13.139,-41.379,66.611
34.64,-50.74,-302.87,-1434.9,820.58
37.87,-50.74,-570.1,-2718.1,1578
62.55,-50.74,-272.15,-1298.9,751.25
19.94,-48.23,2.5255,-17.714,22.87
22.74,-48.23,15.391,-47.202,76.08
28.52,-48.23,7.4134,-27.43,43.345
31.53,-48.23,-233.84,-1104.9,630.31
34.64,-48.23,-468.19,-2218.1,1270
37.87,-48.23,-602.36,-2864.9,1657.6
41.25,-48.23,-388.44,-1867.5,1095
48.63,-48.23,-226.27,-1082.5,627.87
62.55,-48.23,-506.57,-2420.9,1409.3
17.19,-45.72,20.426,-60.733,96.443
19.94,-45.72,-4.2455,-14.431,5.5951
22.74,-45.72,-3.9866,-13.983,5.6942
25.59,-45.72,-234.67,-1103.4,626.04
28.52,-45.72,-270.74,-1270.5,719.21
31.53,-45.72,-211.05,-991.56,562.05
34.64,-45.72,-182.14,-858.31,488.13
37.87,-45.72,-372.81,-1778.9,1030.1
41.25,-45.72,-545.99,-2602.6,1509.8
52.75,-45.72,0.63538,0.37389,0.91832
57.32,-45.72,-407.2,-1956,1145.8
62.55,-45.72,-302.28,-1448.1,843.04
11.81,-43.21,-145.15,-691.88,398.33
14.48,-43.21,-246.11,-1173.2,676.36
17.19,-43.21,-14.779,-59.018,26.665
19.94,-43.21,-212.45,-998.11,565.71
22.74,-43.21,-166.37,-785.7,447.89
25.59,-43.21,-10.797,-50.013,24.531
28.52,-43.21,-163.03,-770.28,439.33
31.53,-43.21,-160.38,-758.08,432.55
34.64,-43.21,0.93013,0.67794,1.1896
41.25,-43.21,-480.59,-2298.6,1339.1
44.82,-43.21,-412.58,-1981.5,1160.6
48.63,-43.21,-327.37,-1569.2,914.83
52.75,-43.21,-488.94,-2340.5,1365.6
57.32,-43.21,-330.43,-1578.9,915.82
9.16,-40.7,-117.67,-562.82,325.24
11.81,-40.7,-306.55,-1458.6,839.13
14.48,-40.7,-138.98,-659.7,378.12
17.19,-40.7,-136.32,-647.24,371.07
22.74,-40.7,0.66838,0.41295,0.9304
28.52,-40.7,-66.659,-320.12,185.33
31.53,-40.7,0.66838,0.41295,0.9304
44.82,-40.7,-550.49,-2624.8,1523.6
48.63,-40.7,-484.28,-2319.8,1354.9
9.16,-38.19,-295.82,-1406.9,808.48
11.81,-38.19,-14.612,-68.974,36.41
22.74,-38.19,19.431,-58.249,92.346
25.59,-38.19,-135.02,-632.9,357.45
28.52,-38.19,-112.75,-531.01,301.43
44.82,-38.19,-317.38,-1527.7,896.2
-9.16,-35.68,-111.21,-525.75,299.74
-1.3,-35.68,-49.3,-236.88,136.9
9.16,-35.68,-260.43,-1240,713.39
14.48,-35.68,0.93013,0.67794,1.1896
17.19,-35.68,0.66838,0.41295,0.9304
19.94,-35.68,0.93013,0.67794,1.1896
22.74,-35.68,-119.94,-563.7,319.3
25.59,-35.68,-196.46,-913.99,512.02
28.52,-35.68,-132.85,-622.75,351.78
31.53,-35.68,0.66838,0.41295,0.9304
34.64,-35.68,0.93013,0.67794,1.1896
37.87,-35.68,0.93013,0.67794,1.1896
-17.19,-33.17,-264.35,-1270.3,742.25
-14.48,-33.17,0.93013,0.67794,1.1896
-11.81,-33.17,-137.16,-644.92,365.58
-3.91,-33.17,-88.404,-419.85,240.4
-1.3,-33.17,0.93013,0.67794,1.1896
1.3,-33.17,-19.937,-95.037,53.606
3.91,-33.17,-120.7,-574.17,329.76
9.16,-33.17,-169.09,-791.54,446.57
11.81,-33.17,0.93013,0.67794,1.1896
22.74,-33.17,19.607,-58.66,92.994
25.59,-33.17,-155.68,-727.43,409.47
28.52,-33.17,-173.63,-809.59,454.66
31.53,-33.17,-73.354,-350.09,201.38
34.64,-33.17,0.93013,0.67794,1.1896
37.87,-33.17,0.63538,0.37389,0.91832
44.82,-33.17,-114.22,-536.88,304.28
57.32,-33.17,-22.348,-109.8,64.573
62.55,-33.17,-109.67,-515.95,292.73
-52.75,-30.66,17.841,-54.038,86.245
-48.63,-30.66,18.211,-55.04,87.707
-19.94,-30.66,-78.744,-377.62,218.5
-17.19,-30.66,-248.77,-1195.4,698.14
-14.48,-30.66,-82.861,-394.55,226.53
-11.81,-30.66,-186.34,-867.67,486.57
-9.16,-30.66,-150.42,-703.35,396.2
-6.53,-30.66,-152.02,-710.63,400.21
-3.91,-30.66,-170.56,-795.5,446.9
-1.3,-30.66,-153.36,-716.79,403.6
1.3,-30.66,-115.58,-543.91,308.49
6.53,-30.66,-87.098,-413.88,237.12
9.16,-30.66,-78.206,-373.35,214.92
11.81,-30.66,-84.417,-401.62,230.39
22.74,-30.66,0.93013,0.67794,1.1896
25.59,-30.66,-112.18,-528.24,299.82
28.52,-30.66,-196.99,-916.26,513.21
31.53,-30.66,-66.492,-318.67,184.13
34.64,-30.66,-90.31,-428.26,244.89
44.82,-30.66,-123.09,-577.43,326.57
48.63,-30.66,-85.527,-405.81,232.32
52.75,-30.66,-112.87,-530.57,300.77
57.32,-30.66,-128.91,-603.94,341.1
62.55,-30.66,-156.8,-731.58,411.33
-57.32,-28.15,-90.475,-436.16,254.24
-52.75,-28.15,-219.95,-1042.6,596.76
-48.63,-28.15,-154.05,-727.53,414.78
-28.52,-28.15,0.93013,0.67794,1.1896
-17.19,-28.15,-69.077,-330.08,190.05
-14.48,-28.15,-157.14,-734.08,413.1
-11.81,-28.15,-219.3,-1018.2,569.13
-9.16,-28.15,-230.25,-1068.1,596.35
-6.53,-28.15,-231.9,-1075.6,600.46
-3.91,-28.15,-240.84,-1116.2,622.64
-1.3,-28.15,-218.79,-1015.8,567.82
1.3,-28.15,-200.42,-932.04,521.91
3.91,-28.15,-172.54,-804.58,451.89
6.53,-28.15,-176.14,-821.02,460.94
9.16,-28.15,-116.88,-549.84,311.75
11.81,-28.15,-110.28,-519.68,295.17
17.19,-28.15,0.93013,0.67794,1.1896
19.94,-28.15,0.93013,0.67794,1.1896
22.74,-28.15,0.93013,0.67794,1.1896
25.59,-28.15,-136.54,-639.68,361.1
28.52,-28.15,-215.65,-1001.5,559.9
31.53,-28.15,-149.16,-697.36,392.83
34.64,-28.15,-123.97,-581.99,329.31
44.82,-28.15,-139.14,-650.85,366.96
48.63,-28.15,-157.02,-732.65,411.95
52.75,-28.15,-170.91,-796.17,446.88
57.32,-28.15,-178.9,-832.73,466.97
62.55,-28.15,-194.9,-905.84,507.13
-57.32,-25.64,-201.34,-950.59,541.92
-52.75,-25.64,-174.64,-813.58,456.6
-48.63,-25.64,-149.92,-703.36,397.93
-44.82,-25.64,-12.056,-57.464,30.058
-41.25,-25.64,-79.278,-378.3,217.65
-37.87,-25.64,-95.761,-453.23,258.63
-34.64,-25.64,-130.54,-612.3,346.08
-31.53,-25.64,-133.31,-625.02,353.09
-28.52,-25.64,-96.447,-456.52,260.5
-25.59,-25.64,-100.2,-473.69,269.94
-22.74,-25.64,-105.12,-496.11,282.24
-19.94,-25.64,-144.53,-676.38,381.36
-17.19,-25.64,-154.72,-723,407.01
-14.48,-25.64,-213.38,-991.16,554.31
-11.81,-25.64,-269,-1244.1,692.13
-9.16,-25.64,-301.81,-1392.5,772.41
-6.53,-25.64,-303.85,-1401.7,777.37
-3.91,-25.64,-310.46,-1431.6,793.45
-1.3,-25.64,-286.64,-1324,735.39
1.3,-25.64,-264.2,-1222.4,680.34
3.91,-25.64,-239.17,-1108.6,618.49
6.53,-25.64,-164.57,-768.12,431.86
9.16,-25.64,-55.434,-263.78,150.95
22.74,-25.64,0.93013,0.67794,1.1896
25.59,-25.64,-152.58,-713.05,401.47
28.52,-25.64,-245.17,-1135.8,633.25
31.53,-25.64,-217.46,-1009.8,564.54
34.64,-25.64,-174.46,-813.05,456.43
37.87,-25.64,-90.476,-428.72,245.02
41.25,-25.64,-85.615,-406.36,232.69
44.82,-25.64,-176.71,-822.82,461.58
48.63,-25.64,-210.94,-979.19,547.39
52.75,-25.64,-218.34,-1012.9,565.81
57.32,-25.64,-221.19,-1025.8,572.89
62.55,-25.64,-197.16,-916.19,512.81
-62.55,-23.13,-159.35,-759.87,437.68
-57.32,-23.13,-200.73,-940.62,531.64
-52.75,-23.13,-244.82,-1138.4,637.67
-48.63,-23.13,-185.8,-864.86,484.91
-44.82,-23.13,-133.58,-627.76,355.76
-41.25,-23.13,-93.884,-443.82,253.12
-37.87,-23.13,-172.47,-804.28,451.74
-34.64,-23.13,-202.18,-940.05,526.29
-31.53,-23.13,-206.82,-961.25,537.92
-28.52,-23.13,-183.75,-855.85,480.08
-25.59,-23.13,-187.54,-873.19,489.6
-22.74,-23.13,-190.83,-888.21,497.86
-19.94,-23.13,-212.88,-988.93,553.09
-17.19,-23.13,-227.45,-1055.3,589.39
-14.48,-23.13,-264.32,-1222.9,680.62
-11.81,-23.13,-318.1,-1466,811.95
-9.16,-23.13,-371.42,-1704.5,939.28
-6.53,-23.13,-373.91,-1715.6,945.14
-3.91,-23.13,-379.48,-1740.3,958.2
-1.3,-23.13,-355.28,-1632.7,901.15
1.3,-23.13,-357.56,-1657.6,924.74
3.91,-23.13,-284.06,-1323.8,743.36
6.53,-23.13,-148.19,-693.09,390.55
14.48,-23.13,0.93013,0.67794,1.1896
19.94,-23.13,0.93013,0.67794,1.1896
22.74,-23.13,-158.75,-748.59,426.16
25.59,-23.13,-185.16,-862.13,483.46
28.52,-23.13,-258.96,-1198.4,667.28
31.53,-23.13,-279.21,-1290.2,717.04
34.64,-23.13,-223.68,-1037.9,579.73
37.87,-23.13,-171.85,-800.87,449.63
41.25,-23.13,-167.49,-780.76,438.5
44.82,-23.13,-215.61,-1000.6,559.14
48.63,-23.13,-259.81,-1201.6,668.72
52.75,-23.13,-262.42,-1213.4,675.1
57.32,-23.13,-260.87,-1206.3,671.24
62.55,-23.13,-197.57,-918.04,513.83
-69.02,-20.62,-122.73,-588.3,340.92
-62.55,-20.62,-140.77,-673.51,389.6
-57.32,-20.62,-194.07,-902.42,505.41
-52.75,-20.62,-268.7,-1242.4,691.26
-48.63,-20.62,-228.05,-1057.5,590.41
-44.82,-20.62,-164.75,-768.46,431.84
-41.25,-20.62,-130.91,-613.71,346.74
-37.87,-20.62,-225.67,-1047.1,584.88
-34.64,-20.62,-254.25,-1177.2,655.79
-31.53,-20.62,-269.7,-1247.3,693.85
-28.52,-20.62,-250.47,-1160,646.47
-25.59,-20.62,-255.43,-1182.6,658.73
-22.74,-20.62,-259.5,-1201,668.76
-19.94,-20.62,-274.04,-1266.9,704.51
-17.19,-20.62,-295.45,-1363.8,756.92
-14.48,-20.62,-321.67,-1482.1,820.6
-11.81,-20.62,-366.51,-1682.7,927.73
-9.16,-20.62,-418.39,-1911,1047.5
-6.53,-20.62,-441.61,-2011.2,1099.1
-3.91,-20.62,-441.97,-2012.7,1099.9
-1.3,-20.62,-381.64,-1749.8,963.24
1.3,-20.62,-333.27,-1540.9,856.82
3.91,-20.62,-273.81,-1274.5,714.69
6.53,-20.62,-150.79,-704.98,397.08
19.94,-20.62,-102.66,-484.94,276.12
22.74,-20.62,-286.37,-1347.5,765.31
25.59,-20.62,-236.74,-1097.4,612.29
28.52,-20.62,-293.77,-1356,752.64
31.53,-20.62,-328.38,-1512,836.62
34.64,-20.62,-269.35,-1245.4,692.71
37.87,-20.62,-233.07,-1080.4,602.91
41.25,-20.62,-226.93,-1052.3,587.48
44.82,-20.62,-259.81,-1201.7,668.8
48.63,-20.62,-307.35,-1416.7,785.13
52.75,-20.62,-305.51,-1408.4,780.6
57.32,-20.62,-299.67,-1382,766.33
62.55,-20.62,-198.17,-920.8,515.34
-69.02,-18.11,-188.02,-890.35,509.22
-62.55,-18.11,-122.61,-584.55,336.76
-57.32,-18.11,-220.49,-1023,571.49
-52.75,-18.11,-248.31,-1151.2,642.48
-48.63,-18.11,-293.7,-1360.4,758.34
-44.82,-18.11,-213,-989.07,553.01
-41.25,-18.11,-192.36,-894.99,501.48
-37.87,-18.11,-253.52,-1173.8,653.92
-34.64,-18.11,-307.49,-1418.2,786.22
-31.53,-18.11,-329.57,-1517.6,839.65
-28.52,-18.11,-313.73,-1446.3,801.37
-25.59,-18.11,-319.71,-1473.2,815.85
-22.74,-18.11,-325.31,-1498.4,829.39
-19.94,-18.11,-337.19,-1551.8,857.97
-17.19,-18.11,-362.3,-1664,917.8
-14.48,-18.11,-382.67,-1754.3,965.63
-11.81,-18.11,-418.62,-1912,1048.1
-9.16,-18.11,-464.19,-2107.5,1148
-6.53,-18.11,-484.44,-2192.9,1191
-3.91,-18.11,-418.94,-1913.4,1048.8
-1.3,-18.11,-353.01,-1622.5,895.74
1.3,-18.11,-314.4,-1455.6,810.83
3.91,-18.11,-262.74,-1225,688.26
6.53,-18.11,-149.64,-699.69,394.17
14.48,-18.11,-43.645,-211.08,122.76
17.19,-18.11,-111.54,-525.31,298.21
19.94,-18.11,-143.69,-672.35,379.07
22.74,-18.11,-210.12,-976.11,545.98
25.59,-18.11,-262.54,-1214.6,676.01
28.52,-18.11,-296,-1366,758.02
31.53,-18.11,-348.9,-1604.2,885.98
34.64,-18.11,-318.6,-1468,812.91
37.87,-18.11,-290.11,-1339.2,743.46
41.25,-18.11,-281.71,-1301.1,722.76
44.82,-18.11,-303.5,-1399.5,775.87
48.63,-18.11,-354.1,-1626.7,897.67
52.75,-18.11,-347.94,-1599.1,882.94
57.32,-18.11,-321.39,-1479.9,819.08
62.55,-18.11,-198.8,-923.66,516.91
-69.02,-15.6,-159.46,-745.83,420.5
-62.55,-15.6,-132.32,-619.83,349.97
-57.32,-15.6,-195.44,-908.63,508.8
-52.75,-15.6,-215.68,-1003.3,562.27
-48.63,-15.6,-301.54,-1391.3,771.77
-44.82,-15.6,-258.36,-1195.5,665.65
-41.25,-15.6,-247.24,-1145.2,638.33
-37.87,-15.6,-292.71,-1351.4,750.18
-34.64,-15.6,-361.7,-1661.3,916.38
-31.53,-15.6,-386.17,-1769.9,973.81
-28.52,-15.6,-375.55,-1722.8,948.99
-25.59,-15.6,-382.59,-1754,965.46
-22.74,-15.6,-389.57,-1784.8,981.7
-19.94,-15.6,-400.13,-1831.3,1006.1
-17.19,-15.6,-426.82,-1947.5,1066.4
-14.48,-15.6,-444,-2021.4,1104.3
-11.81,-15.6,-473.5,-2146.8,1167.9
-9.16,-15.6,-511.81,-2306.4,1247.3
-6.53,-15.6,-464.44,-2108.5,1148.6
-3.91,-15.6,-399.64,-1829.1,1004.9
-1.3,-15.6,-330.79,-1523,842.57
1.3,-15.6,-258.14,-1194.8,665.37
3.91,-15.6,-184.35,-858.53,481.53
6.53,-15.6,-112.29,-528.79,300.15
14.48,-15.6,0.93013,0.67794,1.1896
19.94,-15.6,-58.19,-279.24,161.45
22.74,-15.6,-163.83,-764.34,429.61
25.59,-15.6,-329.91,-1552.6,881.92
28.52,-15.6,-246.69,-1142.4,636.74
31.53,-15.6,-308.54,-1422.6,788.49
34.64,-15.6,-370.13,-1698.5,936
37.87,-15.6,-345.95,-1590.6,878.6
41.25,-15.6,-335.25,-1542.6,852.83
44.82,-15.6,-349.78,-1607.5,887.48
48.63,-15.6,-397.86,-1820.7,1000.2
52.75,-15.6,-389.54,-1784,980.92
57.32,-15.6,-300.56,-1386,768.5
62.55,-15.6,-181.59,-844.99,473.7
-69.02,-13.09,-181.28,-844.41,473.85
-62.55,-13.09,-174.07,-810.94,455.13
-57.32,-13.09,-163.14,-760.9,427.58
-52.75,-13.09,-170.39,-794.04,445.81
-48.63,-13.09,-306.84,-1419.8,790.44
-44.82,-13.09,-306.13,-1411.8,782.68
-41.25,-13.09,-300.38,-1386,768.82
-37.87,-13.09,-337.49,-1553.1,858.66
-34.64,-13.09,-396.77,-1816.5,998.33
-31.53,-13.09,-442.41,-2014.6,1100.8
-28.52,-13.09,-435.5,-1984.9,1085.6
-25.59,-13.09,-443.53,-2019.4,1103.3
-22.74,-13.09,-451.72,-2054.4,1121.1
-19.94,-13.09,-461.6,-2096.4,1142.5
-17.19,-13.09,-483.89,-2190.5,1189.8
-14.48,-13.09,-503.98,-2274.1,1231.3
-11.81,-13.09,-528.59,-2375.3,1281
-9.16,-13.09,-515.02,-2319.6,1253.7
-6.53,-13.09,-447.85,-2037.9,1112.7
-3.91,-13.09,-378.17,-1734.4,955.11
-1.3,-13.09,-306.98,-1415.8,784.95
1.3,-13.09,-236.02,-1094.3,610.63
3.91,-13.09,-167.57,-781.72,439.28
25.59,-13.09,-127.94,-599.81,338.95
28.52,-13.09,-200.16,-930.28,520.71
31.53,-13.09,-280.41,-1295.4,719.76
34.64,-13.09,-363.06,-1667,919.28
37.87,-13.09,-400.46,-1832.4,1006.5
41.25,-13.09,-387.62,-1775.8,976.74
44.82,-13.09,-396.78,-1816.1,997.85
48.63,-13.09,-436.95,-1990.6,1088.3
52.75,-13.09,-396.39,-1814.1,996.76
57.32,-13.09,-283.23,-1307.6,726.17
62.55,-13.09,-152.58,-712.24,400.69
-69.02,-10.58,-159.12,-742.55,417.51
-62.55,-10.58,-210.27,-976.4,545.97
-57.32,-10.58,-157.82,-736.53,414.17
-52.75,-10.58,-153.39,-716.21,402.99
-48.63,-10.58,-306.58,-1419.9,791.47
-44.82,-10.58,-505.33,-2358.9,1327.1
-41.25,-10.58,-352.79,-1621.5,895.14
-37.87,-10.58,-384.64,-1763.1,970.22
-34.64,-10.58,-436.13,-1987.6,1087
-31.53,-10.58,-495.63,-2239.5,1214.2
-28.52,-10.58,-493.13,-2229.1,1209.1
-25.59,-10.58,-502.04,-2266,1227.4
-22.74,-10.58,-511.24,-2304,1246.1
-19.94,-10.58,-520.68,-2342.9,1265.2
-17.19,-10.58,-539.66,-2420.5,1303.1
-14.48,-10.58,-561.19,-2507.9,1345.8
-11.81,-10.58,-575.75,-2567,1374.5
-9.16,-10.58,-511.98,-2307.1,1247.6
-6.53,-10.58,-443.96,-2021.2,1104.2
-3.91,-10.58,-373.05,-1711.7,943.09
-1.3,-10.58,-299.84,-1383.6,767.57
1.3,-10.58,-224.72,-1042.8,582.51
3.91,-10.58,-139.63,-653.82,368.88
6.53,-10.58,-54.593,-262.33,151.8
25.59,-10.58,0.63538,0.37389,0.91832
28.52,-10.58,-180.95,-842.37,472.39
31.53,-10.58,-257.04,-1189.3,662.2
34.64,-10.58,-339.9,-1563.5,864.11
37.87,-10.58,-426.04,-1943.8,1064.4
41.25,-10.58,-438.52,-1997.5,1091.9
44.82,-10.58,-443.54,-2019,1102.9
48.63,-10.58,-476.42,-2158.6,1173.6
52.75,-10.58,-376.75,-1727.4,951.05
57.32,-10.58,-262.62,-1214.2,675.54
62.55,-10.58,-119.82,-562.34,318.22
-69.02,-8.07,-147.92,-691.26,389.28
-62.55,-8.07,-214.96,-997.81,557.69
-57.32,-8.07,-164.68,-767.9,431.43
-52.75,-8.07,-166.24,-775.06,435.37
-48.63,-8.07,-286.72,-1323.7,735.12
-44.82,-8.07,-587.96,-2748.9,1550.1
-41.25,-8.07,-404.03,-1848.3,1014.9
-37.87,-8.07,-432.41,-1971.6,1078.8
-34.64,-8.07,-477.69,-2164.5,1176.8
-31.53,-8.07,-530.88,-2384.6,1285.6
-28.52,-8.07,-547.89,-2454,1319.5
-25.59,-8.07,-557.07,-2491.2,1337.6
-22.74,-8.07,-566.83,-2530.8,1356.9
-19.94,-8.07,-576.08,-2568.3,1375.2
-17.19,-8.07,-592.03,-2633.1,1406.8
-14.48,-8.07,-613.51,-2720.7,1449.8
-11.81,-8.07,-581.39,-2589.9,1385.7
-9.16,-8.07,-519.29,-2337.2,1262.4
-6.53,-8.07,-453.31,-2061.2,1124.6
-3.91,-8.07,-385.3,-1766,971.74
-1.3,-8.07,-316.74,-1459.8,808.62
1.3,-8.07,-250.62,-1160.6,646.75
3.91,-8.07,-340.5,-1604.9,913.01
6.53,-8.07,-176.23,-821.31,461.03
9.16,-8.07,-139.68,-653.96,368.94
28.52,-8.07,-144.9,-677.33,381.57
31.53,-8.07,-241.47,-1118.5,623.65
34.64,-8.07,-325.15,-1497.3,828.59
37.87,-8.07,-407.36,-1862.6,1022.3
41.25,-8.07,-475.5,-2154.9,1171.8
44.82,-8.07,-489.37,-2213,1200.9
48.63,-8.07,-466.49,-2116.6,1152.4
52.75,-8.07,-360.81,-1656.5,913.49
57.32,-8.07,-244.02,-1129.8,629.61
62.55,-8.07,-73.79,-350.13,200.34
69.02,-8.07,0.63538,0.37389,0.91832
-69.02,-5.56,-150.61,-703.55,396.04
-62.55,-5.56,-199.76,-928.38,519.64
-57.32,-5.56,-191.1,-888.78,497.89
-52.75,-5.56,-197.77,-919.28,514.64
-48.63,-5.56,-306.48,-1415.6,786.19
-44.82,-5.56,-544.98,-2534,1419.7
-41.25,-5.56,-453.88,-2063.6,1125.8
-37.87,-5.56,-479.76,-2173.1,1181.1
-34.64,-5.56,-520.09,-2340.4,1264
-31.53,-5.56,-567.24,-2532.5,1357.7
-28.52,-5.56,-598.31,-2658.6,1419.3
-25.59,-5.56,-607.26,-2695.1,1437.2
-22.74,-5.56,-617.2,-2735.8,1457.3
-19.94,-5.56,-626.04,-2772,1475.3
-17.19,-5.56,-639.33,-2826.9,1502.6
-14.48,-5.56,-646.98,-2858.6,1518.5
-11.81,-5.56,-594.39,-2642.7,1411.5
-9.16,-5.56,-536.15,-2406.1,1296.1
-6.53,-5.56,-474.62,-2151.5,1170.3
-3.91,-5.56,-412.58,-1885.7,1034.4
-1.3,-5.56,-352.63,-1620.8,894.8
1.3,-5.56,-367.76,-1708.9,956.13
3.91,-5.56,-525.42,-2480.8,1413.5
6.53,-5.56,-441.4,-2081.2,1184.1
9.16,-5.56,-198.77,-924.31,517.6
11.81,-5.56,-105.29,-496.64,282.41
25.59,-5.56,0.63538,0.37389,0.91832
28.52,-5.56,-133.65,-625.81,353.2
31.53,-5.56,-318.75,-1493.2,843.8
34.64,-5.56,-305.12,-1407,780
37.87,-5.56,-393.67,-1802.5,990.82
41.25,-5.56,-426.73,-1946.7,1065.8
44.82,-5.56,-461.23,-2094.4,1141.2
48.63,-5.56,-451.39,-2052.4,1119.9
52.75,-5.56,-346.83,-1594.1,880.26
57.32,-5.56,-224.18,-1039.5,580.34
62.55,-5.56,-43.122,-210.77,124.23
-69.02,-3.05,-165.64,-772.35,433.9
-62.55,-3.05,-162.75,-759.09,426.59
-57.32,-3.05,-224.59,-1041.7,581.68
-52.75,-3.05,-234.67,-1087.6,606.76
-48.63,-3.05,-438.2,-2043.5,1148.2
-44.82,-3.05,-422.39,-1931.8,1060.6
-41.25,-3.05,-501.97,-2265.7,1227.2
-37.87,-3.05,-525.98,-2364.6,1275.8
-34.64,-3.05,-561.87,-2510.7,1347.1
-31.53,-3.05,-603.15,-2678.3,1429
-28.52,-3.05,-643.38,-2843.6,1511
-25.59,-3.05,-651.9,-2879,1528.8
-22.74,-3.05,-661.76,-2920.2,1549.6
-19.94,-3.05,-670.19,-2955.5,1567.5
-17.19,-3.05,-681.41,-3002.7,1591.5
-14.48,-3.05,-661.6,-2919.5,1549.2
-11.81,-3.05,-613.47,-2720.5,1449.8
-9.16,-3.05,-560.74,-2506.1,1344.9
-6.53,-3.05,-505.38,-2279.9,1234.2
-3.91,-3.05,-450.72,-2050.1,1118.9
-1.3,-3.05,-400.01,-1830.7,1005.7
1.3,-3.05,-568.86,-2668.2,1509.6
3.91,-3.05,-600.67,-2828.6,1607
6.53,-3.05,-420.3,-1964,1106.2
9.16,-3.05,-231.97,-1075.7,600.45
11.81,-3.05,-182.71,-850.83,477.22
14.48,-3.05,-131.15,-614.8,347.35
25.59,-3.05,0.63538,0.37389,0.91832
28.52,-3.05,-108.75,-514.2,293.4
31.53,-3.05,-308.72,-1446.9,818.12
34.64,-3.05,-287.2,-1326,736.26
37.87,-3.05,-363.97,-1670.9,921.3
41.25,-3.05,-377.24,-1729.8,952.46
44.82,-3.05,-420.93,-1921.5,1052.7
48.63,-3.05,-439.9,-2003.2,1094.7
52.75,-3.05,-330.64,-1521.5,841.41
57.32,-3.05,-212.66,-986.93,551.59
-69.02,-0.54,-186.9,-869.62,487.38
-62.55,-0.54,-121.23,-569.04,322.01
-57.32,-0.54,-224.72,-1042.3,581.99
-52.75,-0.54,-273.32,-1263.1,702.22
-48.63,-0.54,-556.25,-2609.9,1477.1
-44.82,-0.54,-435.1,-1983.1,1084.6
-41.25,-0.54,-519.06,-2336.2,1261.9
-37.87,-0.54,-570.05,-2543.9,1363.2
-34.64,-0.54,-601.66,-2672.3,1426
-31.53,-0.54,-637.46,-2819.1,1498.8
-28.52,-0.54,-673.84,-2970.8,1575.3
-25.59,-0.54,-691.18,-3044.1,1612.7
-22.74,-0.54,-700.96,-3085.6,1634
-19.94,-0.54,-709.26,-3121,1652.4
-17.19,-0.54,-718.82,-3162.2,1673.9
-14.48,-0.54,-679.9,-2996.3,1588.3
-11.81,-0.54,-636.94,-2817,1497.7
-9.16,-0.54,-590.69,-2627.6,1404.1
-6.53,-0.54,-542.55,-2432.2,1308.9
-3.91,-0.54,-495.49,-2238.9,1213.9
-1.3,-0.54,-453.2,-2060.6,1124.3
1.3,-0.54,-583.76,-2714.3,1521.5
3.91,-0.54,-655.5,-3075,1740.3
6.53,-0.54,-335.62,-1544.6,854.05
9.16,-0.54,-285.13,-1317,731.53
11.81,-0.54,-249.39,-1154.9,643.61
14.48,-0.54,-192.13,-893.89,500.86
17.19,-0.54,-88.922,-421.17,240.54
28.52,-0.54,-65.005,-312.55,181.38
31.53,-0.54,-179.7,-836.75,469.37
34.64,-0.54,-265.65,-1228.4,683.36
37.87,-0.54,-308.25,-1421,787.55
41.25,-0.54,-327.94,-1509.6,835.13
44.82,-0.54,-382.98,-1755.1,965.76
48.63,-0.54,-432.53,-1971.5,1078.5
52.75,-0.54,-319.98,-1473.6,815.68
57.32,-0.54,-191.12,-888.56,497.64
-69.02,1.97,-191.59,-891.07,499.16
-62.55,1.97,-85.511,-405.93,232.47
-57.32,1.97,-218,-1011.6,565.23
-52.75,1.97,-312.79,-1441.6,798.63
-48.63,1.97,-416.17,-1916.7,1060.9
-44.82,1.97,-459.04,-2085.5,1136.9
-41.25,1.97,-537.99,-2413.6,1299.8
-37.87,1.97,-608.24,-2699.1,1439.2
-34.64,1.97,-622.13,-2756,1467.3
-31.53,1.97,-643.61,-2844.6,1511.5
-28.52,1.97,-667.87,-2945.8,1562.5
-25.59,1.97,-688.16,-3031.3,1606.1
-22.74,1.97,-711.02,-3128.6,1656.3
-19.94,1.97,-734.36,-3229.9,1709.8
-17.19,1.97,-735.67,-3235.7,1712.9
-14.48,1.97,-700.78,-3084.8,1633.6
-11.81,1.97,-663.07,-2925.7,1552.3
-9.16,1.97,-623.45,-2761.4,1470
-6.53,1.97,-582.88,-2595.9,1388.6
-3.91,1.97,-543.51,-2436.1,1310.7
-1.3,1.97,-508.47,-2292.5,1240.4
1.3,1.97,-629.7,-2902.4,1613.1
3.91,1.97,-695.35,-3249.9,1833
6.53,1.97,-385.51,-1766.8,972.13
9.16,1.97,-345.98,-1591,878.87
11.81,1.97,-290.74,-1342.3,745.24
14.48,1.97,-221.87,-1029.7,575.26
17.19,1.97,-130.31,-610.86,345.14
31.53,1.97,-148.48,-693.75,390.62
34.64,1.97,-243.58,-1128.1,628.85
37.87,1.97,-251.4,-1163.6,648.14
41.25,1.97,-280.44,-1295.2,719.55
44.82,1.97,-349.28,-1605.2,886.23
48.63,1.97,-429.66,-1959.1,1072.1
52.75,1.97,-315.76,-1454.6,805.45
57.32,1.97,-181.08,-842.65,472.42
69.02,1.97,0.63538,0.37389,0.91832
-69.02,4.48,-187.17,-870.83,488.04
-62.55,4.48,-114.76,-541.75,308.58
-57.32,4.48,-222.11,-1030.3,575.47
-52.75,4.48,-357.41,-1645.8,910.71
-48.63,4.48,-425.09,-1946.1,1069.7
-44.82,4.48,-485.73,-2198.1,1193.6
-41.25,4.48,-559.38,-2500.6,1342.1
-37.87,4.48,-564.37,-2520.8,1352
-34.64,4.48,-579.41,-2581.8,1381.8
-31.53,4.48,-604.09,-2682.2,1430.9
-28.52,4.48,-628.59,-2782.5,1480.5
-25.59,4.48,-712.37,-3174.3,1703.8
-22.74,4.48,-811.3,-3650.8,1983.4
-19.94,4.48,-800.02,-3572.4,1924.5
-17.19,4.48,-831.03,-3713.2,2002.1
-14.48,4.48,-722.96,-3180.1,1683.3
-11.81,4.48,-690.49,-3041.1,1611.1
-9.16,4.48,-656.96,-2900.1,1539.4
-6.53,4.48,-623.44,-2761.3,1470
-3.91,4.48,-591.43,-2630.6,1405.6
-1.3,4.48,-554.76,-2481.8,1333
1.3,4.48,-509.81,-2298,1243.1
3.91,4.48,-460.15,-2090.2,1139.2
6.53,4.48,-414.46,-1893.7,1038.5
9.16,4.48,-378.27,-1734.7,955.21
11.81,4.48,-312.33,-1439.8,797.8
14.48,4.48,-242.14,-1121.9,625.63
17.19,4.48,-171,-797.16,447.67
19.94,4.48,-68.573,-328.37,189.68
31.53,4.48,-140.77,-658.44,371.2
34.64,4.48,-224.1,-1039.4,580.47
37.87,4.48,-191.96,-892.67,500
41.25,4.48,-237.74,-1101.4,614.23
44.82,4.48,-322.53,-1485.2,821.95
48.63,4.48,-406.1,-1856.7,1019.1
52.75,4.48,-316.42,-1457.5,807.05
57.32,4.48,-181.82,-846.02,474.27
-69.02,6.99,-200.16,-931.76,522.56
-62.55,6.99,-149.38,-700.07,395.61
-57.32,6.99,-236.01,-1093.6,610.05
-52.75,6.99,-369.6,-1699.7,939.03
-48.63,6.99,-494.84,-2266.5,1247.5
-44.82,6.99,-514.33,-2316.7,1252.3
-41.25,6.99,-517.31,-2328.9,1258.3
-37.87,6.99,-516.65,-2326.2,1257
-34.64,6.99,-532.68,-2392,1289.2
-31.53,6.99,-560.88,-2506.7,1345.1
-28.52,6.99,-584.99,-2604.5,1392.8
-25.59,6.99,-724.29,-3266.7,1777.5
-22.74,6.99,-774.54,-3494.3,1903
-19.94,6.99,-832.46,-3765.7,2057.5
-17.19,6.99,-805.53,-3606.9,1949.1
-14.48,6.99,-808.9,-3606.3,1939.5
-11.81,6.99,-698.75,-3076.2,1629.2
-9.16,6.99,-657.17,-2901,1539.9
-6.53,6.99,-611.68,-2713.1,1446.1
-3.91,6.99,-562.74,-2514.2,1348.8
-1.3,6.99,-512.54,-2309.2,1248.6
1.3,6.99,-464.04,-2106.6,1147.5
3.91,6.99,-415.59,-1898.6,1041
6.53,6.99,-362.22,-1663.3,917.34
9.16,6.99,-316.58,-1458.9,808.04
11.81,6.99,-288.9,-1333.9,740.69
14.48,6.99,-274.73,-1269.8,706
17.19,6.99,-201.74,-937.74,524.91
19.94,6.99,-97.537,-461.03,262.78
31.53,6.99,-138.2,-646.74,364.78
34.64,6.99,-161.11,-751.6,422.47
37.87,6.99,-119.76,-562.23,318.24
41.25,6.99,-206.17,-957.47,535.52
44.82,6.99,-305.95,-1410.4,781.74
48.63,6.99,-364.73,-1674,922.79
52.75,6.99,-318.43,-1466.6,811.91
57.32,6.99,-186.26,-866.33,485.43
-69.02,9.5,-217.31,-1011.1,566.76
-62.55,9.5,-174.33,-812.06,455.72
-57.32,9.5,-256.97,-1188.9,661.93
-52.75,9.5,-371.46,-1704.3,938.99
-48.63,9.5,-316.14,-1386.3,729.16
-44.82,9.5,-495.59,-2239.2,1214
-41.25,9.5,-469.54,-2130,1159.4
-37.87,9.5,-466.13,-2115.6,1152.2
-34.64,9.5,-483.03,-2186.9,1188
-31.53,9.5,-513.5,-2313.4,1250.7
-28.52,9.5,-537.36,-2411.1,1298.6
-25.59,9.5,-712.82,-3245.3,1783.3
-22.74,9.5,-603.06,-2678,1428.8
-19.94,9.5,-633.13,-2801.3,1489.9
-17.19,9.5,-660.51,-2914.9,1546.9
-14.48,9.5,-909.13,-4147.1,2287
-11.81,9.5,-871.07,-3952.4,2167.2
-9.16,9.5,-637.81,-2820.6,1499.5
-6.53,9.5,-586.87,-2612.1,1396.5
-3.91,9.5,-531.45,-2386.9,1286.7
-1.3,9.5,-474.47,-2150,1169.1
1.3,9.5,-418.31,-1910.3,1047
3.91,9.5,-366.47,-1682.1,927.22
6.53,9.5,-316.23,-1457.2,807.05
9.16,9.5,-259.61,-1201.1,668.67
11.81,9.5,-219.58,-1019.1,569.46
14.48,9.5,-213.31,-990.58,553.87
17.19,9.5,-183.43,-854.05,478.95
19.94,9.5,-99.172,-468.53,266.91
31.53,9.5,-107.56,-506.63,287.75
34.64,9.5,-92.63,-438.4,250.27
41.25,9.5,-197.29,-916.9,513.27
44.82,9.5,-275.32,-1271.9,706.86
48.63,9.5,-321.67,-1481.2,819.79
52.75,9.5,-326.47,-1502.7,831.33
57.32,9.5,-203.83,-946.61,529.49
-69.02,12.01,-238.18,-1107.1,619.8
-62.55,12.01,-208.52,-968.36,541.54
-57.32,12.01,-282.52,-1304.7,724.74
-52.75,12.01,-388.26,-1778.7,978.29
-48.63,12.01,-477.85,-2157.4,1168.3
-44.82,12.01,-453.97,-2063.8,1125.9
-41.25,12.01,-421.48,-1924.8,1055
-37.87,12.01,-413.54,-1889.8,1036.6
-34.64,12.01,-431.63,-1968.3,1077.1
-31.53,12.01,-460.09,-2090.1,1139.2
-28.52,12.01,-589.25,-2700.1,1490
-25.59,12.01,-615.88,-2803.6,1537.1
-22.74,12.01,-558.32,-2496.3,1340.1
-19.94,12.01,-590.76,-2627.9,1404.3
-17.19,12.01,-621.98,-2755.4,1467
-14.48,12.01,-821.83,-3738.3,2054.4
-11.81,12.01,-873.97,-3989.7,2201.4
-9.16,12.01,-622.79,-2758.7,1468.7
-6.53,12.01,-567.35,-2532.9,1357.9
-3.91,12.01,-506.69,-2285.2,1236.8
-1.3,12.01,-443.5,-2019,1103
1.3,12.01,-379.85,-1741.5,958.64
3.91,12.01,-318.38,-1467.3,812.66
6.53,12.01,-264.14,-1221.5,679.65
9.16,12.01,-214.51,-995.84,556.67
11.81,12.01,-146.11,-683.13,384.88
14.48,12.01,-130.8,-613.14,346.39
17.19,12.01,-100.2,-473.25,269.51
22.74,12.01,0.93013,0.67794,1.1896
41.25,12.01,-203.26,-945.46,529.81
44.82,12.01,-226.89,-1051.9,587.16
48.63,12.01,-274.55,-1268.3,704.9
52.75,12.01,-300.86,-1387.3,769.23
57.32,12.01,-229.54,-1063.9,593.66
62.55,12.01,-54.758,-265.79,155.75
-69.02,14.52,-240.08,-1112.2,620.17
-62.55,14.52,-241.22,-1117.3,622.96
-57.32,14.52,-310.9,-1433,793.96
-52.75,14.52,-408.43,-1867.3,1024.7
-48.63,14.52,-484.15,-2191.4,1190.2
-44.82,14.52,-491.16,-2265.2,1256.6
-41.25,14.52,-461.94,-2141.6,1195
-37.87,14.52,-363,-1668.2,920.87
-34.64,14.52,-379.11,-1738.6,957.28
-31.53,14.52,-404.74,-1851.5,1016.6
-28.52,14.52,-435.77,-1986.1,1086.2
-25.59,14.52,-473.16,-2145.4,1167.2
-22.74,14.52,-509.15,-2295.4,1241.9
-19.94,14.52,-543.49,-2436.1,1310.7
-17.19,14.52,-576.81,-2571.3,1376.6
-14.48,14.52,-748.95,-3409.8,1874.4
-11.81,14.52,-801.64,-3659.2,2017.8
-9.16,14.52,-613.37,-2720.1,1449.6
-6.53,14.52,-555.03,-2482.9,1333.5
-3.91,14.52,-490.96,-2220,1204.5
-1.3,14.52,-423.57,-1933.2,1058.9
1.3,14.52,-353.99,-1626.4,897.61
3.91,14.52,-283.54,-1309.3,727.17
6.53,14.52,-214.86,-997.28,557.38
9.16,14.52,-151.82,-709.15,399.14
11.81,14.52,-108.62,-511.62,290.54
28.52,14.52,0.66838,0.41295,0.9304
37.87,14.52,-106.02,-499.5,283.79
41.25,14.52,-168.11,-783.46,439.93
44.82,14.52,-195.71,-912.38,512.63
48.63,14.52,-226.39,-1049.6,585.86
52.75,14.52,-261.03,-1207,671.61
57.32,14.52,-228.7,-1060,591.56
62.55,14.52,-98.365,-464.29,264.35
-69.02,17.03,-262.08,-1212.1,674.52
-62.55,17.03,-273.32,-1263,702.14
-57.32,17.03,-340.98,-1568.2,866.54
-52.75,17.03,-431.2,-1966,1075.8
-48.63,17.03,-447.92,-2037.9,1112.6
-44.82,17.03,-395.47,-1818.4,1004.5
-41.25,17.03,-320.7,-1477.5,818.05
-37.87,17.03,-450.56,-2109.2,1190.4
-34.64,17.03,-326.3,-1502.8,831.7
-31.53,17.03,-348.09,-1600.5,884.01
-28.52,17.03,-384.7,-1763.3,970.36
-25.59,17.03,-421.34,-1923.8,1054.2
-22.74,17.03,-457.33,-2078.3,1133.3
-19.94,17.03,-494.53,-2234.9,1212
-17.19,17.03,-520.01,-2340.1,1263.8
-14.48,17.03,-545.15,-2450.3,1322.4
-11.81,17.03,-559.32,-2500.4,1342.1
-9.16,17.03,-580.43,-2586,1383.8
-6.53,17.03,-551.17,-2467.2,1325.9
-3.91,17.03,-486.03,-2199.4,1194.2
-1.3,17.03,-417.24,-1905.7,1044.7
1.3,17.03,-345.56,-1588.8,877.54
3.91,17.03,-271.51,-1254.8,697.65
6.53,17.03,-193.88,-901.42,504.81
9.16,17.03,-89.701,-425.07,242.97
22.74,17.03,0.63538,0.37389,0.91832
25.59,17.03,-87.019,-413.11,236.53
28.52,17.03,-129.98,-609.37,344.31
41.25,17.03,-110.24,-518.66,294.27
44.82,17.03,-140.24,-658.94,373.51
48.63,17.03,-174.73,-813.64,456.47
52.75,17.03,-223.77,-1037.6,579.29
57.32,17.03,-206.79,-960.11,536.89
-69.02,19.54,-285.29,-1317.3,731.52
-62.55,19.54,-301.29,-1389.6,770.56
-57.32,19.54,-371.94,-1706.3,940.01
-52.75,19.54,-455.81,-2071.5,1129.7
-48.63,19.54,-413.66,-1890.1,1036.6
-44.82,19.54,-130.98,-576.59,304.34
-41.25,19.54,-439.61,-2064.4,1169.6
-37.87,19.54,-427.72,-2013.4,1143.6
-34.64,19.54,-399.18,-1867.7,1053.6
-31.53,19.54,-290.94,-1343.4,745.87
-28.52,19.54,-328.33,-1512,836.64
-25.59,19.54,-365.72,-1679.2,925.85
-22.74,19.54,-402.41,-1841.3,1011.3
-19.94,19.54,-446.28,-2031.2,1109.3
-17.19,19.54,-459.23,-2086.4,1137.4
-14.48,19.54,-477.14,-2162.1,1175.6
-11.81,19.54,-502.22,-2266.8,1227.7
-9.16,19.54,-527.06,-2369,1278
-6.53,19.54,-550.35,-2463.9,1324.3
-3.91,19.54,-486.73,-2202.3,1195.7
-1.3,19.54,-417.99,-1909,1046.4
1.3,19.54,-346.36,-1592.4,879.47
3.91,19.54,-272.49,-1258.9,699.72
6.53,19.54,-194.98,-906.45,507.57
9.16,19.54,-93.209,-441.04,251.72
11.81,19.54,0.63538,0.37389,0.91832
17.19,19.54,0.93013,0.67794,1.1896
25.59,19.54,0.63538,0.37389,0.91832
28.52,19.54,0.93013,0.67794,1.1896
34.64,19.54,-90.259,-427.38,244.16
37.87,19.54,-84.124,-399.64,229.03
48.63,19.54,-109.64,-515.79,292.64
52.75,19.54,-180.01,-837.76,469.73
57.32,19.54,-179.45,-835.17,468.3
-69.02,22.05,-309.29,-1425.7,790.04
-62.55,22.05,-329.48,-1516.6,838.88
-57.32,22.05,-403.23,-1844.4,1012.7
-52.75,22.05,-475.66,-2155.6,1172.2
-48.63,22.05,-382.88,-1754.9,965.74
-44.82,22.05,-55.429,-245.59,130.22
-41.25,22.05,-444.46,-2098.2,1195.3
-37.87,22.05,-436.53,-2069.8,1186.2
-34.64,22.05,-470.59,-2227.5,1272.7
-31.53,22.05,-276.42,-1286.7,721.56
-28.52,22.05,-273.48,-1264.4,703.11
-25.59,22.05,-311.13,-1434.6,795.07
-22.74,22.05,-348.72,-1603.4,885.54
-19.94,22.05,-392.01,-1795.6,987.35
-17.19,22.05,-395.79,-1812.2,996.07
-14.48,22.05,-417.36,-1906.5,1045.2
-11.81,22.05,-441.68,-2011.5,1099.2
-9.16,22.05,-471.65,-2139,1164
-6.53,22.05,-510.28,-2300.1,1244.1
-3.91,22.05,-460.72,-2092.6,1140.5
-1.3,22.05,-403.56,-1846.1,1013.7
1.3,22.05,-346.7,-1593.9,880.31
3.91,22.05,-272.69,-1260.2,700.56
6.53,22.05,-195.25,-907.47,508.05
9.16,22.05,-92.212,-436.46,249.19
25.59,22.05,0.93013,0.67794,1.1896
28.52,22.05,0.66838,0.41295,0.9304
31.53,22.05,0.93013,0.67794,1.1896
34.64,22.05,0.93013,0.67794,1.1896
41.25,22.05,0.63538,0.37389,0.91832
44.82,22.05,0.63538,0.37389,0.91832
48.63,22.05,0.63538,0.37389,0.91832
52.75,22.05,-139.77,-655.77,371.08
57.32,22.05,-130.88,-612.96,346.08
-69.02,24.56,-333.73,-1535.7,849.11
-62.55,24.56,-357.87,-1643.7,906.77
-57.32,24.56,-434.56,-1980.4,1083.1
-52.75,24.56,-459.59,-2087.5,1137.8
-48.63,24.56,-357.39,-1641.6,905.71
-44.82,24.56,-22.71,-100.5,52.112
-41.25,24.56,-375.74,-1774.2,1011.2
-37.87,24.56,-304.74,-1454.5,841.45
-34.64,24.56,-362.93,-1725.6,992.66
-31.53,24.56,-425.69,-2019.6,1158.5
-28.52,24.56,-417.3,-1971.1,1123.6
-25.59,24.56,-445.45,-2098.4,1192.8
-22.74,24.56,-299.19,-1380.7,766.02
-19.94,24.56,-326.62,-1504.3,832.54
-17.19,24.56,-330.41,-1521.3,841.66
-14.48,24.56,-357.42,-1642.2,906.22
-11.81,24.56,-379.96,-1742.4,959.3
-9.16,24.56,-416.71,-1903.7,1043.7
-6.53,24.56,-462.79,-2101.5,1145
-3.91,24.56,-431.03,-1965.6,1075.7
-1.3,24.56,-366.01,-1680.2,926.32
1.3,24.56,-303.33,-1398.9,775.65
3.91,24.56,-249.15,-1153.4,642.57
6.53,24.56,-206.77,-960.3,537.1
9.16,24.56,-136.6,-639.31,360.65
14.48,24.56,0.93013,0.67794,1.1896
25.59,24.56,0.93013,0.67794,1.1896
28.52,24.56,0.93013,0.67794,1.1896
31.53,24.56,-80.566,-383.65,220.38
34.64,24.56,0.66838,0.41295,0.9304
41.25,24.56,3.3572,-11.411,18.042
52.75,24.56,-55.289,-267.31,155.98
57.32,24.56,-66.228,-317.32,183.5
-69.02,27.07,-358.34,-1645.8,907.89
-62.55,27.07,-386.19,-1769.4,973.32
-57.32,27.07,-464.29,-2107.5,1147.9
-52.75,27.07,-448.7,-2041.1,1114.2
-48.63,27.07,-339.35,-1560.9,862.64
-44.82,27.07,-238.74,-1106.1,616.87
-41.25,27.07,-148.13,-692.27,389.86
-31.53,27.07,-204.78,-976.22,562.27
-28.52,27.07,-352.92,-1677.3,963.87
-25.59,27.07,-440.49,-2087.9,1195.7
-22.74,27.07,-324.03,-1511,849.13
-19.94,27.07,-259.98,-1203.2,669.92
-17.19,27.07,-264.07,-1221.7,680
-14.48,27.07,-290.84,-1343,745.66
-11.81,27.07,-318.95,-1469.8,813.99
-9.16,27.07,-364.97,-1675.8,924.07
-6.53,27.07,-416.15,-1901.2,1042.4
-3.91,27.07,-401.34,-1836.5,1008.8
-1.3,27.07,-335.14,-1542.3,852.81
1.3,27.07,-270.74,-1251.5,695.94
3.91,27.07,-199.37,-926.49,518.56
6.53,27.07,-135.95,-636.3,358.96
9.16,27.07,-107.85,-507.8,288.32
34.64,27.07,0.93013,0.67794,1.1896
37.87,27.07,0.63538,0.37389,0.91832
48.63,27.07,25.089,-73.125,117.84
52.75,27.07,0.63538,0.37389,0.91832
-69.02,29.58,-382.93,-1755,965.73
-62.55,29.58,-414.27,-1892.6,1037.8
-57.32,29.58,-491.99,-2223.9,1206.3
-52.75,29.58,-443.71,-2019.7,1103.3
-48.63,29.58,-330.81,-1522.5,842.08
-44.82,29.58,-222.32,-1031.3,575.98
-41.25,29.58,10.613,-35.243,56.904
-34.64,29.58,0.93013,0.67794,1.1896
-28.52,29.58,-124.61,-596.7,345.2
-25.59,29.58,-360.84,-1719.6,993.15
-22.74,29.58,-312.05,-1465.7,830.69
-19.94,29.58,-191.6,-891.75,499.79
-17.19,29.58,-197.35,-918.01,514.21
-14.48,29.58,-222.37,-1032.2,576.74
-11.81,29.58,-262.44,-1214.3,675.98
-9.16,29.58,-315.75,-1455.4,806.25
-6.53,29.58,-368.44,-1691.2,932.23
-3.91,29.58,-366.75,-1683.6,928.19
-1.3,29.58,-303.87,-1401.6,777.17
1.3,29.58,-239.29,-1108.7,618.29
3.91,29.58,-163.13,-760.74,427.47
6.53,29.58,-71.649,-341.51,196.36
31.53,29.58,0.93013,0.67794,1.1896
37.87,29.58,0.66838,0.41295,0.9304
41.25,29.58,21.025,-62.822,99.696
44.82,29.58,-142.95,-668.24,376.51
48.63,29.58,-143.02,-670.65,379.26
52.75,29.58,-88.797,-423.33,243.73
-69.02,32.09,-396.34,-1814.1,996.83
-62.55,32.09,-442.02,-2012.4,1099.5
-57.32,32.09,-519.47,-2337.5,1262.4
-52.75,32.09,-444.95,-2025,1106
-48.63,32.09,-332.94,-1532.1,847.16
-44.82,32.09,-227.16,-1053.3,587.99
-41.25,32.09,-123.79,-580.76,328.46
-22.74,32.09,-334.49,-1592.4,917.52
-19.94,32.09,-117.36,-552.07,312.98
-17.19,32.09,-132.35,-620.62,350.67
-14.48,32.09,-150.14,-702.01,395.45
-11.81,32.09,-210.69,-978.88,547.57
-9.16,32.09,-266.07,-1230.8,684.91
-6.53,32.09,-328.67,-1513.5,837.45
-3.91,32.09,-326.32,-1502.9,831.73
-1.3,32.09,-264.41,-1223,680.59
1.3,32.09,-207.22,-962.54,538.41
3.91,32.09,-119.8,-562.22,318.14
9.16,32.09,0.63538,0.37389,0.91832
31.53,32.09,0.66838,0.41295,0.9304
37.87,32.09,0.93013,0.67794,1.1896
41.25,32.09,-110.63,-520.61,295.41
44.82,32.09,-137.53,-643.46,362.88
48.63,32.09,-183.48,-853.57,478.4
52.75,32.09,-149.15,-696.55,392.05
-69.02,34.6,-392.25,-1796.1,987.38
-62.55,34.6,-469.27,-2128.5,1158.4
-57.32,34.6,-545.19,-2442.6,1313.8
-52.75,34.6,-452.32,-2056.5,1122
-48.63,34.6,-345.43,-1588,877.09
-44.82,34.6,-262,-1213.9,677.02
-41.25,34.6,-166.43,-776.65,436.74
-37.87,34.6,-49.756,-238.43,137.55
-11.81,34.6,-153.97,-719.57,405.11
-9.16,34.6,-230.99,-1071.4,598.17
-6.53,34.6,-296.52,-1368.6,759.49
-3.91,34.6,-287.51,-1327.8,737.43
-1.3,34.6,-229.13,-1062.7,593.3
1.3,34.6,-152.37,-711.66,400.53
3.91,34.6,0.93013,0.67794,1.1896
14.48,34.6,0.63538,0.37389,0.91832
17.19,34.6,0.63538,0.37389,0.91832
19.94,34.6,0.63538,0.37389,0.91832
31.53,34.6,0.63538,0.37389,0.91832
41.25,34.6,19.463,-58.732,92.869
44.82,34.6,-153.57,-716.91,403.32
48.63,34.6,-231.41,-1072.5,598.38
52.75,34.6,-197.69,-918.61,514.14
57.32,34.6,19.653,-59.551,93.95
-69.02,37.11,-386.28,-1769.7,973.49
-62.55,37.11,-495.95,-2240.4,1214.5
-57.32,37.11,-568.85,-2538.7,1360.6
-52.75,37.11,-465.35,-2111.9,1150.1
-48.63,37.11,-366.67,-1682.8,927.51
-44.82,37.11,-280.96,-1297.6,720.81
-41.25,37.11,-218.45,-1014.7,567.67
-37.87,37.11,-145.99,-682.46,384.45
-28.52,37.11,0.93013,0.67794,1.1896
-25.59,37.11,0.93013,0.67794,1.1896
-22.74,37.11,0.93013,0.67794,1.1896
-11.81,37.11,-107.65,-507.67,288.57
-9.16,37.11,-197.26,-917.56,513.96
-6.53,37.11,-273.68,-1265.3,703.61
-3.91,37.11,-238.39,-1105,616.46
-1.3,37.11,-180.2,-839.29,470.85
1.3,37.11,-106.12,-500.09,284.18
11.81,37.11,0.63538,0.37389,0.91832
17.19,37.11,0.63538,0.37389,0.91832
25.59,37.11,0.63538,0.37389,0.91832
44.82,37.11,-171.23,-797.77,447.83
48.63,37.11,-253.17,-1171.4,652.31
52.75,37.11,-226.51,-1050.1,586.13
57.32,37.11,-104.98,-494.48,280.93
-69.02,39.62,-378.61,-1735.8,955.55
-62.55,39.62,-522,-2347.8,1267.4
-57.32,39.62,-582.45,-2593.9,1387.5
-52.75,39.62,-483.23,-2187.3,1188
-48.63,39.62,-394.49,-1805.9,992.5
-44.82,39.62,-315.8,-1454.9,805.7
-41.25,39.62,-257.68,-1192,663.58
-37.87,39.62,-178.22,-831.49,467.5
-19.94,39.62,0.93013,0.67794,1.1896
-17.19,39.62,0.93013,0.67794,1.1896
-14.48,39.62,0.93013,0.67794,1.1896
-11.81,39.62,-130.54,-612.34,346.12
-9.16,39.62,-203.71,-947.05,530.14
-6.53,39.62,-221.83,-1029.7,575.38
-3.91,39.62,-206.8,-961.05,537.77
-1.3,39.62,-122.52,-575.32,325.63
1.3,39.62,0.63538,0.37389,0.91832
11.81,39.62,0.63538,0.37389,0.91832
14.48,39.62,0.63538,0.37389,0.91832
41.25,39.62,0.93013,0.67794,1.1896
44.82,39.62,-123.55,-579.58,327.77
48.63,39.62,-231.25,-1071.8,598.02
52.75,39.62,-253.66,-1173.6,653.45
57.32,39.62,-126.52,-592.97,335.06
-69.02,42.13,-371.97,-1706.3,939.96
-62.55,42.13,-538.33,-2414.6,1300.1
-57.32,42.13,-595.81,-2648.1,1414
-52.75,42.13,-505.1,-2278.2,1233.2
-48.63,42.13,-423.6,-1933,1058.7
-44.82,42.13,-355.37,-1632.4,900.69
-41.25,42.13,-286.89,-1324.1,735.02
-37.87,42.13,-210.04,-975.31,545.36
-34.64,42.13,-121.96,-572.62,324.08
-17.19,42.13,0.93013,0.67794,1.1896
-14.48,42.13,-86.836,-412.68,236.47
-11.81,42.13,-105.54,-498.06,283.3
-9.16,42.13,-152.29,-711.86,400.88
-6.53,42.13,-146.05,-683.29,385.14
-3.91,42.13,-152.43,-712.43,401.15
-1.3,42.13,-56.709,-267.7,151.89
9.16,42.13,0.63538,0.37389,0.91832
44.82,42.13,-41.011,-192.24,108
48.63,42.13,-225.22,-1044.3,583.03
52.75,42.13,-262.22,-1212.4,674.57
57.32,42.13,-127.22,-596.18,336.82
69.02,42.13,-59.373,-288.89,169.84
-69.02,44.64,-366.44,-1681.7,926.93
-62.55,44.64,-534.53,-2399.1,1292.5
-57.32,44.64,-590.26,-2625.5,1402.9
-52.75,44.64,-529.92,-2380.3,1283.3
-48.63,44.64,-454.63,-2066.3,1126.9
-44.82,44.64,-397.96,-1821.1,1000.5
-41.25,44.64,-318.35,-1466.3,811.84
-37.87,44.64,-248.98,-1152.6,642.15
-34.64,44.64,-154.81,-722.93,406.77
-3.91,44.64,-110.07,-518.64,294.57
6.53,44.64,0.63538,0.37389,0.91832
37.87,44.64,0.93013,0.67794,1.1896
44.82,44.64,-123.93,-581.38,328.78
48.63,44.64,-182.4,-848.8,475.84
52.75,44.64,-228.88,-1060.9,592.04
57.32,44.64,-129.58,-606.96,342.75
-69.02,47.15,-362.15,-1662.6,916.75
-62.55,47.15,-531.6,-2387.1,1286.6
-57.32,47.15,-564.69,-2521.7,1352.3
-52.75,47.15,-503.65,-2272.2,1230.2
-48.63,47.15,-454.58,-2066,1126.8
-44.82,47.15,-416.5,-1902.1,1042.6
-41.25,47.15,-357.66,-1642.5,906.09
-37.87,47.15,-268.98,-1243.3,691.44
-34.64,47.15,-188.07,-875.1,490.45
-31.53,47.15,-80.892,-385.26,221.31
-11.81,47.15,0.93013,0.67794,1.1896
-3.91,47.15,0.93013,0.67794,1.1896
37.87,47.15,-53.89,-255.8,145.92
44.82,47.15,-166.21,-774.93,435.3
48.63,47.15,-122.54,-574.86,325.13
52.75,47.15,-194.79,-905.38,506.88
57.32,47.15,-89.376,-423.28,241.87
-69.02,49.66,-359.15,-1649.2,909.64
-62.55,49.66,-529.56,-2378.8,1282.5
-57.32,49.66,-534.74,-2399.9,1292.9
-52.75,49.66,-472.29,-2141.1,1164.8
-48.63,49.66,-414.85,-1894.9,1038.9
-44.82,49.66,-369.53,-1695.3,934.1
-41.25,49.66,-351.75,-1616.1,892.02
-37.87,49.66,-255.62,-1182.4,658.21
-34.64,49.66,-154.76,-722.58,406.54
-31.53,49.66,0.66838,0.41295,0.9304
-3.91,49.66,0.93013,0.67794,1.1896
37.87,49.66,-124.66,-585.26,331.14
44.82,49.66,-113.55,-533.93,302.71
52.75,49.66,-151.04,-705.19,396.81
57.32,49.66,-84.228,-399.82,229.01
-69.02,52.17,-357.51,-1641.9,905.74
-62.55,52.17,-528.46,-2374.2,1280.3
-57.32,52.17,-503.53,-2271.7,1229.9
-52.75,52.17,-439.81,-2002.8,1094.5
-48.63,52.17,-374.12,-1715.7,944.88
-44.82,52.17,-322.78,-1486.2,822.45
-41.25,52.17,-304.39,-1403.2,777.72
-37.87,52.17,-262.96,-1216,676.54
-34.64,52.17,-174.64,-813.57,456.59
-11.81,52.17,0.93013,0.67794,1.1896
-6.53,52.17,0.93013,0.67794,1.1896
34.64,52.17,0.93013,0.67794,1.1896
37.87,52.17,-129.23,-606.16,342.65
52.75,52.17,-87.95,-416.8,238.32
62.55,52.17,0.63538,0.37389,0.91832
-69.02,54.68,-357.1,-1640,904.73
-62.55,54.68,-528.16,-2373,1279.7
-57.32,54.68,-472.47,-2141.9,1165.1
-52.75,54.68,-406.39,-1858,1019.7
-48.63,54.68,-333.94,-1536.3,849.35
-44.82,54.68,-277.71,-1282.7,712.65
-41.25,54.68,-250.22,-1157.9,644.87
-37.87,54.68,-257.92,-1193,664.09
-34.64,54.68,-209.17,-971.39,543.24
-31.53,54.68,-113.89,-535.75,303.82
-3.91,54.68,0.93013,0.67794,1.1896
37.87,54.68,-46.059,-219.4,125.76
-69.02,57.19,-357.25,-1640.7,905.08
-62.55,57.19,-528.25,-2373.4,1279.9
-57.32,57.19,-442.16,-2012.9,1099.6
-52.75,57.19,-375.51,-1721.8,948.12
-48.63,57.19,-298.76,-1377.8,764.11
-44.82,57.19,-234.05,-1084.4,604.89
-41.25,57.19,-193.58,-899.85,503.85
-37.87,57.19,-199.34,-926.23,518.36
-34.64,57.19,-178.94,-833.9,468.03
-31.53,57.19,-158.68,-740.67,416.54
37.87,57.19,0.93013,0.67794,1.1896
44.82,57.19,-105.73,-498.21,283.1
62.55,57.19,-98.083,-463.03,263.67
-69.02,59.7,-358.75,-1647.4,908.62
-62.55,59.7,-515.74,-2322,1254.7
-57.32,59.7,-413.25,-1887.9,1035.2
-52.75,59.7,-347.1,-1595.3,880.87
-48.63,59.7,-264.83,-1224.3,680.99
-44.82,59.7,-189.02,-878.99,492.39
-41.25,59.7,-125.59,-588.76,332.75
-37.87,59.7,-130.39,-610.75,344.87
-34.64,59.7,-97.924,-462.52,263.48
-31.53,59.7,-97.664,-461.51,263.01
41.25,59.7,-147.95,-691.71,389.66
62.55,59.7,-74.142,-355.06,205.33
-69.02,62.21,-361.61,-1660.1,915.38
-62.55,62.21,-500.43,-2258.8,1223.5
-57.32,62.21,-386.62,-1771,974.08
-52.75,62.21,-310.69,-1431.7,793.13
-48.63,62.21,-226.87,-1051.7,587.03
-44.82,62.21,-139.44,-652.11,367.6
37.87,62.21,-44.19,-211.83,122.01
41.25,62.21,-99.045,-468.03,266.67
52.75,62.21,21.658,-64.659,102.76
57.32,62.21,-99.693,-471.05,268.55
62.55,62.21,0.63538,0.37389,0.91832
-69.02,64.72,-365.79,-1678.6,925.22
-62.55,64.72,-487.7,-2205.8,1197.2
-57.32,64.72,-363.33,-1667.7,919.4
-52.75,64.72,-272.15,-1257.4,698.98
-48.63,64.72,-197.06,-915.74,512.56
-44.82,64.72,-93.434,-441.81,252.03
37.87,64.72,0.93013,0.67794,1.1896
52.75,64.72,-117.78,-552.99,313.08
57.32,64.72,-89.19,-423.95,243.26
-69.02,67.23,-371.18,-1702.6,937.92
-62.55,67.23,-478,-2165.1,1176.8
-57.32,67.23,-344.63,-1584.2,874.95
-52.75,67.23,-235.43,-1090.7,608.3
-48.63,67.23,-162.72,-758.65,426.22
34.64,67.23,0.93013,0.67794,1.1896
52.75,67.23,-167.79,-781.83,438.98
-69.02,69.74,-377.73,-1731.6,953.27
-62.55,69.74,-471.67,-2138.4,1163.3
-57.32,69.74,-331.89,-1527.1,844.36
-52.75,69.74,-207.03,-961.25,537.52
-48.63,69.74,-113.52,-533.51,302.37
52.75,69.74,-200.71,-932.38,521.69
57.32,69.74,-109.12,-518.77,297.91
-69.02,72.25,-385.31,-1765.2,970.97
-62.55,72.25,-468.93,-2126.8,1157.5
-57.32,72.25,-326.25,-1501.7,830.76
-52.75,72.25,-192.52,-894.96,501.16
48.63,72.25,-97.684,-461.25,262.71
52.75,72.25,-200.47,-931.82,521.75
-69.02,74.76,-393.81,-1802.7,990.69
-62.55,74.76,-468.75,-2126,1157.1
-57.32,74.76,-325.32,-1497.5,828.51
-52.75,74.76,-191.88,-892.05,499.56
48.63,74.76,-166.64,-776.63,436.14
52.75,74.76,-218.79,-1018.7,571.59
69.02,74.76,-62.185,-299.5,174.14
-69.02,77.27,-403.14,-1843.6,1012.1
-62.55,77.27,-469.35,-2128.5,1158.3
-57.32,77.27,-326.72,-1503.8,831.9
-52.75,77.27,-196,-910.85,509.88
-48.63,77.27,-29.005,-139.36,80.289
37.87,77.27,0.93013,0.67794,1.1896
44.82,77.27,-99.094,-467.87,266.43
48.63,77.27,-227.66,-1057.6,591.87
52.75,77.27,-219.75,-1023.1,573.98
69.02,77.27,22.271,-66.242,105.53
-69.02,79.78,-413.19,-1887.5,1035
-62.55,79.78,-473.38,-2145.5,1166.9
-57.32,79.78,-335.22,-1542,852.34
-52.75,79.78,-217.4,-1008.5,563.42
-48.63,79.78,-141.77,-662.73,373.44
34.64,79.78,0.93013,0.67794,1.1896
41.25,79.78,4.3268,-15.631,24.602
44.82,79.78,-158.62,-740.15,416.16
48.63,79.78,-247.62,-1148.4,641.31
52.75,79.78,-200.1,-929.57,520.14
69.02,79.78,-85.282,-404.61,231.63
-69.02,82.29,-423.85,-1933.8,1058.9
-62.55,82.29,-480.95,-2177.4,1182.9
-57.32,82.29,-350.44,-1610.2,888.78
-52.75,82.29,-249.27,-1153.6,642.56
-48.63,82.29,-187.3,-871.12,488.06
34.64,82.29,0.93013,0.67794,1.1896
41.25,82.29,-107.02,-504.47,286.68
44.82,82.29,-211.94,-983.96,550.09
48.63,82.29,-269.19,-1244.1,691.77
52.75,82.29,-201.51,-936.02,523.68
69.02,82.29,-120.32,-564.58,319.44
-69.02,84.8,-435.02,-1982,1083.8
-62.55,84.8,-491.77,-2222.7,1205.5
-57.32,84.8,-371.11,-1702.2,937.7
-52.75,84.8,-286.16,-1320.8,733.3
-48.63,84.8,-186.77,-868.67,486.71
41.25,84.8,-125.26,-588.24,332.88
44.82,84.8,-241.74,-1119.3,623.89
48.63,84.8,-307.98,-1419.6,786.64
52.75,84.8,-214.57,-995.62,556.34
69.02,84.8,-141.1,-659.68,371.75
-69.02,87.31,-446.61,-2031.7,1109.2
-62.55,87.31,-505.39,-2279.2,1233.5
-57.32,87.31,-384.85,-1763.1,969.88
-52.75,87.31,-286.42,-1322,733.94
-48.63,87.31,-186.35,-866.76,485.67
41.25,87.31,-112.36,-528.83,300.05
44.82,87.31,-238.97,-1113.4,625.21
48.63,87.31,-289.05,-1334,740.49
52.75,87.31,-235.22,-1089.7,607.76
57.32,87.31,-92.299,-436.61,249.17
69.02,87.31,-156.63,-730.72,410.84
-69.02,89.82,-458.52,-2082.5,1135
-62.55,89.82,-499.93,-2256.6,1222.3
-57.32,89.82,-367.52,-1686.3,929.23
-52.75,89.82,-256.43,-1186.1,660.27
-48.63,89.82,-167.49,-780.46,438.22
-44.82,89.82,-109.58,-515.55,292.51
41.25,89.82,6.8655,-20.056,34.69
44.82,89.82,-209.64,-982.45,555.37
48.63,89.82,-270.77,-1251.3,695.68
52.75,89.82,-249.24,-1153.5,642.51
57.32,89.82,-145.88,-681.54,383.78
69.02,89.82,-168.33,-784.3,440.32
-69.02,92.33,-470.89,-2134.9,1161.5
-62.55,92.33,-493.93,-2231.7,1210
-57.32,92.33,-355.79,-1634,901.49
-52.75,92.33,-231.89,-1074.5,599.48
-48.63,92.33,-117.99,-553.96,313.61
37.87,92.33,-227.17,-1083.9,625.69
44.82,92.33,-198.76,-934.1,529.77
48.63,92.33,-265.72,-1228.4,683.27
52.75,92.33,-271.78,-1255.8,698.06
57.32,92.33,-186.61,-867.93,486.3
69.02,92.33,-187.36,-871.36,488.18
-69.02,94.84,-481.61,-2180,1184.2
-62.55,94.84,-491.34,-2220.9,1204.6
-57.32,94.84,-350.61,-1610.9,889.18
-52.75,94.84,-219.82,-1019.6,569.45
-48.63,94.84,23.565,-69.477,111.21
37.87,94.84,-359.34,-1712.7,989.58
41.25,94.84,-213.99,-1025.3,596.12
44.82,94.84,-179.65,-840.08,473.61
48.63,94.84,-295.13,-1367.5,762.75
52.75,94.84,-299.88,-1382.9,766.82
57.32,94.84,-221.47,-1027.1,573.57
62.55,94.84,-68.819,-329.66,190.62
69.02,94.84,-209.65,-973.16,544.03
-69.02,97.35,-492.53,-2225.7,1206.9
-62.55,97.35,-490.85,-2218.9,1203.6
-57.32,97.35,-349.99,-1608.1,887.7
-52.75,97.35,-218.88,-1015.3,567.1
34.64,97.35,-160.53,-762.99,438.05
41.25,97.35,-327,-1550,886.86
44.82,97.35,-287.88,-1349.3,762.93
48.63,97.35,-357.83,-1663.6,931.63
52.75,97.35,-331.41,-1524.8,843.11
57.32,97.35,-348.82,-1628.3,916.4
62.55,97.35,-130.03,-608.98,343.85
69.02,97.35,-233.33,-1081.1,603.04
-69.02,99.86,-503.6,-2271.7,1229.8
-62.55,99.86,-491.24,-2220.5,1204.4
-57.32,99.86,-350.96,-1612.5,890.01
-52.75,99.86,-221.51,-1027.3,573.67
-48.63,99.86,-92.059,-435.53,248.58
34.64,99.86,-205.83,-981.01,565.02
41.25,99.86,-242.29,-1135.3,641.67
44.82,99.86,-244.41,-1132,630.99
48.63,99.86,-384.28,-1783.9,996.96
52.75,99.86,-364.78,-1674.2,922.89
57.32,99.86,-470.39,-2213.2,1256.5
62.55,99.86,-173.02,-805.78,452.15
69.02,99.86,-255,-1179.6,656.7
-69.02,102.37,-514.8,-2317.9,1252.5
-62.55,102.37,-495,-2236.2,1212.3
-57.32,102.37,-358.46,-1645.9,907.83
-52.75,102.37,-238.51,-1104.7,615.92
-48.63,102.37,-161.48,-752.96,423.09
34.64,102.37,-151.41,-719.4,412.93
37.87,102.37,-133.49,-637.85,368.24
41.25,102.37,-404.96,-1923.7,1105.9
44.82,102.37,-254.65,-1178.5,656.33
48.63,102.37,-498.28,-2326.7,1309.5
52.75,102.37,-396.82,-1816.1,997.81
57.32,102.37,-490.76,-2307,1308.4
62.55,102.37,-251.85,-1174,659.65
69.02,102.37,-277.78,-1282.9,712.76
-69.02,104.88,-505.25,-2278.5,1233.2
-62.55,104.88,-502.19,-2265.8,1226.8
-57.32,104.88,-372.24,-1707.2,940.36
-52.75,104.88,-266.2,-1230.4,684.32
-48.63,104.88,-181.24,-843.4,472.83
-44.82,104.88,-99.833,-471.01,268.05
41.25,104.88,-342.24,-1631.7,943.13
44.82,104.88,-402,-1889.4,1071.5
48.63,104.88,-435.53,-2020,1127.6
52.75,104.88,-422.51,-1927.9,1055.8
57.32,104.88,-587.89,-2769.3,1574
62.55,104.88,-358.23,-1676.8,946.72
69.02,104.88,-295.74,-1364.1,756.68
-69.02,107.39,-484.11,-2190.6,1189.5
-62.55,107.39,-512.31,-2307.8,1247.7
-57.32,107.39,-391.25,-1791.4,984.78
-52.75,107.39,-275.32,-1271.8,706.74
-48.63,107.39,-149.04,-696.04,391.77
22.74,107.39,0.63538,0.37389,0.91832
41.25,107.39,-321.85,-1533.3,884.65
44.82,107.39,-496.74,-2346.6,1337.9
48.63,107.39,-384.86,-1775.2,984.37
52.75,107.39,-442.09,-2012.8,1099.8
57.32,107.39,-614.06,-2889.4,1640.3
62.55,107.39,-425.03,-1991.8,1125.8
69.02,107.39,-315.16,-1451.8,803.92
-69.02,109.9,-462.49,-2099.4,1143.6
-62.55,109.9,-523.35,-2353.8,1270.5
-57.32,109.9,-402.43,-1840.6,1010.5
-52.75,109.9,-274.52,-1268.1,704.78
-48.63,109.9,-146.56,-684.66,385.5
37.87,109.9,-87.312,-418.68,242.5
41.25,109.9,-316.74,-1508.3,869.49
44.82,109.9,-508.81,-2404.4,1371.3
48.63,109.9,-496.96,-2318.7,1303.8
52.75,109.9,-496.96,-2269.4,1244.9
57.32,109.9,-623.14,-2929.6,1661.4
62.55,109.9,-423.51,-1975.1,1110.1
69.02,109.9,-336.16,-1546.2,854.6
-69.02,112.41,-440.38,-2004.9,1095.5
-62.55,112.41,-495.01,-2236.2,1212.3
-57.32,112.41,-406.73,-1859.4,1020.4
-52.75,112.41,-283.08,-1306.9,725.77
-48.63,112.41,-175.26,-816.03,457.79
-44.82,112.41,-74.957,-357.6,205.9
19.94,112.41,0.63538,0.37389,0.91832
22.74,112.41,0.63538,0.37389,0.91832
37.87,112.41,-136.95,-653.77,377.07
41.25,112.41,-337.59,-1609,929.27
44.82,112.41,-509.09,-2405.7,1372.1
48.63,112.41,-596.34,-2802.7,1589.1
52.75,112.41,-520.41,-2383.2,1312.1
57.32,112.41,-505.6,-2344.1,1308.7
62.55,112.41,-408.72,-1893.7,1055.8
69.02,112.41,-341.67,-1570.9,867.82
-69.02,114.92,-417.74,-1907.3,1045.2
-62.55,114.92,-465.63,-2112.8,1150.4
-57.32,114.92,-392.8,-1798.2,988.37
-52.75,114.92,-301.88,-1391.9,771.68
-48.63,114.92,-210.34,-976.35,545.79
41.25,114.92,-408.96,-1942.5,1116.7
44.82,114.92,-521.23,-2461.8,1403.3
48.63,114.92,-627.87,-2952.8,1675.3
52.75,114.92,-556.06,-2551.1,1408.5
57.32,114.92,-434.18,-1985.5,1090.1
62.55,114.92,-526.89,-2457.1,1381.1
69.02,114.92,-316.64,-1458.5,807.52
-69.02,117.43,-394.71,-1806.5,992.69
-62.55,117.43,-435.45,-1983.9,1084.8
-57.32,117.43,-364.86,-1674.5,922.98
-52.75,117.43,-288.53,-1331.6,739.11
-48.63,117.43,-211.96,-983.75,549.85
-44.82,117.43,-83.294,-395.57,226.69
17.19,117.43,19.143,-58.197,91.9
41.25,117.43,-413.97,-1965.6,1129.2
44.82,117.43,-544.11,-2567.6,1462.2
48.63,117.43,-655.81,-3083.3,1748.8
52.75,117.43,-563.86,-2583.3,1424.3
57.32,117.43,-465.21,-2120.1,1159.8
62.55,117.43,-532.17,-2479.7,1392.6
69.02,117.43,-291.3,-1344.1,745.86
-69.02,119.94,-371.3,-1703,938.08
-62.55,119.94,-404.56,-1849.7,1015.3
-57.32,119.94,-337.22,-1551,857.16
-52.75,119.94,-249.62,-1155.2,643.44
-48.63,119.94,-229.3,-1062.8,593.08
-44.82,119.94,-127.29,-596.51,337.01
34.64,119.94,-97.422,-467.06,270.62
37.87,119.94,-128.3,-611.05,351.63
41.25,119.94,-410.55,-1949.4,1119.8
44.82,119.94,-543.95,-2566.9,1461.8
48.63,119.94,-664.56,-3121.6,1769.1
52.75,119.94,-490.8,-2219.4,1204.2
57.32,119.94,-474.77,-2153,1171.5
62.55,119.94,-579.13,-2717.4,1538.2
69.02,119.94,-265.68,-1228.1,683.02
-69.02,122.45,-347.49,-1596.9,881.69
-62.55,122.45,-372.99,-1710.5,942.08
-57.32,122.45,-308.1,-1420,786.8
-52.75,122.45,-214.21,-994.01,555.47
-48.63,122.45,-177.95,-828.37,464.57
-44.82,122.45,-174.75,-813.68,456.49
28.52,122.45,-142.75,-677.11,388
31.53,122.45,-195.7,-931.46,535.4
34.64,122.45,-193.43,-909.09,515.55
37.87,122.45,-304.15,-1438.3,821.02
41.25,122.45,-449.31,-2129,1218.8
44.82,122.45,-556.56,-2625.2,1494.2
48.63,122.45,-668.47,-3138.8,1778.2
52.75,122.45,-495.88,-2240.6,1214.8
57.32,122.45,-457.19,-2077.4,1132.7
62.55,122.45,-512.83,-2401.7,1356.5
69.02,122.45,-239.67,-1110,618.8
-69.02,124.96,-323.36,-1488.6,823.7
-62.55,124.96,-340.82,-1567.1,865.76
-57.32,124.96,-283.26,-1307.7,726.2
-52.75,124.96,-183.79,-855.09,479.26
-48.63,124.96,-114.1,-536.19,303.85
-44.82,124.96,-146.3,-683.49,384.86
28.52,124.96,-162.36,-775.61,448.06
31.53,124.96,-314.92,-1490.4,851.56
34.64,124.96,-327.06,-1538.1,873.06
37.87,124.96,-481.51,-2278.2,1301
41.25,124.96,-480.61,-2269.7,1293.6
44.82,124.96,-581.95,-2742.4,1559.3
48.63,124.96,-675.75,-3168.8,1792.8
52.75,124.96,-626.8,-2871.2,1585.2
57.32,124.96,-442.83,-2016.4,1101.8
62.55,124.96,-460.87,-2154.8,1214.6
69.02,124.96,-213.01,-988.51,552.44
-69.02,127.47,-298.94,-1378.6,764.47
-62.55,127.47,-308.16,-1420.2,786.92
-57.32,127.47,-273.02,-1263.1,703.27
-52.75,127.47,-149.66,-698.84,393.29
-44.82,127.47,-106.4,-500.99,284.51
25.59,127.47,-187.42,-889.82,510.27
28.52,127.47,-261.03,-1232.6,702.75
31.53,127.47,-228.06,-1060.5,594.04
34.64,127.47,-456.52,-2150.4,1222.2
37.87,127.47,-383.84,-1791.9,1008.3
41.25,127.47,-487.92,-2294.4,1301.7
44.82,127.47,-589.63,-2772.6,1572.8
48.63,127.47,-689.58,-3226.4,1821.6
52.75,127.47,-751.3,-3474.3,1940
57.32,127.47,-472.52,-2166.4,1193.4
62.55,127.47,-297.54,-1372.4,761.18
69.02,127.47,-276.9,-1299.8,736.28
-69.02,129.98,-274.32,-1267.2,704.22
-62.55,129.98,-275.1,-1270.7,706.16
-57.32,129.98,-277.32,-1287.5,719.95
-52.75,129.98,-103.36,-487.11,276.89
22.74,129.98,-98.742,-469.85,270.01
25.59,129.98,-203.42,-955.57,541.69
28.52,129.98,-205.27,-953.4,533.29
31.53,129.98,-260.56,-1205.2,670.77
34.64,129.98,-367.27,-1702.9,950.23
37.87,129.98,-580.25,-2730.2,1549.8
41.25,129.98,-610.62,-2874,1631.9
44.82,129.98,-528.22,-2459.3,1379.6
48.63,129.98,-713.71,-3330.1,1875.4
52.75,129.98,-758.96,-3521.9,1973.5
57.32,129.98,-420.75,-1920.8,1052.4
62.55,129.98,-350.56,-1629.7,912.69
69.02,129.98,-322.06,-1526.4,873.37
-69.02,132.49,-249.44,-1154.3,642.95
-62.55,132.49,-241.61,-1118.7,623.57
-57.32,132.49,-232.6,-1082.9,607.51
-52.75,132.49,-111.86,-525.97,298.23
19.94,132.49,-57.438,-275.18,158.97
22.74,132.49,-262.98,-1241.9,708.11
25.59,132.49,-176.84,-831.16,471.41
28.52,132.49,-219.07,-1016.3,567.74
31.53,132.49,-323.91,-1504.5,841.56
34.64,132.49,-393.37,-1826.9,1021.5
37.87,132.49,-509.25,-2377.2,1337.5
41.25,132.49,-483.55,-2238,1246.4
44.82,132.49,-583.37,-2709.5,1516.9
48.63,132.49,-740.82,-3445.2,1934.4
52.75,132.49,-724.57,-3376.6,1899.5
57.32,132.49,-520.43,-2407,1340.3
62.55,132.49,-349.48,-1627.7,913.55
69.02,132.49,-277.84,-1322.3,761.11
-69.02,135,-224.21,-1039.6,580.36
-62.55,135,-221.74,-1031,577.56
-57.32,135,-162.42,-757.26,425.45
-52.75,135,-129.46,-606.4,342.45
19.94,135,-113.72,-539.22,308.76
25.59,135,-104.13,-490.68,278.87
28.52,135,-246.65,-1151.6,648.22
31.53,135,-296.37,-1386.1,781.85
34.64,135,-443.4,-2082.8,1180.4
37.87,135,-579.52,-2731,1552.9
41.25,135,-525.55,-2454.2,1381.4
44.82,135,-576.79,-2681.6,1502.8
48.63,135,-704.09,-3288.8,1854
52.75,135,-687.58,-3217.5,1816.8
57.32,135,-532.2,-2466.4,1376.7
62.55,135,-323.39,-1504.1,842.83
69.02,135,-137.34,-656.36,379.02
-69.02,137.51,-198.27,-921.19,515.53
-62.55,137.51,-170.43,-793.92,445.61
-57.32,137.51,-108.63,-511.18,290.1
17.19,137.51,-167.9,-794.08,453.61
25.59,137.51,-223.74,-1060.2,606.7
28.52,137.51,-166.38,-784.87,447.01
31.53,137.51,-390.77,-1855.1,1065
34.64,137.51,-315.65,-1479.4,836.52
37.87,137.51,-531.27,-2508,1428.9
41.25,137.51,-412.2,-1917.3,1074.1
44.82,137.51,-506.09,-2355.4,1320.7
48.63,137.51,-665.77,-3122.3,1766.7
52.75,137.51,-649.66,-3050.7,1728.3
57.32,137.51,-475.94,-2199.6,1223.1
62.55,137.51,-260.58,-1204.9,670.49
69.02,137.51,-49.139,-240.77,142.45
-69.02,140.02,-170.94,-796.23,446.88
-62.55,140.02,-128.38,-601.48,339.73
14.48,140.02,-121.42,-576.81,331.02
31.53,140.02,-259.87,-1240.6,717.57
34.64,140.02,-358.17,-1701.2,976.98
37.87,140.02,-318.43,-1491.9,843.16
41.25,140.02,-527.09,-2485.8,1414.7
44.82,140.02,-577.07,-2716.5,1542.8
48.63,140.02,-625.87,-2943.3,1670
52.75,140.02,-609.82,-2870,1629.7
57.32,140.02,-363.49,-1668.5,919.86
62.55,140.02,-263.53,-1218.3,677.75
69.02,140.02,22.082,-65.761,104.68
-69.02,142.53,-141.39,-660.98,372.46
-62.55,142.53,-80.21,-381.5,218.98
6.53,142.53,17.514,-53.526,85.294
9.16,142.53,-91.051,-430.93,246.06
11.81,142.53,-118.5,-556.32,314.91
14.48,142.53,-203.48,-955.04,540.89
34.64,142.53,-119.81,-571.11,329.01
37.87,142.53,-214.33,-1003.9,567.2
41.25,142.53,-380.83,-1789.7,1015
44.82,142.53,-405.46,-1897.3,1070.6
48.63,142.53,-509.52,-2392.8,1355.6
52.75,142.53,-544.53,-2565.5,1458.5
57.32,142.53,-344.84,-1588.5,879.56
62.55,142.53,-285.72,-1322,736.19
-69.02,145.04,-109.86,-516.78,293.17
9.16,145.04,-91.778,-434.24,247.88
11.81,145.04,-98.302,-464.02,264.21
14.48,145.04,-163.58,-779.91,449.18
37.87,145.04,-261.67,-1247.5,719.86
41.25,145.04,-282.28,-1325.9,751.63
44.82,145.04,-229.44,-1063.6,593.63
48.63,145.04,-447.35,-2102.1,1191.8
52.75,145.04,-513.69,-2425.5,1382.2
57.32,145.04,-302.19,-1393.3,772.48
62.55,145.04,-286.19,-1331.1,745.98
-69.02,147.55,-54.244,-262.68,153.52
25.59,147.55,0.63538,0.37389,0.91832
41.25,147.55,-344.54,-1641.2,947.14
44.82,147.55,-293.36,-1379.2,782.68
48.63,147.55,-379.75,-1784.9,1012.5
52.75,147.55,-407.9,-1925.7,1097.4
57.32,147.55,-407.13,-1907,1077.4
62.55,147.55,-267.63,-1250,703.99
69.02,147.55,0.63538,0.37389,0.91832
44.82,150.06,-327.99,-1560.8,898.89
48.63,150.06,-25.858,-108.46,48.709
52.75,150.06,-330.05,-1561.3,891.63
57.32,150.06,-398.99,-1876.3,1064.9
62.55,150.06,-232.07,-1088,615.42
48.63,152.57,-8.2886,-29.242,11.643
52.75,152.57,1.7736,-17.207,20.498
57.32,152.57,-271.63,-1269.4,715.38
62.55,152.57,-229.6,-1086.6,620.99
69.02,152.57,-48.569,-237.71,140.46
48.63,155.08,20.823,-62.507,98.997
52.75,155.08,-96.966,-464.38,268.82
57.32,155.08,-277.27,-1304.7,741.19
62.55,155.08,-132.33,-632.08,364.86
69.02,155.08,-101.22,-477.32,271.5
57.32,157.59,-290.36,-1380,792.5
62.55,157.59,0.63538,0.37389,0.91832
69.02,157.59,-98.217,-463.61,263.98
57.32,160.1,-143.3,-685.95,397.35
62.55,160.1,0.63538,0.37389,0.91832
69.02,160.1,-17.08,-90.717,57.407
57.32,167.63,-75.908,-361.91,208.26
