52.75,-178.75,0.95945,0.060005,0.00068024
57.32,-178.75,0.96142,0.044967,0.00064901
62.55,-178.75,0.95929,0.048313,0.00080783
57.32,-173.73,1,0,0
48.63,-171.22,1,0,0
57.32,-171.22,1,0,0
69.02,-113.49,0.98662,0.021794,1.9391e-05
62.55,-98.43,1,0,0
22.74,-78.35,0,1,0
48.63,-73.33,0.97678,0.036564,7.1026e-06
52.75,-70.82,1,0,0
52.75,-68.31,0.9768,0.03513,0.00057532
52.75,-65.8,1,0,0
41.25,-58.27,1,0,0
48.63,-53.25,1,0,0
25.59,-48.23,0,1,0
28.52,-45.72,1,0,0
52.75,-45.72,0.99376,0.023145,6.0033e-06
14.48,-43.21,0.17028,0.80698,0.00086423
17.19,-43.21,0.051329,0.93245,0.00036777
19.94,-43.21,0,1,0
22.74,-43.21,0,1,0
31.53,-43.21,0.2912,0.63146,0.0089065
34.64,-43.21,0.40142,0.54391,0.0012395
48.63,-43.21,0.98091,0.052714,1.9339e-06
52.75,-43.21,0.99365,0.022248,7.4023e-08
9.16,-40.7,0.33552,0.70051,2.6009e-05
11.81,-40.7,1,0,0
14.48,-40.7,0.12598,0.84221,0.00020807
17.19,-40.7,0.040635,0.93405,6.4077e-05
19.94,-40.7,0,1,0
22.74,-40.7,0,1,0
31.53,-40.7,0,1,0
41.25,-40.7,0.84959,0.25665,1.4332e-08
44.82,-40.7,0.95106,0.11085,2.5525e-08
48.63,-40.7,0.98144,0.051239,4.5243e-08
52.75,-40.7,0.9933,0.021999,1.9828e-09
3.91,-38.19,0.44849,0.55261,0.00053112
6.53,-38.19,0.32728,0.64803,8.9175e-05
9.16,-38.19,0.26377,0.70527,5.556e-06
11.81,-38.19,0.29013,0.68642,0.00018665
14.48,-38.19,0.090984,0.85982,5.8796e-05
17.19,-38.19,0.033647,0.94401,1.4101e-05
19.94,-38.19,0,1,0
22.74,-38.19,0,1,0
28.52,-38.19,0,1,0
31.53,-38.19,0,1,0
37.87,-38.19,0.56813,0.4934,1.1519e-08
41.25,-38.19,0.83377,0.2516,1.3298e-10
44.82,-38.19,0.94689,0.11407,9.0253e-10
48.63,-38.19,0.98094,0.051275,1.8451e-09
52.75,-38.19,0.9925,0.022202,9.2468e-11
57.32,-38.19,0.99765,0.013172,1.2912e-06
-1.3,-35.68,0,1,0
1.3,-35.68,1,0,0
3.91,-35.68,0,1,0
6.53,-35.68,0.27539,0.69294,2.2307e-05
9.16,-35.68,0.18643,0.79962,1.1406e-05
11.81,-35.68,0.17722,0.81933,0.00016411
14.48,-35.68,0.063636,0.9115,3.8151e-05
17.19,-35.68,0.027161,0.95587,5.6759e-06
19.94,-35.68,0.023184,0.97107,9.9977e-06
25.59,-35.68,0,1,0
34.64,-35.68,0.2307,0.761,1.5165e-05
37.87,-35.68,0.53307,0.5067,5.0457e-10
41.25,-35.68,0.81517,0.26101,4.3045e-12
44.82,-35.68,0.94054,0.11871,2.8075e-11
48.63,-35.68,0.97893,0.052442,6.2459e-11
52.75,-35.68,0.99217,0.022889,1.1454e-11
57.32,-35.68,0.99762,0.0132,2.1161e-07
-57.32,-33.17,0.79543,0.30538,0.00093931
-52.75,-33.17,0.81045,0.29789,0.00071382
-48.63,-33.17,0.78824,0.31812,0.00051247
-11.81,-33.17,0,1,0
-3.91,-33.17,0.082544,0.90827,3.5186e-05
-1.3,-33.17,0,1,0
11.81,-33.17,0,1,0
14.48,-33.17,0.046269,0.94381,9.1042e-05
17.19,-33.17,0.021188,0.96236,1.0005e-06
19.94,-33.17,0.017161,0.97561,5.241e-07
25.59,-33.17,0,1,0
34.64,-33.17,0,1,0
37.87,-33.17,0.51826,0.51599,5.7731e-10
41.25,-33.17,0.79938,0.27077,2.8961e-13
44.82,-33.17,0.93171,0.12479,6.1161e-13
48.63,-33.17,0.97537,0.055027,1.5679e-12
52.75,-33.17,0.99272,0.023739,4.8294e-12
57.32,-33.17,0.9977,0.013577,1.789e-07
62.55,-33.17,1,0,0
-62.55,-30.66,0.77407,0.32825,0.0013837
-57.32,-30.66,0.80605,0.29105,0.00092204
-52.75,-30.66,0.82579,0.28125,0.0006945
-48.63,-30.66,0.80738,0.3012,0.00055034
-17.19,-30.66,0,1,0
-14.48,-30.66,0,1,0
-6.53,-30.66,0.044731,0.94227,6.5828e-07
-3.91,-30.66,0.061505,0.91355,1.1206e-06
-1.3,-30.66,0.13593,0.85501,4.6846e-05
1.3,-30.66,0.34579,0.69581,2.9126e-05
3.91,-30.66,1,0,0
6.53,-30.66,0,1,0
14.48,-30.66,0.032414,0.95731,6.7303e-06
17.19,-30.66,0.016983,0.96719,1.0884e-07
19.94,-30.66,0.013741,0.97551,8.3794e-09
22.74,-30.66,0.016553,0.97332,2.3573e-08
25.59,-30.66,0.036172,0.94921,9.9866e-07
28.52,-30.66,0.076202,0.91209,1.5199e-05
31.53,-30.66,0.13803,0.86844,1.1052e-05
34.64,-30.66,0.24864,0.74495,4.7369e-06
37.87,-30.66,0.52073,0.51664,2.2167e-09
41.25,-30.66,0.78388,0.27804,5.9263e-12
44.82,-30.66,0.92034,0.13231,6.8392e-14
48.63,-30.66,0.97011,0.059082,3.6975e-14
52.75,-30.66,0.99367,0.024745,5.1402e-12
57.32,-30.66,0.99788,0.014758,2.2068e-07
-62.55,-28.15,0.78175,0.31931,0.0013786
-57.32,-28.15,0.81987,0.28147,0.00089161
-52.75,-28.15,0.84201,0.26639,0.00068158
-17.19,-28.15,0.058204,0.93059,0.00021653
-14.48,-28.15,0.030628,0.95275,1.7142e-05
-11.81,-28.15,0,1,0
-9.16,-28.15,0.036109,0.95389,1.5619e-06
-6.53,-28.15,0.03495,0.94706,2.9509e-08
-3.91,-28.15,0.047644,0.92105,1.8371e-08
-1.3,-28.15,0.10529,0.86827,8.7203e-07
1.3,-28.15,0.30121,0.70789,1.6991e-05
3.91,-28.15,1,0,0
6.53,-28.15,0.13367,0.82572,2.661e-06
9.16,-28.15,0,1,0
11.81,-28.15,0,1,0
14.48,-28.15,0,1,0
17.19,-28.15,0.014309,0.96967,2.9178e-08
19.94,-28.15,0.012668,0.97281,6.1801e-09
22.74,-28.15,0.016562,0.96805,3.8814e-10
25.59,-28.15,0.035006,0.94346,1.2005e-08
28.52,-28.15,0.080644,0.89807,2.8362e-07
31.53,-28.15,0.16804,0.82496,6.2324e-07
34.64,-28.15,0.29179,0.71067,1.6899e-06
37.87,-28.15,0.53239,0.50576,1.2133e-08
41.25,-28.15,0.77255,0.2846,1.6535e-10
44.82,-28.15,0.90649,0.14118,8.304e-12
48.63,-28.15,0.97123,0.062782,1.9852e-14
52.75,-28.15,0.99427,0.025896,5.4524e-12
-62.55,-25.64,0.78953,0.31152,0.0013761
-52.75,-25.64,0.85787,0.25222,0.00066786
-17.19,-25.64,0,1,0
-14.48,-25.64,0.024183,0.95389,1.8724e-07
-11.81,-25.64,0.02842,0.95467,2.6352e-06
-9.16,-25.64,0.02663,0.95519,1.0812e-08
-6.53,-25.64,0.027391,0.95002,3.4595e-10
-3.91,-25.64,0.037639,0.92757,3.4277e-10
-1.3,-25.64,0.07923,0.8818,1.9508e-07
1.3,-25.64,0,1,0
3.91,-25.64,0.26847,0.70147,1.4528e-06
6.53,-25.64,0.092953,0.85891,7.1831e-08
9.16,-25.64,0.030488,0.94059,2.7868e-09
11.81,-25.64,0,1,0
14.48,-25.64,0,1,0
17.19,-25.64,0.012659,0.97397,3.9165e-09
19.94,-25.64,0.012974,0.96925,7.2835e-09
22.74,-25.64,0.018577,0.96013,1.4581e-10
25.59,-25.64,0.03873,0.93156,3.3778e-08
28.52,-25.64,0.095144,0.87248,1.3418e-08
31.53,-25.64,0.21189,0.77575,1.9033e-06
34.64,-25.64,0.34349,0.66693,2.8393e-06
37.87,-25.64,0.55185,0.48981,7.744e-08
41.25,-25.64,0.76558,0.29076,2.4599e-09
44.82,-25.64,0.89039,0.15131,5.7677e-10
48.63,-25.64,0.97379,0.066591,1.8418e-14
52.75,-25.64,0.99481,0.027189,9.6992e-12
62.55,-25.64,1,0,0
-62.55,-23.13,0.79702,0.30438,0.0013757
-57.32,-23.13,0.84711,0.26559,0.00084389
-52.75,-23.13,0.87046,0.2351,0.0006317
-28.52,-23.13,0,1,0
-19.94,-23.13,0.10273,0.88486,4.3305e-05
-17.19,-23.13,0.053013,0.92275,4.3206e-06
-14.48,-23.13,0.023061,0.95138,4.7611e-09
-11.81,-23.13,0.021849,0.95446,1.6304e-08
-9.16,-23.13,0.021249,0.95472,8.6711e-10
-6.53,-23.13,0.022278,0.95062,1.0145e-10
-3.91,-23.13,0.030487,0.93299,2.219e-10
-1.3,-23.13,0.05818,0.89607,9.3654e-08
1.3,-23.13,0.16808,0.73187,6.2495e-06
3.91,-23.13,0.143,0.78808,1.7008e-08
6.53,-23.13,0.067604,0.88187,3.8328e-09
9.16,-23.13,0.027707,0.94776,7.1892e-11
11.81,-23.13,0.015491,0.97438,7.9537e-09
14.48,-23.13,0,1,0
17.19,-23.13,0.012506,0.97812,5.677e-09
19.94,-23.13,0.012894,0.97178,3.4234e-10
22.74,-23.13,0.022851,0.94804,2.872e-09
25.59,-23.13,0.046542,0.91439,2.2045e-07
28.52,-23.13,0.12065,0.83501,1.1428e-07
31.53,-23.13,0.27801,0.70794,1.1349e-05
34.64,-23.13,0.39938,0.61567,7.8218e-06
37.87,-23.13,0.57383,0.47244,4.3603e-07
41.25,-23.13,0.75797,0.29618,3.2238e-08
44.82,-23.13,0.89531,0.1605,7.7659e-10
48.63,-23.13,0.97599,0.070851,2.3591e-14
52.75,-23.13,0.99534,0.028654,3.183e-11
-62.55,-20.62,0.80427,0.298,0.0013774
-52.75,-20.62,0.88465,0.22277,0.00060758
-48.63,-20.62,0.8812,0.22918,0.00089998
-37.87,-20.62,0.6336,0.44661,0.0010467
-31.53,-20.62,0.25633,0.73907,7.7868e-06
-28.52,-20.62,0,1,0
-25.59,-20.62,1,0,0
-22.74,-20.62,0.22511,0.76809,2.2201e-05
-19.94,-20.62,0.093705,0.87763,1.1811e-06
-17.19,-20.62,0.046162,0.92279,4.6933e-08
-14.48,-20.62,0.022988,0.94729,1.7358e-10
-11.81,-20.62,0.019494,0.95046,7.785e-10
-9.16,-20.62,0.018587,0.95194,4.8279e-10
-6.53,-20.62,0.019393,0.94914,1.3719e-10
-3.91,-20.62,0.025482,0.93569,1.9388e-10
-1.3,-20.62,0.043187,0.90786,2.3505e-08
1.3,-20.62,0.077327,0.8548,3.2718e-07
3.91,-20.62,0.098113,0.79692,1.4134e-08
6.53,-20.62,0.053029,0.90711,1.8811e-10
9.16,-20.62,0.034469,0.94724,1.1958e-09
11.81,-20.62,0,1,0
14.48,-20.62,0,1,0
17.19,-20.62,0.019628,0.96253,2.5606e-08
19.94,-20.62,0.013887,0.97174,4.0894e-11
22.74,-20.62,0.025292,0.94582,3.898e-09
25.59,-20.62,0.05866,0.89013,1.8749e-06
28.52,-20.62,0.15639,0.78751,1.0945e-06
31.53,-20.62,0.36577,0.62314,6.0938e-05
34.64,-20.62,0.45368,0.56368,2.4004e-05
37.87,-20.62,0.59166,0.45557,2.2464e-06
41.25,-20.62,0.74989,0.3021,2.9891e-07
44.82,-20.62,0.89821,0.17045,1.4329e-09
48.63,-20.62,0.97702,0.075684,6.369e-14
52.75,-20.62,0.99558,0.030035,3.9491e-11
62.55,-20.62,1,0,0
-62.55,-18.11,0.8106,0.29122,0.0013756
-52.75,-18.11,0.89704,0.21088,0.00056845
-48.63,-18.11,0.89163,0.15541,0.00020187
-44.82,-18.11,0.82272,0.26257,0.0010763
-41.25,-18.11,0,1,0
-37.87,-18.11,1,0,0
-34.64,-18.11,0.43794,0.58371,6.018e-06
-31.53,-18.11,0.24387,0.72767,8.6283e-07
-28.52,-18.11,0.18758,0.76551,2.4444e-05
-25.59,-18.11,0.39829,0.61427,2.5822e-05
-22.74,-18.11,0.2069,0.76323,8.5379e-07
-19.94,-18.11,0.086767,0.87075,1.2461e-08
-17.19,-18.11,0.042342,0.918,5.9484e-10
-14.48,-18.11,0.023321,0.94219,5.9655e-11
-11.81,-18.11,0.018971,0.94608,5.6401e-10
-9.16,-18.11,0.017819,0.94666,6.796e-10
-6.53,-18.11,0.018138,0.94554,1.7637e-10
-3.91,-18.11,0.022352,0.93591,1.9772e-10
-1.3,-18.11,0.033848,0.91471,4.0216e-09
1.3,-18.11,0,1,0
3.91,-18.11,0.067615,0.84277,8.8055e-08
6.53,-18.11,0.043862,0.92114,4.2075e-10
9.16,-18.11,0,1,0
11.81,-18.11,0,1,0
14.48,-18.11,0.017248,0.97857,8.4646e-07
17.19,-18.11,0.015077,0.97291,7.5292e-10
19.94,-18.11,0.017036,0.95891,3.5633e-13
22.74,-18.11,0.029589,0.93974,1.2035e-08
25.59,-18.11,0.070736,0.87251,6.8792e-06
28.52,-18.11,0.19763,0.73427,1.3382e-05
31.53,-18.11,0.46755,0.52671,0.00027344
34.64,-18.11,0.49665,0.51907,6.6197e-05
37.87,-18.11,0.60198,0.44212,9.8913e-06
41.25,-18.11,0.7406,0.30923,1.9609e-06
44.82,-18.11,0.8987,0.18132,3.6453e-09
48.63,-18.11,0.97692,0.081109,3.7387e-13
52.75,-18.11,0.99557,0.031283,1.6365e-11
-52.75,-15.6,0.91201,0.17557,0.00020923
-48.63,-15.6,0.90761,0.17222,0.00058325
-44.82,-15.6,1,0,0
-41.25,-15.6,0.54646,0.51128,0.00051799
-37.87,-15.6,0.62742,0.41675,0.00019412
-34.64,-15.6,0.41358,0.58551,5.937e-07
-31.53,-15.6,0.23492,0.71618,6.288e-08
-28.52,-15.6,0.19479,0.74111,9.4713e-07
-25.59,-15.6,0.29534,0.66956,6.0977e-07
-22.74,-15.6,0.1805,0.76658,2.983e-08
-19.94,-15.6,0.081344,0.86149,8.9349e-10
-17.19,-15.6,0.04121,0.91037,1.7721e-10
-14.48,-15.6,0.024386,0.93439,5.7361e-10
-11.81,-15.6,0.019292,0.94116,1.0921e-09
-9.16,-15.6,0.018503,0.93863,2.8927e-09
-6.53,-15.6,0.018172,0.93966,2.7431e-10
-3.91,-15.6,0.020808,0.93361,2.7242e-10
-1.3,-15.6,0.0283,0.91815,1.683e-09
1.3,-15.6,0.03758,0.91384,1.7592e-07
3.91,-15.6,0.039731,0.91488,5.2016e-09
6.53,-15.6,0.036842,0.9372,1.3566e-09
9.16,-15.6,0.038242,0.94832,1.0142e-08
11.81,-15.6,0.022804,0.96988,4.0582e-07
14.48,-15.6,0.017089,0.9747,1.7066e-06
17.19,-15.6,0.015679,0.9728,2.115e-10
19.94,-15.6,0.020083,0.95227,2.6743e-12
22.74,-15.6,0.032538,0.94188,7.2569e-09
25.59,-15.6,0.076778,0.87982,5.1725e-06
28.52,-15.6,0.23691,0.71684,1.6861e-05
31.53,-15.6,1,0,0
34.64,-15.6,0.51977,0.48898,0.00014904
37.87,-15.6,0.60372,0.4341,3.5051e-05
41.25,-15.6,0.73281,0.31854,7.6314e-06
44.82,-15.6,0.89713,0.19326,1.1292e-08
48.63,-15.6,0.97642,0.087097,2.4791e-12
52.75,-15.6,0.99554,0.032578,6.2428e-12
-57.32,-13.09,0.88702,0.22887,0.00063018
-52.75,-13.09,0.91894,0.16617,0.0001897
-48.63,-13.09,0.91074,0.15362,0.00053546
-44.82,-13.09,0.86842,0.22542,0.00033807
-41.25,-13.09,0.63578,0.46503,0.00011968
-37.87,-13.09,0.57722,0.46466,1.6011e-05
-34.64,-13.09,0.38255,0.59597,5.7095e-08
-31.53,-13.09,0.2273,0.70615,4.7633e-08
-28.52,-13.09,0.19232,0.72636,1.7116e-07
-25.59,-13.09,0.23116,0.7005,9.6995e-08
-22.74,-13.09,0.15582,0.77052,9.5811e-09
-19.94,-13.09,0.078377,0.85146,1.5688e-09
-17.19,-13.09,0.042146,0.89979,2.1559e-09
-14.48,-13.09,0.026541,0.92366,7.9526e-09
-11.81,-13.09,0.020703,0.93316,6.3553e-09
-9.16,-13.09,0.019312,0.93298,5.8616e-09
-6.53,-13.09,0.019412,0.93124,1.33e-09
-3.91,-13.09,0.020712,0.92864,8.554e-10
-1.3,-13.09,0.025702,0.91697,9.0385e-09
1.3,-13.09,0.029821,0.92058,1.7629e-08
3.91,-13.09,0.032524,0.92193,4.4884e-09
6.53,-13.09,0.032805,0.93001,2.668e-09
9.16,-13.09,0.029933,0.94903,1.2915e-09
11.81,-13.09,0.021523,0.96014,1.1126e-07
14.48,-13.09,0.023033,0.96299,1.0452e-05
17.19,-13.09,0.019347,0.96855,3.9467e-10
19.94,-13.09,0.02408,0.95877,2.8948e-12
22.74,-13.09,0.039021,0.93714,7.7656e-09
25.59,-13.09,0.085842,0.88446,6.1512e-06
28.52,-13.09,0.27702,0.71631,1.6499e-05
31.53,-13.09,0.55588,0.49873,0.00016817
34.64,-13.09,0.55481,0.50419,7.4227e-05
37.87,-13.09,0.61807,0.44384,3.5999e-05
41.25,-13.09,0.76238,0.33756,1.9484e-06
44.82,-13.09,0.89503,0.20637,3.2535e-08
48.63,-13.09,0.97581,0.093651,1.4308e-11
52.75,-13.09,0.99549,0.033899,2.4565e-12
57.32,-13.09,0.99831,0.015541,1.6033e-05
69.02,-13.09,1,0,0
-57.32,-10.58,0.89715,0.21146,0.0004558
-52.75,-10.58,0.92678,0.14384,5.966e-05
-48.63,-10.58,1,0,0
-44.82,-10.58,0.87648,0.23694,0.00021242
-41.25,-10.58,0.6855,0.44045,2.8096e-05
-37.87,-10.58,0.54216,0.50452,1.4096e-06
-34.64,-10.58,0.35082,0.61103,2.4936e-07
-31.53,-10.58,0.22006,0.69898,5.5411e-07
-28.52,-10.58,0.18677,0.7168,1.2154e-06
-25.59,-10.58,0.19325,0.71554,3.8491e-07
-22.74,-10.58,0.13838,0.77103,1.1295e-07
-19.94,-10.58,0.077576,0.8407,6.0671e-08
-17.19,-10.58,0.045111,0.88561,6.7983e-08
-14.48,-10.58,0.029618,0.91128,9.0758e-08
-11.81,-10.58,0.023294,0.92194,7.1361e-08
-9.16,-10.58,0.021148,0.9246,3.0536e-08
-6.53,-10.58,0.021737,0.92099,2.2487e-08
-3.91,-10.58,0.022092,0.92083,1.1738e-08
-1.3,-10.58,0.024123,0.91774,3.6565e-08
1.3,-10.58,0.026787,0.92066,1.6601e-08
3.91,-10.58,0.029776,0.92121,3.5065e-09
6.53,-10.58,0.031375,0.92606,1.9587e-08
9.16,-10.58,0.028381,0.94141,3.6531e-07
11.81,-10.58,0.02316,0.95511,9.4734e-07
14.48,-10.58,0,1,0
17.19,-10.58,0.025612,0.969,9.4153e-10
19.94,-10.58,0.029162,0.96925,6.8395e-11
22.74,-10.58,0.050944,0.93779,8.7061e-09
25.59,-10.58,0.096982,0.88763,1.1608e-05
28.52,-10.58,0.32324,0.71622,4.3246e-05
31.53,-10.58,0.53542,0.56153,2.4812e-05
34.64,-10.58,0.57442,0.53668,2.9463e-05
37.87,-10.58,0.6418,0.46958,1.5149e-05
41.25,-10.58,0.79164,0.36229,4.1148e-07
44.82,-10.58,0.90505,0.2209,1.7488e-08
48.63,-10.58,0.97506,0.10082,7.2103e-11
52.75,-10.58,0.99531,0.035217,9.3553e-13
57.32,-10.58,0.99825,0.015017,4.0643e-06
-57.32,-8.07,0.9037,0.17737,0.00029618
-52.75,-8.07,0.93641,0.14242,2.1703e-05
-48.63,-8.07,0.9213,0.12669,5.2542e-05
-44.82,-8.07,0.88138,0.24122,7.1757e-05
-41.25,-8.07,0.71049,0.43309,6.2295e-06
-37.87,-8.07,0.51565,0.53655,2.5904e-07
-34.64,-8.07,0.32245,0.62775,1.7814e-06
-31.53,-8.07,0.21336,0.69405,5.6503e-06
-28.52,-8.07,0.18214,0.70888,1.2484e-05
-25.59,-8.07,0.17257,0.71986,6.8867e-06
-22.74,-8.07,0.12879,0.76673,3.6094e-06
-19.94,-8.07,0.079351,0.82706,2.0853e-06
-17.19,-8.07,0.0498,0.86903,1.8457e-06
-14.48,-8.07,0.034156,0.89552,1.3801e-06
-11.81,-8.07,0.026998,0.90828,9.422e-07
-9.16,-8.07,0.024229,0.91301,4.8236e-07
-6.53,-8.07,0.024374,0.91237,5.2988e-07
-3.91,-8.07,0.025146,0.91003,1.0395e-06
-1.3,-8.07,0.025067,0.91329,1.9756e-07
1.3,-8.07,0.027297,0.91468,7.5089e-08
3.91,-8.07,0.03043,0.91398,2.1498e-08
6.53,-8.07,0.030929,0.92357,3.6421e-08
9.16,-8.07,0.02866,0.93828,1.7682e-07
11.81,-8.07,0.026712,0.95111,1.3797e-07
14.48,-8.07,0.036117,0.95131,2.8102e-06
17.19,-8.07,0.032887,0.96456,1.92e-10
19.94,-8.07,0.039794,0.96832,9.7355e-10
22.74,-8.07,0.059277,0.95146,3.4569e-08
25.59,-8.07,0.10924,0.8888,3.8679e-05
28.52,-8.07,0,1,0
31.53,-8.07,0.51198,0.62238,5.1383e-06
34.64,-8.07,0.57965,0.58119,1.1045e-05
37.87,-8.07,0.66518,0.50639,4.1423e-06
41.25,-8.07,0.81837,0.39307,7.7989e-08
44.82,-8.07,0.92414,0.23905,2.0804e-09
48.63,-8.07,0.97342,0.10882,4.2679e-10
52.75,-8.07,0.99477,0.03662,9.4139e-13
57.32,-8.07,0.99807,0.014589,5.7794e-07
-57.32,-5.56,0.88502,0.16052,0.01083
-52.75,-5.56,0.94564,0.15123,1.7606e-05
-48.63,-5.56,0.93801,0.13521,1.1929e-05
-44.82,-5.56,0.88152,0.25168,2.4993e-05
-41.25,-5.56,0.72083,0.43708,1.3486e-06
-37.87,-5.56,0.49443,0.56151,2.3927e-07
-34.64,-5.56,0.29928,0.65003,7.2065e-06
-31.53,-5.56,0.2079,0.69024,4.3825e-05
-28.52,-5.56,0.18019,0.70052,9.8517e-05
-25.59,-5.56,0.16324,0.71665,8.1043e-05
-22.74,-5.56,0.12578,0.75785,5.7967e-05
-19.94,-5.56,0.083718,0.81067,3.7004e-05
-17.19,-5.56,0.055882,0.85094,2.7408e-05
-14.48,-5.56,0.040381,0.87643,2.1002e-05
-11.81,-5.56,0.032083,0.89178,1.2425e-05
-9.16,-5.56,0.028693,0.89832,9.6019e-06
-6.53,-5.56,0.028551,0.9004,1.3285e-05
-3.91,-5.56,0.029922,0.8977,4.4732e-05
-1.3,-5.56,0.02885,0.9034,6.9181e-06
1.3,-5.56,0.02923,0.90902,2.3494e-07
3.91,-5.56,0.029947,0.91498,1.8555e-08
6.53,-5.56,0.030932,0.92292,1.5088e-08
9.16,-5.56,0.030619,0.93412,3.9115e-08
11.81,-5.56,0.032729,0.94213,3.2587e-08
14.48,-5.56,0.046001,0.93863,7.7484e-07
17.19,-5.56,0.041802,0.95732,1.4665e-11
19.94,-5.56,0.048478,0.96446,1.9502e-10
25.59,-5.56,0,1,0
28.52,-5.56,0.3203,0.7558,9.2332e-06
31.53,-5.56,0.48048,0.68086,3.9387e-06
34.64,-5.56,0.57398,0.63269,4.5789e-06
37.87,-5.56,0.68514,0.55169,8.218e-07
41.25,-5.56,0.84138,0.42954,1.3727e-08
44.82,-5.56,0.93971,0.2618,2.9473e-10
48.63,-5.56,0.9755,0.11657,4.8158e-10
52.75,-5.56,0.99379,0.038262,4.086e-12
57.32,-5.56,0.99778,0.014269,4.7523e-08
62.55,-5.56,1,0,0
-57.32,-3.05,0.9087,0.16039,0.001352
-48.63,-3.05,0.94585,0.1588,1.1193e-05
-44.82,-3.05,0.89851,0.23941,2.6718e-08
-41.25,-3.05,0.72379,0.44795,3.2302e-07
-37.87,-3.05,0.47814,0.58023,1.203e-06
-34.64,-3.05,0.27787,0.66894,3.8062e-05
-31.53,-3.05,0.20438,0.68635,0.00024337
-28.52,-3.05,0.18138,0.69074,0.00046787
-25.59,-3.05,0.16157,0.70794,0.0004599
-22.74,-3.05,0.12776,0.74539,0.00038483
-19.94,-3.05,0.090561,0.79188,0.00029909
-17.19,-3.05,0.063792,0.83016,0.00023828
-14.48,-3.05,0.04802,0.85534,0.00019663
-11.81,-3.05,0.038899,0.8719,0.0001333
-9.16,-3.05,0.034508,0.8812,0.00011208
-6.53,-3.05,0.034384,0.8849,0.00016825
-3.91,-3.05,0.036084,0.88839,0.00029501
-1.3,-3.05,0.034029,0.89796,7.0148e-05
1.3,-3.05,0.031548,0.90553,1.0545e-06
3.91,-3.05,0.031272,0.91201,2.5797e-08
6.53,-3.05,0.032847,0.91842,6.6055e-09
9.16,-3.05,0.034693,0.92633,8.3766e-09
11.81,-3.05,0.041182,0.92975,7.6143e-09
14.48,-3.05,0,1,0
17.19,-3.05,0.053711,0.94797,7.9354e-13
19.94,-3.05,0.059654,0.96006,3.4655e-11
28.52,-3.05,1,0,0
31.53,-3.05,0.44762,0.738,7.1821e-06
34.64,-3.05,0.55858,0.68458,3.1933e-06
37.87,-3.05,0.69992,0.60167,1.3257e-07
41.25,-3.05,0.85972,0.4702,2.3514e-09
44.82,-3.05,0.95149,0.28923,6.1265e-11
48.63,-3.05,0.98165,0.12479,5.6939e-11
52.75,-3.05,0.99223,0.040209,5.8101e-11
57.32,-3.05,0.99734,0.014074,2.1063e-09
62.55,-3.05,0.997,0.012506,0.0003715
-52.75,-0.54,0.95347,0.17172,2.7952e-05
-48.63,-0.54,0.95142,0.16784,1.9679e-06
-44.82,-0.54,0.91492,0.27345,3.3182e-10
-41.25,-0.54,0.75245,0.48239,1.8229e-08
-37.87,-0.54,0.47245,0.59988,3.6891e-06
-34.64,-0.54,0.25785,0.68499,0.0002076
-31.53,-0.54,0.20221,0.68675,0.00063533
-28.52,-0.54,0.18588,0.6786,0.0013039
-25.59,-0.54,0.16522,0.69513,0.0013743
-22.74,-0.54,0.13364,0.72982,0.0013027
-19.94,-0.54,0.099694,0.77125,0.0012172
-17.19,-0.54,0.073526,0.80731,0.001113
-14.48,-0.54,0.057029,0.83273,0.0010014
-11.81,-0.54,0.047538,0.8489,0.00088394
-9.16,-0.54,0.042128,0.8605,0.00075129
-6.53,-0.54,0.041403,0.86671,0.00092125
-3.91,-0.54,0,1,0
-1.3,-0.54,0,1,0
1.3,-0.54,0.034625,0.90004,4.6254e-06
3.91,-0.54,0.033896,0.90637,5.471e-08
6.53,-0.54,0.036441,0.91085,3.5024e-09
9.16,-0.54,0.040804,0.91547,1.5645e-09
11.81,-0.54,0.051685,0.91521,1.0813e-09
14.48,-0.54,0.077869,0.90417,1.643e-09
17.19,-0.54,0.068661,0.93694,2.2666e-14
19.94,-0.54,0.07316,0.95444,6.2285e-12
22.74,-0.54,0.1124,0.95226,3.3926e-08
28.52,-0.54,0,1,0
31.53,-0.54,0.41746,0.78841,1.443e-05
34.64,-0.54,0.5387,0.73492,4.0292e-06
37.87,-0.54,0.70961,0.65216,2.8152e-08
41.25,-0.54,0.87292,0.51232,4.2092e-10
44.82,-0.54,0.9596,0.32047,9.1e-11
48.63,-0.54,0.98602,0.1358,8.1305e-12
52.75,-0.54,0.99389,0.039857,1.6111e-11
57.32,-0.54,0.99734,0.013783,1.1621e-09
62.55,-0.54,0.99833,0.009118,0.00030143
-62.55,1.97,0.85702,0.19909,0.010913
-52.75,1.97,0.95765,0.17323,2.4487e-05
-48.63,1.97,0.95519,0.18314,5.6278e-07
-44.82,1.97,0.92775,0.33293,1.3167e-10
-41.25,1.97,0.78243,0.49178,3.3883e-10
-37.87,1.97,0.48417,0.62773,2.0571e-06
-34.64,1.97,0.23859,0.71474,0.00046948
-31.53,1.97,0.20324,0.68656,0.0010938
-28.52,1.97,0.19343,0.66415,0.0024942
-25.59,1.97,0.17265,0.67923,0.0029215
-22.74,1.97,0.14241,0.71202,0.0029894
-19.94,1.97,0.11077,0.74942,0.0030822
-17.19,1.97,0.08504,0.78313,0.0030853
-14.48,1.97,0.067809,0.80816,0.0030553
-11.81,1.97,0.057519,0.82471,0.0029974
-9.16,1.97,0.051645,0.83643,0.0027958
-6.53,1.97,0.047436,0.85133,0.0020729
-3.91,1.97,0.039936,0.88431,0.00046785
-1.3,1.97,0.040027,0.88802,0.00027196
1.3,1.97,0.037732,0.89306,1.0249e-05
3.91,1.97,0.037881,0.89764,1.2917e-07
6.53,1.97,0.042003,0.89948,3.3206e-09
9.16,1.97,0.049651,0.89987,4.034e-10
11.81,1.97,0.065175,0.89608,1.6689e-10
14.48,1.97,0.089033,0.89225,3.7655e-11
17.19,1.97,0.087121,0.92044,1.508e-15
19.94,1.97,0.087538,0.94449,5.061e-13
22.74,1.97,0.135,0.95009,2.4365e-09
31.53,1.97,0.39602,0.83035,2.0593e-05
34.64,1.97,0.51404,0.77848,7.1578e-06
37.87,1.97,0.71383,0.69776,2.0184e-08
41.25,1.97,0.8813,0.55274,5.3582e-10
44.82,1.97,0.96445,0.35318,1.5025e-08
48.63,1.97,0.98878,0.15009,6.7305e-11
52.75,1.97,0.99512,0.039731,7.4786e-12
57.32,1.97,0.99788,0.013548,1.606e-08
62.55,1.97,0.99862,0.0078721,0.00014953
69.02,1.97,1,0,0
-62.55,4.48,0.83288,0.18368,0.070814
-48.63,4.48,0.95356,0.20024,4.6639e-06
-44.82,4.48,0.93382,0.37692,9.2783e-11
-41.25,4.48,0.79698,0.54666,9.4522e-10
-37.87,4.48,0.50355,0.6428,1.4398e-06
-34.64,4.48,0,1,0
-31.53,4.48,0.20683,0.69362,0.00088268
-28.52,4.48,0.19531,0.66768,0.0024158
-25.59,4.48,0.18246,0.66174,0.0049982
-22.74,4.48,0.15317,0.69278,0.0054215
-19.94,4.48,0.12321,0.72712,0.0057894
-17.19,4.48,0.098063,0.75836,0.0060176
-14.48,4.48,0.080294,0.78242,0.0061689
-11.81,4.48,0.069143,0.79907,0.0062179
-9.16,4.48,0.060695,0.8156,0.0053097
-6.53,4.48,0.044934,0.85997,0.001025
-3.91,4.48,0.036431,0.89062,0.00014899
-1.3,4.48,0.035878,0.89739,2.595e-05
1.3,4.48,0.037421,0.89715,9.8086e-07
3.91,4.48,0.040273,0.89557,1.9795e-08
6.53,4.48,0.048307,0.8886,1.247e-09
9.16,4.48,0.06222,0.87785,2.3574e-10
11.81,4.48,0.083572,0.87112,2.6184e-11
14.48,4.48,0.11161,0.87115,1.981e-12
17.19,4.48,0.11441,0.90195,1.1224e-15
19.94,4.48,0.1079,0.93609,1.0895e-13
22.74,4.48,0.1684,0.94972,8.116e-10
25.59,4.48,0,1,0
28.52,4.48,0,1,0
31.53,4.48,0.38147,0.86057,2.0068e-05
34.64,4.48,0.49618,0.82065,9.6136e-06
37.87,4.48,0.7141,0.73452,1.1555e-07
41.25,4.48,0.88272,0.57212,1.8462e-06
44.82,4.48,0.96649,0.37657,1.3138e-05
48.63,4.48,0.99051,0.1686,2.2297e-08
52.75,4.48,0.99581,0.040124,8.3958e-10
57.32,4.48,0.99809,0.014197,3.4275e-07
62.55,4.48,0.99854,0.008426,0.00018411
-62.55,6.99,0.85143,0.17666,0.043044
-48.63,6.99,1,0,0
-44.82,6.99,0.93756,0.44929,5.5761e-10
-41.25,6.99,0.8143,0.56826,4.3148e-10
-37.87,6.99,0.53359,0.64575,7.8085e-07
-34.64,6.99,0.26622,0.72105,0.00038723
-31.53,6.99,0.21847,0.69195,0.00066528
-28.52,6.99,0.19943,0.67018,0.0021246
-25.59,6.99,0.17538,0.68246,0.003236
-22.74,6.99,0.14522,0.71263,0.0036895
-19.94,6.99,0.11698,0.74313,0.004155
-17.19,6.99,0.092552,0.77343,0.0040871
-14.48,6.99,0.074154,0.79978,0.0035728
-11.81,6.99,0.0626,0.81831,0.0030911
-9.16,6.99,0.056285,0.82997,0.002758
-6.53,6.99,0.043622,0.86526,0.00046057
-3.91,6.99,0.035174,0.89397,3.7115e-05
-1.3,6.99,0.034191,0.90302,1.8629e-06
1.3,6.99,0.03679,0.9027,1.8841e-08
3.91,6.99,0.041268,0.8996,1.2314e-10
6.53,6.99,0.051258,0.89129,1.3995e-12
9.16,6.99,0.070509,0.87536,1.8642e-13
11.81,6.99,0.10518,0.85231,2.7333e-13
14.48,6.99,0.14854,0.84507,8.2631e-14
17.19,6.99,0.15598,0.8804,1.304e-14
19.94,6.99,0.13159,0.9281,6.1918e-13
22.74,6.99,0.19718,0.94796,4.9799e-10
25.59,6.99,1,1,0
31.53,6.99,0.38783,0.88524,3.6059e-05
34.64,6.99,0.47605,0.85145,2.0094e-05
48.63,6.99,0.99066,0.18522,2.4241e-05
52.75,6.99,0.99593,0.04116,1.1844e-07
57.32,6.99,0.99796,0.016099,4.9963e-05
-62.55,9.5,0.88351,0.17882,0.0052751
-44.82,9.5,0.93702,0.51854,1.3784e-08
-41.25,9.5,0.83126,0.5788,1.788e-10
-37.87,9.5,0.5728,0.63731,2.9815e-07
-34.64,9.5,0.3169,0.69475,0.00010816
-31.53,9.5,0.23794,0.68179,0.00048365
-28.52,9.5,0.20383,0.67756,0.0013537
-25.59,9.5,0.16811,0.70725,0.0014874
-22.74,9.5,0.13505,0.73926,0.0016867
-19.94,9.5,0.10636,0.76957,0.0017736
-17.19,9.5,0.082862,0.79863,0.0014837
-14.48,9.5,0.066346,0.82204,0.0011128
-11.81,9.5,0.056467,0.83747,0.00089788
-9.16,9.5,0.051558,0.84579,0.00084603
-6.53,9.5,0.04364,0.8673,0.00020419
-3.91,9.5,0.035355,0.89471,8.121e-06
-1.3,9.5,0.034109,0.90523,1.2554e-07
1.3,9.5,0.037125,0.90607,2.554e-10
3.91,9.5,0.043358,0.90197,2.8923e-13
6.53,9.5,0.056619,0.89055,3.3668e-15
9.16,9.5,0.082777,0.86955,8.8438e-16
11.81,9.5,0.13328,0.83865,7.9153e-15
14.48,9.5,0.20694,0.81479,2.8297e-15
17.19,9.5,0.22007,0.84651,1.1723e-13
19.94,9.5,0.15271,0.91463,1.3559e-12
22.74,9.5,0.20025,0.94123,6.001e-11
25.59,9.5,1,1,0
31.53,9.5,0,1,0
52.75,9.5,0.99494,0.041985,0.00028672
57.32,9.5,1,0,0
62.55,9.5,1,0,0
-52.75,12.01,0.96782,0.14475,8.8173e-06
-44.82,12.01,1,1,0
-41.25,12.01,0.84794,0.57475,7.2373e-11
-37.87,12.01,0.61649,0.61768,9.9472e-08
-34.64,12.01,0.3694,0.66361,3.6959e-05
-31.53,12.01,0.26401,0.66335,0.00039168
-28.52,12.01,0.20856,0.69276,0.00041652
-25.59,12.01,0.16375,0.73016,0.00043156
-22.74,12.01,0.12681,0.76461,0.00050295
-19.94,12.01,0.09708,0.79505,0.00048472
-17.19,12.01,0.074249,0.82284,0.00032052
-14.48,12.01,0.059535,0.84288,0.00021927
-11.81,12.01,0.051314,0.85487,0.00018197
-9.16,12.01,0.047798,0.85967,0.00018139
-6.53,12.01,0.045016,0.86623,0.00010089
-3.91,12.01,0.036825,0.89267,1.8575e-06
-1.3,12.01,0.035367,0.9043,9.1217e-09
1.3,12.01,0.03881,0.9062,4.8729e-12
3.91,12.01,0.046878,0.9019,6.0515e-15
6.53,12.01,0.064139,0.88822,1.8039e-15
9.16,12.01,0.099907,0.85953,1.9442e-14
11.81,12.01,0.17365,0.81579,7.2848e-13
14.48,12.01,0.30073,0.77619,2.8616e-12
17.19,12.01,0.32792,0.80735,4.1664e-11
19.94,12.01,0.16999,0.89857,4.1402e-12
22.74,12.01,0.18319,0.94271,5.2728e-10
28.52,12.01,0,1,0
31.53,12.01,1,1,0
44.82,12.01,1,1,0
48.63,12.01,1,0,0
52.75,12.01,1,0,0
57.32,12.01,1,0,0
62.55,12.01,0.99788,0.0092028,3.3636e-05
69.02,12.01,1,0,0
-57.32,14.52,0.95657,0.14977,6.1097e-06
-52.75,14.52,0.97319,0.15636,1.6705e-07
-48.63,14.52,0.97254,0.2628,5.5194e-07
-44.82,14.52,0.94235,0.52871,2.2822e-08
-41.25,14.52,0.86249,0.55164,4.833e-11
-37.87,14.52,0.65864,0.5857,4.8183e-08
-34.64,14.52,0.42191,0.62536,2.4294e-05
-31.53,14.52,0.29491,0.66033,8.553e-05
-28.52,14.52,0.2191,0.70374,8.9795e-05
-25.59,14.52,0.16302,0.7505,7.1827e-05
-22.74,14.52,0.12088,0.78798,9.3013e-05
-19.94,14.52,0.089372,0.81874,8.8782e-05
-17.19,14.52,0.066928,0.84504,5.0627e-05
-14.48,14.52,0.053874,0.86152,3.8913e-05
-11.81,14.52,0.047254,0.86996,3.963e-05
-9.16,14.52,0.04492,0.87179,3.8806e-05
-6.53,14.52,0.045391,0.86888,3.0561e-05
-3.91,14.52,0.039189,0.88901,4.1712e-07
-1.3,14.52,0.037847,0.90061,7.5558e-10
1.3,14.52,0.041974,0.90276,1.4853e-13
3.91,14.52,0.052163,0.8983,1.313e-15
6.53,14.52,0.074378,0.88297,1.6878e-15
9.16,14.52,0.12208,0.84759,4.9547e-13
11.81,14.52,0.22411,0.78528,5.7847e-11
14.48,14.52,0.43169,0.71711,5.5867e-10
17.19,14.52,0.49109,0.74218,6.6526e-09
19.94,14.52,0.18833,0.88752,3.9598e-10
22.74,14.52,0.16867,0.91749,3.8339e-09
25.59,14.52,0,1,0
28.52,14.52,0.37636,0.78405,1.379e-07
31.53,14.52,0.33675,0.8667,4.6245e-05
34.64,14.52,0,1,0
37.87,14.52,1,1,0
41.25,14.52,0.81753,0.59425,2.4801e-05
44.82,14.52,1,0,0
48.63,14.52,1,1,0
52.75,14.52,1,0,0
57.32,14.52,1,0,0
62.55,14.52,0.99878,0.0058701,2.9268e-06
-57.32,17.03,0.9604,0.14229,1.9073e-06
-52.75,17.03,0.97489,0.14739,1.4086e-08
-48.63,17.03,0.97455,0.24887,2.0843e-08
-44.82,17.03,0.95109,0.44476,8.1846e-09
-41.25,17.03,0.87758,0.48172,2.1621e-10
-37.87,17.03,0.69637,0.54263,5.3073e-08
-34.64,17.03,0.47877,0.58931,1.3219e-05
-31.53,17.03,0.33566,0.65106,2.0403e-05
-28.52,17.03,0.23677,0.7097,2.2551e-05
-25.59,17.03,0.16698,0.76755,1.121e-05
-22.74,17.03,0.11714,0.81009,1.3885e-05
-19.94,17.03,0.082933,0.8411,1.2658e-05
-17.19,17.03,0.061132,0.86434,6.3744e-06
-14.48,17.03,0.04954,0.87729,6.0231e-06
-11.81,17.03,0.044419,0.88232,9.3978e-06
-9.16,17.03,0.042554,0.88323,8.9229e-06
-6.53,17.03,0.044044,0.87729,4.8646e-06
-3.91,17.03,0.042768,0.88274,1.3893e-07
-1.3,17.03,0.041342,0.89501,6.3497e-11
1.3,17.03,0.04619,0.89769,3.9028e-15
3.91,17.03,0.059029,0.89217,2.3462e-16
6.53,17.03,0.087351,0.87394,3.8178e-15
9.16,17.03,0.14872,0.83233,4.0153e-12
11.81,17.03,0.27603,0.75249,4.187e-09
14.48,17.03,0.57835,0.64003,2.0403e-08
17.19,17.03,1,0,0
19.94,17.03,0,1,0
22.74,17.03,0,1,0
28.52,17.03,1,0,0
41.25,17.03,0,1,0
44.82,17.03,1,0,0
48.63,17.03,1,0,0
52.75,17.03,1,0,0
57.32,17.03,0.99849,0.010322,1.1456e-06
62.55,17.03,0.99909,0.0041169,4.8315e-07
69.02,17.03,1,0,0
-57.32,19.54,0.96464,0.1388,1.4456e-06
-52.75,19.54,0.97563,0.12782,2.5809e-09
-48.63,19.54,0.97547,0.22781,6.9191e-10
-44.82,19.54,0.955,0.40691,9.3415e-11
-41.25,19.54,0.88681,0.41012,6.0181e-09
-37.87,19.54,0.7284,0.49088,1.4275e-07
-34.64,19.54,0.54888,0.56086,1.6582e-06
-31.53,19.54,0.38742,0.63453,3.9835e-06
-28.52,19.54,0.26335,0.70956,5.8052e-06
-25.59,19.54,0.17718,0.78057,1.8599e-06
-22.74,19.54,0.11702,0.82859,2.1977e-06
-19.94,19.54,0.078839,0.85977,1.7224e-06
-17.19,19.54,0.057169,0.88003,6.6669e-07
-14.48,19.54,0.046735,0.88972,7.4906e-07
-11.81,19.54,0.04259,0.89266,1.9478e-06
-9.16,19.54,0.041448,0.89202,2.4235e-06
-6.53,19.54,0.043776,0.88349,1.1948e-06
-3.91,19.54,0.048065,0.87254,1.2485e-07
-1.3,19.54,0.046647,0.88513,1.6041e-11
1.3,19.54,0.052239,0.88844,3.788e-16
3.91,19.54,0.067623,0.88322,6.3879e-17
6.53,19.54,0.10261,0.86441,1.1187e-14
9.16,19.54,0.17916,0.81764,8.694e-12
11.81,19.54,0,1,0
14.48,19.54,1,0,0
19.94,19.54,0,1,0
31.53,19.54,0,1,0
41.25,19.54,1,0,0
44.82,19.54,1,0,0
48.63,19.54,0.9954,0.079066,0.00036285
52.75,19.54,0.99732,0.01888,1.1461e-07
57.32,19.54,0.99886,0.0070904,5.3246e-09
62.55,19.54,0.99921,0.0031848,8.0527e-08
69.02,19.54,0.99778,0.0068547,5.7076e-05
-52.75,22.05,0.97672,0.11648,2.916e-09
-48.63,22.05,0.97548,0.20279,3.1613e-10
-44.82,22.05,0.95637,0.34023,6.5085e-11
-41.25,22.05,0.90371,0.38803,5.431e-10
-37.87,22.05,0.76866,0.44311,7.8657e-08
-34.64,22.05,0.62326,0.52463,1.4098e-07
-31.53,22.05,0.45083,0.60943,5.4865e-07
-28.52,22.05,0.30085,0.7019,1.3115e-06
-25.59,22.05,0.196,0.78895,2.7341e-07
-22.74,22.05,0.12161,0.84282,3.885e-07
-19.94,22.05,0.077707,0.87414,2.4631e-07
-17.19,22.05,0.055436,0.8917,6.5444e-08
-14.48,22.05,0.045695,0.89852,7.5366e-08
-11.81,22.05,0.041854,0.90119,3.0044e-07
-9.16,22.05,0.041807,0.89786,7.6114e-07
-6.53,22.05,0.044591,0.8876,3.681e-07
-3.91,22.05,0.050618,0.87142,3.2978e-08
-1.3,22.05,0.054239,0.87,2.4399e-11
1.3,22.05,0.060759,0.87347,4.781e-16
3.91,22.05,0.078651,0.86854,1.0916e-16
6.53,22.05,0.12013,0.84959,1.3241e-14
9.16,22.05,0.21176,0.80155,3.049e-12
11.81,22.05,0.3907,0.70515,1.7043e-09
14.48,22.05,0.73961,0.56239,1.5221e-07
17.19,22.05,1,1,0
37.87,22.05,1,0,0
41.25,22.05,1,1,0
44.82,22.05,1,0,0
48.63,22.05,1,0,0
52.75,22.05,0.99799,0.01337,5.2252e-10
57.32,22.05,0.99892,0.0054768,3.3324e-11
62.55,22.05,0.99927,0.002652,1.4384e-08
69.02,22.05,0.99882,0.0043559,5.6783e-06
-57.32,24.56,0.97059,0.11938,2.624e-06
-52.75,24.56,0.97915,0.11944,2.5088e-10
-48.63,24.56,0.97484,0.17769,1.2784e-09
-44.82,24.56,0.95599,0.28192,4.5179e-10
-41.25,24.56,0.90527,0.3451,9.3135e-10
-37.87,24.56,0.81962,0.40029,3.7348e-09
-34.64,24.56,0.69684,0.48023,8.9031e-09
-31.53,24.56,0.52469,0.57462,5.3551e-08
-28.52,24.56,0.35065,0.68494,2.9528e-07
-25.59,24.56,0.227,0.79224,3.998e-08
-22.74,24.56,0.13234,0.85231,8.8225e-08
-19.94,24.56,0.08037,0.88391,3.3646e-08
-17.19,24.56,0.056427,0.89911,5.3531e-09
-14.48,24.56,0.046253,0.90504,4.6784e-09
-11.81,24.56,0.042969,0.90633,4.1283e-08
-9.16,24.56,0.043846,0.90067,2.946e-07
-6.53,24.56,0.04577,0.8922,7.4901e-08
-3.91,24.56,0.051712,0.87564,2.7419e-09
-1.3,24.56,0.057986,0.8681,1.5129e-12
1.3,24.56,0.068575,0.86373,9.7053e-17
3.91,24.56,0.091943,0.84957,2.187e-16
6.53,24.56,0.13978,0.82976,7.771e-15
9.16,24.56,0.24568,0.78225,2.115e-13
11.81,24.56,0.45691,0.68519,9.9743e-12
14.48,24.56,0.75715,0.55526,1.8797e-08
34.64,24.56,0,1,0
37.87,24.56,1,0,0
41.25,24.56,1,0,0
48.63,24.56,0.99491,0.044205,5.1421e-05
52.75,24.56,0.99851,0.010371,1.592e-10
57.32,24.56,0.9988,0.0046965,6.4802e-13
62.55,24.56,0.99926,0.0023416,2.4632e-09
69.02,24.56,0.99922,0.0030583,6.4425e-07
-57.32,27.07,0.97213,0.10407,2.6157e-06
-52.75,27.07,0.98072,0.10947,2.0278e-10
-48.63,27.07,0.97343,0.15438,5.3211e-09
-44.82,27.07,0.95429,0.23334,2.6611e-09
-41.25,27.07,0.90671,0.28883,6.5192e-09
-37.87,27.07,0.85015,0.34465,2.9365e-09
-34.64,27.07,0.76534,0.42979,3.7633e-10
-31.53,27.07,0.60461,0.5296,7.0184e-09
-28.52,27.07,0.41165,0.65661,1.9572e-07
-25.59,27.07,0.27674,0.79169,1.8986e-08
-22.74,27.07,0.15055,0.85656,3.1148e-08
-19.94,27.07,0.087889,0.88892,3.4544e-09
-17.19,27.07,0.060721,0.90192,2.9315e-10
-14.48,27.07,0.049109,0.90899,1.6209e-10
-11.81,27.07,0.046245,0.90788,5.5543e-09
-9.16,27.07,0.04764,0.90129,1.2872e-07
-6.53,27.07,0.048236,0.89528,1.1348e-08
-3.91,27.07,0.053644,0.87908,1.0928e-10
-1.3,27.07,0.062935,0.86477,5.5327e-14
1.3,27.07,0.075887,0.85985,2.3769e-17
3.91,27.07,0.10243,0.84908,1.8305e-15
6.53,27.07,0.16071,0.82235,9.9718e-15
9.16,27.07,0.28396,0.76624,9.2781e-15
11.81,27.07,0.51667,0.67001,1.5027e-11
14.48,27.07,0.77799,0.54998,6.0739e-08
34.64,27.07,1,1,0
41.25,27.07,1,0,0
48.63,27.07,1,0,0
52.75,27.07,0.99884,0.0084929,2.1516e-10
57.32,27.07,0.99877,0.0042297,3.3314e-13
62.55,27.07,0.9992,0.0021653,4.2086e-10
69.02,27.07,0.99936,0.0023679,5.8372e-08
-57.32,29.58,0.97539,0.096607,1.1865e-07
-52.75,29.58,0.98171,0.098539,2.9506e-10
-48.63,29.58,0.97317,0.13416,1.0335e-08
-44.82,29.58,0.95139,0.19406,1.467e-08
-41.25,29.58,0.91916,0.24324,6.8879e-09
-37.87,29.58,0.88586,0.2954,4.4583e-10
-34.64,29.58,0.82512,0.37654,5.5579e-11
-31.53,29.58,0.68335,0.47416,1.963e-08
-28.52,29.58,0.4769,0.61498,2.0692e-06
-25.59,29.58,0.35658,0.78658,1.7436e-07
-22.74,29.58,0.17793,0.85675,4.3465e-08
-19.94,29.58,0.10145,0.88884,6.9712e-10
-17.19,29.58,0.069232,0.90138,2.8603e-11
-14.48,29.58,0.055325,0.90871,1.7037e-11
-11.81,29.58,0.051735,0.907,5.2563e-10
-9.16,29.58,0.053444,0.90172,3.8345e-08
-6.53,29.58,0.052724,0.8954,1.559e-09
-3.91,29.58,0.056946,0.88105,1.5979e-12
-1.3,29.58,0.070319,0.85707,1.7346e-15
1.3,29.58,0.086337,0.85217,1.5768e-16
3.91,29.58,0.11684,0.84331,1.1551e-14
6.53,29.58,0.18643,0.82302,2.8456e-14
9.16,29.58,0.33862,0.77098,1.7253e-14
11.81,29.58,0.57862,0.66883,9.8025e-10
14.48,29.58,0.80008,0.53831,8.1014e-07
25.59,29.58,0,1,0
28.52,29.58,0,1,0
34.64,29.58,1,0,0
37.87,29.58,1,0,0
41.25,29.58,1,0,0
44.82,29.58,0.9954,0.024883,0.00037458
52.75,29.58,0.99914,0.0074612,9.6542e-10
57.32,29.58,0.99908,0.0037936,6.5553e-13
62.55,29.58,0.99906,0.0020973,6.6358e-11
69.02,29.58,0.99939,0.0020141,4.6673e-09
-57.32,32.09,0.97822,0.092834,1.4512e-09
-52.75,32.09,0.9825,0.08793,4.9611e-10
-48.63,32.09,0.97386,0.11616,1.2725e-08
-44.82,32.09,0.94759,0.16301,8.3836e-08
-41.25,32.09,0.93503,0.20313,3.4491e-09
-37.87,32.09,0.91408,0.24755,1.4791e-10
-34.64,32.09,0.87084,0.31964,1.2584e-10
-31.53,32.09,0.75948,0.41477,9.0051e-08
-28.52,32.09,0,1,0
-19.94,32.09,0.12083,0.88237,5.0015e-08
-17.19,32.09,0.085055,0.89691,7.3712e-09
-14.48,32.09,0.065735,0.90446,1.4636e-09
-11.81,32.09,0.059901,0.90417,1.5539e-09
-9.16,32.09,0.063428,0.89813,2.3792e-08
-6.53,32.09,0.059029,0.89511,8.8639e-11
-3.91,32.09,0.062429,0.88001,6.5133e-14
-1.3,32.09,0.081034,0.84291,9.2533e-17
1.3,32.09,0.10143,0.83704,6.3317e-16
3.91,32.09,0.13486,0.83359,6.7709e-14
6.53,32.09,0.21508,0.81721,7.2669e-13
9.16,32.09,0.40437,0.77183,7.7243e-11
11.81,32.09,0.63204,0.68582,3.3228e-07
31.53,32.09,1,1,0
34.64,32.09,1,0,0
44.82,32.09,0.99348,0.025007,0.00031961
52.75,32.09,0.99922,0.0073375,3.0717e-09
57.32,32.09,0.99919,0.0037033,1.3566e-12
62.55,32.09,0.99887,0.0020988,1.2631e-11
69.02,32.09,0.99932,0.0018726,1.782e-09
-62.55,34.6,0.96133,0.10509,4.4021e-05
-57.32,34.6,0.97973,0.082209,1.7738e-10
-52.75,34.6,0.98342,0.078172,6.8326e-10
-48.63,34.6,0.97388,0.10035,1.9639e-08
-44.82,34.6,0.94657,0.138,2.449e-07
-41.25,34.6,0.94614,0.16723,2.6135e-09
-37.87,34.6,0.93356,0.20236,1.0727e-10
-34.64,34.6,0.89956,0.25453,1.6039e-10
-31.53,34.6,0.82098,0.3393,1.2148e-07
-28.52,34.6,1,0,0
-22.74,34.6,0,1,0
-14.48,34.6,0.082244,0.89611,7.1284e-08
-11.81,34.6,0.072181,0.9012,2.369e-07
-9.16,34.6,0.07888,0.88972,9.4732e-07
-6.53,34.6,0.06788,0.89284,5.4296e-09
-3.91,34.6,0.070439,0.87531,1.5021e-11
-1.3,34.6,0.09405,0.82827,7.9191e-15
1.3,34.6,0.12247,0.81053,1.2012e-15
3.91,34.6,0.15367,0.81516,2.4226e-13
6.53,34.6,0.24107,0.80602,4.4883e-10
9.16,34.6,0.47038,0.77311,2.4579e-08
11.81,34.6,1,1,0
14.48,34.6,1,0,0
31.53,34.6,1,0,0
34.64,34.6,1,0,0
44.82,34.6,1,0,0
48.63,34.6,1,0,0
52.75,34.6,0.99907,0.0078694,4.2176e-08
57.32,34.6,0.99915,0.0039301,2.6593e-12
62.55,34.6,0.99912,0.001923,5.637e-12
69.02,34.6,0.99915,0.001893,4.707e-09
-62.55,37.11,0.96498,0.096772,3.9774e-05
-57.32,37.11,0.98098,0.072999,1.1114e-10
-52.75,37.11,0.9839,0.0691,1.3087e-09
-48.63,37.11,0.97455,0.086536,2.3023e-08
-44.82,37.11,0.95146,0.11598,1.775e-07
-41.25,37.11,0.95326,0.13658,2.9592e-09
-37.87,37.11,0.94597,0.16198,1.5145e-10
-34.64,37.11,0.92347,0.20052,2.25e-10
-31.53,37.11,0.86732,0.2474,3.1747e-08
-28.52,37.11,0.7862,0.42553,3.1058e-05
-25.59,37.11,1,1,0
-11.81,37.11,0.088103,0.89441,5.9412e-06
-9.16,37.11,0,1,0
-6.53,37.11,0.07849,0.88787,2.3613e-07
-3.91,37.11,0.080801,0.86568,1.1161e-09
-1.3,37.11,0.11046,0.81684,1.2609e-11
1.3,37.11,0.15171,0.77264,1.9686e-15
3.91,37.11,0.16967,0.78711,4.39e-13
6.53,37.11,0.24861,0.78275,1.0597e-08
9.16,37.11,1,0,0
11.81,37.11,0,1,0
19.94,37.11,1,1,0
48.63,37.11,1,0,0
52.75,37.11,0.9985,0.0087388,1.9762e-07
57.32,37.11,0.99894,0.0045331,5.0435e-12
62.55,37.11,0.99937,0.001772,3.6473e-12
69.02,37.11,0.99897,0.0019223,9.3008e-09
-62.55,39.62,0.9666,0.083517,5.5619e-05
-57.32,39.62,0.98183,0.064819,2.6712e-10
-52.75,39.62,0.98399,0.061048,3.1584e-09
-48.63,39.62,0.97457,0.074867,3.3397e-08
-44.82,39.62,0.95426,0.097933,2.0403e-07
-41.25,39.62,0.95716,0.11156,4.8705e-09
-37.87,39.62,0.95301,0.12823,3.7732e-10
-34.64,39.62,0.93788,0.15318,2.7465e-10
-31.53,39.62,0.90216,0.19438,5.2173e-08
-28.52,39.62,0.85828,0.28744,8.6003e-07
-25.59,39.62,0.79417,0.60642,2.8706e-05
-9.16,39.62,0.10109,0.89104,0.0001022
-6.53,39.62,0.08964,0.8802,1.795e-06
-3.91,39.62,0.093692,0.85726,7.4317e-08
-1.3,39.62,0.13527,0.80548,1.4963e-08
1.3,39.62,0.19938,0.74366,8.25e-12
3.91,39.62,0.18612,0.7608,1.9983e-12
6.53,39.62,0,1,0
9.16,39.62,1,1,0
48.63,39.62,1,0,0
52.75,39.62,0.997,0.011693,3.7767e-06
57.32,39.62,0.99884,0.0057046,3.591e-11
62.55,39.62,0.99952,0.0016944,2.2932e-12
69.02,39.62,0.99862,0.002228,4.7766e-08
-62.55,42.13,0.96946,0.076501,4.6238e-05
-57.32,42.13,0.983,0.058324,7.5116e-10
-52.75,42.13,0.98369,0.054149,8.8438e-09
-48.63,42.13,0.97402,0.065216,5.7847e-08
-44.82,42.13,0.95529,0.083535,3.613e-07
-41.25,42.13,0.95846,0.091996,1.0955e-08
-37.87,42.13,0.95605,0.1019,1.3905e-09
-34.64,42.13,0.94546,0.1165,5.5452e-10
-31.53,42.13,0.92181,0.14299,4.5316e-08
-28.52,42.13,0.88965,0.20943,1.4707e-06
-25.59,42.13,0.8381,0.4217,6.6719e-06
-19.94,42.13,0,1,0
-6.53,42.13,0.1019,0.86867,5.1532e-06
-3.91,42.13,0.11243,0.85027,3.5222e-06
-1.3,42.13,0.17161,0.78983,3.138e-06
1.3,42.13,0.28279,0.69345,4.2218e-08
3.91,42.13,0.21427,0.74993,5.9064e-10
6.53,42.13,0.22064,0.77122,3.4348e-08
9.16,42.13,0,1,0
41.25,42.13,1,0,0
48.63,42.13,0.99696,0.012406,5.5728e-08
52.75,42.13,1,0,0
57.32,42.13,0.99835,0.0082559,2.0041e-09
62.55,42.13,0.99961,0.0016647,1.1358e-12
69.02,42.13,0.99828,0.0025174,1.5803e-07
-62.55,44.64,0.97448,0.073048,1.091e-06
-57.32,44.64,0.9843,0.052825,2.2133e-09
-52.75,44.64,0.98313,0.048351,2.5471e-08
-48.63,44.64,0.97296,0.057358,1.1581e-07
-44.82,44.64,0.95479,0.072324,9.2256e-07
-41.25,44.64,0.95765,0.077266,3.1523e-08
-37.87,44.64,0.95601,0.082521,6.5032e-09
-34.64,44.64,0.94818,0.090357,2.9127e-09
-31.53,44.64,0.93331,0.10662,3.8379e-08
-28.52,44.64,1,0,0
-25.59,44.64,0.8715,0.29914,7.7189e-07
-22.74,44.64,0.65317,0.51493,3.6801e-07
-9.16,44.64,0.1177,0.85265,1.1814e-05
11.81,44.64,1,0,0
41.25,44.64,1,0,0
44.82,44.64,1,0,0
48.63,44.64,0.99691,0.010976,8.1846e-09
57.32,44.64,1,0,0
62.55,44.64,0.99966,0.0016637,8.0611e-13
69.02,44.64,0.99744,0.0032506,8.4121e-07
-62.55,47.15,0.97715,0.069292,7.6034e-07
-57.32,47.15,0.98534,0.047934,7.505e-09
-52.75,47.15,0.98359,0.043005,3.9281e-08
-48.63,47.15,0.97146,0.051026,2.61e-07
-44.82,47.15,0.95297,0.063782,3.0702e-06
-41.25,47.15,0.95506,0.066541,1.1421e-07
-37.87,47.15,0.95358,0.068882,3.5816e-08
-34.64,47.15,0.94809,0.072541,2.254e-08
-31.53,47.15,0.94243,0.081648,3.063e-08
-28.52,47.15,0.92871,0.10979,1.2878e-07
-25.59,47.15,0.90369,0.21129,2.7095e-07
-22.74,47.15,0.75435,0.3941,1.6665e-07
-9.16,47.15,0.14059,0.82654,1.4871e-05
1.3,47.15,1,0,0
6.53,47.15,0,1,0
11.81,47.15,0.78844,0.33434,7.034e-08
41.25,47.15,1,0,0
44.82,47.15,1,0,0
48.63,47.15,0.99583,0.01197,2.7891e-09
57.32,47.15,0.99856,0.0077556,2.3175e-08
62.55,47.15,0.99966,0.0016886,3.7068e-12
69.02,47.15,1,0,0
-62.55,49.66,0.97944,0.06612,1.075e-06
-57.32,49.66,0.98659,0.043965,2.4672e-08
-52.75,49.66,0.98508,0.037879,3.4408e-08
-48.63,49.66,0.9715,0.045043,3.4829e-07
-44.82,49.66,0.96519,0.051092,2.3198e-07
-41.25,49.66,0.96074,0.055522,8.4814e-08
-37.87,49.66,0.96094,0.056248,2.5967e-08
-34.64,49.66,0.95897,0.057739,1.2568e-08
-31.53,49.66,0.95149,0.063913,2.3236e-08
-28.52,49.66,0.94879,0.082474,5.642e-09
-25.59,49.66,0.92179,0.15061,2.921e-07
-22.74,49.66,0.82185,0.28198,2.7107e-08
-11.81,49.66,0,1,0
-9.16,49.66,0.17633,0.79141,2.3644e-05
-1.3,49.66,0,1,0
6.53,49.66,0,1,0
9.16,49.66,1,0,0
41.25,49.66,1,0,0
48.63,49.66,0.99339,0.016843,2.5319e-08
62.55,49.66,0.99962,0.0017493,4.3391e-11
69.02,49.66,1,0,0
-62.55,52.17,0.98113,0.06129,1.8089e-06
-57.32,52.17,0.98751,0.040585,8.6435e-08
-52.75,52.17,0.98658,0.033325,2.9354e-08
-48.63,52.17,0.97529,0.038186,1.2019e-07
-44.82,52.17,0.97474,0.040957,1.7564e-08
-41.25,52.17,0.97039,0.04505,1.8857e-08
-37.87,52.17,0.97223,0.044941,3.9566e-09
-34.64,52.17,0.97313,0.045481,9.6908e-10
-31.53,52.17,0.97025,0.050202,1.3478e-09
-28.52,52.17,0.95934,0.063884,7.0622e-10
-25.59,52.17,1,0,0
-22.74,52.17,0.86763,0.2011,1.656e-08
-19.94,52.17,0.77992,0.29846,1.6887e-07
-17.19,52.17,1,0,0
-1.3,52.17,0,1,0
3.91,52.17,0,1,0
48.63,52.17,1,0,0
52.75,52.17,1,0,0
62.55,52.17,0.9995,0.0018979,1.1477e-09
69.02,52.17,0.99709,0.0038417,4.1086e-05
-62.55,54.68,0.98257,0.057116,3.2034e-06
-57.32,54.68,0.98819,0.037879,3.0778e-07
-52.75,54.68,0.98798,0.029334,2.7244e-08
-48.63,54.68,0.98183,0.030839,9.6305e-09
-44.82,54.68,0.98165,0.033186,1.6648e-09
-41.25,54.68,0.97823,0.036931,3.0534e-09
-37.87,54.68,0.9793,0.036763,6.5763e-10
-34.64,54.68,0.98178,0.036922,1.2383e-10
-31.53,54.68,0.98092,0.041202,2.2307e-10
-28.52,54.68,0.97335,0.052971,1.5012e-08
-25.59,54.68,1,0,0
-22.74,54.68,0.89662,0.14596,1.243e-08
-19.94,54.68,0.83662,0.22215,3.754e-08
-17.19,54.68,0.7699,0.3116,5.6187e-05
1.3,54.68,1,0,0
48.63,54.68,1,0,0
62.55,54.68,0.99922,0.0023106,1.0964e-07
69.02,54.68,1,0,0
-62.55,57.19,0.98381,0.053139,5.5025e-06
-57.32,57.19,0.98853,0.035807,1.1135e-06
-52.75,57.19,0.98913,0.025904,3.2946e-08
-48.63,57.19,0.98659,0.025036,1.8816e-09
-44.82,57.19,0.98638,0.027404,4.6661e-10
-41.25,57.19,0.98342,0.031302,5.8719e-10
-37.87,57.19,0.98414,0.030888,1.2187e-10
-34.64,57.19,0.98683,0.031099,7.373e-11
-31.53,57.19,0.98659,0.035556,6.8152e-10
-28.52,57.19,0.98097,0.046475,2.7766e-07
-25.59,57.19,0.9594,0.07486,8.6278e-06
-22.74,57.19,0.92853,0.11652,1.1431e-07
-19.94,57.19,0.87021,0.16963,1.2985e-08
-17.19,57.19,0.80187,0.24719,1.0781e-05
62.55,57.19,0.99852,0.0034066,1.3503e-05
69.02,57.19,0.99716,0.0042636,6.0185e-07
-69.02,59.7,0.97184,0.087772,0.00018605
-62.55,59.7,0.98492,0.049393,9.2281e-06
-57.32,59.7,0.98853,0.034428,4.0124e-06
-52.75,59.7,0.99014,0.022921,4.6039e-08
-48.63,59.7,0.98994,0.020513,1.8506e-09
-44.82,59.7,0.98949,0.023188,7.6987e-10
-41.25,59.7,0.98639,0.027867,3.3936e-10
-37.87,59.7,0.98709,0.026874,1.4216e-10
-34.64,59.7,0.98952,0.026959,1.0127e-10
-31.53,59.7,0.98952,0.031965,1.3398e-08
-28.52,59.7,0.98503,0.04305,2.1708e-06
-25.59,59.7,0.97137,0.065743,1.494e-05
-22.74,59.7,0.95014,0.10035,1.215e-06
-19.94,59.7,0.90707,0.14365,9.1703e-08
-17.19,59.7,0.83646,0.21413,5.4092e-06
52.75,59.7,0.99684,0.014488,6.8782e-13
62.55,59.7,1,0,0
69.02,59.7,1,0,0
-69.02,62.21,0.97323,0.070837,0.00011579
-62.55,62.21,0.98597,0.045249,1.3643e-05
-57.32,62.21,0.98808,0.033787,1.4304e-05
-52.75,62.21,0.991,0.020306,6.1267e-08
-48.63,62.21,0.99222,0.017001,1.992e-09
-44.82,62.21,0.99148,0.020102,1.9827e-09
-41.25,62.21,0.98763,0.026353,1.5203e-09
-37.87,62.21,0.9891,0.0244,6.29e-10
-34.64,62.21,0.99148,0.024665,7.17e-10
-31.53,62.21,0.99106,0.028606,7.5038e-08
48.63,62.21,1,0,0
52.75,62.21,1,0,0
69.02,62.21,0.99834,0.0030319,4.9935e-08
-69.02,64.72,0.97545,0.063834,0.00010271
-62.55,64.72,0.98704,0.04045,1.7353e-05
-57.32,64.72,0.98697,0.03398,5.0341e-05
-52.75,64.72,0.99168,0.018008,6.8119e-08
-48.63,64.72,0.99377,0.014265,1.576e-09
-44.82,64.72,0.99278,0.017678,4.1535e-09
-41.25,64.72,0.98735,0.026785,2.1088e-08
-37.87,64.72,0.99041,0.023601,8.8553e-09
-34.64,64.72,0.99246,0.022927,1.229e-08
48.63,64.72,1,1,0
57.32,64.72,1,0,0
62.55,64.72,1,0,0
69.02,64.72,0.99882,0.0026592,1.9226e-08
-69.02,67.23,0.97739,0.057712,9.7511e-05
-62.55,67.23,0.9881,0.035595,2.1694e-05
-57.32,67.23,0.98484,0.035475,0.00017402
-52.75,67.23,0.99222,0.015985,6.1491e-08
-48.63,67.23,0.99481,0.012121,8.6435e-10
-44.82,67.23,0.99374,0.015435,5.5701e-09
-41.25,67.23,0.98494,0.029305,6.2469e-07
-37.87,67.23,0.99069,0.024509,6.8449e-07
48.63,67.23,1,0,0
52.75,67.23,1,0,0
62.55,67.23,1,0,0
69.02,67.23,1,0,0
-69.02,69.74,0.97909,0.052484,9.718e-05
-62.55,69.74,0.98911,0.030985,2.8878e-05
-57.32,69.74,1,0,0
-52.75,69.74,0.99261,0.014282,5.6266e-08
-48.63,69.74,0.99552,0.010438,3.4779e-10
-44.82,69.74,0.99463,0.013055,3.9457e-09
-41.25,69.74,1,0,0
44.82,69.74,0,1,0
57.32,69.74,1,0,0
62.55,69.74,1,0,0
69.02,69.74,1,0,0
-69.02,72.25,0.98065,0.048805,0.00010923
-62.55,72.25,0.99002,0.026825,4.231e-05
-57.32,72.25,0.98834,0.025179,0.00012136
-52.75,72.25,0.99274,0.01304,7.1555e-08
-48.63,72.25,0.99607,0.0091256,2.2447e-10
-44.82,72.25,0.99562,0.010671,1.4015e-09
-41.25,72.25,0.98953,0.020228,4.928e-07
-37.87,72.25,1,0,0
44.82,72.25,1,0,0
57.32,72.25,1,0,0
62.55,72.25,0.99868,0.0025975,9.4324e-09
69.02,72.25,1,0,0
-69.02,74.76,0.98208,0.046325,0.00013519
-62.55,74.76,0.99077,0.023282,6.5851e-05
-57.32,74.76,0.99137,0.018482,5.6176e-05
-52.75,74.76,0.99241,0.012439,1.7866e-07
-48.63,74.76,0.9964,0.0081449,5.8184e-10
-44.82,74.76,0.99644,0.0085147,5.6036e-10
-41.25,74.76,0.99389,0.012725,4.2103e-08
-37.87,74.76,1,0,0
-34.64,74.76,0.99455,0.01768,1.6226e-05
48.63,74.76,1,0,0
57.32,74.76,0.9982,0.0061891,3.2782e-07
62.55,74.76,0.99901,0.002647,6.9324e-10
69.02,74.76,1,0,0
-69.02,77.27,0.98328,0.043742,0.00015976
-62.55,77.27,0.9913,0.020428,0.00010128
-57.32,77.27,0.99197,0.016231,9.8898e-05
-52.75,77.27,0.9915,0.012648,1.4266e-06
-48.63,77.27,0.99654,0.0074319,2.1754e-09
-44.82,77.27,0.997,0.0068677,5.0682e-10
-41.25,77.27,0.99581,0.0087858,4.0784e-09
-37.87,77.27,0.99359,0.013293,4.3322e-06
-34.64,77.27,0.995,0.012263,1.649e-06
44.82,77.27,1,0,0
48.63,77.27,1,0,0
52.75,77.27,1,0,0
57.32,77.27,0.99812,0.0072491,1.1635e-05
62.55,77.27,0.99857,0.0037197,1.076e-08
69.02,77.27,1,0,0
-69.02,79.78,0.9843,0.042027,0.00020195
-62.55,79.78,0.9919,0.018312,0.00013825
-57.32,79.78,0.99039,0.017492,0.00038903
-52.75,79.78,0.98891,0.014348,3.3235e-05
-48.63,79.78,0.99653,0.0069266,8.6565e-09
-44.82,79.78,0.99736,0.0057683,6.428e-10
-41.25,79.78,0.99659,0.0065744,2.7066e-10
-37.87,79.78,0.99517,0.0089379,2.5061e-07
-34.64,79.78,0.99529,0.010603,9.0277e-07
48.63,79.78,1,0,0
57.32,79.78,1,0,0
62.55,79.78,1,0,0
69.02,79.78,1,0,0
-69.02,82.29,0.98513,0.040078,0.00023828
-62.55,82.29,0.99271,0.016708,0.0001633
-57.32,82.29,1,0,0
-52.75,82.29,1,0,0
-48.63,82.29,0.99636,0.0065924,3.8145e-08
-44.82,82.29,0.99746,0.005116,1.3143e-09
-41.25,82.29,0.99689,0.0053984,5.2797e-11
-37.87,82.29,0.99632,0.0071376,6.5209e-08
-34.64,82.29,0.99544,0.010067,1.1589e-06
57.32,82.29,0.99757,0.0085945,1.1286e-05
62.55,82.29,0.99828,0.0055128,2.8351e-09
69.02,82.29,0.99858,0.0045723,5.3963e-08
-69.02,84.8,0.9858,0.039095,0.00030575
-62.55,84.8,0.99331,0.015364,0.00018218
-57.32,84.8,0.99132,0.014932,0.00040132
-52.75,84.8,0.98922,0.012625,9.0612e-05
-48.63,84.8,0.99607,0.0064042,1.8969e-07
-44.82,84.8,0.99748,0.0047588,2.6532e-09
-41.25,84.8,0.99781,0.00461,2.1527e-11
-37.87,84.8,0.99725,0.006393,1.1773e-07
-34.64,84.8,0.99511,0.010528,5.5033e-06
-31.53,84.8,1,0,0
52.75,84.8,1,0,0
57.32,84.8,0.99816,0.0071969,1.4304e-07
62.55,84.8,0.99863,0.0053109,7.7864e-11
69.02,84.8,1,0,0
-69.02,87.31,0.98633,0.037697,0.00035538
-62.55,87.31,0.99379,0.01439,0.00019876
-57.32,87.31,0.99438,0.010683,7.401e-05
-52.75,87.31,0.992,0.010077,4.9528e-05
-48.63,87.31,0.99587,0.006294,7.3927e-07
-44.82,87.31,0.99799,0.0043654,9.4925e-10
-41.25,87.31,0.99831,0.0041377,1.4023e-11
-37.87,87.31,0.99759,0.006025,2.5627e-07
-34.64,87.31,0.99374,0.012921,0.00010965
-31.53,87.31,1,0,0
44.82,87.31,1,0,0
57.32,87.31,0.99796,0.008408,9.4338e-09
62.55,87.31,0.99822,0.0073555,1.7033e-10
69.02,87.31,1,0,0
-69.02,89.82,0.98671,0.037262,0.00045031
-62.55,89.82,0.99403,0.013911,0.00022892
-57.32,89.82,0.99586,0.0085266,1.6969e-05
-52.75,89.82,0.99304,0.0093612,9.4251e-05
-48.63,89.82,0.99624,0.0060605,1.0898e-06
-44.82,89.82,0.99833,0.0041393,2.923e-10
-41.25,89.82,0.99864,0.0038687,1.0398e-11
-37.87,89.82,0.99782,0.0058241,4.973e-07
-34.64,89.82,1,0,0
57.32,89.82,0.99638,0.012466,3.7107e-08
62.55,89.82,1,0,0
69.02,89.82,1,0,0
-69.02,92.33,0.98699,0.036789,0.00054076
-62.55,92.33,0.99388,0.014096,0.00029746
-57.32,92.33,0.9966,0.0074636,8.8669e-06
-52.75,92.33,0.99218,0.010528,0.00033586
-48.63,92.33,0.9963,0.0060665,1.535e-06
-44.82,92.33,0.99846,0.0040936,1.0951e-10
-41.25,92.33,0.9988,0.0037466,7.1683e-12
-37.87,92.33,0.99801,0.0055958,3.1721e-07
-34.64,92.33,0.99453,0.011755,4.9272e-05
52.75,92.33,1,0,0
57.32,92.33,1,0,0
62.55,92.33,1,0,0
69.02,92.33,1,0,0
-69.02,94.84,0.98724,0.037206,0.00066937
-62.55,94.84,0.99322,0.01544,0.0004479
-57.32,94.84,0.99685,0.0071784,1.0964e-05
-52.75,94.84,1,0,0
-48.63,94.84,0.99607,0.0062858,1.777e-06
-44.82,94.84,0.99838,0.0042437,6.1575e-11
-41.25,94.84,0.99882,0.0037504,7.5755e-12
-37.87,94.84,0.99811,0.0053755,7.6042e-08
-34.64,94.84,0.99579,0.010144,9.3618e-06
44.82,94.84,1,0,0
52.75,94.84,0.97835,0.044799,0.00010003
57.32,94.84,1,0,0
62.55,94.84,1,0,0
69.02,94.84,0.99752,0.0089006,1.0217e-10
-69.02,97.35,0.98841,0.044375,0.00095154
-62.55,97.35,0.99149,0.018678,0.00082675
-57.32,97.35,0.99654,0.0078021,2.1982e-05
-52.75,97.35,0.99357,0.010337,0.00019349
-48.63,97.35,0.99701,0.0060153,2.3929e-07
-44.82,97.35,0.99838,0.0044315,1.9413e-11
-41.25,97.35,0.99888,0.0038439,1.5613e-11
-37.87,97.35,0.9982,0.0053839,5.2135e-08
-34.64,97.35,0.99469,0.013498,4.6286e-05
-31.53,97.35,1,0,0
52.75,97.35,1,0,0
57.32,97.35,1,0,0
62.55,97.35,1,0,0
69.02,97.35,1,0,0
-62.55,99.86,1,0,0
-57.32,99.86,0.99535,0.010177,7.1408e-05
-52.75,99.86,0.99421,0.010489,4.2896e-05
-48.63,99.86,0.99759,0.005943,1.3883e-08
-44.82,99.86,0.99826,0.004789,1.8589e-11
-41.25,99.86,0.99885,0.0040593,4.4162e-11
-37.87,99.86,0.99823,0.0054739,5.4821e-08
-34.64,99.86,1,0,0
57.32,99.86,1,0,0
62.55,99.86,1,0,0
69.02,99.86,1,0,0
-62.55,102.37,0.99103,0.020358,0.00091986
-57.32,102.37,1,0,0
-52.75,102.37,1,0,0
-48.63,102.37,0.99787,0.0060755,2.9806e-10
-44.82,102.37,0.99824,0.0052324,1.0733e-11
-41.25,102.37,0.99873,0.0044283,1.5051e-10
-37.87,102.37,0.99826,0.0055942,7.6586e-08
44.82,102.37,1,0,0
52.75,102.37,1,0,0
57.32,102.37,1,0,0
62.55,102.37,1,0,0
69.02,102.37,0.99845,0.011535,9.6627e-11
-62.55,104.88,1,0,0
-57.32,104.88,0.99609,0.011829,2.5425e-05
-52.75,104.88,0.99542,0.01118,1.6901e-05
-48.63,104.88,0.99797,0.0063972,4.7546e-11
-44.82,104.88,0.99805,0.0060953,3.017e-11
-41.25,104.88,0.99848,0.0050077,5.6623e-10
-37.87,104.88,0.99827,0.0057816,1.1151e-07
52.75,104.88,1,1,0
57.32,104.88,1,0,0
62.55,104.88,1,0,0
69.02,104.88,0.9985,0.012408,6.2083e-09
-62.55,107.39,1,0,0
-57.32,107.39,0.99679,0.012233,1.0798e-05
-52.75,107.39,0.99715,0.0092307,3.5448e-06
-48.63,107.39,0.99797,0.0069031,2.9274e-09
-44.82,107.39,0.99744,0.0077751,3.4223e-09
-41.25,107.39,0.99805,0.0058959,2.6343e-09
-37.87,107.39,0.99822,0.0061438,1.805e-07
52.75,107.39,0,1,0
57.32,107.39,1,0,0
62.55,107.39,1,1,0
69.02,107.39,1,0,0
-62.55,109.9,0.99228,0.024419,0.0005588
-57.32,109.9,1,0,0
-52.75,109.9,0.99782,0.0086441,1.5751e-06
-48.63,109.9,0.99789,0.0075779,5.5497e-08
-44.82,109.9,0.99604,0.010921,1.6815e-06
-41.25,109.9,0.99747,0.0074447,5.2212e-08
-37.87,109.9,0.99805,0.0067047,3.0324e-07
57.32,109.9,0.95525,0.16793,2.7377e-05
62.55,109.9,1,0,0
69.02,109.9,1,0,0
-62.55,112.41,1,0,0
-57.32,112.41,1,0,0
-52.75,112.41,0.99742,0.0077088,4.2618e-05
-48.63,112.41,0.99738,0.0076742,4.1602e-06
-44.82,112.41,1,0,0
-41.25,112.41,0.99607,0.010333,1.1995e-06
-37.87,112.41,0.99772,0.0072423,3.102e-07
-34.64,112.41,0.99689,0.011074,9.8043e-05
-31.53,112.41,1,0,0
34.64,112.41,1,0,0
52.75,112.41,0.65764,0.38937,0.0012458
57.32,112.41,0.94634,0.20524,3.1685e-06
62.55,112.41,1,1,0
69.02,112.41,1,0,0
-57.32,114.92,0.99551,0.019265,0.00095228
-52.75,114.92,0.99683,0.0081447,0.00053393
-48.63,114.92,0.99736,0.00862,1.2042e-05
-44.82,114.92,1,0,0
-41.25,114.92,1,0,0
-37.87,114.92,0.9975,0.0086717,3.0902e-06
31.53,114.92,1,0,0
52.75,114.92,0.63338,0.36841,0.0003789
57.32,114.92,0.93147,0.24227,6.4391e-07
62.55,114.92,1,0,0
69.02,114.92,1,0,0
-41.25,117.43,1,0,0
25.59,117.43,0.992,0.020414,4.7623e-05
31.53,117.43,0.98126,0.030657,0.00055971
52.75,117.43,0.61485,0.36299,0.00010619
57.32,117.43,0.90609,0.26435,2.8729e-07
69.02,117.43,1,0,0
25.59,119.94,0.99184,0.019351,4.6694e-05
28.52,119.94,0.99066,0.0209,9.6675e-05
31.53,119.94,1,0,0
52.75,119.94,0.59939,0.34103,3.5328e-05
57.32,119.94,0.8667,0.27585,1.1013e-06
69.02,119.94,1,0,0
28.52,122.45,0.99088,0.019639,8.2558e-05
31.53,122.45,1,0,0
48.63,122.45,0,1,0
52.75,122.45,0.61268,0.31758,5.077e-05
57.32,122.45,1,0,0
62.55,122.45,1,0,0
69.02,122.45,1,0,0
52.75,124.96,0.65461,0.29205,7.4812e-06
62.55,124.96,1,0,0
69.02,124.96,0.99875,0.026572,0.00013439
37.87,127.47,1,0,0
52.75,127.47,0.72486,0.22069,1.221e-05
57.32,127.47,0,1,0
62.55,127.47,1,1,0
69.02,127.47,1,0,0
31.53,129.98,1,0,0
48.63,129.98,0,1,0
52.75,129.98,0.81083,0.17958,6.6714e-07
57.32,129.98,1,0,0
69.02,129.98,0.99832,0.025528,0.00026359
25.59,132.49,1,0,0
28.52,132.49,1,0,0
48.63,132.49,1,0,0
52.75,132.49,0.88255,0.11798,1.8043e-06
57.32,132.49,0.92043,0.10868,1.377e-05
62.55,132.49,1,0,0
69.02,132.49,0.99878,0.017875,5.7395e-05
31.53,135,0.98443,0.029981,0.0001377
37.87,135,0.76331,0.18536,0.014178
41.25,135,0.87849,0.1051,0.0047432
44.82,135,1,0,0
48.63,135,0.87206,0.13714,8.3293e-05
52.75,135,1,0,0
57.32,135,1,0,0
62.55,135,1,0,0
69.02,135,0.99895,0.013631,1.6098e-05
25.59,137.51,0.98968,0.016389,0.0014198
28.52,137.51,0.99074,0.015536,0.00028289
31.53,137.51,0.98746,0.021493,0.00017604
34.64,137.51,0.95333,0.061055,0.00095114
37.87,137.51,0,1,0
41.25,137.51,0.9183,0.086882,5.1771e-08
44.82,137.51,0.93503,0.076934,4.9382e-06
48.63,137.51,0.9423,0.067696,2.2575e-05
52.75,137.51,1,0,0
57.32,137.51,1,0,0
69.02,137.51,0.99902,0.011315,1.1347e-05
22.74,140.02,1,0,0
25.59,140.02,0.99104,0.014261,0.00048437
28.52,140.02,0.99253,0.015715,3.6081e-05
31.53,140.02,0.9874,0.016319,0.00098913
34.64,140.02,1,0,0
37.87,140.02,0.82073,0.16799,1.0571e-07
41.25,140.02,0.93759,0.061984,1.1601e-09
44.82,140.02,0.9586,0.046399,9.4563e-07
48.63,140.02,0.96917,0.036568,1.0217e-05
52.75,140.02,1,0,0
57.32,140.02,1,0,0
62.55,140.02,0.99678,0.025083,1.557e-05
69.02,140.02,0.99896,0.010143,1.8589e-05
19.94,142.53,0.98939,0.01633,0.00074095
22.74,142.53,0.9837,0.025261,0.0011402
25.59,142.53,0.99256,0.015984,0.00043084
31.53,142.53,0.99202,0.016387,0.00010294
34.64,142.53,0.96875,0.043134,8.0395e-05
37.87,142.53,0.91072,0.088849,1.4072e-07
41.25,142.53,0.9566,0.033986,7.1341e-09
44.82,142.53,0.96772,0.032571,4.3907e-07
48.63,142.53,0.97814,0.0238,7.643e-06
52.75,142.53,1,0,0
57.32,142.53,1,0,0
69.02,142.53,0.99873,0.0096959,3.5032e-05
17.19,145.04,0.99426,0.013458,0.00018876
19.94,145.04,0.99126,0.017898,0.00056302
34.64,145.04,0.98366,0.030297,0.00030149
37.87,145.04,1,0,0
41.25,145.04,0.96727,0.028335,1.8394e-11
44.82,145.04,1,0,0
48.63,145.04,1,0,0
52.75,145.04,1,0,0
57.32,145.04,1,0,0
62.55,145.04,1,0,0
69.02,145.04,0.99827,0.010012,9.311e-05
14.48,147.55,0.99622,0.008862,7.1593e-05
34.64,147.55,0.98868,0.027451,5.2762e-05
37.87,147.55,1,0,0
41.25,147.55,0.98305,0.013525,2.8588e-06
44.82,147.55,1,0,0
48.63,147.55,1,0,0
52.75,147.55,1,0,0
57.32,147.55,0.99675,0.0093361,6.4252e-09
62.55,147.55,0.99605,0.014188,0.00045701
69.02,147.55,0.99735,0.011168,0.00025417
34.64,150.06,0.99179,0.020364,4.1377e-05
37.87,150.06,0.98604,0.019736,2.3351e-05
41.25,150.06,0.99009,0.010887,3.0052e-05
44.82,150.06,0.99192,0.0097884,1.0793e-07
48.63,150.06,1,0,0
52.75,150.06,1,0,0
57.32,150.06,0.99814,0.0065984,5.9654e-10
62.55,150.06,1,0,0
69.02,150.06,0.99542,0.013603,0.00069054
37.87,152.57,0.98772,0.020755,3.7793e-05
41.25,152.57,0.99255,0.014079,3.2568e-06
44.82,152.57,0.99434,0.0086206,9.3845e-08
48.63,152.57,0.99345,0.0065396,7.2824e-10
52.75,152.57,1,0,0
57.32,152.57,0.9981,0.0056432,8.5903e-09
62.55,152.57,0.99779,0.0072356,0.00045301
69.02,152.57,1,0,0
37.87,155.08,1,0,0
41.25,155.08,1,0,0
44.82,155.08,1,0,0
48.63,155.08,1,0,0
52.75,155.08,1,0,0
57.32,155.08,1,0,0
62.55,155.08,1,0,0
69.02,155.08,0.99523,0.011937,0.0011282
41.25,157.59,1,0,0
44.82,157.59,1,0,0
48.63,157.59,1,0,0
52.75,157.59,1,0,0
57.32,157.59,1,0,0
62.55,157.59,0.99778,0.0067648,0.00082685
69.02,157.59,0.99711,0.0086233,0.00075168
41.25,160.1,1,0,0
44.82,160.1,1,0,0
48.63,160.1,0.99643,0.0041524,0.0063532
52.75,160.1,0.99658,0.0034791,1.0971e-09
57.32,160.1,1,0,0
62.55,160.1,1,0,0
69.02,160.1,0.99806,0.0068624,0.00070587
41.25,162.61,1,0,0
44.82,162.61,1,0,0
48.63,162.61,0.99905,0.0019391,1.9404e-05
52.75,162.61,0.99737,0.0026491,2.6983e-11
57.32,162.61,1,0,0
62.55,162.61,0.99863,0.0040647,0.0012089
69.02,162.61,0.99857,0.0058789,0.00084416
44.82,165.12,1,0,0
48.63,165.12,0.9993,0.0018704,2.4502e-07
52.75,165.12,1,0,0
57.32,165.12,1,0,0
62.55,165.12,0.99913,0.0031627,0.001514
69.02,165.12,0.9989,0.0050868,0.00065938
44.82,167.63,0.9982,0.0054985,0.00027596
48.63,167.63,0.99891,0.0030606,3.378e-07
52.75,167.63,1,0,0
57.32,167.63,1,0,0
62.55,167.63,0.99932,0.0028666,0.00049428
48.63,170.14,0.99854,0.0037855,1.8462e-06
52.75,170.14,1,0,0
57.32,170.14,1,0,0
62.55,170.14,0.99924,0.0036103,0.00018821
48.63,172.65,0.99752,0.0056806,6.7396e-05
52.75,172.65,1,0,0
57.32,172.65,1,0,0
62.55,172.65,0.99886,0.0042706,0.00028074
48.63,175.16,1,0,0
52.75,175.16,1,0,0
57.32,175.16,0.99889,0.0031825,0.0032904
62.55,175.16,0.99781,0.0059692,0.00066869
48.63,177.67,1,0,0
52.75,177.67,1,0,0
57.32,177.67,1,0,0
62.55,177.67,1,0,0
