69.02,-173.73,17.823,-56.986,85.56
22.74,-78.35,0.91401,0.64272,1.1805
69.02,-65.8,26.374,-78.543,121.73
62.55,-63.29,17.219,-55.738,83.286
62.55,-60.78,16.909,-54.894,81.952
69.02,-60.78,7.2183,-29.849,41.058
62.55,-58.27,15.644,-51.67,76.647
69.02,-58.27,12.982,-45.057,66.064
34.64,-55.76,14.738,-48.682,72.393
37.87,-55.76,10.118,-36.978,52.322
44.82,-55.76,-283.39,-1341.2,856.95
48.63,-55.76,0.61549,0.32949,0.89405
62.55,-55.76,-174.6,-821.02,520.14
69.02,-55.76,-115.98,-547.67,347.38
31.53,-53.25,-4.8541,-17.965,6.9164
34.64,-53.25,-11.3,-46.51,22.084
37.87,-53.25,12.15,-42.258,61.674
41.25,-53.25,19.566,-61.668,93.007
44.82,-53.25,-539.59,-2535.3,1612.5
62.55,-53.25,-307.79,-1440.9,910.27
69.02,-53.25,-266.66,-1249.4,789.62
-57.32,-50.74,22.435,-68.81,105.18
31.53,-50.74,-13.326,-56.278,27.118
34.64,-50.74,-13.798,-58.475,28.154
37.87,-50.74,-498.7,-2345.9,1493.2
41.25,-50.74,-532.75,-2501.7,1590.1
44.82,-50.74,-543.34,-2537.9,1603.8
48.63,-50.74,-267.97,-1269,811.13
62.55,-50.74,-439.7,-2055.4,1298.1
69.02,-50.74,-511.55,-2398.4,1521.7
28.52,-48.23,17.087,-54.507,82.002
31.53,-48.23,-493.34,-2319.2,1475.1
34.64,-48.23,-338.32,-1593.9,1014.2
37.87,-48.23,-434.06,-2031,1283.9
41.25,-48.23,-490.95,-2291.2,1444.8
44.82,-48.23,-403.65,-1875.5,1173.9
48.63,-48.23,-360.71,-1694.8,1075.7
52.75,-48.23,-232.95,-1098.9,699.3
57.32,-48.23,-312.61,-1467.1,929.4
62.55,-48.23,-660.02,-3077.6,1944.4
69.02,-48.23,-632.17,-2954.5,1870.6
25.59,-45.72,-192.97,-912.7,581.93
28.52,-45.72,-281.11,-1334.3,854.91
37.87,-45.72,-158.9,-743.85,468.08
41.25,-45.72,-316.89,-1466.1,912.73
44.82,-45.72,-348.25,-1609.5,1000.9
48.63,-45.72,-460.24,-2152.8,1361
52.75,-45.72,-557.84,-2617.1,1662.3
57.32,-45.72,-587.64,-2755.2,1749.5
62.55,-45.72,-607.62,-2840.3,1798.2
69.02,-45.72,-624.43,-2920.1,1849.9
-69.02,-43.21,-159.78,-750.43,474.36
-62.55,-43.21,-186.72,-876.81,554.72
-57.32,-43.21,-145.7,-683.38,430.96
34.64,-43.21,0.91401,0.64272,1.1805
37.87,-43.21,-165.64,-771.01,482.24
41.25,-43.21,-323.55,-1496,930.86
44.82,-43.21,-287.68,-1333.2,831.3
48.63,-43.21,-264.68,-1227.5,766.09
52.75,-43.21,-643.57,-3002.7,1897.9
57.32,-43.21,-628.09,-2931.6,1853.5
62.55,-43.21,-338.06,-1582.3,999.59
69.02,-43.21,-571.37,-2682.1,1704.9
-69.02,-40.7,-284.47,-1331.1,840.14
-62.55,-40.7,-334.18,-1564.5,988.67
-57.32,-40.7,-392.12,-1836.2,1161.5
-52.75,-40.7,-64.264,-302.41,189.73
25.59,-40.7,0.91401,0.64272,1.1805
31.53,-40.7,0.91401,0.64272,1.1805
34.64,-40.7,-148.05,-687.85,428.97
37.87,-40.7,-207.24,-957.23,594.02
41.25,-40.7,-326.2,-1502.7,931.13
44.82,-40.7,-229.68,-1067.3,667.41
48.63,-40.7,-187.32,-873.97,548.42
52.75,-40.7,-587.26,-2735.4,1723.6
57.32,-40.7,-398.86,-1861.9,1172.5
62.55,-40.7,-219.74,-1033.4,655.45
69.02,-40.7,-377.35,-1778.7,1133.1
-69.02,-38.19,-402.89,-1884.2,1189.9
-62.55,-38.19,-436.88,-2041.1,1288
-57.32,-38.19,-206.51,-966.69,609.62
17.19,-38.19,0.91401,0.64272,1.1805
25.59,-38.19,0.91401,0.64272,1.1805
31.53,-38.19,0.91401,0.64272,1.1805
34.64,-38.19,-149.14,-692.71,431.92
37.87,-38.19,-263.26,-1211.5,749.16
41.25,-38.19,-271.42,-1248.2,771.44
44.82,-38.19,-152.43,-707.26,440.65
48.63,-38.19,-98.078,-459.45,288.38
52.75,-38.19,-346.94,-1610,1006.1
57.32,-38.19,-299.52,-1398.9,880.93
69.02,-38.19,-126.21,-596.56,379.36
-69.02,-35.68,-446.44,-2083.8,1313.3
-62.55,-35.68,-379.4,-1776.6,1123.4
-48.63,-35.68,-41.558,-201.28,128.91
-44.82,-35.68,1.4757,-14.912,16.74
-3.91,-35.68,0.61549,0.32949,0.89405
17.19,-35.68,-105.77,-497.18,313.16
31.53,-35.68,0.91401,0.64272,1.1805
34.64,-35.68,-106.54,-498.9,313.01
37.87,-35.68,-225.92,-1042.1,645.9
41.25,-35.68,-250.06,-1151.5,712.5
44.82,-35.68,-108.93,-509.21,319.09
48.63,-35.68,-78.233,-369.93,233.76
52.75,-35.68,-287.33,-1328.7,826.62
57.32,-35.68,-212.15,-991.52,624.15
-69.02,-33.17,-449.23,-2096.7,1321.3
-62.55,-33.17,-232.09,-1089.2,689.26
-44.82,-33.17,0.65216,0.37542,0.92545
-41.25,-33.17,-141.52,-664.99,420.06
-37.87,-33.17,-80.048,-380.67,241.96
-9.16,-33.17,-295.79,-1393.5,886.34
-6.53,-33.17,-102.75,-480.69,301.4
-3.91,-33.17,-150.02,-696.31,433.94
-1.3,-33.17,-191.14,-883.82,549.03
1.3,-33.17,-154.81,-718.37,447.61
3.91,-33.17,-35.597,-166.72,102.81
14.48,-33.17,16.279,-52.396,78.488
31.53,-33.17,0.91401,0.64272,1.1805
37.87,-33.17,-202.5,-935.59,580.76
41.25,-33.17,-253.45,-1166.8,721.84
44.82,-33.17,-126.7,-590.03,368.67
48.63,-33.17,-150.06,-696.4,433.97
52.75,-33.17,-252.83,-1163.9,719.98
57.32,-33.17,-164.72,-765.9,478.61
-69.02,-30.66,-394.43,-1842.7,1162
-48.63,-30.66,0.61549,0.32949,0.89405
-44.82,-30.66,-191.72,-893.35,560.04
-41.25,-30.66,-235.21,-1092.6,683.04
-37.87,-30.66,-209.71,-975.4,610.55
-34.64,-30.66,0.91401,0.64272,1.1805
-31.53,-30.66,0.91401,0.64272,1.1805
-11.81,-30.66,-120.65,-563.97,353.56
-9.16,-30.66,-195.38,-902.9,560.62
-6.53,-30.66,-212.24,-979.62,607.57
-3.91,-30.66,-246.7,-1136.2,703.21
-1.3,-30.66,-270.05,-1242.2,767.79
1.3,-30.66,-245.04,-1129,698.88
3.91,-30.66,-177.75,-823,511.84
6.53,-30.66,-73.762,-349.38,220.85
11.81,-30.66,-343.94,-1612.5,1020.5
14.48,-30.66,-13.349,-56.411,27.193
17.19,-30.66,0.91401,0.64272,1.1805
19.94,-30.66,-118.14,-551.64,345.36
34.64,-30.66,0.91401,0.64272,1.1805
37.87,-30.66,-204.24,-943.47,585.57
41.25,-30.66,-280.18,-1287.8,795.51
44.82,-30.66,-195.5,-903.41,560.92
48.63,-30.66,-212.66,-981.48,608.69
52.75,-30.66,-286.12,-1314.5,811.69
57.32,-30.66,-186.41,-861.87,535.4
62.55,-30.66,-106.73,-498.73,312.46
69.02,-30.66,-29.261,-140.89,89.055
-69.02,-28.15,-222.64,-1034.8,647.23
-44.82,-28.15,-276.39,-1280.8,798.77
-41.25,-28.15,-314.22,-1453.8,905.18
-37.87,-28.15,-228,-1059.8,662.92
-34.64,-28.15,-169.28,-791.19,497.23
-31.53,-28.15,-202.73,-944.4,591.84
-28.52,-28.15,-217.64,-1012.8,634.06
-25.59,-28.15,-165.2,-772.7,485.9
-22.74,-28.15,-161.24,-754.57,474.7
-19.94,-28.15,0.91401,0.64272,1.1805
-14.48,-28.15,-125.6,-586.36,367.48
-11.81,-28.15,-169.38,-784.55,488.12
-9.16,-28.15,-260.31,-1197.8,740.72
-6.53,-28.15,-301.26,-1383,853.36
-3.91,-28.15,-324.82,-1489.1,917.73
-1.3,-28.15,-350.16,-1602.6,986.23
1.3,-28.15,-307.5,-1411.4,870.72
3.91,-28.15,-239.81,-1105.3,684.48
6.53,-28.15,-168.15,-779.32,485.07
9.16,-28.15,-112.09,-524.08,328.44
31.53,-28.15,0.91401,0.64272,1.1805
34.64,-28.15,-105.43,-493.7,309.75
37.87,-28.15,-217.22,-1002.5,621.62
41.25,-28.15,-321.88,-1475.8,909.61
44.82,-28.15,-258.23,-1188.3,734.88
48.63,-28.15,-271.48,-1248.3,771.39
52.75,-28.15,-327.71,-1501.8,925.33
57.32,-28.15,-229.59,-1058.2,655.5
62.55,-28.15,-163.39,-756.86,470.94
69.02,-28.15,-102.08,-477.71,299.61
-69.02,-25.64,-223.54,-1040.7,652.22
-48.63,-25.64,-74.799,-355.64,225.92
-44.82,-25.64,-237.32,-1102.8,689.57
-41.25,-25.64,-252.26,-1170.6,731.08
-37.87,-25.64,-293.64,-1360.1,847.71
-34.64,-25.64,-273.91,-1270.1,792.43
-31.53,-25.64,-286.81,-1329.2,828.85
-28.52,-25.64,-312.89,-1448.3,902
-25.59,-25.64,-279.39,-1295.2,807.92
-22.74,-25.64,-200.5,-926.68,575.38
-19.94,-25.64,-178.41,-826.01,513.68
-17.19,-25.64,-178.46,-826.19,513.76
-14.48,-25.64,-192.69,-890.9,553.38
-11.81,-25.64,-235.76,-1086.7,673
-9.16,-25.64,-300.34,-1378.9,850.89
-6.53,-25.64,-378.68,-1729.1,1062
-3.91,-25.64,-403.95,-1839.9,1127.7
-1.3,-25.64,-430.36,-1954.1,1194.7
1.3,-25.64,-366.58,-1675.7,1030.2
3.91,-25.64,-301.07,-1382.5,853.2
6.53,-25.64,-249.15,-1147.7,710.34
9.16,-25.64,-189.97,-878.78,546.07
11.81,-25.64,0.91401,0.64272,1.1805
31.53,-25.64,-105.98,-496.28,311.36
34.64,-25.64,-166.6,-772.12,480.59
37.87,-25.64,-257.77,-1186.4,733.81
41.25,-25.64,-354.92,-1623.6,998.73
44.82,-25.64,-319.68,-1465.8,903.49
48.63,-25.64,-329.5,-1509.8,930.16
52.75,-25.64,-373.08,-1703.6,1046.5
57.32,-25.64,-269.11,-1237.4,764.68
62.55,-25.64,-208.72,-963.27,597.42
69.02,-25.64,-143.41,-665.74,414.99
-69.02,-23.13,-156.63,-726.42,452.49
-48.63,-23.13,-205.74,-957.27,599.37
-44.82,-23.13,-130.2,-611.71,386.11
-41.25,-23.13,-160.01,-748.37,470.62
-37.87,-23.13,-222.85,-1030.1,639.96
-34.64,-23.13,-282.82,-1300.1,803.1
-31.53,-23.13,-292.58,-1344.3,830.02
-28.52,-23.13,-311.82,-1430.9,882.62
-25.59,-23.13,-315.83,-1453.2,898.94
-22.74,-23.13,-275.66,-1267.7,783.44
-19.94,-23.13,-265.54,-1221.9,755.51
-17.19,-23.13,-266.75,-1227.3,758.79
-14.48,-23.13,-274.6,-1262.8,780.36
-11.81,-23.13,-314.79,-1444.1,890.49
-9.16,-23.13,-360.48,-1648.5,1013.8
-6.53,-23.13,-423.54,-1924.7,1177.5
-3.91,-23.13,-482.01,-2172.3,1320.4
-1.3,-23.13,-485.79,-2188,1329.3
1.3,-23.13,-424.78,-1930.2,1180.8
3.91,-23.13,-369.11,-1687,1036.9
6.53,-23.13,-284.62,-1308.3,808.11
9.16,-23.13,-189.36,-876.02,544.38
25.59,-23.13,0.91401,0.64272,1.1805
31.53,-23.13,-155.99,-724.21,451.44
34.64,-23.13,-240.87,-1109.9,687.24
37.87,-23.13,-298.81,-1371.9,846.65
41.25,-23.13,-392.39,-1789.2,1097.7
44.82,-23.13,-379.98,-1734.6,1065.1
48.63,-23.13,-386.37,-1762.7,1081.9
52.75,-23.13,-406.68,-1851.5,1134.4
57.32,-23.13,-310.79,-1425.6,879.06
62.55,-23.13,-250.57,-1153.3,713.42
69.02,-23.13,-179.69,-831.04,516.42
-69.02,-20.62,-155.81,-722.66,450.15
-48.63,-20.62,-155.19,-726.01,456.68
-37.87,-20.62,-147.37,-684.42,426.73
-34.64,-20.62,-231.24,-1066.4,660.72
-31.53,-20.62,-307.2,-1410.1,869.99
-28.52,-20.62,-381.54,-1742,1069.8
-25.59,-20.62,-372.7,-1702.9,1046.5
-22.74,-20.62,-353.52,-1617.7,995.4
-19.94,-20.62,-348.24,-1594.1,981.21
-17.19,-20.62,-350.7,-1605.1,987.79
-14.48,-20.62,-356.97,-1633,1004.5
-11.81,-20.62,-389.75,-1777.9,1091.1
-9.16,-20.62,-429.46,-1950.2,1192.4
-6.53,-20.62,-479.53,-2162,1314.5
-3.91,-20.62,-537.47,-2399.7,1448
-1.3,-20.62,-521.9,-2336.4,1412.7
1.3,-20.62,-460.53,-2082.5,1269
3.91,-20.62,-373.96,-1708.5,1049.8
6.53,-20.62,-283.05,-1301.2,803.8
9.16,-20.62,-187.35,-866.84,538.75
11.81,-20.62,0.91401,0.64272,1.1805
28.52,-20.62,-115.19,-538.25,337.15
31.53,-20.62,-208.47,-963.2,597.95
34.64,-20.62,-289.23,-1328.8,820.45
37.87,-20.62,-352.67,-1613.5,992.69
41.25,-20.62,-428.93,-1947.6,1190.8
44.82,-20.62,-438.5,-1988.5,1214.5
48.63,-20.62,-440.27,-1996,1218.9
52.75,-20.62,-442.87,-2007.1,1225.3
57.32,-20.62,-353.26,-1615.8,993.97
62.55,-20.62,-290.71,-1334.9,823.97
69.02,-20.62,-212.75,-981.56,608.59
-69.02,-18.11,-163.37,-756.96,471.09
-34.64,-18.11,-172.82,-800.53,498.05
-31.53,-18.11,-253.62,-1168,722.75
-28.52,-18.11,-324.39,-1487.4,916.84
-25.59,-18.11,-395.09,-1801.5,1105.1
-22.74,-18.11,-430.21,-1953.5,1194.4
-19.94,-18.11,-427.92,-1943.7,1188.7
-17.19,-18.11,-431.55,-1959.2,1197.7
-14.48,-18.11,-437.22,-1983.5,1211.8
-11.81,-18.11,-462.33,-2090,1273.4
-9.16,-18.11,-500.26,-2247.7,1363
-6.53,-18.11,-539.91,-2409.6,1453.5
-3.91,-18.11,-541.34,-2415.4,1456.8
-1.3,-18.11,-472.43,-2132.5,1297.7
1.3,-18.11,-405.9,-1848.6,1132.9
3.91,-18.11,-343.83,-1574.5,969.38
6.53,-18.11,-264.22,-1216,751.93
9.16,-18.11,-185.76,-859.61,534.32
22.74,-18.11,0.91401,0.64272,1.1805
28.52,-18.11,0.91401,0.64272,1.1805
31.53,-18.11,-314.95,-1471.5,927.19
34.64,-18.11,-255.82,-1177.5,728.31
37.87,-18.11,-323.31,-1482.1,913.37
41.25,-18.11,-411.78,-1873.6,1147.4
44.82,-18.11,-494.72,-2224.5,1349.7
48.63,-18.11,-492.69,-2216.1,1345
52.75,-18.11,-479.69,-2162.2,1314.4
57.32,-18.11,-395.58,-1802.9,1105.7
62.55,-18.11,-329.58,-1509.9,930.07
69.02,-18.11,-244.41,-1125.3,696.34
-69.02,-15.6,-241.75,-1121.8,700.52
-62.55,-15.6,-83.828,-395.07,249.06
-34.64,-15.6,-95.766,-449.78,282.81
-31.53,-15.6,-194.37,-898.74,558.26
-28.52,-15.6,-268.91,-1237.2,764.84
-25.59,-15.6,-340.15,-1558.1,959.49
-22.74,-15.6,-378.56,-1728.8,1061.9
-19.94,-15.6,-432.24,-1962.2,1199.5
-17.19,-15.6,-495.33,-2227.5,1351.6
-14.48,-15.6,-513.61,-2302.5,1393.8
-11.81,-15.6,-533.41,-2383.2,1438.8
-9.16,-15.6,-565.81,-2514.7,1512
-6.53,-15.6,-584.68,-2591.3,1554.7
-3.91,-15.6,-511.95,-2295.7,1390
-1.3,-15.6,-433.72,-1968.5,1203.1
1.3,-15.6,-354.69,-1622.9,998.5
3.91,-15.6,-281.04,-1292.1,798.33
6.53,-15.6,-215.93,-996.88,618.32
9.16,-15.6,-141.45,-657.71,410.44
11.81,-15.6,0.91401,0.64272,1.1805
31.53,-15.6,-216.37,-1014.3,640.7
34.64,-15.6,-246.11,-1140.8,711.44
37.87,-15.6,-277.61,-1276,788.18
41.25,-15.6,-376.21,-1717.8,1055.1
44.82,-15.6,-479.99,-2163.5,1315.1
48.63,-15.6,-542.86,-2421.1,1459.7
52.75,-15.6,-514.48,-2305.5,1395.2
57.32,-15.6,-437.36,-1983.5,1211.5
62.55,-15.6,-367.93,-1681,1033
69.02,-15.6,-247.11,-1137.6,703.81
-69.02,-13.09,-273.44,-1266.8,789.77
-62.55,-13.09,-142.14,-660.17,411.65
-44.82,-13.09,0.61549,0.32949,0.89405
-41.25,-13.09,-155.28,-723.04,452.34
-31.53,-13.09,-125.99,-587.22,367.13
-28.52,-13.09,-212.26,-980.12,608.05
-25.59,-13.09,-270.55,-1244.6,769.36
-22.74,-13.09,-310.3,-1424,878.43
-19.94,-13.09,-376.74,-1720.8,1057.1
-17.19,-13.09,-442.24,-2004.9,1224.3
-14.48,-13.09,-509.06,-2283.9,1383.3
-11.81,-13.09,-575.54,-2554.2,1534
-9.16,-13.09,-623.08,-2748.6,1643.1
-6.53,-13.09,-573.1,-2544.3,1528.5
-3.91,-13.09,-495.95,-2230.1,1353
-1.3,-13.09,-412.13,-1875.6,1148.8
1.3,-13.09,-324.3,-1487,916.57
3.91,-13.09,-234.54,-1081.4,669.93
6.53,-13.09,-143.14,-665.39,415.14
34.64,-13.09,-294.59,-1381.6,874.47
37.87,-13.09,-240.15,-1106.2,684.73
41.25,-13.09,-347.38,-1589.7,978.24
44.82,-13.09,-462.16,-2088.8,1272.4
48.63,-13.09,-574.95,-2551.2,1532.1
52.75,-13.09,-549.09,-2446.3,1473.7
57.32,-13.09,-478.13,-2155.7,1310.6
62.55,-13.09,-405.23,-1844.9,1130.4
69.02,-13.09,-247,-1137.1,703.5
-69.02,-10.58,-324.36,-1502.3,936.65
-62.55,-10.58,-188.86,-873.03,542.25
-57.32,-10.58,-112.68,-526.01,329.29
-44.82,-10.58,-122.29,-569.5,355.87
-41.25,-10.58,-280.61,-1300.7,811.45
-37.87,-10.58,-151.78,-704.49,439.04
-34.64,-10.58,15.551,-50.798,75.706
-28.52,-10.58,-150.48,-698.92,435.77
-25.59,-10.58,-189.53,-876.67,544.74
-22.74,-10.58,-250.9,-1155.6,715.14
-19.94,-10.58,-319.36,-1464.9,903.22
-17.19,-10.58,-392.49,-1790.1,1098.4
-14.48,-10.58,-470.42,-2124.1,1293
-11.81,-10.58,-545.63,-2432.9,1466.5
-9.16,-10.58,-609.81,-2694.1,1612.3
-6.53,-10.58,-571.17,-2536.4,1524.1
-3.91,-10.58,-493.51,-2220,1347.4
-1.3,-10.58,-408.95,-1861.8,1140.7
1.3,-10.58,-319.92,-1467.3,904.67
3.91,-10.58,-227.51,-1049.4,650.42
6.53,-10.58,-119.26,-556.66,348.4
31.53,-10.58,0.61549,0.32949,0.89405
34.64,-10.58,0.61549,0.32949,0.89405
37.87,-10.58,-215.01,-991.95,614.98
41.25,-10.58,-334.9,-1533.8,944.57
44.82,-10.58,-454.79,-2057.6,1254.5
48.63,-10.58,-570.6,-2533.5,1522.3
52.75,-10.58,-582.55,-2582.1,1549.3
57.32,-10.58,-513.19,-2300.2,1392.1
62.55,-10.58,-440.73,-1997.8,1219.8
69.02,-10.58,-251.73,-1158.5,716.55
-69.02,-8.07,-275.81,-1268.7,784.33
-62.55,-8.07,-228.17,-1051.8,651.61
-57.32,-8.07,-133.1,-618.93,386.32
-44.82,-8.07,-215.15,-998.6,623.44
-41.25,-8.07,-273.91,-1260.3,779.34
-37.87,-8.07,-218.43,-1008,625.02
-34.64,-8.07,-161.7,-749.75,466.86
-28.52,-8.07,19.457,-61.187,92.389
-25.59,-8.07,-94.402,-443.61,279.03
-22.74,-8.07,-190.33,-880.31,546.96
-19.94,-8.07,-268.18,-1233.9,762.82
-17.19,-8.07,-356.68,-1631.8,1003.8
-14.48,-8.07,-436.03,-1978.5,1208.9
-11.81,-8.07,-514.5,-2306.2,1395.8
-9.16,-8.07,-586.07,-2597,1557.9
-6.53,-8.07,-570.8,-2535,1523.3
-3.91,-8.07,-493.14,-2218.5,1346.5
-1.3,-8.07,-408.78,-1861.1,1140.3
1.3,-8.07,-320.17,-1468.5,905.34
3.91,-8.07,-228.8,-1055.3,654
6.53,-8.07,-128.1,-596.88,373.08
9.16,-8.07,9.463,-35.089,49.739
37.87,-8.07,-251.61,-1163.4,723.48
41.25,-8.07,-335.53,-1536.6,946.24
44.82,-8.07,-455.22,-2060.1,1256.2
48.63,-8.07,-566.54,-2517.1,1513.1
52.75,-8.07,-609.56,-2692.4,1611.1
57.32,-8.07,-546.69,-2436.5,1468.2
62.55,-8.07,-438.86,-1989.8,1215.2
69.02,-8.07,-261.13,-1201.1,742.51
-69.02,-5.56,-301.64,-1384.5,854.22
-62.55,-5.56,-267.97,-1232.3,761.62
-57.32,-5.56,-177.39,-820.76,510.19
-44.82,-5.56,-238.83,-1104.7,687.15
-41.25,-5.56,-315.89,-1448.9,893.38
-37.87,-5.56,-283.67,-1303.7,805.24
-34.64,-5.56,-222.67,-1027.4,636.86
-31.53,-5.56,-152.57,-708.42,441.6
-28.52,-5.56,-140.76,-654.63,408.58
-25.59,-5.56,0.91401,0.64272,1.1805
-22.74,-5.56,-135.18,-629.02,392.78
-19.94,-5.56,-230.3,-1062.1,658.14
-17.19,-5.56,-320.03,-1467.9,905.04
-14.48,-5.56,-409.43,-1863.9,1142
-11.81,-5.56,-480.96,-2168.1,1318
-9.16,-5.56,-552.27,-2459.8,1481.5
-6.53,-5.56,-580.51,-2574.4,1545.3
-3.91,-5.56,-506.57,-2273.7,1377.6
-1.3,-5.56,-426.98,-1939.7,1186.3
1.3,-5.56,-346.05,-1584.4,975.35
3.91,-5.56,-270.35,-1243.7,768.79
6.53,-5.56,-214.94,-992.35,615.54
9.16,-5.56,-188.82,-873.5,542.81
11.81,-5.56,-117.74,-549.72,344.14
34.64,-5.56,-111.46,-520.26,325.67
37.87,-5.56,-296.09,-1371.6,855.26
41.25,-5.56,-339.71,-1555.3,957.49
44.82,-5.56,-458.43,-2072.9,1263.3
48.63,-5.56,-520.3,-2329.2,1408.4
52.75,-5.56,-575.87,-2554.9,1534.1
57.32,-5.56,-556.33,-2475.6,1489.9
62.55,-5.56,-414.68,-1885.9,1154.5
69.02,-5.56,-267.85,-1231.5,761.03
-69.02,-3.05,-332.51,-1523.3,938.32
-62.55,-3.05,-307.05,-1408.8,868.93
-57.32,-3.05,-202.87,-936.78,581.27
-44.82,-3.05,-210.23,-970.46,601.96
-41.25,-3.05,-317.75,-1457.3,898.46
-37.87,-3.05,-349.91,-1601.4,985.5
-34.64,-3.05,-279.5,-1284.9,793.84
-31.53,-3.05,-235.07,-1083.6,671.23
-28.52,-3.05,-206.67,-954.59,592.39
-25.59,-3.05,-72.548,-342.5,215.97
-22.74,-3.05,-12.417,-58.704,33.581
-19.94,-3.05,-211.36,-976.05,605.57
-17.19,-3.05,-284.54,-1307.9,807.94
-14.48,-3.05,-364.62,-1667.1,1025
-11.81,-3.05,-447.15,-2025.9,1236.4
-9.16,-3.05,-526.66,-2355.8,1423.6
-6.53,-3.05,-598.35,-2647.1,1586
-3.91,-3.05,-534.11,-2386.1,1440.5
-1.3,-3.05,-463.41,-2094.7,1276.1
1.3,-3.05,-394.81,-1800.2,1104.4
3.91,-3.05,-336.94,-1543.6,950.79
6.53,-3.05,-300.78,-1381.2,852.4
9.16,-3.05,-250.42,-1153.4,713.81
11.81,-3.05,-221.38,-1021.6,633.41
14.48,-3.05,-156.05,-724.16,451.2
17.19,-3.05,-73.342,-345.24,216.9
34.64,-3.05,0.61549,0.32949,0.89405
37.87,-3.05,-235.12,-1085.7,673.96
41.25,-3.05,-354.46,-1625.4,1002.4
44.82,-3.05,-440.59,-1997.2,1219.5
48.63,-3.05,-472.29,-2131.2,1296.7
52.75,-3.05,-541.75,-2416.5,1457.1
57.32,-3.05,-541.05,-2413.6,1455.5
62.55,-3.05,-391.98,-1787,1096.2
69.02,-3.05,-241.08,-1110.2,687.11
-69.02,-0.54,-363.29,-1660.6,1020.9
-62.55,-0.54,-345.68,-1582.1,973.74
-57.32,-0.54,-202.39,-934.57,579.92
-44.82,-0.54,-179.69,-831.45,516.84
-41.25,-0.54,-267.86,-1232.1,761.63
-37.87,-0.54,-360.29,-1647.6,1013.3
-34.64,-0.54,-339.67,-1555.8,958.04
-31.53,-0.54,-310.87,-1426.5,879.85
-28.52,-0.54,-243.28,-1120.9,693.95
-25.59,-0.54,-138.31,-643.2,401.45
-22.74,-0.54,0.65216,0.37542,0.92545
-19.94,-0.54,-147.18,-683.72,426.37
-17.19,-0.54,-245.5,-1131.1,700.24
-14.48,-0.54,-339.07,-1553.2,956.58
-11.81,-0.54,-428.84,-1947.7,1191
-9.16,-0.54,-513.01,-2300.1,1392.4
-6.53,-0.54,-588.47,-2606.8,1563.4
-3.91,-0.54,-571.34,-2537.2,1524.6
-1.3,-0.54,-512.51,-2298,1391.3
1.3,-0.54,-456.53,-2065.6,1259.3
3.91,-0.54,-411.44,-1872.6,1147.1
6.53,-0.54,-375.43,-1714.9,1053.6
9.16,-0.54,-327.45,-1501.1,925.09
11.81,-0.54,-290.43,-1334.4,823.99
14.48,-0.54,-224.06,-1033.7,640.81
17.19,-0.54,-176.47,-817.17,508.25
19.94,-0.54,-81.246,-383.91,242.46
37.87,-0.54,-218.78,-1009,625.36
41.25,-0.54,-356.82,-1636.2,1009.1
44.82,-0.54,-381.56,-1741.2,1069
48.63,-0.54,-424.52,-1928.3,1179.4
52.75,-0.54,-508.87,-2282.4,1382.2
57.32,-0.54,-527.52,-2358.6,1424.8
62.55,-0.54,-371.39,-1696.2,1042.1
69.02,-0.54,-215.43,-993.7,615.99
-69.02,1.97,-393.72,-1795,1101
-62.55,1.97,-384.36,-1753.8,1076.6
-57.32,1.97,-201.18,-929.1,576.57
-44.82,1.97,-123.18,-574.03,358.86
-41.25,1.97,-222.97,-1028.5,637.5
-37.87,1.97,-318.13,-1459.1,899.57
-34.64,1.97,-403.9,-1839.8,1127.7
-31.53,1.97,-370.2,-1691.7,1039.7
-28.52,1.97,-279.73,-1286,794.47
-25.59,1.97,-205.55,-949.49,589.27
-22.74,1.97,-129,-601.09,375.72
-19.94,1.97,-151.56,-703.66,438.61
-17.19,1.97,-247.09,-1138.4,704.72
-14.48,1.97,-340.04,-1557.6,959.26
-11.81,1.97,-429.52,-1950.6,1192.7
-9.16,1.97,-513.52,-2302.2,1393.6
-6.53,1.97,-588.83,-2608.3,1564.3
-3.91,1.97,-613.06,-2707.4,1619.9
-1.3,1.97,-566.07,-2515.7,1512.6
1.3,1.97,-521.67,-2335.4,1412.2
3.91,1.97,-486.67,-2191.7,1331.4
6.53,1.97,-443.14,-2008.7,1226.5
9.16,1.97,-407.07,-1853.6,1135.9
11.81,1.97,-350.66,-1604.9,987.67
14.48,1.97,-300.49,-1379.8,851.52
17.19,1.97,-222.72,-1027.6,637.04
19.94,1.97,-138.22,-642.78,401.18
34.64,1.97,0.61549,0.32949,0.89405
37.87,1.97,-219.51,-1012.3,627.37
41.25,1.97,-329.53,-1509.6,929.91
44.82,1.97,-321.14,-1472,907.13
48.63,1.97,-378.75,-1728.8,1061.6
52.75,1.97,-479.11,-2159.6,1312.9
57.32,1.97,-516.18,-2312.3,1398.9
62.55,1.97,-353.6,-1617.2,994.71
69.02,1.97,-190.62,-880.83,546.92
-69.02,4.48,-423.75,-1925.3,1177.7
-62.55,4.48,-379.64,-1733,1064.2
-57.32,4.48,-200.59,-926.39,574.9
-41.25,4.48,-186.73,-863.62,536.62
-37.87,4.48,-277.24,-1274.6,787.54
-34.64,4.48,-381,-1739.4,1068.2
-31.53,4.48,-407.73,-1856.4,1137.5
-28.52,4.48,-335.27,-1536.1,946.15
-25.59,4.48,-265.74,-1222.7,755.97
-22.74,4.48,-256.24,-1184.7,736.5
-19.94,4.48,-279.07,-1290.7,802.98
-17.19,4.48,-288,-1323.6,817.45
-14.48,4.48,-365.47,-1670.8,1027.3
-11.81,4.48,-449.06,-2034,1241.2
-9.16,4.48,-528.09,-2361.7,1426.9
-6.53,4.48,-599.4,-2651.4,1588.4
-3.91,4.48,-655.2,-2882,1719.2
-1.3,4.48,-618.71,-2730.7,1633
1.3,4.48,-584.94,-2592.4,1555.3
3.91,4.48,-552.61,-2461.1,1482.2
6.53,4.48,-512.79,-2299.1,1391.9
9.16,4.48,-470.91,-2126.1,1294.1
11.81,4.48,-417.34,-1898.1,1162
14.48,4.48,-347.94,-1592.7,980.3
17.19,4.48,-261.36,-1202.8,743.86
19.94,4.48,-178.84,-827.81,514.71
37.87,4.48,-220.38,-1016.3,629.79
41.25,4.48,-267.82,-1231.4,760.95
44.82,4.48,-260.47,-1198.1,740.69
48.63,4.48,-337.7,-1546.3,952.01
52.75,4.48,-454.48,-2056.2,1253.6
57.32,4.48,-507.4,-2276.4,1378.8
62.55,4.48,-339.39,-1553.8,956.54
69.02,4.48,-159.17,-737.51,459.03
-69.02,6.99,-453.2,-2051,1250.7
-62.55,6.99,-362.42,-1656.7,1018.5
-57.32,6.99,-199.3,-920.54,571.32
-44.82,6.99,0.91401,0.64272,1.1805
-41.25,6.99,-123.94,-578.03,361.56
-37.87,6.99,-254.8,-1173,725.66
-34.64,6.99,-367.21,-1678.4,1031.7
-31.53,6.99,-455.97,-2063.1,1257.9
-28.52,6.99,-391.94,-1787.5,1096.8
-25.59,6.99,-331.85,-1520.8,936.92
-22.74,6.99,-356.33,-1642.1,1018
-19.94,6.99,-355.41,-1636.4,1013.5
-17.19,6.99,-413.87,-1903.9,1178.6
-14.48,6.99,-477.94,-2187.6,1348.7
-11.81,6.99,-528.34,-2391.6,1461
-9.16,6.99,-554.42,-2468.5,1486.4
-6.53,6.99,-618.6,-2730.2,1632.7
-3.91,6.99,-674.06,-2961,1764.8
-1.3,6.99,-667.23,-2932.3,1748.2
1.3,6.99,-641.75,-2825.9,1687.1
3.91,6.99,-609.46,-2692.6,1611.5
6.53,6.99,-579.18,-2568.9,1542.2
9.16,6.99,-529.8,-2368.5,1430.6
11.81,6.99,-461.34,-2085.8,1270.9
14.48,6.99,-372.57,-1702.2,1045.9
17.19,6.99,-278.46,-1280.2,790.91
19.94,6.99,-177.81,-823.07,511.78
37.87,6.99,-221.25,-1020.2,632.2
41.25,6.99,-208.42,-961.84,596.52
44.82,6.99,-201.26,-929.24,576.57
48.63,6.99,-305.41,-1401.2,864.18
52.75,6.99,-436.74,-1980.7,1209.9
57.32,6.99,-501.49,-2252.1,1365.1
62.55,6.99,-329.58,-1509.9,930.02
69.02,6.99,-117.52,-547.84,342.61
-69.02,9.5,-481.96,-2171.7,1319.8
-62.55,9.5,-351.66,-1608.8,989.76
-57.32,9.5,-172.48,-798.36,496.44
-41.25,9.5,-119.1,-555.56,347.57
-37.87,9.5,-254.68,-1172.5,725.31
-34.64,9.5,-367.42,-1679.3,1032.2
-31.53,9.5,-470.37,-2123.8,1292.7
-28.52,9.5,-447.98,-2029.2,1238.3
-25.59,9.5,-402.74,-1834.7,1124.7
-22.74,9.5,-450.48,-2067.3,1277.2
-19.94,9.5,-390.92,-1783.1,1094.2
-17.19,9.5,-421.05,-1914.1,1171.4
-14.48,9.5,-527.07,-2393.1,1465.9
-11.81,9.5,-617.03,-2783.8,1698.7
-9.16,9.5,-622.92,-2769.7,1668.2
-6.53,9.5,-642.97,-2831,1690
-3.91,9.5,-693.14,-3041.7,1811.8
-1.3,9.5,-710.66,-3116.9,1856.1
1.3,9.5,-687.95,-3019.6,1798.8
3.91,9.5,-657.5,-2891.5,1724.7
6.53,9.5,-608.98,-2690.6,1610.3
9.16,9.5,-542.38,-2419.5,1459
11.81,9.5,-460.3,-2081.3,1268.3
14.48,9.5,-371.43,-1697.1,1042.9
17.19,9.5,-277.2,-1274.4,787.39
19.94,9.5,-176.11,-815.26,506.96
37.87,9.5,-174.79,-808.73,502.74
41.25,9.5,-137.98,-640.98,399.78
44.82,9.5,-149.37,-692.8,431.56
48.63,9.5,-287.22,-1319.1,814.31
52.75,9.5,-427.46,-1940.9,1186.7
57.32,9.5,-498.67,-2240.5,1358.6
62.55,9.5,-324.82,-1488.5,917.09
69.02,9.5,-53.038,-255.51,163.58
-69.02,12.01,-509.97,-2287.2,1384.9
-62.55,12.01,-348.31,-1593.8,980.75
-57.32,12.01,-156.9,-727.32,452.85
-41.25,12.01,-119.72,-558.35,349.28
-37.87,12.01,-256.06,-1178.7,729.13
-34.64,12.01,-369.05,-1686.5,1036.6
-31.53,12.01,-472.02,-2130.7,1296.6
-28.52,12.01,-507.64,-2278,1379.9
-25.59,12.01,-519.73,-2356.2,1441.1
-22.74,12.01,-476.02,-2155.5,1315.7
-19.94,12.01,-467.52,-2111.8,1285.9
-17.19,12.01,-491.48,-2211.6,1342.6
-14.48,12.01,-532.29,-2379.7,1437.5
-11.81,12.01,-667.51,-2990.8,1815.6
-9.16,12.01,-703.87,-3131.9,1890.5
-6.53,12.01,-672.54,-2954.6,1761.1
-3.91,12.01,-715.23,-3136.7,1867.9
-1.3,12.01,-705.4,-3094.1,1842.6
1.3,12.01,-668.77,-2938.7,1751.9
3.91,12.01,-627.21,-2765.6,1652.7
6.53,12.01,-569.09,-2527.8,1519.3
9.16,12.01,-506.84,-2274.6,1378.1
11.81,12.01,-446.95,-2024.7,1235.7
14.48,12.01,-370.08,-1691,1039.2
17.19,12.01,-275.83,-1268.2,783.56
19.94,12.01,-174.74,-808.94,503.06
22.74,12.01,0.91401,0.64272,1.1805
37.87,12.01,-69.678,-330.48,209.23
44.82,12.01,-150.48,-697.9,434.71
48.63,12.01,-287.5,-1320.4,815.07
52.75,12.01,-427.6,-1941.5,1187.1
57.32,12.01,-498.04,-2237.9,1357.1
62.55,12.01,-324.02,-1484.8,914.84
-69.02,14.52,-536.96,-2397.2,1446.4
-62.55,14.52,-347.13,-1588.5,977.57
-57.32,14.52,-155.43,-720.63,448.74
-41.25,14.52,-124.64,-580.74,363.01
-37.87,14.52,-258.18,-1188.7,735.36
-34.64,14.52,-368.01,-1681.9,1033.8
-31.53,14.52,-435.52,-1976.1,1207.5
-28.52,14.52,-482,-2172.2,1320.3
-25.59,14.52,-508.27,-2280.5,1381.4
-22.74,14.52,-533.49,-2383.4,1438.9
-19.94,14.52,-539.64,-2408.6,1453
-17.19,14.52,-558.9,-2486.6,1496.3
-14.48,14.52,-589.61,-2611.4,1565.9
-11.81,14.52,-709.29,-3158,1907.6
-9.16,14.52,-717.82,-3173.7,1904.6
-6.53,14.52,-704.17,-3088.9,1839.6
-3.91,14.52,-713.97,-3131.3,1864.7
-1.3,14.52,-673.22,-2957.3,1762.6
1.3,14.52,-629.13,-2773.7,1657.4
3.91,14.52,-582.2,-2581.1,1548.9
6.53,14.52,-529.46,-2367,1429.7
9.16,14.52,-461.38,-2085.8,1270.9
11.81,14.52,-389.46,-1776.5,1090.2
14.48,14.52,-326.18,-1495.1,921.31
17.19,14.52,-279.54,-1284.9,793.7
19.94,14.52,-183.67,-849.58,527.96
22.74,14.52,-113.74,-531.05,332.47
44.82,14.52,-149.34,-692.73,431.54
48.63,14.52,-288.03,-1322.8,816.53
52.75,14.52,-428.4,-1944.9,1189
57.32,14.52,-489,-2200.5,1336
62.55,14.52,-323.51,-1482.6,913.52
-69.02,17.03,-554.93,-2470,1486.9
-62.55,17.03,-347.68,-1591,979.05
-57.32,17.03,-159.96,-741.27,461.4
-41.25,17.03,-150.3,-701.11,439.41
-37.87,17.03,-277.95,-1284.5,798.4
-34.64,17.03,-343.1,-1575.7,973.07
-31.53,17.03,-374.24,-1709.5,1050.3
-28.52,17.03,-411.36,-1872.1,1146.7
-25.59,17.03,-443.03,-2008.2,1226.1
-22.74,17.03,-493.58,-2220.1,1347.4
-19.94,17.03,-552.47,-2460.5,1481.8
-17.19,17.03,-610.79,-2698,1614.5
-14.48,17.03,-642.83,-2830.3,1689.6
-11.81,17.03,-694.49,-3058.5,1828
-9.16,17.03,-703.39,-3085.5,1837.4
-6.53,17.03,-716.87,-3143.9,1872.1
-3.91,17.03,-685.85,-3010.6,1793.5
-1.3,17.03,-641.92,-2826.5,1687.3
1.3,17.03,-588.52,-2606.8,1563.3
3.91,17.03,-531.85,-2376.6,1435.1
6.53,17.03,-474.48,-2140.8,1302.3
9.16,17.03,-414.51,-1885.6,1154.5
11.81,17.03,-344.38,-1576.5,970.44
14.48,17.03,-263.8,-1213.6,750.28
17.19,17.03,-203.48,-939.72,583.14
19.94,17.03,-175.3,-810.96,504.06
22.74,17.03,15.591,-51.298,76.219
28.52,17.03,-90.715,-425.77,267.49
31.53,17.03,0.61549,0.32949,0.89405
44.82,17.03,-142.24,-660.37,411.67
48.63,17.03,-286.52,-1315.9,812.37
52.75,17.03,-408.85,-1860.5,1139.5
57.32,17.03,-447.13,-2025,1235.5
62.55,17.03,-323.35,-1481.9,913.11
69.02,17.03,-46.723,-227.12,146.33
-69.02,19.54,-544.53,-2427.9,1463.5
-62.55,19.54,-355.47,-1625.7,999.9
-57.32,19.54,-191.44,-884.7,549.36
-52.75,19.54,11.259,-36.61,54.951
-37.87,19.54,-301.62,-1400.5,875.66
-34.64,19.54,-357.92,-1657.3,1033.2
-31.53,19.54,-307.87,-1412.9,871.53
-28.52,19.54,-337.87,-1547.6,953.07
-25.59,19.54,-377.58,-1724.3,1059.1
-22.74,19.54,-439.3,-1992.2,1216.8
-19.94,19.54,-509.07,-2283.8,1383.2
-17.19,19.54,-577.8,-2563.2,1539
-14.48,19.54,-639.06,-2814.6,1680.6
-11.81,19.54,-690.74,-3031.4,1805.7
-9.16,19.54,-707.51,-3103.2,1847.9
-6.53,19.54,-676.68,-2971.8,1771
-3.91,19.54,-646.79,-2846.7,1698.9
-1.3,19.54,-603.12,-2666.3,1596.6
1.3,19.54,-550.27,-2451.3,1476.6
3.91,19.54,-483.17,-2176.9,1322.8
6.53,19.54,-416.79,-1895.8,1160.7
9.16,19.54,-354.41,-1621.2,997.28
11.81,19.54,-291.01,-1336.6,825.08
14.48,19.54,-224.05,-1033.2,640.27
17.19,19.54,-119.25,-556.01,347.75
19.94,19.54,-78.428,-369.33,232.45
25.59,19.54,0.91401,0.64272,1.1805
28.52,19.54,-163.07,-755.54,470.21
31.53,19.54,-91.124,-427.03,267.94
37.87,19.54,-92.315,-433,271.95
41.25,19.54,-111.51,-520.53,325.85
44.82,19.54,-183.58,-848.71,527.23
48.63,19.54,-280.83,-1290.2,796.74
52.75,19.54,-365.5,-1670.1,1026.4
57.32,19.54,-404.78,-1842.9,1129.2
62.55,19.54,-327.83,-1502,925.29
69.02,19.54,-114.43,-533.73,333.93
-69.02,22.05,-522.66,-2338.9,1413.9
-62.55,22.05,-370.24,-1691.3,1039.2
-57.32,22.05,-226.1,-1042.3,645.75
-37.87,22.05,-198.53,-925.59,580.66
-34.64,22.05,-278.82,-1296.1,811.24
-31.53,22.05,-309.57,-1432.6,892.14
-28.52,22.05,-266.86,-1228.2,759.69
-25.59,22.05,-315.8,-1448.5,893.14
-22.74,22.05,-391.59,-1785.9,1095.8
-19.94,22.05,-472.21,-2131.4,1297
-17.19,22.05,-548.53,-2444.4,1472.8
-14.48,22.05,-613.97,-2711,1621.8
-11.81,22.05,-670.46,-2945.7,1755.9
-9.16,22.05,-671.75,-2951.1,1759
-6.53,22.05,-632.54,-2787.5,1665
-3.91,22.05,-594.9,-2632.7,1577.7
-1.3,22.05,-554.2,-2467.2,1485.4
1.3,22.05,-499.86,-2245.7,1361.7
3.91,22.05,-443.2,-2008.2,1225.8
6.53,22.05,-365.96,-1672.5,1028
9.16,22.05,-292.73,-1344.3,829.76
11.81,22.05,-227.3,-1047.9,649.22
14.48,22.05,-157.95,-732.21,455.88
28.52,22.05,-164.69,-762.71,474.49
31.53,22.05,-81.475,-384.24,242.15
34.64,22.05,0.61549,0.32949,0.89405
37.87,22.05,-121.42,-565.63,353.54
44.82,22.05,-150.58,-698.38,435
48.63,22.05,-230.5,-1062.2,657.8
52.75,22.05,-315.78,-1447.8,892.47
57.32,22.05,-360.97,-1650,1014.4
62.55,22.05,-314.28,-1441.1,888.43
69.02,22.05,-107.38,-501.72,314.29
-69.02,24.56,-501.51,-2252.4,1365.3
-62.55,24.56,-373.63,-1706.3,1048.2
-57.32,24.56,-231.39,-1066.3,660.41
-48.63,24.56,-109.12,-509.89,319.43
-34.64,24.56,-150.69,-703.77,441.68
-31.53,24.56,-255.81,-1190.4,745.91
-28.52,24.56,-230.26,-1067.6,665.75
-25.59,24.56,-265.43,-1221.1,754.9
-22.74,24.56,-356.68,-1631.5,1003.5
-19.94,24.56,-438.38,-1988.2,1214.5
-17.19,24.56,-518.82,-2323.6,1405.4
-14.48,24.56,-589.97,-2612.6,1566.5
-11.81,24.56,-636.61,-2804.3,1674.6
-9.16,24.56,-631.87,-2784.6,1663.4
-6.53,24.56,-586.01,-2596.4,1557.4
-3.91,24.56,-537.1,-2397.8,1446.7
-1.3,24.56,-494.31,-2222.8,1348.7
1.3,24.56,-442.26,-2004.5,1223.8
3.91,24.56,-383.51,-1750,1074.3
6.53,24.56,-323.19,-1481.1,912.57
9.16,24.56,-244.76,-1127.1,697.5
11.81,24.56,-158,-732.39,455.97
14.48,24.56,-63.204,-300.21,189.89
25.59,24.56,0.61549,0.32949,0.89405
28.52,24.56,0.65216,0.37542,0.92545
31.53,24.56,0.91401,0.64272,1.1805
34.64,24.56,17.891,-57.811,86.38
37.87,24.56,-60.519,-283.91,177.47
41.25,24.56,0.61549,0.32949,0.89405
44.82,24.56,-33.121,-155.42,96.063
48.63,24.56,-190.39,-879.73,546.24
52.75,24.56,-262.29,-1206.3,745.67
57.32,24.56,-317.64,-1456.2,897.57
62.55,24.56,-289.96,-1331.5,821.86
69.02,24.56,-61.645,-294.81,187.79
-69.02,27.07,-481.6,-2170.1,1318.9
-62.55,27.07,-341.35,-1562.7,961.95
-57.32,27.07,-200.68,-926.7,575.06
-48.63,27.07,-170.62,-789.93,491.3
-44.82,27.07,0.61549,0.32949,0.89405
-28.52,27.07,-188.78,-882.3,554.97
-25.59,27.07,-249.43,-1151.6,714.81
-22.74,27.07,-320.39,-1469.1,905.54
-19.94,27.07,-411.47,-1872.4,1146.8
-17.19,27.07,-485.04,-2184.6,1327.2
-14.48,27.07,-542.6,-2420.2,1459.3
-11.81,27.07,-590.89,-2616.3,1568.5
-9.16,27.07,-586.5,-2598.3,1558.4
-6.53,27.07,-535.56,-2391.5,1443.2
-3.91,27.07,-478.99,-2159.3,1312.7
-1.3,27.07,-424.7,-1929.2,1179.9
1.3,27.07,-382.36,-1744.9,1071.2
3.91,27.07,-321.7,-1474.6,908.76
6.53,27.07,-257.75,-1185.9,733.31
9.16,27.07,-200.27,-924.67,573.74
11.81,27.07,-126.4,-588.42,367.57
28.52,27.07,0.65216,0.37542,0.92545
34.64,27.07,-131.12,-609.68,380.54
37.87,27.07,-47.852,-226.88,142.8
41.25,27.07,-130.12,-605.18,377.8
44.82,27.07,-68.471,-325.28,206.25
48.63,27.07,-164.69,-762.63,474.44
52.75,27.07,-207.72,-958.64,594.55
57.32,27.07,-272.57,-1252.9,774.03
62.55,27.07,-260.42,-1197.9,740.58
-69.02,29.58,-463.49,-2094.4,1275.6
-62.55,29.58,-307.96,-1412.8,871.25
-57.32,29.58,-199.74,-923.91,574.46
-52.75,29.58,-92.49,-435.12,273.92
-48.63,29.58,-212.82,-982.06,608.98
-44.82,29.58,-115,-536.71,335.92
-25.59,29.58,-253.06,-1172,730.21
-22.74,29.58,-286,-1314,811.41
-19.94,29.58,-367.87,-1681.1,1033.2
-17.19,29.58,-432.52,-1963,1199.7
-14.48,29.58,-484.89,-2184,1326.8
-11.81,29.58,-544.46,-2427.6,1463.4
-9.16,29.58,-538.41,-2402.7,1449.3
-6.53,29.58,-479.83,-2162.8,1314.7
-3.91,29.58,-421.08,-1913.6,1170.8
-1.3,29.58,-359.21,-1642.3,1009.8
1.3,29.58,-305.29,-1400.7,863.93
3.91,29.58,-258.31,-1188.4,734.79
6.53,29.58,-193.07,-891.89,553.67
9.16,29.58,-111.41,-520.15,325.66
25.59,29.58,0.61549,0.32949,0.89405
31.53,29.58,-112.65,-525.83,329.15
34.64,29.58,-128.32,-596.94,372.72
37.87,29.58,-32.409,-152.82,94.846
41.25,29.58,-59.457,-281.45,177.47
44.82,29.58,-11.582,-54.653,31.442
48.63,29.58,-66.734,-314.28,197.47
52.75,29.58,-148.24,-687.72,428.46
57.32,29.58,-229.5,-1057.6,655.05
62.55,29.58,-224.04,-1032.9,639.98
-69.02,32.09,-447.68,-2027.5,1237
-62.55,32.09,-276.63,-1271.3,785.27
-57.32,32.09,-263.27,-1228.5,772.58
-52.75,32.09,-100.23,-469.41,294.56
-48.63,32.09,-246.43,-1134.7,702.12
-44.82,32.09,-124.12,-578.18,361.35
-41.25,32.09,0.61549,0.32949,0.89405
-25.59,32.09,-147.77,-685.96,427.55
-22.74,32.09,-245.91,-1132.5,700.84
-19.94,32.09,-319.13,-1463.3,901.99
-17.19,32.09,-366.25,-1673.7,1028.8
-14.48,32.09,-431.06,-1956.6,1196
-11.81,32.09,-501.75,-2253.4,1365.9
-9.16,32.09,-494.96,-2225.4,1350.1
-6.53,32.09,-424.49,-1928.2,1179.3
-3.91,32.09,-360.6,-1648.4,1013.5
-1.3,32.09,-297.21,-1364.3,841.77
1.3,32.09,-231.94,-1068.8,661.84
3.91,32.09,-190.68,-881.1,547.11
6.53,32.09,-108.18,-505.45,316.63
9.16,32.09,0.61549,0.32949,0.89405
28.52,32.09,0.61549,0.32949,0.89405
31.53,32.09,-110.2,-514.68,322.3
34.64,32.09,0.61549,0.32949,0.89405
37.87,32.09,-101.4,-474.54,297.63
48.63,32.09,0.61549,0.32949,0.89405
52.75,32.09,5.0622,-20.874,29.199
57.32,32.09,-188.88,-872.88,542.06
62.55,32.09,-186.6,-862.61,535.81
-69.02,34.6,-434.67,-1972,1204.8
-62.55,34.6,-250.71,-1153.9,713.78
-57.32,34.6,-177.48,-833.23,526.89
-52.75,34.6,0.61549,0.32949,0.89405
-48.63,34.6,-237.02,-1092,676.09
-44.82,34.6,-158.13,-733.03,456.39
-25.59,34.6,-99.139,-464.66,291.74
-22.74,34.6,-207.46,-957.79,594.18
-19.94,34.6,-242.8,-1118.3,692.17
-17.19,34.6,-307.59,-1411.2,870.39
-14.48,34.6,-387.12,-1765.6,1083.4
-11.81,34.6,-465.33,-2101.8,1279.8
-9.16,34.6,-462.6,-2090.5,1273.4
-6.53,34.6,-381.26,-1739.9,1068.2
-3.91,34.6,-301.84,-1385.1,854.41
-1.3,34.6,-234.68,-1081.2,669.4
1.3,34.6,-163.8,-758.61,471.98
31.53,34.6,0.61549,0.32949,0.89405
34.64,34.6,0.61549,0.32949,0.89405
44.82,34.6,-57.072,-267.67,167.13
57.32,34.6,-130.3,-606.03,378.33
62.55,34.6,-142.96,-663.83,413.88
-69.02,37.11,-424.93,-1930.2,1180.5
-62.55,37.11,-223.05,-1028.4,637.18
-52.75,37.11,0.61549,0.32949,0.89405
-48.63,37.11,-240.32,-1106.9,685.19
-44.82,37.11,-192.2,-888.25,551.58
-28.52,37.11,0.91401,0.64272,1.1805
-25.59,37.11,0.91401,0.64272,1.1805
-22.74,37.11,-135.79,-631.29,393.95
-19.94,37.11,-175.45,-811.65,504.49
-17.19,37.11,-268.2,-1233.3,762.17
-14.48,37.11,-347.89,-1591.9,979.56
-11.81,37.11,-403.91,-1839.2,1127.1
-9.16,37.11,-431.08,-1956.5,1195.8
-6.53,37.11,-357.13,-1632.9,1004.2
-3.91,37.11,-268.27,-1233.3,762.09
-1.3,37.11,-174.39,-806.85,501.57
1.3,37.11,-62.086,-291.75,182.75
11.81,37.11,0.61549,0.32949,0.89405
14.48,37.11,0.61549,0.32949,0.89405
31.53,37.11,0.61549,0.32949,0.89405
34.64,37.11,17.557,-55.778,84.017
37.87,37.11,-82.696,-389.79,245.73
41.25,37.11,-114.82,-535.56,335.07
44.82,37.11,-44.177,-206.8,128.33
48.63,37.11,-118.94,-554.3,346.56
62.55,37.11,-84.969,-400.36,252.35
-69.02,39.62,-418.87,-1904.1,1165.2
-62.55,39.62,-199.01,-919.01,570.32
-48.63,39.62,-243.5,-1121.3,693.95
-44.82,39.62,-191.65,-885.7,550
-25.59,39.62,-127.13,-591.88,369.76
-22.74,39.62,13.633,-46.519,68.527
-19.94,39.62,-156.86,-727.21,452.79
-17.19,39.62,-232.41,-1071,663.25
-14.48,39.62,-279,-1282.1,791.83
-11.81,39.62,-331.61,-1519,935.58
-9.16,39.62,-349.89,-1600.7,984.8
-6.53,39.62,-325.98,-1493.7,920.22
-3.91,39.62,-236.34,-1088.7,673.97
-1.3,39.62,-147.08,-682.36,425.15
19.94,39.62,0.61549,0.32949,0.89405
22.74,39.62,0.61549,0.32949,0.89405
34.64,39.62,15.045,-50.262,74.336
44.82,39.62,-117.68,-548.55,343.04
48.63,39.62,-179.83,-831.62,516.75
52.75,39.62,-96.078,-450.41,282.85
62.55,39.62,0.98401,0.70963,1.2544
-69.02,42.13,-408.4,-1858.7,1138.6
-62.55,42.13,-189.31,-874.78,543.19
-52.75,42.13,-106.34,-497.09,311.51
-48.63,42.13,-249.42,-1148.2,710.3
-44.82,42.13,-215.8,-995.59,617.23
-41.25,42.13,-100.09,-468.88,294.29
-25.59,42.13,-132.16,-614.75,383.78
-22.74,42.13,17.369,-56.059,83.861
-19.94,42.13,-47.63,-226.69,143.16
-17.19,42.13,-142.74,-662.76,413.2
-14.48,42.13,-216.44,-998.39,618.88
-11.81,42.13,-255.6,-1176.1,727.26
-9.16,42.13,-267.8,-1231.3,760.86
-6.53,42.13,-258.16,-1187.6,734.25
-3.91,42.13,-228.51,-1053.1,652.25
-1.3,42.13,-120.53,-561.49,350.96
17.19,42.13,0.61549,0.32949,0.89405
19.94,42.13,0.61549,0.32949,0.89405
22.74,42.13,0.61549,0.32949,0.89405
34.64,42.13,17.568,-56.786,84.881
37.87,42.13,-87.427,-411.2,258.84
41.25,42.13,-114.55,-534.29,334.27
44.82,42.13,-185.03,-855.32,531.28
48.63,42.13,-231.2,-1065.3,659.72
52.75,42.13,-162.02,-750.47,466.97
62.55,42.13,-80.559,-380.24,239.97
-69.02,44.64,-384.54,-1754.4,1076.8
-62.55,44.64,-187.73,-867.67,538.87
-52.75,44.64,-124.78,-580.92,362.93
-48.63,44.64,-271.41,-1247.7,770.95
-44.82,44.64,-227.43,-1048.4,649.5
-41.25,44.64,-101.56,-475.53,298.35
-37.87,44.64,0.61549,0.32949,0.89405
-14.48,44.64,-117.04,-545.72,341.33
-11.81,44.64,-165.47,-766.22,476.65
-9.16,44.64,-190.25,-879.1,545.86
-6.53,44.64,-165.84,-767.91,477.67
-3.91,44.64,-204.32,-943.12,585.04
-1.3,44.64,-170.24,-787.93,489.95
1.3,44.64,13.696,-46.879,68.951
37.87,44.64,0.61549,0.32949,0.89405
41.25,44.64,-137.57,-639.1,398.62
44.82,44.64,-242.38,-1116.1,690.69
48.63,44.64,-280.15,-1287.1,794.85
52.75,44.64,-213.48,-984.8,610.54
57.32,44.64,22.948,-70.107,107.55
62.55,44.64,-89.789,-422.05,265.55
-69.02,47.15,-355.98,-1627.9,1001.2
-62.55,47.15,-186.02,-859.85,534.07
-52.75,47.15,-161.77,-749.4,466.34
-48.63,47.15,-295.11,-1354.7,835.9
-44.82,47.15,-256.03,-1178.2,728.59
-41.25,47.15,-169.77,-786.02,488.88
-37.87,47.15,-58.322,-274.29,171.75
-11.81,47.15,14.041,-47.805,70.39
-9.16,47.15,-47.195,-222.23,138.89
-6.53,47.15,-38.04,-179.65,112.15
-3.91,47.15,-58.704,-275.83,172.61
-1.3,47.15,-53.011,-248.38,154.76
31.53,47.15,0.61549,0.32949,0.89405
37.87,47.15,-61.127,-286.75,179.24
41.25,47.15,-182.47,-843.72,524.18
44.82,47.15,-289.02,-1327.2,819.25
48.63,47.15,-332,-1520.7,936.54
52.75,47.15,-246.93,-1136.7,703.26
57.32,47.15,-87.16,-409.98,258.1
69.02,47.15,0.61549,0.32949,0.89405
-69.02,49.66,-328.13,-1503.4,926.14
-62.55,49.66,-155.21,-719.48,447.97
-57.32,49.66,0.61549,0.32949,0.89405
-52.75,49.66,-177.84,-822.64,511.27
-48.63,49.66,-304.62,-1397.7,862.12
-44.82,49.66,-301.16,-1382.2,852.71
-41.25,49.66,-225.64,-1040.3,644.52
-37.87,49.66,-48.31,-229.19,144.32
-6.53,49.66,0.61549,0.32949,0.89405
-3.91,49.66,0.61549,0.32949,0.89405
28.52,49.66,0.61549,0.32949,0.89405
37.87,49.66,-161.78,-749.47,466.39
41.25,49.66,-187.68,-867.41,538.71
44.82,49.66,-264.44,-1216.1,751.6
48.63,49.66,-307.43,-1410.3,869.68
52.75,49.66,-244.11,-1123.9,695.46
-69.02,52.17,-301.6,-1384.1,853.83
-62.55,52.17,-139.73,-648.95,404.67
-52.75,52.17,-181.64,-839.91,521.86
-48.63,52.17,-249.57,-1148.8,710.66
-44.82,52.17,-242.8,-1118.1,692
-41.25,52.17,-227.74,-1049.8,650.33
31.53,52.17,0.61549,0.32949,0.89405
34.64,52.17,18.398,-58.094,87.656
37.87,52.17,-125.42,-583.74,364.62
41.25,52.17,-122.3,-569.54,355.9
44.82,52.17,-213.02,-982.73,609.28
48.63,52.17,-254.59,-1171.4,724.4
52.75,52.17,-230.82,-1063.6,658.66
62.55,52.17,0.61549,0.32949,0.89405
-69.02,54.68,-277.29,-1274.3,787.07
-62.55,54.68,-93.13,-437.06,274.68
-52.75,54.68,-184.82,-854.41,530.75
-48.63,54.68,-188.46,-871.02,540.94
-44.82,54.68,-177.03,-818.99,509.06
-41.25,54.68,-188.67,-872.06,541.61
-37.87,54.68,-99.492,-466.08,292.53
31.53,54.68,0.65216,0.37542,0.92545
34.64,54.68,-127.95,-595.48,371.92
37.87,54.68,0.61549,0.32949,0.89405
44.82,54.68,-143.58,-666.49,415.42
48.63,54.68,-202.42,-934.5,579.77
52.75,54.68,-207.12,-955.89,592.86
62.55,54.68,0.61549,0.32949,0.89405
-69.02,57.19,-256.39,-1179.7,729.46
-52.75,57.19,-188.55,-871.4,541.16
-48.63,57.19,-113.12,-527.89,330.39
-44.82,57.19,-88.504,-416.14,261.9
-41.25,57.19,-102.6,-480.16,301.14
34.64,57.19,-132.81,-617.38,385.26
44.82,57.19,17.337,-56.234,83.94
48.63,57.19,-149.29,-692.48,431.38
52.75,57.19,-156.66,-726.04,451.98
57.32,57.19,0.61549,0.32949,0.89405
-69.02,59.7,-240.48,-1107.5,685.49
-52.75,59.7,-159.75,-740.16,460.67
34.64,59.7,-113.32,-528.92,331.08
37.87,59.7,-124.67,-580.48,362.68
41.25,59.7,-74.317,-351.8,222.49
48.63,59.7,-96.689,-453.17,284.54
52.75,59.7,-119.37,-556.25,347.76
-69.02,62.21,-231.43,-1066.5,660.45
-52.75,62.21,-106.27,-496.74,311.27
34.64,62.21,18.702,-59.754,89.655
37.87,62.21,-160.2,-742.3,462.01
62.55,62.21,-109.55,-511.67,320.43
-69.02,64.72,-229.34,-1056.9,654.64
-57.32,64.72,-45.639,-216.16,135.8
-52.75,64.72,-76.374,-361.11,228.19
34.64,64.72,-132.69,-617.07,385.18
-69.02,67.23,-233.82,-1077.3,667.07
-57.32,67.23,16.992,-55.251,82.417
31.53,67.23,0.91401,0.64272,1.1805
34.64,67.23,17.13,-55.417,82.843
69.02,67.23,-88.472,-415.95,261.77
-69.02,69.74,-246.13,-1133.2,701.14
44.82,69.74,-99.747,-467.06,293.06
48.63,69.74,-91.868,-431.29,271.13
57.32,69.74,-82.221,-387.57,244.37
69.02,69.74,-119.83,-558.39,349.1
-69.02,72.25,-260.44,-1198,740.64
44.82,72.25,-199.29,-923.84,575.9
48.63,72.25,-167.82,-776.92,483.2
52.75,72.25,-127.11,-591.48,369.38
57.32,72.25,-111.61,-520.93,326.07
69.02,72.25,-157.42,-729.57,454.17
-69.02,74.76,-259.12,-1192.1,737.02
25.59,74.76,0.91401,0.64272,1.1805
44.82,74.76,-320.56,-1492,935.83
48.63,74.76,-208.22,-965.75,602.48
52.75,74.76,0.61549,0.32949,0.89405
69.02,74.76,-279.06,-1297,811.91
-69.02,77.27,-259.65,-1194.4,738.48
22.74,77.27,0.91401,0.64272,1.1805
31.53,77.27,18.076,-57.873,86.81
41.25,77.27,-107.8,-503.62,315.46
44.82,77.27,-288.98,-1337.9,833.65
48.63,77.27,-136.18,-632.72,394.68
69.02,77.27,-333.06,-1547.5,968.61
-69.02,79.78,-267.3,-1229.1,759.61
-62.55,79.78,0.61549,0.32949,0.89405
25.59,79.78,-64.854,-305.88,192.32
28.52,79.78,0.91401,0.64272,1.1805
34.64,79.78,-95.445,-447.8,281.37
41.25,79.78,-176.24,-815.31,506.77
44.82,79.78,-249.21,-1147,709.54
48.63,79.78,-54.503,-256.81,160.99
69.02,79.78,-283.15,-1311,816.86
-69.02,82.29,-281.21,-1292.1,797.91
-62.55,82.29,-110.67,-516.77,323.57
25.59,82.29,16.371,-53.642,79.79
34.64,82.29,-181.12,-837.49,520.34
37.87,82.29,-156.96,-727.59,452.99
41.25,82.29,-216.02,-996.42,617.66
44.82,82.29,-250.29,-1151.9,712.53
48.63,82.29,-55.457,-261.11,163.61
69.02,82.29,-269.37,-1249.6,780.34
-69.02,84.8,-300.37,-1378.6,850.5
-62.55,84.8,-166.41,-770.59,479.35
19.94,84.8,-64.633,-306.08,193.25
34.64,84.8,-206.09,-951.54,590.34
37.87,84.8,-232.63,-1072,663.88
41.25,84.8,-264.24,-1215.2,751.09
44.82,84.8,-260.02,-1196.1,739.41
48.63,84.8,-140.13,-650.74,405.75
69.02,84.8,-236.9,-1099.4,686.67
-69.02,87.31,-323.02,-1480.5,912.34
-62.55,87.31,-211.56,-976.19,605.32
-57.32,87.31,-109.31,-510.58,319.77
-52.75,87.31,0.61549,0.32949,0.89405
22.74,87.31,0.61549,0.32949,0.89405
34.64,87.31,-205.64,-949.48,589.09
37.87,87.31,-302.57,-1388.6,856.6
41.25,87.31,-321.98,-1475.8,909.41
44.82,87.31,-288.62,-1325.4,818.14
48.63,87.31,-160.24,-742.34,461.98
62.55,87.31,-111.07,-518.5,324.61
69.02,87.31,-171.1,-791.91,492.42
-69.02,89.82,-343.88,-1574,968.81
-62.55,89.82,-236.7,-1090.4,675.09
-57.32,89.82,-143.87,-667.85,416.29
25.59,89.82,0.61549,0.32949,0.89405
28.52,89.82,-125.04,-586.85,369.8
34.64,89.82,-231.07,-1068.5,664.42
37.87,89.82,-319.48,-1464.7,902.76
41.25,89.82,-382.64,-1746,1071.8
44.82,89.82,-313.46,-1437.4,886.15
48.63,89.82,-202.19,-933.43,579.12
52.75,89.82,-67.94,-319.57,200.6
62.55,89.82,-116.83,-544.7,340.67
69.02,89.82,-171.64,-794.33,493.9
-69.02,92.33,-366.48,-1674.6,1029.3
-62.55,92.33,-268.48,-1234.4,762.85
-57.32,92.33,-170.13,-787.52,489.74
28.52,92.33,-395.89,-1852.9,1171.2
31.53,92.33,-185.85,-862.57,538.16
34.64,92.33,-268.34,-1241,771.84
37.87,92.33,-331.09,-1516.8,934.3
41.25,92.33,-441.33,-2000.3,1221.3
44.82,92.33,-466.62,-2155.1,1340.6
48.63,92.33,-240.55,-1107.8,685.61
52.75,92.33,-153.23,-710.42,442.39
57.32,92.33,-83.25,-392.21,247.2
62.55,92.33,-153.96,-713.76,444.44
69.02,92.33,-172.83,-799.77,497.24
-69.02,94.84,-391,-1782.9,1093.9
-62.55,94.84,-303.85,-1394.3,860.06
-57.32,94.84,-180.57,-835.11,518.94
25.59,94.84,-198.64,-930.7,587.36
28.52,94.84,-473.94,-2210.5,1392.1
31.53,94.84,-422.04,-1964.9,1233.3
34.64,94.84,-344.09,-1588.7,986.96
37.87,94.84,-478.28,-2206.3,1370.9
41.25,94.84,-488.97,-2217,1355.3
44.82,94.84,-452.84,-2079,1285.2
48.63,94.84,-287.64,-1321,815.43
52.75,94.84,-211.42,-975.42,604.79
57.32,94.84,-149.71,-694.37,432.54
62.55,94.84,-196.26,-906.48,562.62
69.02,94.84,-174.65,-808.09,502.34
-69.02,97.35,-416.86,-1895.5,1160.3
-62.55,97.35,-334.1,-1530.2,942.41
-57.32,97.35,-143.23,-665,414.56
9.16,97.35,16.249,-53.16,79.107
25.59,97.35,-314.62,-1481.3,941.71
28.52,97.35,-480.29,-2240.3,1411.1
31.53,97.35,-568.03,-2642.3,1659.4
34.64,97.35,-360.17,-1651.4,1018.3
37.87,97.35,-577.26,-2662.7,1657
41.25,97.35,-606.99,-2760.5,1696.5
44.82,97.35,-439.38,-2001.7,1227.9
48.63,97.35,-334.07,-1529.9,942.14
52.75,97.35,-265.11,-1219.1,753.41
57.32,97.35,-197.87,-913.77,567.08
62.55,97.35,-237.33,-1093.1,676.7
69.02,97.35,-184.46,-852.78,529.74
-69.02,99.86,-443.51,-2009.9,1226.9
-62.55,99.86,-332.45,-1522.9,937.97
-57.32,99.86,-136.1,-632.55,394.65
25.59,99.86,-249.07,-1161,728.95
28.52,99.86,-511.29,-2382.6,1499.1
31.53,99.86,-630.94,-2930.4,1839.2
34.64,99.86,-438.5,-2002,1230.5
37.87,99.86,-525.38,-2392.1,1469.1
41.25,99.86,-586.51,-2638.7,1605.2
44.82,99.86,-556.83,-2539.3,1562.7
48.63,99.86,-549.42,-2539.7,1583
52.75,99.86,-312.77,-1434.3,884.24
57.32,99.86,-244.4,-1125.2,696.24
62.55,99.86,-275.19,-1264.7,781.19
69.02,99.86,-202.1,-933.09,578.94
-69.02,102.37,-470.65,-2124.2,1292.6
-62.55,102.37,-331.11,-1516.9,934.39
-57.32,102.37,-134.13,-623.6,389.16
25.59,102.37,-240.36,-1119.9,702.64
28.52,102.37,-366.29,-1696.6,1057.9
31.53,102.37,-618.89,-2871.8,1800
34.64,102.37,-542.28,-2468.9,1516.7
37.87,102.37,-569.95,-2571.1,1567.3
41.25,102.37,-635.17,-2843.1,1723.2
44.82,102.37,-653.8,-2976.1,1832.5
48.63,102.37,-645.35,-2977.6,1856.7
52.75,102.37,-355.18,-1624.2,998.89
57.32,102.37,-290.46,-1333.7,823.17
62.55,102.37,-314.16,-1440.5,888.04
69.02,102.37,-224.1,-1033.1,640.09
-69.02,104.88,-497.61,-2236.5,1356.5
-62.55,104.88,-334.28,-1531.2,943
-57.32,104.88,-153.37,-711.24,442.97
6.53,104.88,13.718,-46.885,69.001
25.59,104.88,-361.72,-1694.9,1072.4
28.52,104.88,-305.04,-1411.1,878.43
31.53,104.88,-444.31,-2050.9,1274.6
34.64,104.88,-661.4,-3044.7,1895
37.87,104.88,-557.01,-2487.5,1502.1
41.25,104.88,-652.06,-2895.7,1743.2
44.82,104.88,-582.6,-2609,1580.4
48.63,104.88,-534.83,-2429.5,1489.3
52.75,104.88,-452.45,-2071.1,1276.6
57.32,104.88,-336.22,-1539.6,947.94
62.55,104.88,-352.95,-1614.3,992.94
69.02,104.88,-248.46,-1143.7,707.54
-69.02,107.39,-503.95,-2262.6,1371.2
-62.55,107.39,-345.38,-1580.8,972.96
-57.32,107.39,-192.34,-888.8,551.88
-52.75,107.39,-32.798,-160.76,103.58
25.59,107.39,-290.74,-1370.3,871.9
28.52,107.39,-270.71,-1251.6,778.34
31.53,107.39,-440.44,-2034.4,1265.3
34.64,107.39,-539.89,-2469.5,1523.5
37.87,107.39,-595.68,-2672.9,1622.4
41.25,107.39,-630.24,-2777.6,1659.3
44.82,107.39,-579.35,-2568.9,1541.9
48.63,107.39,-552.91,-2487.3,1511.9
52.75,107.39,-541.25,-2473.6,1524.9
57.32,107.39,-381.24,-1739.7,1068.1
62.55,107.39,-390.79,-1781.8,1093
69.02,107.39,-227.29,-1047.6,648.97
-69.02,109.9,-476.31,-2148.4,1306.7
-62.55,109.9,-363.3,-1660.7,1020.9
-57.32,109.9,-225.95,-1041.7,645.39
-52.75,109.9,-132.28,-615.12,383.95
25.59,109.9,-237.94,-1119.9,711.05
28.52,109.9,-320.68,-1487.6,929.19
31.53,109.9,-515.52,-2392.6,1496.7
34.64,109.9,-580.46,-2663.2,1649.1
37.87,109.9,-645.15,-2910.7,1777.3
41.25,109.9,-707.65,-3147.5,1899.5
44.82,109.9,-634.95,-2809.2,1684.6
48.63,109.9,-631.54,-2832.4,1719.6
52.75,109.9,-557.99,-2529,1547.7
57.32,109.9,-425.27,-1931.5,1181.2
62.55,109.9,-404.83,-1843.1,1129.3
69.02,109.9,-207.92,-959.61,595.18
-69.02,112.41,-448.48,-2031.2,1239.4
-62.55,112.41,-386.56,-1763.6,1082.4
-57.32,112.41,-262.95,-1209.5,747.73
-52.75,112.41,-120.72,-562.53,351.68
6.53,112.41,-0.29919,-11.771,10.544
25.59,112.41,-199.51,-936.89,592.86
28.52,112.41,-322.33,-1495.7,934.47
31.53,112.41,-599.13,-2785.7,1749.7
34.64,112.41,-598.19,-2748.5,1704.8
37.87,112.41,-784.56,-3579.6,2215.7
41.25,112.41,-692.92,-3077.8,1854.5
44.82,112.41,-662.06,-2917.9,1744.2
48.63,112.41,-647.43,-2883.4,1740.2
52.75,112.41,-547.28,-2451.4,1484.1
57.32,112.41,-468.03,-2113.2,1286.3
62.55,112.41,-393.92,-1795.5,1101.2
69.02,112.41,-186.91,-864.02,536.67
-69.02,114.92,-420.51,-1912.1,1170.4
-62.55,114.92,-357.19,-1633.6,1004.7
-57.32,114.92,-248.05,-1142.1,706.63
-52.75,114.92,-82.522,-389.08,245.36
25.59,114.92,-262.46,-1238.6,788.86
28.52,114.92,-269.12,-1244.9,774.62
31.53,114.92,-580.34,-2698.6,1694.3
34.64,114.92,-669.64,-3087.8,1925.4
37.87,114.92,-772.29,-3521.7,2178.2
41.25,114.92,-657.44,-2907.8,1743.9
44.82,114.92,-677.61,-2975.2,1772.7
48.63,114.92,-640.99,-2831.5,1695.6
52.75,114.92,-564.82,-2509.9,1509
57.32,114.92,-509.32,-2284.2,1383.1
62.55,114.92,-377.97,-1725.3,1059.5
69.02,114.92,-163.65,-757.87,471.5
-69.02,117.43,-393.21,-1793,1100
-62.55,117.43,-329.93,-1511.8,931.41
-57.32,117.43,-239.07,-1101.3,681.82
-52.75,117.43,-93.998,-441.14,277.25
22.74,117.43,-115.75,-546.64,346.65
25.59,117.43,-369.81,-1730.1,1092.7
28.52,117.43,-378.46,-1757.8,1099.7
31.53,117.43,-527.6,-2447.4,1530.4
34.64,117.43,-696.73,-3211.3,2003
37.87,117.43,-787.13,-3589.3,2220.7
41.25,117.43,-684.44,-3034.5,1825
44.82,117.43,-711.24,-3121.6,1860.2
48.63,117.43,-678.99,-2993.3,1790.3
52.75,117.43,-636.59,-2826.2,1700.4
57.32,117.43,-671.69,-3043.1,1866.4
62.55,117.43,-365.28,-1669.1,1025.8
69.02,117.43,-148.68,-689.68,429.64
-69.02,119.94,-365.95,-1672.8,1028.3
-62.55,119.94,-306.58,-1406.9,867.84
-57.32,119.94,-188.84,-872.98,542.25
-52.75,119.94,-148.36,-688.44,428.98
17.19,119.94,-168.29,-788.63,497.32
19.94,119.94,-201.47,-945.31,597.64
22.74,119.94,-158.39,-739.34,463.89
25.59,119.94,-285.85,-1322.9,823.7
28.52,119.94,-561.57,-2614,1643.2
31.53,119.94,-575.46,-2664.9,1664.9
34.64,119.94,-718.13,-3301.9,2055.7
37.87,119.94,-731.48,-3312.8,2033.7
41.25,119.94,-713.45,-3168.1,1909.2
44.82,119.94,-711.17,-3118.3,1856.5
48.63,119.94,-702.45,-3092.3,1847.8
52.75,119.94,-658.99,-2914.5,1747.9
57.32,119.94,-687.5,-3122.3,1919.9
62.55,119.94,-356.44,-1629.8,1002.3
69.02,119.94,-135.06,-628.92,392.94
-69.02,122.45,-337.78,-1547.3,952.94
-62.55,122.45,-280.18,-1287.7,795.43
-57.32,122.45,-130.47,-607.14,379.16
-52.75,122.45,-157.44,-729.8,454.38
17.19,122.45,-106.73,-504.19,319.53
19.94,122.45,-226.96,-1054.3,658.78
22.74,122.45,-260.07,-1204,749.84
25.59,122.45,-386,-1790,1117.7
28.52,122.45,-472.08,-2179.8,1355.6
31.53,122.45,-657.37,-3034.6,1893.7
34.64,122.45,-749.38,-3433.1,2131.5
37.87,122.45,-695.74,-3125,1902.5
41.25,122.45,-741.22,-3292.8,1986
44.82,122.45,-707.21,-3107.7,1854
48.63,122.45,-688.88,-3043.6,1824.6
52.75,122.45,-626.48,-2781.5,1673.3
57.32,122.45,-616.39,-2783.9,1700.4
62.55,122.45,-351.94,-1609.7,990.21
69.02,122.45,-103.6,-484.69,303.92
-69.02,124.96,-310.71,-1425.8,879.44
-62.55,124.96,-260.92,-1200.6,742.38
-52.75,124.96,-118.28,-551.51,344.95
14.48,124.96,-109.41,-517.01,327.87
17.19,124.96,-191.57,-888.63,554.15
19.94,124.96,-238.92,-1100.5,681.16
22.74,124.96,-315.18,-1449.9,896.83
25.59,124.96,-413.66,-1908.4,1185
28.52,124.96,-493.95,-2270,1405.5
31.53,124.96,-553.91,-2516.9,1543.7
34.64,124.96,-728.1,-3308,2036.6
37.87,124.96,-692.32,-3091.9,1872.3
41.25,124.96,-721.34,-3210.8,1939.5
44.82,124.96,-723.91,-3207.5,1929.2
48.63,124.96,-620.22,-2736,1635.6
52.75,124.96,-603.7,-2698.4,1632.5
57.32,124.96,-512.8,-2298.4,1391
62.55,124.96,-352,-1610,990.38
69.02,124.96,-95.253,-445.98,279.68
-69.02,127.47,-285.39,-1312,810.58
-62.55,127.47,-225.53,-1040,644.5
11.81,127.47,-99.104,-464.4,291.53
14.48,127.47,-207.47,-962.31,600.26
17.19,127.47,-262.65,-1212.8,753.02
19.94,127.47,-299.41,-1374.6,848.23
22.74,127.47,-405.43,-1859.2,1147.1
25.59,127.47,-629.65,-2914.5,1822.3
28.52,127.47,-640.99,-2946.7,1830.4
31.53,127.47,-592.41,-2688.2,1648.1
34.64,127.47,-571.38,-2563.8,1555.4
37.87,127.47,-652.26,-2935.7,1788.9
41.25,127.47,-677.96,-3033.2,1839.3
44.82,127.47,-727.55,-3251.2,1971.3
48.63,127.47,-601.45,-2670,1605.1
52.75,127.47,-607.35,-2743.7,1675.9
57.32,127.47,-470.76,-2124.7,1292.9
62.55,127.47,-353.34,-1616,993.97
69.02,127.47,-97.995,-458.42,287.31
-69.02,129.98,-263.21,-1211.5,749.23
-62.55,129.98,-188.14,-869.92,540.43
-57.32,129.98,0.98401,0.70963,1.2544
-48.63,129.98,-68.973,-327.25,207.21
11.81,129.98,-157.72,-734.28,459.36
14.48,129.98,-143.26,-665.35,414.86
17.19,129.98,-232.37,-1072.7,665.56
19.94,129.98,-322.31,-1484.6,919.63
22.74,129.98,-343.89,-1582.8,979.87
25.59,129.98,-608.18,-2826.5,1774.4
28.52,129.98,-660.78,-3064.1,1921
31.53,129.98,-679.37,-3133.3,1954.6
34.64,129.98,-629.67,-2882.7,1783.2
37.87,129.98,-625.17,-2842.8,1747.6
41.25,129.98,-740.5,-3369.2,2077.8
44.82,129.98,-668.27,-2993.5,1817
48.63,129.98,-564.79,-2526.2,1528.1
52.75,129.98,-534.49,-2423.1,1482.6
57.32,129.98,-524.57,-2401.9,1482.8
62.55,129.98,-354.83,-1622.6,997.93
69.02,129.98,-104.44,-488.32,306.08
-69.02,132.49,-245.49,-1130.7,699.87
-62.55,132.49,-146.9,-681.99,425.12
-48.63,132.49,-125.28,-583.26,364.4
9.16,132.49,-141.91,-661.34,413.94
17.19,132.49,-341.71,-1595,1004.1
19.94,132.49,-332.41,-1547.2,970.34
22.74,132.49,-265.21,-1224.8,760.57
25.59,132.49,-444.05,-2066.2,1295.5
28.52,132.49,-602.69,-2803.3,1761.9
31.53,132.49,-623.04,-2891.6,1813
34.64,132.49,-576.35,-2661,1657.4
37.87,132.49,-543.19,-2483.8,1532
41.25,132.49,-750.1,-3444.9,2143.9
44.82,132.49,-637.26,-2876.9,1757.4
48.63,132.49,-523.29,-2360.9,1437.9
52.75,132.49,-597.4,-2744.6,1702.3
57.32,132.49,-608.52,-2819.4,1763.9
62.55,132.49,-349.04,-1596.8,982.41
69.02,132.49,-107.06,-500.28,313.44
-69.02,135,-233.88,-1077.9,667.63
-62.55,135,-89.843,-422.45,265.88
6.53,135,-127.92,-595.43,371.94
17.19,135,-143.2,-671.83,423.69
19.94,135,-251.16,-1184,753.22
22.74,135,-343.18,-1608.8,1018.2
25.59,135,-258.1,-1198.4,748.76
28.52,135,-391.25,-1816.6,1135.9
31.53,135,-506.63,-2356.6,1478
34.64,135,-504.52,-2340.5,1463.2
37.87,135,-469.25,-2155.8,1333.8
41.25,135,-658.31,-3037.8,1895.1
44.82,135,-580.54,-2637.2,1618.1
48.63,135,-524.17,-2393,1473.3
52.75,135,-447.73,-2050.3,1264.1
57.32,135,-559.18,-2598.1,1628.9
62.55,135,-313.52,-1438,886.74
69.02,135,-109.32,-510.55,319.73
-69.02,137.51,-230.29,-1061.2,657.16
-48.63,137.51,18.23,-58.549,87.676
6.53,137.51,-138.75,-644.65,402.1
25.59,137.51,-190.32,-890.61,561.02
28.52,137.51,-231.54,-1073.5,669.39
31.53,137.51,-383.69,-1783.5,1116.9
34.64,137.51,-336.86,-1557.9,969.41
37.87,137.51,-405.24,-1869.4,1160.6
41.25,137.51,-473.95,-2182,1353
44.82,137.51,-506.04,-2313.6,1425.8
48.63,137.51,-531.59,-2450.2,1522.5
52.75,137.51,-427.1,-1965,1216.9
57.32,137.51,-412.27,-1910.4,1192.1
62.55,137.51,-354.24,-1637.4,1018.7
69.02,137.51,-111.86,-522.06,326.77
-69.02,140.02,-231.9,-1068.8,661.94
-62.55,140.02,-73.97,-350.41,221.73
-57.32,140.02,-93.839,-440.21,276.59
-1.3,140.02,17.997,-57.921,86.688
1.3,140.02,-199.52,-927.35,579.81
3.91,140.02,-119.79,-559.69,350.87
6.53,140.02,-111.84,-522.18,326.94
22.74,140.02,0.61549,0.32949,0.89405
28.52,140.02,-137.03,-644.94,408.05
31.53,140.02,-320.18,-1496.2,942.84
34.64,140.02,-384.14,-1792.2,1127.6
37.87,140.02,-374.8,-1739.2,1086.7
41.25,140.02,-391.35,-1805,1120.3
44.82,140.02,-470.45,-2166.5,1343.7
48.63,140.02,-476.82,-2205.7,1374.4
52.75,140.02,-423.23,-1958.4,1220.2
57.32,140.02,-466.64,-2175.3,1368.6
62.55,140.02,-394.15,-1833.5,1149.5
69.02,140.02,-113.96,-531.63,332.64
-69.02,142.53,-241.51,-1112.3,688.46
-62.55,142.53,-130.89,-608.84,380.12
-57.32,142.53,-156.64,-726.21,452.19
-1.3,142.53,-228.36,-1067.2,672.03
1.3,142.53,-180.01,-847.29,537.44
22.74,142.53,0.61549,0.32949,0.89405
28.52,142.53,0.91401,0.64272,1.1805
34.64,142.53,-349.86,-1642.2,1041
37.87,142.53,-401.73,-1876.8,1183.6
41.25,142.53,-9.4857,-44.448,27.291
44.82,142.53,-387.82,-1790.2,1112
48.63,142.53,-509.87,-2373.1,1490.1
52.75,142.53,-377.18,-1750,1093.6
57.32,142.53,-322.8,-1503.3,943.66
62.55,142.53,-346.26,-1612.5,1012.2
69.02,142.53,-94.868,-444.92,279.49
-69.02,145.04,-257.84,-1186.3,733.51
-62.55,145.04,-179.69,-831.17,516.54
-57.32,145.04,-169.42,-784.39,487.87
37.87,145.04,-2.1112,-10.734,6.3891
41.25,145.04,-29.384,-129.56,74.69
44.82,145.04,-288.68,-1331.8,826.3
48.63,145.04,-331.56,-1536.1,958.1
52.75,145.04,-265.17,-1229.6,767.39
57.32,145.04,-175.32,-817.14,512.27
62.55,145.04,-237.43,-1103.8,690.79
-69.02,147.55,-256.59,-1180.6,730.02
-62.55,147.55,-222.48,-1025.9,635.68
-57.32,147.55,-162.41,-752.41,468.23
37.87,147.55,18.072,-57.579,86.558
41.25,147.55,-378.79,-1772.1,1119.2
44.82,147.55,-295.03,-1370.4,857.25
48.63,147.55,-286.59,-1331.4,832.58
52.75,147.55,-172.34,-802.51,502.53
57.32,147.55,0.61549,0.32949,0.89405
62.55,147.55,-175.43,-818.46,513.69
-69.02,150.06,-231.51,-1066.8,660.63
-62.55,150.06,-198.61,-917.13,569.13
-57.32,150.06,-120.13,-559.85,350.03
41.25,150.06,-175.14,-822.11,519.35
44.82,150.06,-162.79,-757.95,474.1
48.63,150.06,-159.36,-741.74,463.98
52.75,150.06,0.61549,0.32949,0.89405
-69.02,152.57,-210.56,-971.48,602.38
-62.55,152.57,-177.47,-820.96,510.25
41.25,152.57,12.661,-43.687,64.13
48.63,152.57,-29.066,-138.78,86.954
-69.02,155.08,-196.49,-907.46,563.21
-62.55,155.08,-130.21,-605.53,377.99
44.82,155.08,0.61549,0.32949,0.89405
-69.02,157.59,-192.22,-888.02,551.3
-62.55,157.59,-53.734,-255.7,161.81
-69.02,160.1,-163.45,-756.98,470.95
69.02,160.1,0.61549,0.32949,0.89405
-69.02,162.61,-127.82,-594.72,371.37
-69.02,165.12,-97.6,-457.32,287.09
