region_id,centroid_x,centroid_y,Precipitation,Log Precipitation,Coal Deposits,Evaporites Deposits,Glacial Deposits,Latitude,Longitude,Abs Latitude,Elevation,Sqrt Elevation,ASinh Elevation Sc50,Dist to Shore,Sqrt Dist,ASinh Dist Sc50,Sin Angle Shore,Cos Angle Shore
1,-44.82,-178.75,1.19,0.07,1.0,0.0,0.0,-44.82,-178.75,44.82,0.00,0.00,0.00,0.00,0.00,0.00,-0.14,0.99
2,-41.25,-178.75,1.21,0.08,1.0,0.0,0.0,-41.25,-178.75,41.25,0.00,0.00,0.00,0.00,0.00,0.00,0.80,0.61
3,-14.48,-178.75,2.61,0.42,1.0,0.0,0.0,-14.48,-178.75,14.48,0.00,0.00,0.00,0.00,0.00,0.00,0.79,0.61
4,69.02,-176.24,0.71,-0.15,1.0,0.0,0.0,69.02,-176.24,69.02,406.02,20.15,2.79,113.04,10.63,1.55,-0.26,0.97
5,69.02,-173.73,0.71,-0.15,1.0,0.0,0.0,69.02,-173.73,69.02,278.29,16.68,2.42,109.40,10.46,1.52,0.08,1.00
6,57.32,-153.65,1.19,0.08,1.0,0.0,0.0,57.32,-153.65,57.32,0.00,0.00,0.00,0.00,0.00,0.00,0.55,-0.84
7,69.02,-143.61,0.71,-0.15,1.0,0.0,0.0,69.02,-143.61,69.02,767.17,27.70,3.42,276.77,16.64,2.41,0.08,1.00
8,62.55,-141.10,1.27,0.10,1.0,0.0,0.0,62.55,-141.10,62.55,824.88,28.72,3.50,21.62,4.65,0.42,-0.96,-0.27
9,69.02,-141.10,0.78,-0.11,1.0,0.0,1.0,69.02,-141.10,69.02,775.53,27.85,3.44,275.87,16.61,2.41,0.01,1.00
10,69.02,-136.08,0.71,-0.15,1.0,0.0,0.0,69.02,-136.08,69.02,329.07,18.14,2.58,258.70,16.08,2.35,0.50,0.87
11,69.02,-133.57,0.75,-0.13,1.0,0.0,0.0,69.02,-133.57,69.02,236.42,15.38,2.26,202.46,14.23,2.11,0.56,0.83
12,62.55,-131.06,1.48,0.17,0.0,0.0,1.0,62.55,-131.06,62.55,627.40,25.05,3.22,214.46,14.64,2.16,-0.85,-0.52
13,57.32,-123.53,2.18,0.34,1.0,0.0,0.0,57.32,-123.53,57.32,937.52,30.62,3.63,171.79,13.11,1.95,-0.53,-0.85
14,62.55,-123.53,1.03,0.01,1.0,0.0,0.0,62.55,-123.53,62.55,684.82,26.17,3.31,468.16,21.64,2.93,-0.83,-0.56
15,52.75,-121.02,2.42,0.38,1.0,0.0,0.0,52.75,-121.02,52.75,1327.52,36.44,3.97,107.00,10.34,1.50,-0.63,-0.78
16,41.25,-116.00,0.98,-0.01,1.0,0.0,0.0,41.25,-116.00,41.25,1205.36,34.72,3.88,219.22,14.81,2.18,-0.78,-0.63
17,37.87,-113.49,0.53,-0.28,1.0,0.0,0.0,37.87,-113.49,37.87,1275.69,35.72,3.93,308.58,17.57,2.52,-1.00,0.07
18,44.82,-113.49,1.13,0.05,1.0,0.0,0.0,44.82,-113.49,44.82,823.72,28.70,3.50,449.88,21.21,2.89,-0.95,0.32
19,48.63,-113.49,1.53,0.18,1.0,0.0,0.0,48.63,-113.49,48.63,643.58,25.37,3.25,332.50,18.23,2.59,-1.00,-0.01
20,52.75,-113.49,1.51,0.18,1.0,0.0,0.0,52.75,-113.49,52.75,1244.11,35.27,3.91,456.35,21.36,2.91,-0.92,-0.39
21,34.64,-110.98,0.78,-0.11,0.0,1.0,0.0,34.64,-110.98,34.64,142.33,11.93,1.77,157.02,12.53,1.86,-0.90,-0.45
22,37.87,-110.98,0.80,-0.10,1.0,1.0,1.0,37.87,-110.98,37.87,1301.39,36.07,3.95,451.82,21.26,2.90,-0.31,-0.95
23,41.25,-110.98,0.87,-0.06,0.0,0.0,1.0,41.25,-110.98,41.25,1317.40,36.30,3.96,608.52,24.67,3.19,-0.93,-0.38
24,44.82,-110.98,1.42,0.15,1.0,1.0,0.0,44.82,-110.98,44.82,1876.57,43.32,4.32,639.69,25.29,3.24,-0.97,0.25
25,52.75,-110.98,0.77,-0.12,1.0,0.0,0.0,52.75,-110.98,52.75,1161.72,34.08,3.84,604.86,24.59,3.19,-0.89,-0.46
26,34.64,-108.47,1.05,0.02,0.0,1.0,0.0,34.64,-108.47,34.64,861.59,29.35,3.54,334.35,18.29,2.60,-0.85,-0.53
27,37.87,-108.47,0.81,-0.09,1.0,1.0,0.0,37.87,-108.47,37.87,1236.25,35.16,3.90,563.15,23.73,3.12,-0.66,-0.75
28,44.82,-108.47,1.10,0.04,1.0,1.0,0.0,44.82,-108.47,44.82,1485.25,38.54,4.08,832.10,28.85,3.51,-0.98,0.22
29,48.63,-108.47,0.81,-0.09,1.0,0.0,0.0,48.63,-108.47,48.63,1209.67,34.78,3.88,698.93,26.44,3.33,-0.99,0.12
30,34.64,-105.96,1.05,0.02,0.0,1.0,0.0,34.64,-105.96,34.64,1846.66,42.97,4.30,480.47,21.92,2.96,-0.70,-0.71
31,37.87,-105.96,0.83,-0.08,0.0,1.0,0.0,37.87,-105.96,37.87,1177.30,34.31,3.85,729.43,27.01,3.37,-0.83,-0.56
32,41.25,-105.96,0.97,-0.01,1.0,0.0,0.0,41.25,-105.96,41.25,1523.01,39.03,4.11,990.66,31.47,3.68,-0.61,-0.79
33,44.82,-105.96,1.00,-0.00,1.0,0.0,0.0,44.82,-105.96,44.82,1843.54,42.94,4.30,1004.63,31.70,3.69,-0.88,0.47
34,31.53,-103.45,1.03,0.01,0.0,1.0,0.0,31.53,-103.45,31.53,845.13,29.07,3.52,521.11,22.83,3.04,-0.67,-0.74
35,44.82,-103.45,0.98,-0.01,1.0,0.0,0.0,44.82,-103.45,44.82,1578.84,39.73,4.15,1181.39,34.37,3.86,-0.90,0.43
36,37.87,-100.94,1.17,0.07,0.0,1.0,0.0,37.87,-100.94,37.87,1160.96,34.07,3.84,1055.13,32.48,3.74,-0.77,-0.64
37,34.64,-98.43,1.17,0.07,0.0,1.0,0.0,34.64,-98.43,34.64,765.70,27.67,3.42,757.51,27.52,3.41,0.81,-0.58
38,41.25,-98.43,0.98,-0.01,0.0,1.0,0.0,41.25,-98.43,41.25,806.95,28.41,3.48,1239.60,35.21,3.90,0.71,-0.70
39,48.63,-98.43,0.63,-0.20,1.0,0.0,0.0,48.63,-98.43,48.63,466.25,21.59,2.93,1042.51,32.29,3.73,0.50,0.87
40,31.53,-95.92,1.12,0.05,0.0,1.0,0.0,31.53,-95.92,31.53,296.61,17.22,2.48,358.89,18.94,2.67,0.79,-0.62
41,34.64,-95.92,1.27,0.10,0.0,1.0,0.0,34.64,-95.92,34.64,275.19,16.59,2.41,588.41,24.26,3.16,0.64,-0.77
42,37.87,-95.92,1.23,0.09,0.0,1.0,0.0,37.87,-95.92,37.87,466.04,21.59,2.93,827.73,28.77,3.50,0.78,-0.63
43,41.25,-95.92,0.96,-0.02,1.0,1.0,0.0,41.25,-95.92,41.25,583.97,24.17,3.15,1102.80,33.21,3.79,0.59,-0.81
44,44.82,-95.92,0.76,-0.12,0.0,1.0,0.0,44.82,-95.92,44.82,388.94,19.72,2.75,1360.90,36.89,4.00,0.44,0.90
45,17.19,-93.41,0.85,-0.07,1.0,0.0,0.0,17.19,-93.41,17.19,800.69,28.30,3.47,90.65,9.52,1.36,-0.11,0.99
46,19.94,-93.41,0.60,-0.22,1.0,0.0,0.0,19.94,-93.41,19.94,0.00,0.00,0.00,0.00,0.00,0.00,0.79,0.61
47,37.87,-93.41,1.33,0.12,0.0,1.0,0.0,37.87,-93.41,37.87,261.38,16.17,2.36,672.61,25.93,3.29,0.61,-0.79
48,41.25,-93.41,1.01,0.00,0.0,1.0,0.0,41.25,-93.41,41.25,303.54,17.42,2.50,985.08,31.39,3.67,0.51,-0.86
49,11.81,-83.37,0.61,-0.21,1.0,0.0,0.0,11.81,-83.37,11.81,219.64,14.82,2.19,98.07,9.90,1.43,0.41,-0.91
50,14.48,-83.37,0.60,-0.22,1.0,0.0,0.0,14.48,-83.37,14.48,478.32,21.87,2.95,66.45,8.15,1.10,0.59,-0.81
51,31.53,-83.37,1.11,0.04,1.0,0.0,0.0,31.53,-83.37,31.53,37.82,6.15,0.70,60.27,7.76,1.02,-1.00,-0.05
52,19.94,-78.35,0.42,-0.38,1.0,0.0,0.0,19.94,-78.35,19.94,0.00,0.00,0.00,0.00,0.00,0.00,0.09,-1.00
53,-6.53,-75.84,2.59,0.41,1.0,0.0,0.0,-6.53,-75.84,6.53,445.59,21.11,2.88,250.50,15.83,2.31,-0.74,0.68
54,14.48,-75.84,0.44,-0.36,1.0,0.0,0.0,14.48,-75.84,14.48,0.00,0.00,0.00,0.00,0.00,0.00,-0.30,-0.95
55,-3.91,-73.33,3.14,0.50,0.0,1.0,0.0,-3.91,-73.33,3.91,143.50,11.98,1.78,467.60,21.62,2.93,-0.99,-0.14
56,17.19,-73.33,0.30,-0.53,1.0,0.0,0.0,17.19,-73.33,17.19,0.00,0.00,0.00,0.00,0.00,0.00,0.96,0.28
57,19.94,-73.33,0.22,-0.66,0.0,1.0,0.0,19.94,-73.33,19.94,0.00,0.00,0.00,34.65,5.89,0.65,0.98,0.20
58,-48.63,-70.82,2.31,0.36,0.0,0.0,1.0,-48.63,-70.82,48.63,197.12,14.04,2.08,0.00,0.00,0.00,-0.85,-0.52
59,-44.82,-70.82,1.63,0.21,1.0,0.0,0.0,-44.82,-70.82,44.82,0.00,0.00,0.00,0.00,0.00,0.00,0.94,0.35
60,1.30,-70.82,3.63,0.56,1.0,0.0,0.0,1.30,-70.82,1.30,236.87,15.39,2.26,430.62,20.75,2.85,-0.95,0.31
61,-57.32,-68.31,1.42,0.15,1.0,0.0,0.0,-57.32,-68.31,57.32,0.00,0.00,0.00,0.00,0.00,0.00,0.13,-0.99
62,-19.94,-68.31,0.64,-0.20,0.0,1.0,0.0,-19.94,-68.31,19.94,73.46,8.57,1.18,0.00,0.00,0.00,-0.98,0.21
63,-17.19,-68.31,1.02,0.01,0.0,1.0,0.0,-17.19,-68.31,17.19,950.00,30.82,3.64,267.15,16.34,2.38,-0.27,-0.96
64,-3.91,-68.31,2.84,0.45,1.0,0.0,0.0,-3.91,-68.31,3.91,48.87,6.99,0.87,590.42,24.30,3.16,1.00,0.07
65,6.53,-68.31,1.04,0.02,0.0,1.0,0.0,6.53,-68.31,6.53,363.22,19.06,2.68,93.06,9.65,1.38,-0.82,0.57
66,17.19,-68.31,0.21,-0.67,1.0,1.0,0.0,17.19,-68.31,17.19,0.00,0.00,0.00,0.00,0.00,0.00,0.51,-0.86
67,37.87,-68.31,1.53,0.18,1.0,0.0,0.0,37.87,-68.31,37.87,0.00,0.00,0.00,0.00,0.00,0.00,0.06,-1.00
68,-57.32,-65.80,1.28,0.11,1.0,0.0,0.0,-57.32,-65.80,57.32,99.37,9.97,1.44,0.00,0.00,0.00,0.33,-0.94
69,-28.52,-65.80,0.52,-0.29,1.0,0.0,0.0,-28.52,-65.80,28.52,950.00,30.82,3.64,264.31,16.26,2.37,-1.00,-0.00
70,-25.59,-65.80,0.54,-0.27,0.0,1.0,0.0,-25.59,-65.80,25.59,950.00,30.82,3.64,221.45,14.88,2.19,-1.00,0.04
71,-6.53,-65.80,1.92,0.28,1.0,0.0,0.0,-6.53,-65.80,6.53,35.47,5.96,0.66,352.75,18.78,2.65,0.88,0.48
72,14.48,-65.80,0.35,-0.46,1.0,0.0,0.0,14.48,-65.80,14.48,0.00,0.00,0.00,0.00,0.00,0.00,-0.74,-0.68
73,41.25,-65.80,1.40,0.15,1.0,0.0,0.0,41.25,-65.80,41.25,0.00,0.00,0.00,0.00,0.00,0.00,0.58,-0.82
74,-31.53,-63.29,0.81,-0.09,0.0,1.0,0.0,-31.53,-63.29,31.53,258.90,16.09,2.35,502.35,22.41,3.00,0.99,-0.13
75,-28.52,-63.29,0.74,-0.13,0.0,1.0,0.0,-28.52,-63.29,28.52,949.98,30.82,3.64,493.64,22.22,2.99,-0.95,0.32
76,-25.59,-63.29,0.67,-0.17,0.0,1.0,0.0,-25.59,-63.29,25.59,950.00,30.82,3.64,473.12,21.75,2.94,-1.00,0.00
77,-19.94,-63.29,1.19,0.08,0.0,1.0,0.0,-19.94,-63.29,19.94,950.00,30.82,3.64,495.91,22.27,2.99,-0.99,-0.14
78,-6.53,-63.29,1.98,0.30,1.0,0.0,0.0,-6.53,-63.29,6.53,38.40,6.20,0.71,143.42,11.98,1.78,0.61,0.80
79,6.53,-63.29,0.68,-0.17,1.0,1.0,0.0,6.53,-63.29,6.53,27.11,5.21,0.52,86.78,9.32,1.32,1.00,-0.03
80,14.48,-63.29,0.32,-0.49,1.0,0.0,0.0,14.48,-63.29,14.48,0.00,0.00,0.00,0.00,0.00,0.00,0.10,-0.99
81,-69.02,-60.78,0.47,-0.33,0.0,0.0,1.0,-69.02,-60.78,69.02,0.00,0.00,0.00,0.00,0.00,0.00,0.94,0.34
82,-62.55,-60.78,0.84,-0.07,0.0,0.0,1.0,-62.55,-60.78,62.55,0.00,0.00,0.00,0.00,0.00,0.00,-0.62,0.79
83,-19.94,-60.78,1.13,0.05,0.0,1.0,0.0,-19.94,-60.78,19.94,490.51,22.15,2.98,756.40,27.50,3.41,-0.99,-0.10
84,-37.87,-58.27,0.63,-0.20,1.0,0.0,0.0,-37.87,-58.27,37.87,37.40,6.12,0.69,118.11,10.87,1.59,0.58,0.82
85,-41.25,-55.76,0.70,-0.16,0.0,1.0,0.0,-41.25,-55.76,41.25,0.00,0.00,0.00,0.00,0.00,0.00,0.79,-0.62
86,1.30,-55.76,1.47,0.17,1.0,0.0,0.0,1.30,-55.76,1.30,143.37,11.97,1.78,135.90,11.66,1.73,-0.20,0.98
87,6.53,-55.76,0.87,-0.06,1.0,0.0,0.0,6.53,-55.76,6.53,0.00,0.00,0.00,0.00,0.00,0.00,0.77,0.64
88,-41.25,-53.25,1.08,0.03,1.0,0.0,0.0,-41.25,-53.25,41.25,0.00,0.00,0.00,0.00,0.00,0.00,0.74,-0.68
89,-6.53,-53.25,2.42,0.38,1.0,0.0,0.0,-6.53,-53.25,6.53,150.91,12.28,1.82,219.31,14.81,2.18,-0.63,0.77
90,-1.30,-53.25,2.03,0.31,1.0,0.0,0.0,-1.30,-53.25,1.30,256.73,16.02,2.34,190.85,13.82,2.05,-0.15,-0.99
91,-9.16,-45.72,1.97,0.30,1.0,0.0,0.0,-9.16,-45.72,9.16,200.03,14.14,2.09,378.49,19.45,2.72,-0.38,0.93
92,-6.53,-45.72,2.54,0.41,1.0,0.0,0.0,-6.53,-45.72,6.53,190.90,13.82,2.05,153.63,12.39,1.84,-0.92,0.38
93,-22.74,-40.70,1.17,0.07,1.0,0.0,0.0,-22.74,-40.70,22.74,881.42,29.69,3.56,198.63,14.09,2.09,-0.16,-0.99
94,11.81,-15.60,1.32,0.12,1.0,0.0,0.0,11.81,-15.60,11.81,12.48,3.53,0.25,55.71,7.46,0.96,-0.79,-0.61
95,6.53,-8.07,1.98,0.30,1.0,0.0,0.0,6.53,-8.07,6.53,242.33,15.57,2.28,397.12,19.93,2.77,0.16,-0.99
96,28.52,-8.07,0.13,-0.87,0.0,1.0,0.0,28.52,-8.07,28.52,842.38,29.02,3.52,322.63,17.96,2.56,-0.72,0.69
97,31.53,-8.07,0.10,-1.01,1.0,0.0,0.0,31.53,-8.07,31.53,589.94,24.29,3.16,108.27,10.41,1.52,0.06,1.00
98,37.87,-8.07,0.26,-0.58,1.0,0.0,0.0,37.87,-8.07,37.87,489.11,22.12,2.98,211.65,14.55,2.15,-0.18,-0.98
99,57.32,-8.07,1.24,0.09,1.0,0.0,0.0,57.32,-8.07,57.32,0.00,0.00,0.00,0.00,0.00,0.00,-0.11,0.99
100,28.52,-5.56,0.12,-0.93,1.0,1.0,0.0,28.52,-5.56,28.52,659.75,25.69,3.27,500.88,22.38,3.00,-0.46,0.89
101,31.53,-5.56,0.10,-1.02,1.0,0.0,0.0,31.53,-5.56,31.53,991.07,31.48,3.68,171.81,13.11,1.95,0.30,0.95
102,34.64,-5.56,0.13,-0.89,0.0,1.0,0.0,34.64,-5.56,34.64,0.00,0.00,0.00,0.00,0.00,0.00,-0.05,-1.00
103,37.87,-5.56,0.59,-0.23,0.0,1.0,0.0,37.87,-5.56,37.87,670.91,25.90,3.29,268.29,16.38,2.38,1.00,0.07
104,28.52,-3.05,0.10,-0.99,1.0,0.0,0.0,28.52,-3.05,28.52,584.66,24.18,3.15,500.28,22.37,3.00,-0.08,1.00
105,34.64,-3.05,0.16,-0.79,1.0,1.0,0.0,34.64,-3.05,34.64,0.00,0.00,0.00,0.00,0.00,0.00,-0.81,0.59
106,37.87,-3.05,0.27,-0.57,1.0,1.0,0.0,37.87,-3.05,37.87,100.58,10.03,1.45,49.89,7.06,0.88,0.96,0.29
107,41.25,-3.05,0.59,-0.23,1.0,0.0,0.0,41.25,-3.05,41.25,1247.69,35.32,3.91,114.85,10.72,1.57,-0.69,0.73
108,34.64,-0.54,0.17,-0.76,1.0,0.0,0.0,34.64,-0.54,34.64,0.00,0.00,0.00,40.31,6.35,0.74,0.08,1.00
109,37.87,-0.54,0.26,-0.58,1.0,1.0,0.0,37.87,-0.54,37.87,0.00,0.00,0.00,0.00,0.00,0.00,-0.99,-0.16
110,41.25,-0.54,0.62,-0.21,0.0,1.0,0.0,41.25,-0.54,41.25,995.42,31.55,3.68,130.98,11.44,1.69,0.98,0.22
111,57.32,-0.54,1.12,0.05,1.0,0.0,0.0,57.32,-0.54,57.32,0.00,0.00,0.00,0.00,0.00,0.00,-0.99,-0.13
112,31.53,1.97,0.10,-1.01,1.0,0.0,0.0,31.53,1.97,31.53,651.22,25.52,3.26,198.51,14.09,2.09,0.96,0.27
113,37.87,1.97,0.26,-0.58,0.0,1.0,0.0,37.87,1.97,37.87,0.00,0.00,0.00,0.00,0.00,0.00,0.99,-0.12
114,41.25,1.97,0.66,-0.18,0.0,1.0,0.0,41.25,1.97,41.25,0.00,0.00,0.00,0.00,0.00,0.00,0.97,-0.23
115,48.63,1.97,1.15,0.06,1.0,0.0,0.0,48.63,1.97,48.63,190.62,13.81,2.05,144.67,12.03,1.78,-0.74,0.68
116,28.52,4.48,0.07,-1.17,0.0,1.0,0.0,28.52,4.48,28.52,136.92,11.70,1.73,331.60,18.21,2.59,0.00,1.00
117,37.87,4.48,0.27,-0.56,0.0,1.0,0.0,37.87,4.48,37.87,0.00,0.00,0.00,0.00,0.00,0.00,-0.88,-0.47
118,41.25,4.48,0.59,-0.23,1.0,0.0,0.0,41.25,4.48,41.25,0.00,0.00,0.00,0.00,0.00,0.00,-0.98,0.21
119,48.63,4.48,1.16,0.06,1.0,0.0,0.0,48.63,4.48,48.63,290.76,17.05,2.46,156.47,12.51,1.86,-0.22,0.98
120,1.30,6.99,3.02,0.48,1.0,0.0,0.0,1.30,6.99,1.30,0.00,0.00,0.00,0.00,0.00,0.00,-0.96,0.29
121,3.91,6.99,2.46,0.39,1.0,0.0,0.0,3.91,6.99,3.91,117.87,10.86,1.59,156.85,12.52,1.86,0.00,-1.00
122,44.82,6.99,0.95,-0.02,1.0,1.0,0.0,44.82,6.99,44.82,1180.87,34.36,3.86,91.41,9.56,1.36,0.00,-1.00
123,48.63,6.99,1.04,0.02,1.0,0.0,0.0,48.63,6.99,48.63,253.37,15.92,2.33,265.26,16.29,2.37,-0.81,0.59
124,52.75,6.99,0.97,-0.02,1.0,0.0,0.0,52.75,6.99,52.75,0.53,0.73,0.01,27.95,5.29,0.53,0.01,-1.00
125,-1.30,9.50,2.32,0.36,1.0,0.0,0.0,-1.30,9.50,1.30,398.72,19.97,2.77,221.32,14.88,2.19,-0.76,0.65
126,6.53,9.50,1.50,0.18,1.0,0.0,0.0,6.53,9.50,6.53,460.15,21.45,2.92,499.86,22.36,3.00,-0.45,-0.90
127,31.53,9.50,0.16,-0.80,1.0,0.0,0.0,31.53,9.50,31.53,0.00,0.00,0.00,0.00,0.00,0.00,0.85,0.52
128,37.87,9.50,0.33,-0.49,1.0,0.0,0.0,37.87,9.50,37.87,0.00,0.00,0.00,0.00,0.00,0.00,0.95,-0.32
129,44.82,9.50,0.85,-0.07,1.0,0.0,0.0,44.82,9.50,44.82,0.00,0.00,0.00,0.00,0.00,0.00,0.89,-0.45
130,48.63,9.50,0.83,-0.08,1.0,1.0,0.0,48.63,9.50,48.63,431.61,20.78,2.85,319.26,17.87,2.55,-0.00,1.00
131,25.59,12.01,0.07,-1.13,1.0,0.0,0.0,25.59,12.01,25.59,375.40,19.38,2.71,498.84,22.33,3.00,0.48,0.88
132,28.52,12.01,0.17,-0.77,0.0,1.0,0.0,28.52,12.01,28.52,195.13,13.97,2.07,190.50,13.80,2.05,0.50,0.87
133,37.87,12.01,0.36,-0.44,1.0,0.0,0.0,37.87,12.01,37.87,0.00,0.00,0.00,0.00,0.00,0.00,-0.77,-0.63
134,41.25,12.01,0.67,-0.17,1.0,0.0,0.0,41.25,12.01,41.25,0.00,0.00,0.00,0.00,0.00,0.00,0.84,0.54
135,44.82,12.01,0.73,-0.14,1.0,0.0,0.0,44.82,12.01,44.82,438.10,20.93,2.87,100.14,10.01,1.44,-0.41,-0.91
136,48.63,12.01,0.77,-0.11,1.0,0.0,0.0,48.63,12.01,48.63,479.04,21.89,2.96,265.95,16.31,2.37,0.13,0.99
137,31.53,14.52,0.24,-0.61,1.0,0.0,0.0,31.53,14.52,31.53,0.00,0.00,0.00,0.00,0.00,0.00,0.87,0.50
138,34.64,14.52,0.32,-0.50,1.0,0.0,0.0,34.64,14.52,34.64,0.00,0.00,0.00,0.00,0.00,0.00,0.88,-0.47
139,37.87,14.52,0.39,-0.41,1.0,0.0,0.0,37.87,14.52,37.87,0.00,0.00,0.00,0.00,0.00,0.00,0.95,-0.30
140,41.25,14.52,0.57,-0.24,1.0,0.0,0.0,41.25,14.52,41.25,0.00,0.00,0.00,0.00,0.00,0.00,-0.95,-0.32
141,44.82,14.52,0.59,-0.23,1.0,1.0,0.0,44.82,14.52,44.82,199.18,14.11,2.09,249.34,15.79,2.31,-0.82,-0.58
142,48.63,14.52,0.79,-0.10,1.0,0.0,0.0,48.63,14.52,48.63,333.18,18.25,2.60,301.02,17.35,2.50,-0.47,0.88
143,-31.53,17.03,0.64,-0.20,1.0,0.0,0.0,-31.53,17.03,31.53,486.33,22.05,2.97,192.93,13.89,2.06,-1.00,0.01
144,-28.52,17.03,0.81,-0.09,0.0,1.0,0.0,-28.52,17.03,28.52,504.73,22.47,3.01,337.39,18.37,2.61,-0.87,-0.50
145,-19.94,17.03,1.17,0.07,0.0,1.0,0.0,-19.94,17.03,19.94,534.17,23.11,3.06,640.47,25.31,3.24,-0.89,-0.46
146,25.59,17.03,0.14,-0.85,1.0,0.0,0.0,25.59,17.03,25.59,179.77,13.41,1.99,217.17,14.74,2.17,0.21,0.98
147,34.64,17.03,0.33,-0.49,1.0,0.0,0.0,34.64,17.03,34.64,0.00,0.00,0.00,0.00,0.00,0.00,-0.44,-0.90
148,37.87,17.03,0.40,-0.39,1.0,0.0,0.0,37.87,17.03,37.87,0.00,0.00,0.00,0.00,0.00,0.00,-0.50,-0.87
149,41.25,17.03,0.68,-0.17,1.0,1.0,0.0,41.25,17.03,41.25,1154.58,33.98,3.83,52.94,7.28,0.92,-0.85,-0.53
150,44.82,17.03,0.68,-0.17,1.0,1.0,0.0,44.82,17.03,44.82,38.30,6.19,0.71,278.45,16.69,2.42,0.86,-0.51
151,48.63,17.03,0.82,-0.09,1.0,1.0,0.0,48.63,17.03,48.63,442.08,21.03,2.88,401.70,20.04,2.78,-0.35,0.94
152,-37.87,19.54,0.59,-0.23,1.0,0.0,0.0,-37.87,19.54,37.87,0.00,0.00,0.00,0.00,0.00,0.00,0.02,-1.00
153,-34.64,19.54,0.74,-0.13,1.0,0.0,0.0,-34.64,19.54,34.64,415.35,20.38,2.81,174.42,13.21,1.96,0.49,-0.87
154,37.87,19.54,0.42,-0.38,1.0,0.0,0.0,37.87,19.54,37.87,837.45,28.94,3.51,80.42,8.97,1.25,0.49,0.87
155,41.25,19.54,0.64,-0.19,1.0,0.0,0.0,41.25,19.54,41.25,885.30,29.75,3.57,116.05,10.77,1.58,0.70,-0.72
156,44.82,19.54,0.59,-0.23,1.0,0.0,0.0,44.82,19.54,44.82,395.07,19.88,2.76,151.42,12.31,1.83,0.24,-0.97
157,34.64,22.05,0.32,-0.49,1.0,0.0,0.0,34.64,22.05,34.64,0.00,0.00,0.00,0.00,0.00,0.00,-0.19,-0.98
158,37.87,22.05,0.44,-0.35,1.0,0.0,0.0,37.87,22.05,37.87,0.00,0.00,0.00,0.00,0.00,0.00,0.77,0.64
159,41.25,22.05,0.49,-0.31,1.0,1.0,0.0,41.25,22.05,41.25,508.83,22.56,3.02,83.92,9.16,1.29,-0.06,-1.00
160,44.82,22.05,0.49,-0.31,1.0,1.0,0.0,44.82,22.05,44.82,1325.47,36.41,3.97,157.94,12.57,1.87,0.98,-0.22
161,31.53,24.56,0.18,-0.74,1.0,1.0,0.0,31.53,24.56,31.53,0.00,0.00,0.00,0.00,0.00,0.00,0.03,1.00
162,34.64,24.56,0.31,-0.51,1.0,1.0,0.0,34.64,24.56,34.64,0.00,0.00,0.00,0.00,0.00,0.00,0.03,-1.00
163,37.87,24.56,0.42,-0.38,1.0,1.0,0.0,37.87,24.56,37.87,452.27,21.27,2.90,51.57,7.18,0.90,-0.96,0.28
164,41.25,24.56,0.44,-0.36,1.0,0.0,0.0,41.25,24.56,41.25,185.25,13.61,2.02,45.48,6.74,0.82,0.80,0.60
165,44.82,24.56,0.48,-0.32,1.0,1.0,0.0,44.82,24.56,44.82,0.40,0.63,0.01,36.18,6.01,0.67,-0.14,-0.99
166,48.63,24.56,0.78,-0.11,1.0,0.0,0.0,48.63,24.56,48.63,249.02,15.78,2.31,185.97,13.64,2.02,-0.23,-0.97
167,34.64,27.07,0.31,-0.52,1.0,0.0,0.0,34.64,27.07,34.64,0.00,0.00,0.00,0.00,0.00,0.00,-0.24,-0.97
168,37.87,27.07,0.35,-0.46,1.0,1.0,0.0,37.87,27.07,37.87,1025.52,32.02,3.71,208.19,14.43,2.13,-0.03,-1.00
169,25.59,29.58,0.10,-1.01,0.0,1.0,0.0,25.59,29.58,25.59,482.32,21.96,2.96,173.73,13.18,1.96,0.81,0.59
170,34.64,29.58,0.27,-0.57,1.0,1.0,0.0,34.64,29.58,34.64,0.00,0.00,0.00,0.00,0.00,0.00,0.05,-1.00
171,37.87,29.58,0.31,-0.51,1.0,1.0,0.0,37.87,29.58,37.87,983.65,31.36,3.67,214.48,14.65,2.16,-0.25,-0.97
172,22.74,32.09,0.24,-0.62,0.0,1.0,0.0,22.74,32.09,22.74,366.63,19.15,2.69,359.55,18.96,2.67,0.98,-0.22
173,25.59,32.09,0.12,-0.92,0.0,1.0,0.0,25.59,32.09,25.59,152.68,12.36,1.84,148.88,12.20,1.81,-0.73,0.68
174,31.53,32.09,0.10,-0.99,0.0,1.0,0.0,31.53,32.09,31.53,0.00,0.00,0.00,0.00,0.00,0.00,-0.92,0.40
175,34.64,32.09,0.25,-0.61,1.0,0.0,0.0,34.64,32.09,34.64,0.00,0.00,0.00,0.00,0.00,0.00,0.54,-0.84
176,37.87,32.09,0.27,-0.56,1.0,0.0,0.0,37.87,32.09,37.87,1657.63,40.71,4.19,157.40,12.55,1.86,0.79,-0.61
177,44.82,32.09,0.52,-0.29,1.0,0.0,0.0,44.82,32.09,44.82,0.00,0.00,0.00,0.00,0.00,0.00,0.80,0.60
178,-3.91,34.60,1.59,0.20,0.0,1.0,0.0,-3.91,34.60,3.91,602.02,24.54,3.18,432.19,20.79,2.85,1.00,-0.03
179,22.74,34.60,0.28,-0.55,0.0,1.0,0.0,22.74,34.60,22.74,193.12,13.90,2.06,123.13,11.10,1.63,0.75,-0.66
180,37.87,34.60,0.30,-0.52,1.0,0.0,0.0,37.87,34.60,37.87,442.61,21.04,2.88,79.78,8.93,1.25,0.98,0.18
181,-25.59,37.11,0.66,-0.18,0.0,1.0,0.0,-25.59,37.11,25.59,0.00,0.00,0.00,0.00,0.00,0.00,1.00,-0.02
182,-1.30,37.11,1.30,0.11,0.0,1.0,0.0,-1.30,37.11,1.30,168.21,12.97,1.93,266.03,16.31,2.37,1.00,-0.08
183,9.16,37.11,0.90,-0.05,1.0,0.0,0.0,9.16,37.11,9.16,686.56,26.20,3.31,482.65,21.97,2.96,1.00,0.09
184,11.81,37.11,0.87,-0.06,1.0,0.0,0.0,11.81,37.11,11.81,334.36,18.29,2.60,543.45,23.31,3.08,0.89,-0.47
185,17.19,37.11,0.77,-0.12,1.0,0.0,0.0,17.19,37.11,17.19,166.90,12.92,1.92,174.85,13.22,1.96,-0.98,0.20
186,37.87,37.11,0.31,-0.51,1.0,0.0,0.0,37.87,37.11,37.87,0.00,0.00,0.00,0.00,0.00,0.00,0.97,-0.26
187,41.25,37.11,0.44,-0.35,1.0,0.0,0.0,41.25,37.11,41.25,0.00,0.00,0.00,0.00,0.00,0.00,-0.94,0.35
188,-9.16,39.62,1.87,0.27,1.0,0.0,0.0,-9.16,39.62,9.16,0.00,0.00,0.00,0.00,0.00,0.00,1.00,-0.07
189,-3.91,39.62,1.45,0.16,1.0,1.0,0.0,-3.91,39.62,3.91,0.00,0.00,0.00,0.00,0.00,0.00,0.84,-0.55
190,11.81,39.62,1.13,0.05,0.0,1.0,0.0,11.81,39.62,11.81,190.95,13.82,2.05,328.23,18.12,2.58,0.63,-0.78
191,31.53,39.62,0.14,-0.85,0.0,1.0,0.0,31.53,39.62,31.53,152.46,12.35,1.83,373.86,19.34,2.71,0.46,0.89
192,37.87,39.62,0.30,-0.53,1.0,0.0,0.0,37.87,39.62,37.87,745.24,27.30,3.40,68.78,8.29,1.12,-0.80,-0.60
193,28.52,42.13,0.16,-0.80,0.0,1.0,0.0,28.52,42.13,28.52,150.00,12.25,1.82,393.18,19.83,2.76,0.82,0.57
194,31.53,42.13,0.13,-0.90,0.0,1.0,0.0,31.53,42.13,31.53,150.00,12.25,1.82,206.40,14.37,2.13,0.85,0.53
195,41.25,42.13,0.29,-0.54,1.0,0.0,0.0,41.25,42.13,41.25,0.00,0.00,0.00,0.00,0.00,0.00,0.37,0.93
196,9.16,47.15,1.55,0.19,0.0,1.0,0.0,9.16,47.15,9.16,422.02,20.54,2.83,118.12,10.87,1.59,-0.61,0.79
197,22.74,47.15,0.51,-0.29,0.0,1.0,0.0,22.74,47.15,22.74,150.00,12.25,1.82,532.31,23.07,3.06,0.72,0.69
198,34.64,47.15,0.13,-0.90,0.0,1.0,0.0,34.64,47.15,34.64,750.00,27.39,3.40,191.99,13.86,2.06,-0.32,-0.95
199,6.53,49.66,2.14,0.33,0.0,1.0,0.0,6.53,49.66,6.53,0.00,0.00,0.00,0.00,0.00,0.00,0.76,-0.64
200,34.64,49.66,0.16,-0.80,0.0,1.0,0.0,34.64,49.66,34.64,750.00,27.39,3.40,273.15,16.53,2.40,0.27,0.96
201,52.75,49.66,0.94,-0.03,1.0,0.0,0.0,52.75,49.66,52.75,117.55,10.84,1.59,146.36,12.10,1.80,-0.31,-0.95
202,11.81,52.17,1.67,0.22,0.0,1.0,0.0,11.81,52.17,11.81,0.00,0.00,0.00,0.00,0.00,0.00,0.69,-0.72
203,17.19,52.17,0.79,-0.10,0.0,1.0,0.0,17.19,52.17,17.19,150.00,12.25,1.82,311.20,17.64,2.53,0.80,-0.60
204,19.94,52.17,0.77,-0.11,0.0,1.0,0.0,19.94,52.17,19.94,214.21,14.64,2.16,483.98,22.00,2.97,0.70,0.71
205,34.64,52.17,0.21,-0.68,0.0,1.0,0.0,34.64,52.17,34.64,703.42,26.52,3.34,269.53,16.42,2.39,-0.22,0.97
206,52.75,52.17,1.01,0.00,1.0,0.0,0.0,52.75,52.17,52.75,142.62,11.94,1.77,257.53,16.05,2.34,-0.85,-0.52
207,14.48,54.68,1.03,0.01,0.0,1.0,0.0,14.48,54.68,14.48,0.00,0.00,0.00,0.00,0.00,0.00,0.79,-0.62
208,25.59,57.19,0.44,-0.36,0.0,1.0,0.0,25.59,57.19,25.59,0.00,0.00,0.00,0.00,0.00,0.00,-0.19,-0.98
209,48.63,57.19,0.49,-0.31,1.0,0.0,0.0,48.63,57.19,48.63,107.80,10.38,1.51,170.21,13.05,1.94,1.00,-0.07
210,48.63,59.70,0.45,-0.34,0.0,1.0,0.0,48.63,59.70,48.63,28.05,5.30,0.54,0.00,0.00,0.00,-0.84,0.55
211,31.53,62.21,0.49,-0.31,1.0,0.0,0.0,31.53,62.21,31.53,556.01,23.58,3.10,636.97,25.24,3.24,-0.27,-0.96
212,22.74,64.72,0.83,-0.08,0.0,1.0,0.0,22.74,64.72,22.74,0.00,0.00,0.00,0.00,0.00,0.00,-0.69,-0.72
213,25.59,67.23,0.56,-0.25,0.0,1.0,0.0,25.59,67.23,25.59,50.00,7.07,0.88,361.40,19.01,2.68,-0.77,-0.64
214,34.64,67.23,0.58,-0.23,0.0,1.0,0.0,34.64,67.23,34.64,3715.28,60.95,5.00,1157.11,34.02,3.84,-0.58,-0.81
215,41.25,67.23,0.25,-0.60,0.0,1.0,0.0,41.25,67.23,41.25,1078.79,32.84,3.77,814.36,28.54,3.48,-0.91,0.42
216,25.59,69.74,0.63,-0.20,0.0,1.0,0.0,25.59,69.74,25.59,50.00,7.07,0.88,579.19,24.07,3.14,-0.92,-0.38
217,28.52,69.74,0.62,-0.20,0.0,1.0,0.0,28.52,69.74,28.52,50.00,7.07,0.88,765.32,27.66,3.42,-0.70,-0.71
218,6.53,72.25,2.63,0.42,1.0,0.0,0.0,6.53,72.25,6.53,707.08,26.59,3.34,101.95,10.10,1.46,-0.82,-0.57
219,11.81,72.25,1.99,0.30,1.0,0.0,0.0,11.81,72.25,11.81,356.62,18.88,2.66,361.68,19.02,2.68,-0.83,-0.55
220,31.53,72.25,1.94,0.29,0.0,1.0,0.0,31.53,72.25,31.53,2521.77,50.22,4.61,1174.65,34.27,3.85,-0.67,-0.74
221,6.53,74.76,2.15,0.33,1.0,0.0,0.0,6.53,74.76,6.53,14.78,3.85,0.29,0.00,0.00,0.00,0.99,0.10
222,28.52,74.76,1.89,0.28,0.0,1.0,0.0,28.52,74.76,28.52,50.00,7.07,0.88,1016.52,31.88,3.71,0.59,-0.81
223,44.82,74.76,0.18,-0.75,0.0,1.0,0.0,44.82,74.76,44.82,888.56,29.81,3.57,1232.09,35.10,3.90,-0.91,0.42
224,52.75,74.76,0.39,-0.41,0.0,1.0,0.0,52.75,74.76,52.75,105.23,10.26,1.49,704.55,26.54,3.34,-0.52,0.85
225,-69.02,77.27,0.69,-0.16,0.0,0.0,1.0,-69.02,77.27,69.02,1009.64,31.77,3.70,77.28,8.79,1.22,-0.67,0.74
226,6.53,77.27,2.78,0.44,1.0,0.0,0.0,6.53,77.27,6.53,0.00,0.00,0.00,0.00,0.00,0.00,0.92,-0.40
227,9.16,77.27,2.56,0.41,1.0,0.0,0.0,9.16,77.27,9.16,0.00,0.00,0.00,0.00,0.00,0.00,1.00,0.07
228,25.59,77.27,0.89,-0.05,1.0,0.0,0.0,25.59,77.27,25.59,50.00,7.07,0.88,607.52,24.65,3.19,0.55,-0.83
229,44.82,77.27,0.16,-0.80,0.0,1.0,0.0,44.82,77.27,44.82,720.64,26.84,3.36,1413.06,37.59,4.03,-0.92,0.39
230,-69.02,79.78,0.58,-0.24,0.0,0.0,1.0,-69.02,79.78,69.02,1537.08,39.21,4.12,146.64,12.11,1.80,-0.65,0.76
231,22.74,79.78,1.26,0.10,0.0,1.0,0.0,22.74,79.78,22.74,50.00,7.07,0.88,206.62,14.37,2.13,0.36,-0.93
232,25.59,79.78,1.00,-0.00,1.0,0.0,0.0,25.59,79.78,25.59,50.00,7.07,0.88,515.77,22.71,3.03,0.14,-0.99
233,41.25,82.29,0.05,-1.28,0.0,1.0,0.0,41.25,82.29,41.25,861.13,29.35,3.54,1630.93,40.38,4.18,0.26,-0.97
234,62.55,82.29,0.67,-0.17,0.0,1.0,0.0,62.55,82.29,62.55,109.09,10.44,1.52,164.64,12.83,1.91,0.21,0.98
235,44.82,84.80,0.08,-1.10,0.0,1.0,0.0,44.82,84.80,44.82,949.01,30.81,3.64,1685.99,41.06,4.21,-0.21,0.98
236,28.52,87.31,2.55,0.41,1.0,0.0,0.0,28.52,87.31,28.52,2504.44,50.04,4.61,169.76,13.03,1.94,0.11,-0.99
237,37.87,87.31,0.52,-0.29,0.0,1.0,0.0,37.87,87.31,37.87,4239.37,65.11,5.13,1208.97,34.77,3.88,0.02,-1.00
238,41.25,87.31,0.07,-1.16,0.0,1.0,0.0,41.25,87.31,41.25,732.52,27.07,3.38,1585.01,39.81,4.15,0.01,-1.00
239,17.19,89.82,1.45,0.16,1.0,0.0,0.0,17.19,89.82,17.19,0.00,0.00,0.00,0.00,0.00,0.00,0.93,-0.37
240,22.74,89.82,1.22,0.08,1.0,0.0,0.0,22.74,89.82,22.74,0.00,0.00,0.00,0.00,0.00,0.00,0.79,0.62
241,22.74,92.33,1.16,0.06,1.0,0.0,0.0,22.74,92.33,22.74,450.89,21.23,2.90,139.51,11.81,1.75,-0.98,-0.18
242,28.52,94.84,3.44,0.54,1.0,0.0,0.0,28.52,94.84,28.52,1790.95,42.32,4.27,483.65,21.99,2.97,-0.89,-0.45
243,41.25,94.84,0.15,-0.82,0.0,1.0,0.0,41.25,94.84,41.25,1450.87,38.09,4.06,1547.31,39.34,4.13,1.00,-0.02
244,11.81,97.35,2.06,0.31,0.0,1.0,0.0,11.81,97.35,11.81,0.00,0.00,0.00,0.00,0.00,0.00,0.87,-0.49
245,19.94,97.35,1.42,0.15,1.0,0.0,0.0,19.94,97.35,19.94,369.64,19.23,2.70,124.33,11.15,1.64,0.55,-0.84
246,25.59,97.35,1.79,0.25,1.0,0.0,0.0,25.59,97.35,25.59,1899.03,43.58,4.33,635.56,25.21,3.24,-0.71,-0.70
247,28.52,97.35,3.01,0.48,1.0,0.0,0.0,28.52,97.35,28.52,3302.57,57.47,4.88,712.18,26.69,3.35,-0.96,-0.29
248,6.53,99.86,3.12,0.49,1.0,0.0,0.0,6.53,99.86,6.53,634.53,25.19,3.24,109.05,10.44,1.52,-0.88,0.48
249,9.16,99.86,2.31,0.36,1.0,0.0,0.0,9.16,99.86,9.16,0.00,0.00,0.00,0.00,0.00,0.00,0.79,0.61
250,11.81,99.86,2.01,0.30,1.0,0.0,0.0,11.81,99.86,11.81,0.00,0.00,0.00,0.00,0.00,0.00,-0.80,-0.60
251,14.48,99.86,1.85,0.27,1.0,0.0,0.0,14.48,99.86,14.48,24.50,4.95,0.47,39.35,6.27,0.72,-1.00,0.05
252,22.74,99.86,1.40,0.15,1.0,0.0,0.0,22.74,99.86,22.74,957.22,30.94,3.65,373.57,19.33,2.71,1.00,0.09
253,28.52,99.86,1.42,0.15,1.0,0.0,0.0,28.52,99.86,28.52,1900.91,43.60,4.33,713.29,26.71,3.35,0.52,-0.85
254,31.53,99.86,1.80,0.26,1.0,0.0,0.0,31.53,99.86,31.53,3129.51,55.94,4.83,959.26,30.97,3.65,0.99,0.10
255,37.87,99.86,0.70,-0.15,0.0,1.0,0.0,37.87,99.86,37.87,1397.14,37.38,4.02,1130.14,33.62,3.81,0.85,-0.53
256,41.25,99.86,0.31,-0.50,0.0,1.0,0.0,41.25,99.86,41.25,1304.74,36.12,3.96,1128.46,33.59,3.81,1.00,-0.10
257,3.91,102.37,3.03,0.48,1.0,0.0,0.0,3.91,102.37,3.91,0.00,0.00,0.00,0.00,0.00,0.00,0.67,0.74
258,6.53,102.37,3.12,0.49,1.0,0.0,0.0,6.53,102.37,6.53,0.00,0.00,0.00,0.00,0.00,0.00,1.00,0.03
259,9.16,102.37,2.40,0.38,1.0,0.0,0.0,9.16,102.37,9.16,0.00,0.00,0.00,0.00,0.00,0.00,0.75,0.66
260,22.74,102.37,1.43,0.15,1.0,0.0,0.0,22.74,102.37,22.74,770.24,27.75,3.43,118.41,10.88,1.60,0.98,-0.22
261,25.59,102.37,1.59,0.20,1.0,0.0,0.0,25.59,102.37,25.59,1477.57,38.44,4.08,309.91,17.60,2.52,0.37,-0.93
262,28.52,102.37,1.37,0.14,1.0,0.0,0.0,28.52,102.37,28.52,2135.37,46.21,4.45,623.80,24.98,3.22,0.18,-0.98
263,37.87,102.37,0.86,-0.07,0.0,1.0,0.0,37.87,102.37,37.87,1706.83,41.31,4.22,917.78,30.29,3.60,0.95,-0.30
264,41.25,102.37,0.42,-0.38,0.0,1.0,0.0,41.25,102.37,41.25,1334.64,36.53,3.98,920.27,30.34,3.61,0.99,-0.15
265,-1.30,104.88,2.50,0.40,1.0,0.0,0.0,-1.30,104.88,1.30,52.31,7.23,0.91,36.00,6.00,0.67,0.36,0.93
266,1.30,104.88,2.20,0.34,1.0,0.0,0.0,1.30,104.88,1.30,0.00,0.00,0.00,0.00,0.00,0.00,0.21,0.98
267,6.53,104.88,3.43,0.54,1.0,0.0,0.0,6.53,104.88,6.53,0.00,0.00,0.00,0.00,0.00,0.00,1.00,0.00
268,9.16,104.88,2.92,0.46,1.0,0.0,0.0,9.16,104.88,9.16,0.00,0.00,0.00,0.00,0.00,0.00,0.54,-0.84
269,22.74,104.88,1.41,0.15,1.0,0.0,0.0,22.74,104.88,22.74,72.37,8.51,1.17,0.00,0.00,0.00,-0.37,-0.93
270,25.59,104.88,1.58,0.20,1.0,0.0,0.0,25.59,104.88,25.59,548.40,23.42,3.09,284.21,16.86,2.44,0.58,-0.81
271,6.53,107.39,3.62,0.56,1.0,0.0,0.0,6.53,107.39,6.53,0.00,0.00,0.00,0.00,0.00,0.00,-0.17,0.99
272,14.48,107.39,2.88,0.46,1.0,0.0,0.0,14.48,107.39,14.48,0.00,0.00,0.00,0.00,0.00,0.00,1.00,-0.05
273,19.94,107.39,1.87,0.27,1.0,0.0,0.0,19.94,107.39,19.94,230.21,15.17,2.23,49.97,7.07,0.88,0.22,-0.98
274,22.74,107.39,1.32,0.12,1.0,0.0,0.0,22.74,107.39,22.74,0.00,0.00,0.00,0.00,0.00,0.00,0.43,-0.90
275,25.59,107.39,1.23,0.09,1.0,0.0,0.0,25.59,107.39,25.59,75.01,8.66,1.19,121.85,11.04,1.62,0.09,-1.00
276,28.52,107.39,1.27,0.10,1.0,0.0,0.0,28.52,107.39,28.52,486.88,22.07,2.97,334.83,18.30,2.60,0.75,0.67
277,31.53,107.39,1.28,0.11,1.0,0.0,0.0,31.53,107.39,31.53,719.67,26.83,3.36,246.96,15.71,2.30,1.00,-0.00
278,57.32,107.39,0.88,-0.06,1.0,0.0,0.0,57.32,107.39,57.32,1074.02,32.77,3.76,1289.80,35.91,3.94,-0.87,0.50
279,-3.91,109.90,3.59,0.56,1.0,0.0,0.0,-3.91,109.90,3.91,0.00,0.00,0.00,0.00,0.00,0.00,-0.06,1.00
280,11.81,109.90,3.76,0.57,1.0,0.0,0.0,11.81,109.90,11.81,0.00,0.00,0.00,0.00,0.00,0.00,0.92,-0.39
281,22.74,109.90,1.46,0.16,1.0,0.0,0.0,22.74,109.90,22.74,0.00,0.00,0.00,0.00,0.00,0.00,-0.11,-0.99
282,25.59,109.90,1.20,0.08,1.0,0.0,0.0,25.59,109.90,25.59,132.87,11.53,1.70,128.25,11.32,1.67,0.86,-0.51
283,57.32,109.90,0.87,-0.06,1.0,0.0,0.0,57.32,109.90,57.32,1110.57,33.33,3.79,1213.28,34.83,3.88,0.52,0.85
284,-34.64,112.41,0.82,-0.09,1.0,0.0,0.0,-34.64,112.41,34.64,511.92,22.63,3.02,276.95,16.64,2.41,-0.97,0.24
285,-3.91,112.41,3.80,0.58,1.0,0.0,0.0,-3.91,112.41,3.91,0.00,0.00,0.00,0.00,0.00,0.00,0.25,0.97
286,3.91,112.41,3.21,0.51,1.0,0.0,0.0,3.91,112.41,3.91,152.29,12.34,1.83,158.00,12.57,1.87,-0.64,0.77
287,6.53,112.41,3.75,0.57,1.0,0.0,0.0,6.53,112.41,6.53,0.00,0.00,0.00,0.00,0.00,0.00,-0.74,0.67
288,-1.30,114.92,2.33,0.37,1.0,0.0,0.0,-1.30,114.92,1.30,0.00,0.00,0.00,0.00,0.00,0.00,0.81,-0.58
289,3.91,114.92,3.36,0.53,1.0,0.0,0.0,3.91,114.92,3.91,759.20,27.55,3.41,136.04,11.66,1.73,0.88,0.48
290,6.53,114.92,3.74,0.57,1.0,0.0,0.0,6.53,114.92,6.53,1369.65,37.01,4.00,70.51,8.40,1.14,-0.67,0.75
291,28.52,114.92,1.08,0.03,1.0,0.0,0.0,28.52,114.92,28.52,441.99,21.02,2.88,169.89,13.03,1.94,-0.24,0.97
292,-1.30,117.43,2.32,0.37,1.0,0.0,0.0,-1.30,117.43,1.30,0.00,0.00,0.00,34.42,5.87,0.64,0.21,0.98
293,1.30,117.43,2.16,0.33,1.0,0.0,0.0,1.30,117.43,1.30,0.00,0.00,0.00,0.00,0.00,0.00,0.34,-0.94
294,3.91,117.43,2.92,0.47,1.0,0.0,0.0,3.91,117.43,3.91,0.00,0.00,0.00,0.00,0.00,0.00,0.72,0.70
295,6.53,117.43,3.69,0.57,1.0,0.0,0.0,6.53,117.43,6.53,0.00,0.00,0.00,0.00,0.00,0.00,0.63,0.77
296,28.52,117.43,1.13,0.05,1.0,0.0,0.0,28.52,117.43,28.52,504.33,22.46,3.01,79.86,8.94,1.25,0.69,-0.72
297,34.64,117.43,1.17,0.07,1.0,0.0,0.0,34.64,117.43,34.64,0.00,0.00,0.00,0.00,0.00,0.00,0.30,0.95
298,41.25,117.43,1.32,0.12,1.0,0.0,0.0,41.25,117.43,41.25,0.00,0.00,0.00,0.00,0.00,0.00,0.80,-0.60
299,-31.53,119.94,1.09,0.04,1.0,0.0,0.0,-31.53,119.94,31.53,421.39,20.53,2.83,578.80,24.06,3.14,-0.50,0.86
300,6.53,119.94,3.56,0.55,1.0,0.0,0.0,6.53,119.94,6.53,0.00,0.00,0.00,0.00,0.00,0.00,0.22,-0.98
301,17.19,119.94,2.85,0.45,1.0,0.0,0.0,17.19,119.94,17.19,0.00,0.00,0.00,0.00,0.00,0.00,-0.99,0.12
302,28.52,119.94,1.02,0.01,1.0,0.0,0.0,28.52,119.94,28.52,0.00,0.00,0.00,0.00,0.00,0.00,0.93,-0.36
303,34.64,119.94,0.99,-0.00,1.0,0.0,0.0,34.64,119.94,34.64,0.00,0.00,0.00,0.00,0.00,0.00,0.91,0.41
304,-1.30,122.45,2.33,0.37,1.0,0.0,0.0,-1.30,122.45,1.30,0.00,0.00,0.00,0.00,0.00,0.00,0.35,0.93
305,9.16,122.45,4.03,0.61,1.0,0.0,0.0,9.16,122.45,9.16,0.00,0.00,0.00,0.00,0.00,0.00,-0.96,0.28
306,28.52,122.45,1.07,0.03,1.0,0.0,0.0,28.52,122.45,28.52,0.00,0.00,0.00,0.00,0.00,0.00,0.78,-0.62
307,37.87,122.45,1.09,0.04,1.0,0.0,0.0,37.87,122.45,37.87,0.00,0.00,0.00,0.00,0.00,0.00,0.49,-0.87
308,57.32,124.96,0.88,-0.05,1.0,0.0,0.0,57.32,124.96,57.32,481.70,21.95,2.96,545.57,23.36,3.09,1.00,0.00
309,37.87,127.47,1.34,0.13,1.0,0.0,0.0,37.87,127.47,37.87,301.50,17.36,2.50,58.76,7.67,1.00,-0.71,-0.70
310,41.25,127.47,1.18,0.07,1.0,0.0,0.0,41.25,127.47,41.25,0.00,0.00,0.00,0.00,0.00,0.00,-0.02,1.00
311,44.82,127.47,1.14,0.06,1.0,0.0,0.0,44.82,127.47,44.82,453.23,21.29,2.90,88.62,9.41,1.34,0.92,-0.40
312,57.32,127.47,1.02,0.01,1.0,0.0,0.0,57.32,127.47,57.32,783.09,27.98,3.45,394.89,19.87,2.76,1.00,-0.04
313,-11.81,129.98,2.48,0.39,1.0,0.0,0.0,-11.81,129.98,11.81,0.00,0.00,0.00,0.00,0.00,0.00,0.93,0.38
314,-1.30,129.98,2.11,0.32,1.0,0.0,0.0,-1.30,129.98,1.30,0.00,0.00,0.00,0.00,0.00,0.00,0.99,-0.12
315,3.91,129.98,2.47,0.39,1.0,0.0,0.0,3.91,129.98,3.91,0.00,0.00,0.00,0.00,0.00,0.00,0.56,0.83
316,6.53,129.98,3.70,0.57,1.0,0.0,0.0,6.53,129.98,6.53,0.00,0.00,0.00,0.00,0.00,0.00,0.80,0.60
317,9.16,129.98,4.02,0.60,1.0,0.0,0.0,9.16,129.98,9.16,0.00,0.00,0.00,0.00,0.00,0.00,0.99,-0.16
318,34.64,129.98,1.61,0.21,1.0,0.0,0.0,34.64,129.98,34.64,194.37,13.94,2.07,49.61,7.04,0.88,0.95,-0.31
319,37.87,129.98,1.46,0.17,1.0,0.0,0.0,37.87,129.98,37.87,0.00,0.00,0.00,0.00,0.00,0.00,-0.68,0.73
320,44.82,129.98,0.90,-0.05,1.0,0.0,0.0,44.82,129.98,44.82,0.00,0.00,0.00,0.00,0.00,0.00,0.89,-0.46
321,48.63,129.98,0.95,-0.02,1.0,0.0,0.0,48.63,129.98,48.63,76.43,8.74,1.21,103.11,10.15,1.47,-0.34,0.94
322,52.75,129.98,1.07,0.03,1.0,0.0,0.0,52.75,129.98,52.75,708.10,26.61,3.34,307.32,17.53,2.52,0.90,-0.43
323,69.02,129.98,0.44,-0.36,1.0,0.0,0.0,69.02,129.98,69.02,298.16,17.27,2.49,346.36,18.61,2.63,-1.00,-0.10
324,3.91,132.49,2.44,0.39,1.0,0.0,0.0,3.91,132.49,3.91,0.00,0.00,0.00,0.00,0.00,0.00,0.84,0.54
325,6.53,132.49,3.77,0.58,1.0,0.0,0.0,6.53,132.49,6.53,0.00,0.00,0.00,0.00,0.00,0.00,0.63,0.77
326,37.87,132.49,1.65,0.22,1.0,0.0,0.0,37.87,132.49,37.87,0.00,0.00,0.00,0.00,0.00,0.00,-0.01,1.00
327,48.63,132.49,0.99,-0.00,1.0,0.0,0.0,48.63,132.49,48.63,138.78,11.78,1.74,103.62,10.18,1.48,0.35,0.94
328,-34.64,135.00,0.76,-0.12,0.0,1.0,0.0,-34.64,135.00,34.64,18.67,4.32,0.37,131.81,11.48,1.70,0.68,-0.73
329,-28.52,135.00,1.09,0.04,1.0,0.0,0.0,-28.52,135.00,28.52,167.06,12.93,1.92,296.74,17.23,2.48,0.34,0.94
330,-19.94,135.00,1.27,0.10,1.0,0.0,0.0,-19.94,135.00,19.94,0.00,0.00,0.00,0.00,0.00,0.00,1.00,0.04
331,37.87,135.00,1.72,0.24,1.0,0.0,0.0,37.87,135.00,37.87,248.85,15.77,2.31,46.54,6.82,0.83,-0.95,0.31
332,69.02,135.00,0.52,-0.28,1.0,0.0,0.0,69.02,135.00,69.02,388.13,19.70,2.75,311.20,17.64,2.53,0.91,0.41
333,-37.87,137.51,0.82,-0.09,1.0,0.0,0.0,-37.87,137.51,37.87,0.00,0.00,0.00,0.00,0.00,0.00,-0.72,-0.69
334,6.53,137.51,3.90,0.59,1.0,0.0,0.0,6.53,137.51,6.53,0.00,0.00,0.00,0.00,0.00,0.00,0.87,0.50
335,41.25,137.51,1.69,0.23,1.0,0.0,0.0,41.25,137.51,41.25,0.00,0.00,0.00,0.00,0.00,0.00,-0.95,0.32
336,48.63,137.51,1.12,0.05,1.0,0.0,0.0,48.63,137.51,48.63,0.00,0.00,0.00,0.00,0.00,0.00,0.67,-0.74
337,52.75,137.51,1.21,0.08,1.0,0.0,0.0,52.75,137.51,52.75,891.12,29.85,3.57,104.05,10.20,1.48,0.97,-0.26
338,-28.52,140.02,1.11,0.05,1.0,0.0,0.0,-28.52,140.02,28.52,184.46,13.58,2.02,344.15,18.55,2.63,-0.59,0.81
339,41.25,140.02,1.70,0.23,1.0,0.0,0.0,41.25,140.02,41.25,433.31,20.82,2.86,48.76,6.98,0.86,0.82,-0.58
340,44.82,140.02,1.57,0.20,1.0,0.0,0.0,44.82,140.02,44.82,0.00,0.00,0.00,35.87,5.99,0.67,-0.06,-1.00
341,48.63,140.02,1.07,0.03,1.0,0.0,0.0,48.63,140.02,48.63,0.00,0.00,0.00,0.00,0.00,0.00,-0.93,0.38
342,-41.25,142.53,0.99,-0.00,1.0,0.0,0.0,-41.25,142.53,41.25,29.11,5.40,0.55,229.00,15.13,2.23,-0.94,0.35
343,44.82,142.53,1.76,0.25,1.0,0.0,0.0,44.82,142.53,44.82,0.00,0.00,0.00,35.92,5.99,0.67,-0.08,-1.00
344,48.63,142.53,1.30,0.11,1.0,0.0,1.0,48.63,142.53,48.63,0.00,0.00,0.00,0.00,0.00,0.00,1.00,0.08
345,52.75,142.53,1.04,0.02,1.0,0.0,1.0,52.75,142.53,52.75,0.00,0.00,0.00,0.00,0.00,0.00,0.79,0.62
346,57.32,142.53,0.94,-0.03,1.0,0.0,1.0,57.32,142.53,57.32,0.00,0.00,0.00,0.00,0.00,0.00,0.74,0.67
347,-41.25,145.04,1.13,0.05,1.0,0.0,0.0,-41.25,145.04,41.25,233.84,15.29,2.25,355.53,18.86,2.66,0.91,-0.41
348,-11.81,145.04,3.53,0.55,1.0,0.0,0.0,-11.81,145.04,11.81,0.00,0.00,0.00,0.00,0.00,0.00,0.14,-0.99
349,9.16,145.04,3.77,0.58,1.0,0.0,0.0,9.16,145.04,9.16,0.00,0.00,0.00,0.00,0.00,0.00,0.91,0.42
350,48.63,145.04,1.61,0.21,1.0,0.0,0.0,48.63,145.04,48.63,0.00,0.00,0.00,0.00,0.00,0.00,-0.99,0.12
351,-28.52,147.55,1.18,0.07,1.0,0.0,0.0,-28.52,147.55,28.52,0.00,0.00,0.00,0.00,0.00,0.00,1.00,-0.01
352,-14.48,147.55,2.74,0.44,1.0,0.0,0.0,-14.48,147.55,14.48,0.00,0.00,0.00,0.00,0.00,0.00,0.46,-0.89
353,-41.25,150.06,0.95,-0.02,1.0,0.0,0.0,-41.25,150.06,41.25,0.00,0.00,0.00,0.00,0.00,0.00,0.95,0.30
354,-34.64,152.57,1.45,0.16,1.0,0.0,0.0,-34.64,152.57,34.64,0.00,0.00,0.00,0.00,0.00,0.00,0.92,0.38
355,-28.52,152.57,1.02,0.01,0.0,1.0,0.0,-28.52,152.57,28.52,0.00,0.00,0.00,0.00,0.00,0.00,-0.90,-0.44
356,62.55,152.57,0.94,-0.03,1.0,0.0,0.0,62.55,152.57,62.55,862.67,29.37,3.54,77.97,8.83,1.23,0.62,-0.79
357,62.55,155.08,1.02,0.01,1.0,0.0,0.0,62.55,155.08,62.55,487.22,22.07,2.97,47.32,6.88,0.84,0.99,-0.12
358,69.02,155.08,0.54,-0.27,1.0,0.0,0.0,69.02,155.08,69.02,155.24,12.46,1.85,23.40,4.84,0.45,-1.00,-0.09
359,-1.30,157.59,1.04,0.02,1.0,0.0,0.0,-1.30,157.59,1.30,0.00,0.00,0.00,0.00,0.00,0.00,-0.66,0.75
360,57.32,157.59,1.44,0.16,1.0,0.0,1.0,57.32,157.59,57.32,137.26,11.72,1.73,146.94,12.12,1.80,0.80,-0.61
361,-1.30,162.61,0.94,-0.02,1.0,0.0,0.0,-1.30,162.61,1.30,0.00,0.00,0.00,0.00,0.00,0.00,-0.24,0.97
362,62.55,165.12,1.08,0.03,0.0,0.0,1.0,62.55,165.12,62.55,6.54,2.56,0.13,20.14,4.49,0.39,0.96,-0.29
363,-9.16,170.14,3.97,0.60,1.0,0.0,0.0,-9.16,170.14,9.16,0.00,0.00,0.00,0.00,0.00,0.00,0.66,0.75
364,-44.82,175.16,1.21,0.08,1.0,0.0,0.0,-44.82,175.16,44.82,0.00,0.00,0.00,0.00,0.00,0.00,0.34,-0.94
365,-37.87,175.16,1.27,0.10,1.0,0.0,0.0,-37.87,175.16,37.87,0.00,0.00,0.00,0.00,0.00,0.00,0.19,0.98
366,-44.82,177.67,1.08,0.03,1.0,0.0,0.0,-44.82,177.67,44.82,346.25,18.61,2.63,56.72,7.53,0.97,-0.94,-0.35
367,-41.25,177.67,1.38,0.14,1.0,0.0,0.0,-41.25,177.67,41.25,0.00,0.00,0.00,0.00,0.00,0.00,0.10,0.99
