-45.32,-178.5,1,0,0
-13.71,-178.5,1,0,0
67.4,-178.5,0.94078,0.021297,0.053348
67.4,-175.5,1,0,0
67.4,-172.5,1,0,0
67.4,-169.5,0.9506,0.010502,0.069532
67.4,-166.5,0.95633,0.0062194,0.076188
67.4,-163.5,0.96003,0.0042878,0.088928
67.4,-160.5,0.96154,0.0034713,0.10527
67.4,-157.5,0.95834,0.0035777,0.10105
60.42,-154.5,0.90289,0.010773,0.087175
67.4,-154.5,0.95107,0.004349,0.095908
60.42,-151.5,1,0,0
67.4,-151.5,0.95213,0.0045582,0.086548
67.4,-148.5,0.94706,0.0064591,0.092813
67.4,-145.5,1,0,0
67.4,-142.5,1,0,1
67.4,-139.5,1,0,0
67.4,-136.5,1,0,0
67.4,-133.5,1,0,0
60.42,-130.5,0,0,1
67.4,-130.5,0,0,1
60.42,-127.5,0.66065,0.0056952,0.39414
67.4,-127.5,0.67321,0.0033575,0.21776
54.75,-124.5,0.9235,0.0026445,0.12226
60.42,-124.5,1,0,0
67.4,-124.5,0.71499,0.0020229,0.14506
54.75,-121.5,1,0,0
60.42,-121.5,0.57285,0.011589,0.14735
67.4,-121.5,0.65854,0.0035874,0.12174
45.32,-118.5,0.82594,0.029074,0.090659
49.8,-118.5,0.9122,0.019944,0.084436
54.75,-118.5,0.9388,0.0054452,0.044249
60.42,-118.5,0.54741,0.017865,0.10324
67.4,-118.5,0.62869,0.0056002,0.10596
41.17,-115.5,1,0,0
45.32,-115.5,0.73246,0.091579,0.046837
49.8,-115.5,1,0,0
54.75,-115.5,0.93007,0.0089853,0.022706
60.42,-115.5,0.58658,0.019059,0.054182
67.4,-115.5,0.64216,0.0062399,0.073269
33.57,-112.5,0,1,0
37.27,-112.5,1,0,1
41.17,-112.5,0,0,1
45.32,-112.5,1,0,0
49.8,-112.5,0.90297,0.0371,0.010769
54.75,-112.5,1,0,0
60.42,-112.5,0.60962,0.023259,0.02918
67.4,-112.5,0.66234,0.0068349,0.045721
30.02,-109.5,0.15901,0.8922,0.03055
33.57,-109.5,0,1,0
37.27,-109.5,1,1,1
41.17,-109.5,0.60049,0.14762,0.12479
45.32,-109.5,0,1,0
49.8,-109.5,0.84645,0.060412,0.0022083
54.75,-109.5,0.82929,0.040557,0.011393
60.42,-109.5,0.63047,0.027428,0.017552
67.4,-109.5,0.67946,0.0079293,0.027744
26.59,-106.5,0.3748,0.6331,0.011365
30.02,-106.5,0.25468,0.83462,0.018538
33.57,-106.5,0,1,0
37.27,-106.5,0,1,0
41.17,-106.5,1,0,0
45.32,-106.5,1,0,0
49.8,-106.5,0.7399,0.12459,0.0021742
54.75,-106.5,0.79934,0.046425,0.0058236
60.42,-106.5,0.64162,0.033747,0.011103
67.4,-106.5,0.69659,0.0091736,0.017182
26.59,-103.5,0.58433,0.43695,0.0069805
30.02,-103.5,0,1,0
33.57,-103.5,0,1,0
37.27,-103.5,0.12875,0.96842,0.033119
41.17,-103.5,0.27162,0.70332,0.019851
45.32,-103.5,0.45957,0.55009,0.003701
49.8,-103.5,0.69625,0.15396,0.0012503
54.75,-103.5,0.7653,0.057817,0.0033369
60.42,-103.5,0.64332,0.04335,0.0073702
67.4,-103.5,0.71029,0.010976,0.010823
23.26,-100.5,0.83026,0.12861,0.0075396
26.59,-100.5,0.60795,0.41519,0.0035232
30.02,-100.5,0.29005,0.81092,0.0088115
33.57,-100.5,0.058852,0.98127,0.0037177
37.27,-100.5,0,1,0
41.17,-100.5,0.20679,0.82476,0.011665
45.32,-100.5,1,0,0
49.8,-100.5,0.64759,0.19431,0.00095466
54.75,-100.5,0.72849,0.07554,0.0021751
60.42,-100.5,0.63822,0.056674,0.005221
67.4,-100.5,0.72053,0.013485,0.0070514
20.01,-97.5,0.90345,0.050049,0.009922
23.26,-97.5,0.84254,0.1199,0.0050173
26.59,-97.5,0.65577,0.33768,0.0070252
30.02,-97.5,0.28344,0.79398,0.0095938
33.57,-97.5,0.12443,0.94274,0.0051369
37.27,-97.5,0,1,0
41.17,-97.5,0,1,0
45.32,-97.5,0.4163,0.56326,0.0038074
49.8,-97.5,0.6009,0.24188,0.00088989
54.75,-97.5,0.69061,0.10038,0.0016585
60.42,-97.5,0.62843,0.073991,0.0040007
67.4,-97.5,0.72769,0.016844,0.0048123
16.83,-94.5,1,0,0
20.01,-94.5,1,0,0
33.57,-94.5,0.24229,0.83697,0.0097236
37.27,-94.5,0.17634,0.89273,0.0063793
41.17,-94.5,0.27104,0.76632,0.0047974
45.32,-94.5,0,1,0
49.8,-94.5,0.55959,0.29348,0.00091771
54.75,-94.5,0.65354,0.1323,0.0014585
60.42,-94.5,0.61562,0.095291,0.003315
67.4,-94.5,0.73451,0.020567,0.0034551
16.83,-91.5,0.91674,0.044664,0.0027711
33.57,-91.5,0.39161,0.66427,0.014581
37.27,-91.5,0.27474,0.79056,0.0037994
41.17,-91.5,0.33853,0.68684,0.0018986
45.32,-91.5,0.48347,0.43318,0.0020586
49.8,-91.5,0.55297,0.3046,0.00082962
54.75,-91.5,0.61894,0.17022,0.0014211
60.42,-91.5,0.6331,0.095583,0.0025511
67.4,-91.5,0.77102,0.016244,0.0024231
16.83,-88.5,0.93489,0.040025,0.00071848
33.57,-88.5,0.52061,0.50185,0.01073
37.27,-88.5,0.38333,0.66286,0.0017861
41.17,-88.5,0.41681,0.58858,0.00074292
45.32,-88.5,0.52074,0.3883,0.00077105
49.8,-88.5,0.6053,0.23888,0.00051721
54.75,-88.5,0.61412,0.18302,0.0012417
60.42,-88.5,0.68213,0.073405,0.0016754
67.4,-88.5,0.80322,0.012858,0.0017126
13.71,-85.5,1,0,0
16.83,-85.5,0.92416,0.058853,0.00049255
23.26,-85.5,0.77473,0.17226,0.0018641
30.02,-85.5,1,0,0
33.57,-85.5,0.61459,0.38267,0.0044256
37.27,-85.5,0.4916,0.52807,0.00081434
41.17,-85.5,0.49896,0.48571,0.00031896
45.32,-85.5,0.59144,0.30095,0.00040623
49.8,-85.5,0.65976,0.17963,0.00032676
54.75,-85.5,0.65834,0.14617,0.00077856
60.42,-85.5,0.73065,0.053392,0.001051
67.4,-85.5,0.83097,0.010281,0.0012306
10.62,-82.5,1,0,0
33.57,-82.5,0.75387,0.21397,0.0071955
37.27,-82.5,0.61317,0.3729,0.00075618
41.17,-82.5,0.61479,0.33694,0.00030287
45.32,-82.5,0.67723,0.20318,0.00030974
49.8,-82.5,0.71055,0.13278,0.00022193
54.75,-82.5,0.70417,0.11166,0.00046574
60.42,-82.5,0.77682,0.036731,0.00064792
67.4,-82.5,0.85637,0.0080343,0.00090614
37.27,-79.5,0.77961,0.17927,0.0021121
41.17,-79.5,0.72368,0.20623,0.00052699
45.32,-79.5,0.75002,0.13309,0.00032435
49.8,-79.5,0.75774,0.095749,0.00016508
54.75,-79.5,0.74916,0.081661,0.00028108
60.42,-79.5,0.81926,0.023936,0.00041238
67.4,-79.5,0.88072,0.0059358,0.00069646
-4.53,-76.5,0.79474,0.19251,0.0043468
-1.51,-76.5,0.80387,0.16758,0.0019268
20.01,-76.5,1,0,0
37.27,-76.5,0.8692,0.090257,0.0071879
41.17,-76.5,0.80524,0.121,0.0012376
45.32,-76.5,0.80389,0.090238,0.00040186
49.8,-76.5,0.80444,0.064106,0.00013999
54.75,-76.5,0.7911,0.057529,0.00018099
60.42,-76.5,0.85693,0.014855,0.00028541
67.4,-76.5,0.90159,0.0043749,0.00056894
-10.62,-73.5,0.75831,0.19559,0.0026361
-7.56,-73.5,1,0,0
-4.53,-73.5,0,1,0
-1.51,-73.5,0.69431,0.28757,0.00072805
1.51,-73.5,0.66653,0.32685,0.0014363
4.53,-73.5,0.66545,0.33591,0.0011797
16.83,-73.5,1,0,0
20.01,-73.5,0,1,0
41.17,-73.5,0.89294,0.052822,0.0051203
45.32,-73.5,0.84389,0.06353,0.00056163
49.8,-73.5,0.84066,0.044519,0.00013283
54.75,-73.5,0.82861,0.03938,0.00012833
60.42,-73.5,0.88857,0.0090281,0.00022468
67.4,-73.5,0.91867,0.0032944,0.00049919
-67.4,-70.5,0.37703,0.019837,0.60483
-54.75,-70.5,1,0,0
-49.8,-70.5,0,0,1
-45.32,-70.5,1,0,0
-37.27,-70.5,0.30954,0.52586,0.0049636
-13.71,-70.5,0.63025,0.35032,0.0020083
-10.62,-70.5,0.63392,0.31995,0.00051943
-7.56,-70.5,0.76126,0.18951,0.0014167
-4.53,-70.5,0.73353,0.24928,0.0014739
-1.51,-70.5,0.69919,0.28302,0.00077342
1.51,-70.5,1,0,0
4.53,-70.5,0.64272,0.37998,0.0016773
16.83,-70.5,1,1,0
45.32,-70.5,0.87829,0.043467,0.0010564
49.8,-70.5,0.87049,0.031192,0.00013844
54.75,-70.5,0.86528,0.024476,0.00010153
60.42,-70.5,0.9145,0.0054627,0.00021006
67.4,-70.5,0.93437,0.0023761,0.00050585
-67.4,-67.5,0.35813,0.023915,0.59986
-54.75,-67.5,1,0,0
-49.8,-67.5,0.44023,0.031635,0.37771
-41.17,-67.5,0.48318,0.2934,0.0055576
-37.27,-67.5,0.285,0.60844,0.0013991
-33.57,-67.5,0.15475,0.81162,0.0032952
-30.02,-67.5,0.11173,0.89095,0.011107
-26.59,-67.5,0,1,0
-20.01,-67.5,0,1,0
-16.83,-67.5,0.32948,0.69027,0.0018615
-13.71,-67.5,0.56546,0.41955,0.00046082
-10.62,-67.5,0.63488,0.31986,0.00053018
-7.56,-67.5,0.79371,0.14734,0.0018015
-4.53,-67.5,1,0,0
-1.51,-67.5,0.77861,0.16681,0.00077084
1.51,-67.5,0.68817,0.2782,0.0017382
4.53,-67.5,0,1,0
16.83,-67.5,1,0,0
37.27,-67.5,1,0,0
45.32,-67.5,0.9294,0.021766,0.0031026
49.8,-67.5,0.89101,0.023956,0.00014136
54.75,-67.5,0.89531,0.015114,9.38E-05
60.42,-67.5,0.9346,0.0034338,0.00024752
67.4,-67.5,0.94653,0.001791,0.00058765
-67.4,-64.5,0.28453,0.033431,0.66946
-41.17,-64.5,0.47565,0.32313,0.0054662
-37.27,-64.5,0.26234,0.66324,0.0017916
-33.57,-64.5,0.10886,0.88654,0.0011273
-30.02,-64.5,0,1,0
-26.59,-64.5,0,1,0
-23.26,-64.5,0.075486,0.96373,0.0016078
-20.01,-64.5,0,1,0
-16.83,-64.5,0.31926,0.72025,0.00051083
-13.71,-64.5,0.37975,0.63275,0.00014358
-10.62,-64.5,0.62707,0.33244,0.00058444
-7.56,-64.5,1,0,0
-4.53,-64.5,1,0,0
-1.51,-64.5,0.81933,0.11935,0.00070794
1.51,-64.5,0.81047,0.14271,0.00087904
4.53,-64.5,0.7713,0.22252,0.00125
7.56,-64.5,0,1,0
13.71,-64.5,1,0,0
41.17,-64.5,1,0,0
45.32,-64.5,0.91634,0.025911,0.002536
49.8,-64.5,0.90181,0.021527,0.00012381
54.75,-64.5,0.91878,0.0096005,0.00010124
60.42,-64.5,0.94968,0.0022913,0.00040173
67.4,-64.5,0.95569,0.0014255,0.00076346
-67.4,-61.5,0,0,1
-33.57,-61.5,0.11784,0.88112,0.0015284
-30.02,-61.5,0,1,0
-26.59,-61.5,0,1,0
-23.26,-61.5,0.030758,0.98953,0.00033255
-20.01,-61.5,0,1,0
-16.83,-61.5,0.15169,0.89376,8.17E-05
-13.71,-61.5,0.35066,0.67392,0.00017807
-10.62,-61.5,0.59529,0.38056,0.00064961
-7.56,-61.5,0.77286,0.17418,0.0020977
-4.53,-61.5,0.83059,0.11222,0.0011704
-1.51,-61.5,0.82763,0.11626,0.00064929
1.51,-61.5,0.87328,0.090616,0.00074287
4.53,-61.5,0.83565,0.14809,0.00059636
7.56,-61.5,1,0,0
45.32,-61.5,0.92432,0.022842,0.0019412
49.8,-61.5,0.91435,0.018057,0.00011753
54.75,-61.5,0.93683,0.0063689,0.00013175
60.42,-61.5,0.96071,0.0016466,0.00093603
67.4,-61.5,0.96308,0.0011615,0.001153
-37.27,-58.5,0.26894,0.69983,0.0038023
-33.57,-58.5,0.14568,0.84742,0.004095
-23.26,-58.5,0.04229,0.98254,0.00042385
-20.01,-58.5,0.063052,0.9704,9.72E-05
-16.83,-58.5,0.13799,0.90362,0.00012025
-13.71,-58.5,0.31927,0.71246,0.00025577
-10.62,-58.5,0.64897,0.34142,0.00084838
-7.56,-58.5,0.77345,0.16947,0.0010643
-4.53,-58.5,0.84912,0.090368,0.00061212
-1.51,-58.5,0.84464,0.10169,0.00057399
1.51,-58.5,0.88818,0.070756,0.00088164
4.53,-58.5,0.85139,0.11411,0.00030733
7.56,-58.5,0.78189,0.21342,0.0021311
45.32,-58.5,0.93188,0.019289,0.0024605
49.8,-58.5,0.9307,0.013008,0.00014454
54.75,-58.5,0.95071,0.0044183,0.00022516
60.42,-58.5,0.96841,0.0012987,0.0025698
67.4,-58.5,0.96881,0.00098421,0.0018962
-41.17,-55.5,0,1,0
-23.26,-55.5,0.051233,0.97694,0.000192
-20.01,-55.5,0.076089,0.96059,4.50E-05
-16.83,-55.5,0.15382,0.88741,0.0001046
-13.71,-55.5,0.38795,0.65709,0.00034612
-10.62,-55.5,0.66352,0.31448,0.00045138
-7.56,-55.5,0.80758,0.12289,0.00043953
-4.53,-55.5,0.88942,0.050364,0.00029498
-1.51,-55.5,0.89705,0.049675,0.00036191
1.51,-55.5,1,0,0
4.53,-55.5,0.8579,0.094959,0.00057753
7.56,-55.5,1,0,0
49.8,-55.5,0.9424,0.010056,0.00018461
54.75,-55.5,0.96149,0.0031952,0.00056881
67.4,-55.5,0.97363,0.00084357,0.0036572
-41.17,-52.5,1,0,0
-33.57,-52.5,0.16237,0.84078,0.0014953
-30.02,-52.5,0.081615,0.93862,0.00060558
-26.59,-52.5,0.055499,0.9699,0.00020924
-23.26,-52.5,0.055082,0.97475,4.58E-05
-20.01,-52.5,0.12158,0.9284,3.90E-05
-16.83,-52.5,0.21431,0.83625,7.22E-05
-13.71,-52.5,0.41572,0.62572,0.00028057
-10.62,-52.5,0.61006,0.3555,0.00024442
-7.56,-52.5,0.83264,0.09389,0.00021102
-4.53,-52.5,0.91551,0.031031,0.00019967
-1.51,-52.5,0.93004,0.025196,0.00032421
1.51,-52.5,0.91266,0.043312,0.0010299
4.53,-52.5,0.93153,0.036207,0.00071694
49.8,-52.5,0.9494,0.008735,0.00019386
54.75,-52.5,0.96791,0.0026598,0.0011885
-30.02,-49.5,0.11324,0.90353,0.00092934
-26.59,-49.5,0.074946,0.95413,0.00011313
-23.26,-49.5,0.083452,0.95263,3.61E-05
-20.01,-49.5,0.12212,0.9206,1.97E-05
-16.83,-49.5,0.25298,0.7913,3.23E-05
-13.71,-49.5,0.41099,0.61539,0.0001105
-10.62,-49.5,0.62695,0.33142,0.00015412
-7.56,-49.5,0.84143,0.084956,0.00012335
-4.53,-49.5,0.92708,0.024257,0.00016439
1.51,-49.5,0.93727,0.024108,0.00072602
4.53,-49.5,0.91444,0.042019,0.00057469
49.8,-49.5,0.95959,0.0064616,0.00044414
-23.26,-46.5,0.17367,0.86084,0.00022935
-20.01,-46.5,0.17835,0.8614,1.49E-05
-16.83,-46.5,0.2689,0.76199,2.72E-05
-13.71,-46.5,0.40817,0.60296,9.13E-05
-10.62,-46.5,0.6582,0.28757,8.71E-05
-7.56,-46.5,0.84571,0.081179,7.69E-05
-4.53,-46.5,0.92435,0.025825,9.83E-05
-20.01,-43.5,0.328,0.69163,3.58E-05
-16.83,-43.5,0.49495,0.51506,5.57E-05
-13.71,-43.5,0.68228,0.28802,8.27E-05
-10.62,-43.5,0.82214,0.12842,0.00010297
-7.56,-43.5,0.86285,0.066276,4.75E-05
-4.53,-43.5,0.93504,0.020301,0.00015005
67.4,-43.5,0.97789,0.0010864,0.0018639
-20.01,-40.5,0.45038,0.54054,0.0001372
-16.83,-40.5,0.60797,0.36187,7.79E-05
-13.71,-40.5,0.75975,0.19039,7.06E-05
-10.62,-40.5,0.85243,0.094171,4.10E-05
-7.56,-40.5,0.84984,0.078923,3.10E-05
-4.53,-40.5,0.9273,0.024313,5.41E-05
67.4,-40.5,0.9756,0.0014947,0.00071971
-13.71,-37.5,0.72215,0.20024,4.25E-05
-10.62,-37.5,0.86956,0.072297,6.15E-05
-7.56,-37.5,0.91312,0.037435,1.75E-05
-4.53,-37.5,0.94237,0.018439,4.58E-05
60.42,-37.5,0.97931,0.0017166,0.0013569
67.4,-37.5,0.97252,0.002149,0.00036878
-7.56,-34.5,0.93437,0.026949,8.67E-05
67.4,-34.5,0.97451,0.0020958,0.00044987
67.4,-31.5,0.97703,0.0019288,0.0006718
67.4,-28.5,0.97899,0.001825,0.0010589
67.4,-25.5,0.98038,0.001792,0.0016569
13.71,-16.5,0.89846,0.08372,0.00036286
10.62,-13.5,1,0,0
13.71,-13.5,0.87528,0.11008,0.00015443
16.83,-13.5,0.86916,0.1491,1.90E-05
20.01,-13.5,0.85978,0.21873,6.66E-06
23.26,-13.5,0.84157,0.33955,3.39E-05
4.53,-10.5,0.95179,0.01985,0.00032223
7.56,-10.5,0.95047,0.025934,0.00045055
10.62,-10.5,0.87696,0.094618,0.00041068
13.71,-10.5,0.83794,0.15641,6.06E-05
16.83,-10.5,0.8176,0.22279,6.60E-06
20.01,-10.5,0.80678,0.30826,1.58E-06
23.26,-10.5,0.80216,0.43167,1.74E-05
26.59,-10.5,0.78523,0.51226,0.00035955
4.53,-7.5,0.95056,0.021027,0.0003572
7.56,-7.5,0.94645,0.029747,0.00024097
10.62,-7.5,0.82159,0.1587,0.00010979
13.71,-7.5,0.79611,0.20952,3.09E-05
16.83,-7.5,0.75453,0.30761,3.90E-06
20.01,-7.5,0.75941,0.3736,6.89E-07
23.26,-7.5,0.7469,0.52839,4.36E-06
26.59,-7.5,1,1,0
30.02,-7.5,1,0,0
37.27,-7.5,1,0,0
41.17,-7.5,0.81484,0.24728,0.00034423
54.75,-7.5,1,0,0
4.53,-4.5,0.93193,0.032796,0.00026256
7.56,-4.5,0.91258,0.055329,4.76E-05
10.62,-4.5,0.81778,0.16254,4.21E-05
13.71,-4.5,0.7446,0.27459,2.01E-05
16.83,-4.5,0.69226,0.38166,3.85E-06
20.01,-4.5,0.70794,0.4299,5.71E-07
23.26,-4.5,0.69416,0.58051,8.60E-07
26.59,-4.5,0,1,0
30.02,-4.5,1,0,0
33.57,-4.5,1,0,0
37.27,-4.5,0,1,0
41.17,-4.5,0.74906,0.34948,0.00017944
49.8,-4.5,0.98488,0.011853,0.00040506
54.75,-4.5,0.98045,0.010604,0.0012683
4.53,-1.5,0.92776,0.036554,0.00029048
7.56,-1.5,0.88487,0.078399,2.46E-05
10.62,-1.5,0.82128,0.15535,1.81E-05
13.71,-1.5,0.74593,0.26646,1.00E-05
16.83,-1.5,0.6651,0.40474,3.74E-06
20.01,-1.5,0.65528,0.47426,1.13E-06
23.26,-1.5,0.65041,0.58525,2.51E-07
26.59,-1.5,0.56419,0.77014,2.89E-06
30.02,-1.5,0.74679,0.20511,4.68E-05
33.57,-1.5,0,1,0
37.27,-1.5,1,1,0
41.17,-1.5,1,0,0
49.8,-1.5,0.98497,0.013772,0.00035118
60.42,-1.5,1,0,0
7.56,1.5,0.89119,0.068954,3.46E-05
10.62,1.5,0.82089,0.15154,9.44E-06
13.71,1.5,0.73616,0.27164,5.97E-06
16.83,1.5,0.65151,0.40867,3.67E-06
20.01,1.5,0.60323,0.50906,3.04E-06
23.26,1.5,0.62597,0.54952,5.94E-07
26.59,1.5,0.55695,0.68398,8.59E-07
30.02,1.5,1,0,0
33.57,1.5,0.59561,0.45628,5.48E-05
41.17,1.5,0,1,0
45.32,1.5,1,0,0
49.8,1.5,0.98352,0.017106,0.00068911
1.51,4.5,1,0,0
4.53,4.5,0.91673,0.046519,0.00030455
7.56,4.5,0.8701,0.09083,1.20E-05
10.62,4.5,0.78893,0.18857,6.07E-06
13.71,4.5,0.69945,0.31186,4.34E-06
16.83,4.5,0.61552,0.43974,3.84E-06
20.01,4.5,0.63529,0.44168,5.22E-06
23.26,4.5,0.68508,0.40723,4.50E-06
26.59,4.5,0.5657,0.58723,1.21E-06
30.02,4.5,0,1,0
33.57,4.5,0.64381,0.37574,6.47E-05
37.27,4.5,0,1,0
41.17,4.5,1,0,0
45.32,4.5,1,1,0
49.8,4.5,1,0,0
4.53,7.5,0.93418,0.037663,0.0002785
7.56,7.5,0.88761,0.076335,1.63E-05
10.62,7.5,0.80976,0.16635,9.42E-06
13.71,7.5,0.65876,0.35583,3.09E-06
16.83,7.5,0.57253,0.47859,3.46E-06
20.01,7.5,0.64878,0.3939,7.06E-06
23.26,7.5,0.74893,0.2553,5.55E-05
26.59,7.5,0.60732,0.45194,5.46E-06
30.02,7.5,0.48993,0.55402,0.0002237
33.57,7.5,0.71998,0.25912,0.00017656
45.32,7.5,1,0,0
49.8,7.5,1,0,0
54.75,7.5,1,0,0
60.42,7.5,0.98292,0.0056504,0.001782
-16.83,10.5,0.82011,0.16082,0.00039756
-4.53,10.5,0.89398,0.080695,0.00080897
-1.51,10.5,1,0,0
1.51,10.5,0.92688,0.044477,0.00041342
4.53,10.5,0.93849,0.040099,0.00023139
7.56,10.5,0.80534,0.16666,5.63E-06
10.62,10.5,0.71163,0.27811,3.19E-06
13.71,10.5,0.60042,0.42183,2.15E-06
16.83,10.5,0.56568,0.47221,2.00E-06
20.01,10.5,0.64917,0.36354,5.97E-06
23.26,10.5,1,0,0
26.59,10.5,0.63166,0.35189,2.87E-05
30.02,10.5,0.52864,0.49247,0.00019821
33.57,10.5,1,0,0
37.27,10.5,1,0,0
41.17,10.5,1,0,0
45.32,10.5,1,1,0
49.8,10.5,1,0,0
60.42,10.5,0.9836,0.0052955,0.00067408
-30.02,13.5,0.78677,0.13683,0.0038474
-26.59,13.5,0.80815,0.14871,0.0031172
-23.26,13.5,0.82686,0.15923,0.0019633
-20.01,13.5,0.7292,0.27994,0.0001121
-16.83,13.5,0.85957,0.14302,0.00023196
-13.71,13.5,0.88543,0.11244,0.0002722
-10.62,13.5,0.87202,0.13061,0.00023951
-7.56,13.5,0.87696,0.12872,0.00020762
-4.53,13.5,0.85856,0.14547,0.00024188
-1.51,13.5,0.84329,0.14034,0.00046164
1.51,13.5,0.855,0.12815,7.82E-05
4.53,13.5,0.89941,0.082918,4.80E-05
7.56,13.5,0.77123,0.21423,7.18E-06
10.62,13.5,0.63724,0.36974,2.67E-06
13.71,13.5,0.52008,0.51334,1.46E-06
16.83,13.5,0.53519,0.49538,8.83E-07
20.01,13.5,0.6204,0.3745,3.25E-06
23.26,13.5,0.72948,0.20665,0.0002832
26.59,13.5,0.60835,0.33636,0.00010744
30.02,13.5,0,1,0
33.57,13.5,1,0,0
37.27,13.5,1,0,0
41.17,13.5,1,0,0
45.32,13.5,1,1,0
49.8,13.5,1,0,0
54.75,13.5,0.98402,0.0065387,0.0006807
60.42,13.5,0.97957,0.0064804,0.00025356
-33.57,16.5,0.88472,0.053914,0.018507
-30.02,16.5,0.74986,0.18622,0.001281
-26.59,16.5,0.65663,0.32444,0.00017932
-23.26,16.5,0.69779,0.31998,9.63E-05
-20.01,16.5,0.66946,0.3854,7.32E-05
-16.83,16.5,0.73044,0.32943,6.67E-05
-13.71,16.5,0.80063,0.24533,7.37E-05
-10.62,16.5,0.83194,0.21489,7.64E-05
-7.56,16.5,0.82713,0.23345,9.09E-05
-4.53,16.5,0.8047,0.25595,0.00017815
-1.51,16.5,0.78132,0.26006,0.00027314
1.51,16.5,0.7813,0.24769,8.53E-05
4.53,16.5,0.80771,0.20318,3.32E-05
7.56,16.5,0.67474,0.33605,7.02E-06
10.62,16.5,0.55853,0.46309,2.29E-06
13.71,16.5,0.46452,0.57198,6.98E-07
16.83,16.5,0.4751,0.55752,2.88E-07
20.01,16.5,0.54427,0.45427,1.43E-06
23.26,16.5,0.63287,0.30412,0.00018272
26.59,16.5,0.53337,0.39313,0.00045702
37.27,16.5,1,0,0
41.17,16.5,1,0,0
45.32,16.5,1,1,0
49.8,16.5,1,0,0
54.75,16.5,0.98049,0.0078355,0.00010655
60.42,16.5,0.97666,0.0074566,0.00011535
67.4,16.5,0.98628,0.0025333,0.0039028
-37.27,19.5,1,0,0
-33.57,19.5,1,0,0
-30.02,19.5,0.69183,0.26332,0.00037448
-26.59,19.5,0.57046,0.45041,0.00012003
-23.26,19.5,0.56149,0.50519,0.00012181
-20.01,19.5,0.59613,0.50007,0.00012224
-16.83,19.5,0.66728,0.43778,0.00010983
-13.71,19.5,0.74656,0.3498,9.64E-05
-10.62,19.5,0.77911,0.32359,0.00010859
-7.56,19.5,0.7644,0.36288,0.0001527
-4.53,19.5,0.73664,0.39399,0.00022131
-1.51,19.5,0.69604,0.4157,0.00027978
1.51,19.5,0.68626,0.39929,0.00012794
4.53,19.5,0.65588,0.39884,4.26E-05
7.56,19.5,0.58321,0.44902,1.24E-05
10.62,19.5,0.47168,0.56121,2.63E-06
13.71,19.5,0.40553,0.63389,2.80E-07
16.83,19.5,0.39273,0.64806,6.86E-08
20.01,19.5,0.42928,0.59032,4.87E-07
23.26,19.5,0.48335,0.48903,7.73E-05
26.59,19.5,1,0,0
37.27,19.5,1,0,0
41.17,19.5,1,1,0
45.32,19.5,1,1,0
49.8,19.5,0.97029,0.0437,0.00066467
54.75,19.5,0.97345,0.011458,4.56E-05
60.42,19.5,0.97269,0.0088769,6.64E-05
67.4,19.5,0.9887,0.0022992,0.0032101
-33.57,22.5,0.87775,0.062738,0.011592
-30.02,22.5,0.65631,0.30542,0.00032351
-26.59,22.5,0.51518,0.52775,0.00018009
-23.26,22.5,0.51042,0.57766,0.00019317
-20.01,22.5,0.54822,0.56868,0.00020748
-16.83,22.5,0.60487,0.52959,0.00022884
-13.71,22.5,0.68942,0.44709,0.0001937
-10.62,22.5,0.72193,0.42931,0.00022233
-7.56,22.5,0.69777,0.48722,0.00028012
-4.53,22.5,0.65334,0.54157,0.00032841
-1.51,22.5,0.6066,0.56193,0.00033284
1.51,22.5,0.58145,0.54623,0.00020513
4.53,22.5,0.55659,0.52341,8.70E-05
7.56,22.5,0.49416,0.5503,2.84E-05
10.62,22.5,0.41718,0.61769,2.45E-06
13.71,22.5,0.34049,0.70173,1.21E-07
16.83,22.5,0.3031,0.74504,2.24E-08
20.01,22.5,0.30483,0.73597,1.48E-07
23.26,22.5,0.31884,0.70597,2.21E-05
26.59,22.5,0.3162,0.73093,0.00033487
30.02,22.5,0,1,0
33.57,22.5,1,0,0
37.27,22.5,1,0,0
41.17,22.5,1,1,0
45.32,22.5,1,1,0
49.8,22.5,0.95718,0.044369,0.00098795
54.75,22.5,0.96522,0.015813,3.82E-05
60.42,22.5,0.9669,0.011261,4.44E-05
67.4,22.5,0.98671,0.0027612,0.0014757
-33.57,25.5,0.86575,0.060982,0.014277
-30.02,25.5,0.72651,0.22664,0.0016346
-26.59,25.5,0.52646,0.51192,0.00035463
-23.26,25.5,0.53542,0.54924,0.00024944
-20.01,25.5,0.59521,0.51697,0.00017075
-16.83,25.5,0.65912,0.46924,0.00016271
-13.71,25.5,0.68491,0.46375,0.00025717
-10.62,25.5,0.7818,0.37183,0.00044083
-7.56,25.5,0.7988,0.39091,0.00038748
-4.53,25.5,0.7897,0.43519,0.00046919
-1.51,25.5,0.6891,0.5399,0.00026816
1.51,25.5,0.58099,0.58329,0.00013133
4.53,25.5,0.53675,0.55626,6.84E-05
7.56,25.5,0.49222,0.54793,1.61E-05
10.62,25.5,0.53885,0.49446,4.19E-06
13.71,25.5,0.36496,0.68679,1.06E-07
16.83,25.5,0.22803,0.82355,5.37E-08
20.01,25.5,0.19209,0.85629,5.89E-08
23.26,25.5,0.18841,0.86189,7.02E-06
26.59,25.5,0.20643,0.88242,0.00023508
33.57,25.5,1,1,0
37.27,25.5,1,1,0
41.17,25.5,1,0,0
45.32,25.5,0,1,0
49.8,25.5,1,0,0
54.75,25.5,0.96068,0.016652,3.96E-05
60.42,25.5,0.97076,0.0081333,8.15E-05
67.4,25.5,0.98472,0.0033355,0.00077643
-30.02,28.5,0.6875,0.2523,0.0044622
-26.59,28.5,0.57555,0.45152,0.0024799
-23.26,28.5,0.54861,0.52993,0.00064432
-20.01,28.5,0.64348,0.45275,0.00028358
-16.83,28.5,0.70541,0.41001,0.00017299
-13.71,28.5,0.73172,0.4065,0.0002365
-10.62,28.5,0.86413,0.24506,0.00092314
-7.56,28.5,0.87114,0.29163,0.00071179
-4.53,28.5,0.83505,0.41544,0.00071782
-1.51,28.5,0.77716,0.48909,0.0005874
1.51,28.5,0.71184,0.48935,0.00023515
4.53,28.5,0.54924,0.55426,4.36E-05
7.56,28.5,0.51743,0.50734,8.81E-06
10.62,28.5,0.54517,0.4651,2.44E-06
13.71,28.5,0.30809,0.74451,2.63E-07
16.83,28.5,0.18907,0.86788,2.51E-07
20.01,28.5,0.14652,0.90414,5.47E-07
23.26,28.5,0.13288,0.91778,5.57E-05
26.59,28.5,0.1293,0.95093,0.00022142
37.27,28.5,1,1,0
45.32,28.5,0.82089,0.43863,0.00043765
49.8,28.5,0.92334,0.051118,0.00093047
54.75,28.5,0.95264,0.019983,3.86E-05
60.42,28.5,0.97329,0.0062507,0.0001958
67.4,28.5,0.98017,0.0042067,0.00065417
-23.26,31.5,0.56103,0.50675,0.0028313
-20.01,31.5,0.68121,0.39594,0.00097987
-16.83,31.5,0.82266,0.24892,0.00061233
-13.71,31.5,0.83789,0.25636,0.00066118
-10.62,31.5,0.89342,0.19142,0.0015916
-7.56,31.5,0.8978,0.26106,0.0017039
-4.53,31.5,0.85458,0.43288,0.0020297
-1.51,31.5,0.77827,0.54686,0.0011226
1.51,31.5,0.73898,0.49154,0.00033509
4.53,31.5,0.56689,0.54389,3.70E-05
7.56,31.5,0.55816,0.43485,2.08E-05
10.62,31.5,0.43057,0.56282,7.06E-06
13.71,31.5,0.2462,0.81197,1.18E-06
16.83,31.5,0.1577,0.90256,1.69E-06
20.01,31.5,0.11172,0.93743,4.48E-06
23.26,31.5,0,1,0
30.02,31.5,0,1,0
37.27,31.5,1,0,0
45.32,31.5,1,0,0
49.8,31.5,0.91738,0.049226,0.0003011
54.75,31.5,0.93974,0.027115,3.37E-05
60.42,31.5,0.97366,0.0056022,0.00050176
67.4,31.5,0.97528,0.0052669,0.0009723
-20.01,34.5,0.70005,0.36625,0.0026398
-16.83,34.5,0.82283,0.2441,0.00093803
-13.71,34.5,0.87002,0.19483,0.0012959
-10.62,34.5,0.88737,0.18836,0.0031131
-7.56,34.5,0.89018,0.30162,0.0029735
-4.53,34.5,0.79713,0.59091,0.0039333
-1.51,34.5,0.70626,0.70059,0.0025273
1.51,34.5,0.68918,0.59015,0.00035441
4.53,34.5,0.62209,0.48926,6.03E-05
7.56,34.5,0.70053,0.24133,0.00018625
10.62,34.5,0.57529,0.37033,0.000123
13.71,34.5,0.22296,0.84379,1.76E-05
16.83,34.5,0.13116,0.92689,2.55E-05
23.26,34.5,0,1,0
26.59,34.5,0.10749,0.96027,0.00019417
37.27,34.5,1,0,0
49.8,34.5,0.91019,0.047374,0.00014596
54.75,34.5,0.92561,0.035299,3.26E-05
60.42,34.5,0.97132,0.0060422,0.0009942
67.4,34.5,0.97306,0.0060071,0.001161
-26.59,37.5,0,1,0
-16.83,37.5,0.80217,0.26196,0.0022666
-13.71,37.5,0.8657,0.18865,0.0049837
-10.62,37.5,1,0,0
-7.56,37.5,0.85817,0.38333,0.0051955
-1.51,37.5,0,1,0
1.51,37.5,0.61861,0.68733,0.0005408
4.53,37.5,0.58916,0.53401,0.00016445
7.56,37.5,1,0,0
10.62,37.5,1,0,0
20.01,37.5,0.12145,0.92793,0.00035489
23.26,37.5,0.10536,0.94471,0.00067745
26.59,37.5,0.077743,0.9746,4.44E-05
30.02,37.5,0.090896,0.97825,0.00011562
37.27,37.5,1,0,0
41.17,37.5,1,0,0
49.8,37.5,0.89841,0.050091,7.92E-05
54.75,37.5,0.91223,0.042767,4.02E-05
60.42,37.5,0.96617,0.0075424,0.0013836
67.4,37.5,0.97159,0.0066415,0.0022144
-4.53,40.5,1,1,0
1.51,40.5,0.61055,0.70779,0.00082179
4.53,40.5,0.54308,0.60815,0.00025204
10.62,40.5,0,1,0
13.71,40.5,0,1,0
16.83,40.5,0.067888,0.97445,1.29E-05
20.01,40.5,0.091159,0.95354,6.84E-05
23.26,40.5,0.049425,0.98335,0.00027926
26.59,40.5,0.030565,0.994,0.00022859
30.02,40.5,0,1,0
33.57,40.5,0,1,0
37.27,40.5,1,0,0
49.8,40.5,0.8852,0.054093,7.53E-05
54.75,40.5,0.90056,0.048635,7.17E-05
60.42,40.5,0.95893,0.010057,0.0018121
67.4,40.5,0.97013,0.0074821,0.0056801
-26.59,43.5,0.5047,0.52248,0.0094445
-23.26,43.5,0.62511,0.42898,0.0059064
1.51,43.5,0.62783,0.68614,0.0013364
4.53,43.5,0.51636,0.65356,0.00043931
10.62,43.5,0.20815,0.87601,0.001027
13.71,43.5,0.088615,0.96575,0.00050278
16.83,43.5,0.036681,0.98951,1.02E-05
20.01,43.5,0.026544,0.99321,9.54E-06
23.26,43.5,0.026656,0.99416,0.0008602
30.02,43.5,0,1,0
33.57,43.5,0.18816,0.92448,0.00018288
37.27,43.5,0.77554,0.18754,0.0003732
41.17,43.5,1,0,0
49.8,43.5,0.86736,0.062071,0.00013425
54.75,43.5,0.88841,0.055475,0.00018103
60.42,43.5,0.94638,0.015284,0.0014685
-67.4,46.5,0.28259,0.028323,0.43116
-23.26,46.5,0.63265,0.40152,0.0062853
-20.01,46.5,0.78768,0.2577,0.003949
10.62,46.5,0,1,0
16.83,46.5,0.037698,0.98755,8.82E-05
30.02,46.5,0.030358,0.99278,0.00034153
33.57,46.5,0,1,0
37.27,46.5,0.60954,0.38916,8.82E-05
49.8,46.5,0.8271,0.09229,0.00019448
54.75,46.5,0.87221,0.068187,0.00054175
60.42,46.5,0.92842,0.024636,0.0010546
-67.4,49.5,0.27484,0.026129,0.40993
7.56,49.5,0,1,0
23.26,49.5,0,1,0
30.02,49.5,0.025924,0.99447,0.00019818
33.57,49.5,0,1,0
49.8,49.5,0.76023,0.15753,0.00038665
54.75,49.5,1,0,0
60.42,49.5,0.90481,0.040162,0.00079332
-67.4,52.5,0.26915,0.022287,0.46469
13.71,52.5,0,1,0
16.83,52.5,0,1,0
20.01,52.5,0,1,0
30.02,52.5,0.047524,0.98587,0.00046137
33.57,52.5,0,1,0
49.8,52.5,0.65401,0.28958,0.00091164
54.75,52.5,1,0,0
60.42,52.5,0.87439,0.064966,0.00062256
16.83,55.5,0,1,0
26.59,55.5,0,1,0
30.02,55.5,0.036255,0.9908,6.46E-05
33.57,55.5,0.047777,0.98473,0.00012224
37.27,55.5,0.30627,0.74665,0.0001977
45.32,55.5,1,0,0
49.8,55.5,0.53292,0.47881,0.0013594
54.75,55.5,0.77769,0.18717,0.00031901
60.42,55.5,0.84135,0.09737,0.00066368
26.59,58.5,0.10047,0.93965,0.0020624
30.02,58.5,0.047002,0.98635,3.05E-05
33.57,58.5,0.079247,0.97061,4.34E-05
37.27,58.5,0.169,0.87975,0.00021939
45.32,58.5,0.57105,0.40758,0.0042344
49.8,58.5,0,1,0
54.75,58.5,0.66489,0.33651,0.00012394
60.42,58.5,0.83764,0.11504,0.00064555
67.4,58.5,0.9248,0.034264,0.013879
26.59,61.5,0.17223,0.88289,0.00098679
30.02,61.5,0.097401,0.96007,5.03E-05
33.57,61.5,0.069289,0.97449,3.58E-05
37.27,61.5,0.13828,0.91296,0.00019034
45.32,61.5,0.40081,0.64412,0.0012872
49.8,61.5,0.29066,0.80574,0.001906
54.75,61.5,0.54633,0.50245,6.71E-05
60.42,61.5,0.78319,0.17849,0.00059728
67.4,61.5,0.90776,0.046244,0.008178
20.01,64.5,0,1,0
26.59,64.5,0.23996,0.81815,0.00086734
30.02,64.5,0.12259,0.94026,4.23E-05
33.57,64.5,0.11039,0.94727,0.00018082
37.27,64.5,0.1015,0.94715,0.00011723
41.17,64.5,0.19468,0.84917,0.0021823
45.32,64.5,0.24217,0.83457,0.00047779
49.8,64.5,0.23391,0.866,0.00069522
54.75,64.5,0.4053,0.67485,5.24E-05
60.42,64.5,0.68302,0.29481,0.00060809
67.4,64.5,0.89564,0.056994,0.010338
20.01,67.5,0.24966,0.81777,0.0014457
23.26,67.5,0.26724,0.79549,0.00073576
26.59,67.5,0.4066,0.64808,0.000732
30.02,67.5,0.2255,0.84934,9.67E-05
33.57,67.5,0,1,0
37.27,67.5,0.085919,0.96164,2.92E-05
41.17,67.5,0,1,0
45.32,67.5,0.14247,0.92507,0.00027997
49.8,67.5,0.1779,0.91023,0.00027654
54.75,67.5,0.32422,0.77183,3.87E-05
60.42,67.5,0.60904,0.39614,0.00056907
67.4,67.5,0.88379,0.068333,0.01296
10.62,70.5,0.83882,0.10855,0.0012237
13.71,70.5,1,0,0
20.01,70.5,0.36925,0.67156,0.00052804
23.26,70.5,0.35462,0.69482,0.0001881
26.59,70.5,0.37481,0.65338,0.0006113
30.02,70.5,0.4098,0.65813,0.00013594
33.57,70.5,0.20149,0.8719,7.17E-05
37.27,70.5,0.078403,0.96847,2.95E-06
41.17,70.5,0.071604,0.96412,0.0015507
45.32,70.5,0.087699,0.96178,0.0002957
49.8,70.5,0.13605,0.93525,0.00017263
54.75,70.5,0.2606,0.83923,3.60E-05
60.42,70.5,0.53088,0.50414,0.0006004
67.4,70.5,0.87269,0.079453,0.015447
4.53,73.5,1,0,0
7.56,73.5,1,0,0
10.62,73.5,0.79408,0.15604,0.00030775
13.71,73.5,0.76268,0.17797,0.00054789
16.83,73.5,0.59197,0.37874,0.00030413
20.01,73.5,0.49372,0.51429,0.00020131
23.26,73.5,0.47503,0.542,0.00017272
26.59,73.5,0.64937,0.33738,0.00024493
30.02,73.5,0.492,0.55268,1.25E-05
33.57,73.5,0.22585,0.85434,1.02E-06
37.27,73.5,0.099337,0.95731,1.24E-07
41.17,73.5,0,1,0
45.32,73.5,0.059773,0.97538,0.00049701
49.8,73.5,0.11108,0.9463,0.00031197
54.75,73.5,0.21509,0.88105,4.25E-05
60.42,73.5,0.47571,0.57909,0.0011167
67.4,73.5,0.86225,0.089774,0.016051
-67.4,76.5,0,0,1
7.56,76.5,1,0,0
10.62,76.5,0.86541,0.085068,0.0006065
13.71,76.5,0.75573,0.1954,0.00020295
16.83,76.5,0.63331,0.34792,0.00017985
20.01,76.5,0.5795,0.41764,0.00016413
23.26,76.5,0.67602,0.30867,2.70E-05
26.59,76.5,1,0,0
30.02,76.5,0.5692,0.45132,8.77E-07
33.57,76.5,0.25463,0.82973,4.22E-08
37.27,76.5,0.046173,0.98562,2.79E-07
41.17,76.5,0.027112,0.99184,0.0004807
45.32,76.5,0,1,0
49.8,76.5,0,1,0
54.75,76.5,0.19717,0.8968,5.68E-05
60.42,76.5,0.42152,0.65127,0.0022262
67.4,76.5,0.85114,0.099737,0.012368
-67.4,79.5,0,0,1
10.62,79.5,0.88753,0.068135,0.00083785
13.71,79.5,0.83172,0.12136,0.00013634
16.83,79.5,0.7429,0.23097,0.00014269
20.01,79.5,0.67872,0.30951,0.00022356
23.26,79.5,0.83695,0.14128,3.76E-06
26.59,79.5,0.82925,0.12437,3.20E-05
30.02,79.5,0.63463,0.37034,1.05E-05
33.57,79.5,0.28529,0.80129,4.52E-07
37.27,79.5,0.042306,0.98668,1.95E-07
41.17,79.5,0.029324,0.99109,7.98E-05
45.32,79.5,0.039713,0.9828,0.00066814
49.8,79.5,0.08412,0.96139,0.00027387
54.75,79.5,0.19723,0.89703,7.35E-05
60.42,79.5,0.36786,0.72073,0.0047863
67.4,79.5,0.8468,0.10322,0.010961
13.71,82.5,0.8857,0.074882,0.00028856
16.83,82.5,0.84479,0.12368,0.00020339
20.01,82.5,0.79892,0.17717,0.00028422
23.26,82.5,0.92495,0.049331,1.11E-05
26.59,82.5,0.91127,0.04661,9.06E-06
30.02,82.5,0.76032,0.20909,6.62E-05
33.57,82.5,0.34723,0.7394,1.58E-06
37.27,82.5,0.042396,0.98572,4.28E-07
41.17,82.5,0,1,0
45.32,82.5,0.039488,0.98067,0.0008888
49.8,82.5,0.07847,0.96484,0.0001348
54.75,82.5,0.21078,0.88463,8.77E-05
60.42,82.5,0,1,0
67.4,82.5,0.84599,0.10243,0.0083095
16.83,85.5,0.89703,0.075175,0.00042979
20.01,85.5,0.8852,0.088044,0.00081689
23.26,85.5,0.96417,0.017979,0.00011816
26.59,85.5,0.955,0.018383,9.89E-06
30.02,85.5,1,0,0
33.57,85.5,0.4318,0.64668,2.11E-06
37.27,85.5,0.06276,0.9759,7.53E-07
41.17,85.5,0.023742,0.99199,0.00026624
45.32,85.5,0,1,0
49.8,85.5,0.084029,0.95936,0.00010068
54.75,85.5,0.24015,0.85609,9.89E-05
60.42,85.5,0.39451,0.68295,0.0032527
67.4,85.5,0.84918,0.097225,0.0055901
20.01,88.5,0.92823,0.049392,0.0057331
23.26,88.5,0.97935,0.0094093,0.00054333
26.59,88.5,0.9743,0.0097521,1.17E-05
30.02,88.5,0.89184,0.068997,0.00015983
33.57,88.5,0.50242,0.56437,2.42E-06
37.27,88.5,0,1,0
41.17,88.5,0,1,0
45.32,88.5,0.05615,0.97022,0.00029141
49.8,88.5,0.10559,0.94207,5.56E-05
54.75,88.5,0.28772,0.80633,0.00010794
60.42,88.5,0.48733,0.55534,0.0011211
67.4,88.5,0.85722,0.087365,0.0038006
16.83,91.5,0.96614,0.019772,0.0011597
20.01,91.5,1,0,0
23.26,91.5,1,0,0
26.59,91.5,0.98168,0.0081063,2.47E-05
30.02,91.5,0.92142,0.047708,5.94E-05
33.57,91.5,0.55788,0.4968,1.58E-06
37.27,91.5,0.1256,0.94769,7.64E-07
41.17,91.5,0.024735,0.99259,0.00034185
45.32,91.5,0.041438,0.97892,0.00066246
49.8,91.5,0.12049,0.92462,0.00015862
54.75,91.5,0.39441,0.69416,6.27E-05
60.42,91.5,0.58204,0.42429,0.00054259
67.4,91.5,0.86814,0.074836,0.0026348
-67.4,94.5,0.24338,0.012692,0.45698
16.83,94.5,0.959,0.023038,0.0027021
20.01,94.5,0.97876,0.011278,0.001115
23.26,94.5,0.98889,0.0045121,4.80E-05
26.59,94.5,1,0,0
30.02,94.5,0.9358,0.040745,3.63E-05
33.57,94.5,0.53233,0.51117,1.63E-07
37.27,94.5,0.1073,0.96316,4.03E-07
41.17,94.5,0,1,0
45.32,94.5,0.063223,0.96679,0.00035218
49.8,94.5,0.15931,0.88811,0.00018113
54.75,94.5,0.44062,0.6178,0.00014127
60.42,94.5,0.67014,0.30479,0.00039777
67.4,94.5,0.88497,0.058306,0.0025004
-67.4,97.5,0.28812,0.010898,0.37281
10.62,97.5,0,1,0
13.71,97.5,0.93706,0.048992,0.00098029
16.83,97.5,0.96109,0.021797,0.0017038
20.01,97.5,1,0,0
23.26,97.5,0.99101,0.0029347,2.26E-05
26.59,97.5,1,0,0
30.02,97.5,1,0,0
33.57,97.5,0.61274,0.41512,9.81E-08
37.27,97.5,0.096494,0.96812,2.91E-06
41.17,97.5,0.036314,0.9868,0.00088847
45.32,97.5,0.11405,0.93141,0.00017219
49.8,97.5,0.31348,0.75928,1.19E-05
54.75,97.5,0.53184,0.49151,0.00019063
60.42,97.5,0.75182,0.20154,0.00046361
67.4,97.5,0.90784,0.039616,0.0038044
-67.4,100.5,0.30887,0.010449,0.31699
1.51,100.5,0.98997,0.0026058,0.0016744
4.53,100.5,1,0,0
7.56,100.5,1,0,0
10.62,100.5,1,0,0
13.71,100.5,1,0,0
16.83,100.5,1,0,0
20.01,100.5,0.99165,0.0017506,0.0011758
23.26,100.5,1,0,0
26.59,100.5,1,0,0
30.02,100.5,1,0,0
33.57,100.5,0.65374,0.35138,1.38E-07
37.27,100.5,0,1,0
41.17,100.5,0,1,0
45.32,100.5,0.13735,0.90262,0.00061784
49.8,100.5,0.41038,0.64662,2.10E-05
54.75,100.5,0.63323,0.34874,0.00031057
60.42,100.5,0.82448,0.11785,0.00079842
67.4,100.5,0.92556,0.026443,0.0052179
-67.4,103.5,0.33869,0.009652,0.26938
-1.51,103.5,1,0,0
1.51,103.5,0.99007,0.0028984,0.00075196
4.53,103.5,1,0,0
7.56,103.5,1,0,0
10.62,103.5,1,0,0
13.71,103.5,0.96657,0.016724,0.00072254
16.83,103.5,0.98324,0.0039383,0.0028417
20.01,103.5,0.98948,0.0018005,0.003966
23.26,103.5,1,0,0
26.59,103.5,1,0,0
30.02,103.5,1,0,0
33.57,103.5,0.75661,0.22426,2.66E-07
37.27,103.5,0,1,0
41.17,103.5,0,1,0
45.32,103.5,0.231,0.80712,0.0005067
49.8,103.5,0.47182,0.54997,9.05E-05
54.75,103.5,0.72354,0.2239,0.00066539
60.42,103.5,0.87168,0.070422,0.001684
67.4,103.5,0.93847,0.017634,0.0063397
-67.4,106.5,0.35348,0.0097484,0.2257
-1.51,106.5,1,0,0
1.51,106.5,1,0,0
7.56,106.5,1,0,0
10.62,106.5,0.97943,0.0086476,0.0014132
13.71,106.5,1,0,0
20.01,106.5,0.99234,0.00089203,0.0027097
23.26,106.5,1,0,0
26.59,106.5,1,0,0
30.02,106.5,1,0,0
33.57,106.5,0.88002,0.094102,1.30E-06
37.27,106.5,0.39215,0.65932,6.84E-05
41.17,106.5,0.31189,0.7381,0.00016724
45.32,106.5,0.36247,0.65864,0.00040483
49.8,106.5,0.57487,0.40307,0.00012582
54.75,106.5,1,0,0
60.42,106.5,1,0,0
67.4,106.5,0.94735,0.011982,0.0068544
-67.4,109.5,0.38299,0.0091397,0.19015
-4.53,109.5,1,0,0
-1.51,109.5,0.99301,0.003352,0.00028521
10.62,109.5,1,0,0
20.01,109.5,0.99222,0.00088804,0.0015298
23.26,109.5,1,0,0
26.59,109.5,1,0,0
30.02,109.5,0.96537,0.01808,0.00015115
33.57,109.5,0.93284,0.044265,5.86E-06
37.27,109.5,0.71244,0.28937,1.97E-05
41.17,109.5,0.56281,0.45717,3.68E-05
45.32,109.5,0.51436,0.47673,0.0003192
49.8,109.5,0.70298,0.22915,0.0001002
54.75,109.5,0.86736,0.052748,0.00059311
60.42,109.5,1,0,0
67.4,109.5,0.95345,0.0084081,0.0070927
-67.4,112.5,0.41233,0.0086262,0.16
-41.17,112.5,0.7807,0.026896,0.005833
-37.27,112.5,0.77655,0.052071,0.0023435
-33.57,112.5,0.80943,0.0601,0.0016234
-7.56,112.5,0.99422,0.0035536,0.00061836
-4.53,112.5,1,0,0
-1.51,112.5,0.99447,0.0031178,0.00016808
4.53,112.5,1,0,0
23.26,112.5,0.99347,0.001118,0.0012413
26.59,112.5,0.98984,0.004102,0.00033217
30.02,112.5,0.9801,0.0089765,0.00014518
33.57,112.5,0.93505,0.039274,8.93E-05
37.27,112.5,0.84614,0.13389,6.16E-05
41.17,112.5,0.70295,0.28472,6.62E-05
45.32,112.5,0.65934,0.2994,0.00025441
49.8,112.5,0.78498,0.12641,0.00014459
54.75,112.5,0.89457,0.02829,0.00049198
60.42,112.5,0.92285,0.016313,0.0021183
67.4,112.5,0.95707,0.0062825,0.007098
-67.4,115.5,0.44134,0.0081923,0.13474
-41.17,115.5,0.7634,0.038314,0.001882
-37.27,115.5,0.73583,0.08552,0.00063426
-33.57,115.5,0.7737,0.092734,0.00054468
-30.02,115.5,0.87386,0.045673,0.00184
-1.51,115.5,1,0,0
1.51,115.5,0.99662,0.0010925,0.00011306
4.53,115.5,1,0,0
7.56,115.5,1,0,0
23.26,115.5,0.99568,0.00057966,0.0011144
26.59,115.5,1,0,0
30.02,115.5,1,0,0
33.57,115.5,0.96225,0.022887,0.00042286
37.27,115.5,0.88523,0.084292,0.00049411
41.17,115.5,0.81316,0.15837,0.00011049
45.32,115.5,0.81111,0.13659,8.28E-05
49.8,115.5,0.84742,0.068123,0.0002033
54.75,115.5,0.92605,0.013563,0.00046794
60.42,115.5,0.92813,0.010139,0.0016239
67.4,115.5,0.95777,0.0052393,0.0065727
-67.4,118.5,0.46983,0.0078264,0.11375
-41.17,118.5,0.79346,0.034656,0.0038326
-37.27,118.5,0.75719,0.082551,0.0014184
-33.57,118.5,0.75076,0.12368,0.0004609
-30.02,118.5,0.86586,0.05519,0.0013625
1.51,118.5,1,0,0
4.53,118.5,1,0,0
7.56,118.5,1,0,0
26.59,118.5,0.99191,0.002586,0.0017156
30.02,118.5,0.99008,0.0019042,0.00099719
33.57,118.5,1,0,0
37.27,118.5,0.93661,0.037628,0.0015144
41.17,118.5,0.88136,0.085916,0.00022883
45.32,118.5,0.86589,0.080116,0.0002177
49.8,118.5,0.92633,0.023754,0.00010693
54.75,118.5,0.93063,0.011149,0.00096039
60.42,118.5,0.93149,0.0067597,0.0020094
67.4,118.5,0.95537,0.0050257,0.0058078
-67.4,121.5,0.49765,0.0075201,0.096437
-41.17,121.5,0.81687,0.033448,0.009707
-37.27,121.5,0.77833,0.081415,0.0036684
-33.57,121.5,0.72237,0.16652,0.00044099
-30.02,121.5,0.83784,0.082994,0.00039762
-26.59,121.5,0.9271,0.027335,0.00057079
-4.53,121.5,0.99732,0.0016047,0.00022564
10.62,121.5,1,0,0
16.83,121.5,1,0,0
26.59,121.5,1,0,0
30.02,121.5,1,0,0
33.57,121.5,1,0,0
37.27,121.5,1,0,0
41.17,121.5,0.93462,0.040133,0.0003194
45.32,121.5,0.91788,0.041641,0.00037137
49.8,121.5,0.92243,0.022508,0.00045036
54.75,121.5,0.94152,0.0089436,0.0020508
60.42,121.5,0.92469,0.0063402,0.0034507
67.4,121.5,0.95886,0.0042156,0.0048191
-67.4,124.5,0.52464,0.0072672,0.082188
-37.27,124.5,0.78232,0.09264,0.0051232
-33.57,124.5,0.70616,0.20052,0.00066362
-30.02,124.5,0.79996,0.13066,0.00026051
-26.59,124.5,0.9154,0.037392,0.00020023
-1.51,124.5,1,0,0
30.02,124.5,1,0,0
41.17,124.5,0.96289,0.020215,0.0010947
45.32,124.5,0.94453,0.025449,0.0015404
49.8,124.5,0.93486,0.017814,0.0010095
54.75,124.5,0.94576,0.0096621,0.0074333
60.42,124.5,0.9038,0.0084038,0.010254
67.4,124.5,0.95173,0.0052736,0.006368
-67.4,127.5,0.56667,0.0065577,0.073591
-37.27,127.5,0.78238,0.10793,0.0058354
-33.57,127.5,0.67879,0.25235,0.0010541
-30.02,127.5,0.77769,0.1679,0.00030842
-26.59,127.5,0.91835,0.036753,0.0002333
-1.51,127.5,1,0,0
7.56,127.5,1,0,0
37.27,127.5,1,0,0
41.17,127.5,1,0,0
45.32,127.5,1,0,0
49.8,127.5,1,0,0
54.75,127.5,1,0,0
60.42,127.5,1,0,0
67.4,127.5,0.93301,0.0091807,0.0097629
-67.4,130.5,0.59143,0.0064171,0.063799
-37.27,130.5,0.77158,0.13319,0.003922
-33.57,130.5,0.62485,0.34592,0.0014076
-30.02,130.5,0.76713,0.19224,0.00039563
-26.59,130.5,0.9128,0.04348,0.00021801
-23.26,130.5,0.96425,0.013103,0.00018945
-13.71,130.5,1,0,0
1.51,130.5,0.99855,0.0002129,4.17E-05
4.53,130.5,1,0,0
7.56,130.5,1,0,0
33.57,130.5,0.99543,0.00073103,0.0017881
37.27,130.5,1,0,0
45.32,130.5,0.9724,0.008273,0.011512
49.8,130.5,1,0,0
54.75,130.5,0.97075,0.0016403,0.072781
60.42,130.5,0.87906,0.0048592,0.067111
67.4,130.5,1,0,0
-67.4,133.5,0.61494,0.0063165,0.055644
-41.17,133.5,0.88257,0.039049,0.0064355
-37.27,133.5,0.76743,0.15403,0.0023647
-33.57,133.5,0.54592,0.48279,0.0021094
-30.02,133.5,0.7965,0.16083,0.00063577
-26.59,133.5,0.92943,0.030693,0.00041092
-23.26,133.5,0.96849,0.010692,0.00023745
1.51,133.5,0.99894,0.00010799,5.88E-05
4.53,133.5,1,0,0
7.56,133.5,1,0,0
33.57,133.5,0.9955,0.00055118,0.0021161
41.17,133.5,1,0,0
45.32,133.5,1,0,0
49.8,133.5,0.97587,0.0017297,0.017773
54.75,133.5,0.95384,0.0012373,0.13233
60.42,133.5,0.8979,0.0017892,0.13109
67.4,133.5,0.92211,0.0090091,0.02147
-67.4,136.5,0.63711,0.0062543,0.048826
-41.17,136.5,0.89031,0.045975,0.0034925
-37.27,136.5,0.7636,0.17516,0.0008531
-33.57,136.5,0,1,0
-30.02,136.5,0.82616,0.12981,0.0015906
-26.59,136.5,0.94052,0.023422,0.00081992
4.53,136.5,1,0,0
37.27,136.5,1,0,0
41.17,136.5,1,0,0
49.8,136.5,1,0,0
54.75,136.5,0.93672,0.0012603,0.31113
60.42,136.5,0.89096,0.00097404,0.27549
67.4,136.5,1,0,0
-67.4,139.5,0.65788,0.0062298,0.043103
-41.17,139.5,0.91877,0.03776,0.0090095
-37.27,139.5,0.81983,0.12675,0.00090462
-33.57,139.5,0.59371,0.43767,0.0006734
-30.02,139.5,1,0,0
-26.59,139.5,0.95179,0.016748,0.0016095
-13.71,139.5,0.99212,0.0026807,0.00051784
41.17,139.5,1,0,0
45.32,139.5,1,0,0
60.42,139.5,0.831,0.0012993,0.42185
67.4,139.5,0.92573,0.004471,0.021664
-67.4,142.5,0.67721,0.006242,0.038285
-41.17,142.5,1,0,0
-37.27,142.5,0.86352,0.088915,0.00052684
-33.57,142.5,0.75444,0.21146,0.00033629
-30.02,142.5,0.88672,0.065623,0.0019954
-26.59,142.5,0.95582,0.014768,0.00095275
-10.62,142.5,1,0,0
45.32,142.5,1,0,1
49.8,142.5,1,0,0
54.75,142.5,1,0,1
60.42,142.5,0,0,1
67.4,142.5,0.92403,0.0038149,0.017841
-67.4,145.5,0.68084,0.0067317,0.032014
-45.32,145.5,0.94802,0.0048168,0.0027232
-41.17,145.5,1,0,0
-37.27,145.5,0.88825,0.068195,0.00017962
-33.57,145.5,0.85934,0.086109,0.00030763
-30.02,145.5,0.92626,0.031114,0.0021005
-16.83,145.5,0.99055,0.0021018,0.00060642
-10.62,145.5,1,0,0
7.56,145.5,1,0,0
60.42,145.5,0.70539,0.001357,0.54789
67.4,145.5,0.91642,0.0042987,0.016173
-67.4,148.5,0.71032,0.0060534,0.039842
-49.8,148.5,0.93166,0.001727,0.0053266
-45.32,148.5,0.95531,0.0038178,0.0022018
-41.17,148.5,1,0,0
-37.27,148.5,0.92821,0.032421,0.00020779
-33.57,148.5,0.92125,0.032739,0.00065507
-13.71,148.5,1,0,0
60.42,148.5,0.66563,0.00086361,0.52971
67.4,148.5,0.90919,0.005794,0.021358
-41.17,151.5,1,0,0
-37.27,151.5,0.95712,0.012778,0.00066495
-33.57,151.5,0.9542,0.013566,0.0020662
60.42,151.5,0.61533,0.0008744,0.61183
67.4,151.5,1,0,0
67.4,154.5,1,0,0
-1.51,157.5,1,0,0
54.75,157.5,0,0,1
60.42,157.5,1,0,0
67.4,157.5,0.89865,0.0052698,0.033775
67.4,160.5,0.87451,0.0048818,0.028577
-1.51,163.5,1,0,0
67.4,163.5,0.87868,0.0032099,0.027139
60.42,166.5,0,0,1
67.4,166.5,0.9122,0.0014573,0.049636
-7.56,169.5,1,0,0
67.4,169.5,0.88422,0.0022313,0.039255
67.4,172.5,0.90741,0.0013707,0.046028
-45.32,175.5,1,0,0
67.4,175.5,0.91242,0.0012552,0.058038
-49.8,178.5,0.95783,0.0050244,0.0090878
-45.32,178.5,1,0,0
-41.17,178.5,1,0,0
-23.26,178.5,0.98977,0.00087498,0.00036644
67.4,178.5,0.90354,0.0015314,0.052319