1,1,0,0,0,0,0.98,0.36,0.1638,0
1,1,0,0,0,0,0.585,0.995,0.39829,0
1,0.94078,0.021297,0.053348,0.30853,0.2508,0.57,0.005,1,0
1,1,0,0,0.30853,0.26739,0.555,0.995,1,0.0084034
1,1,0,0,0.30853,0.25999,0.7,0.04,1,0.016807
1,0.9506,0.010502,0.069532,0.30853,0.2508,0.57,0.005,1,0.02521
1,0.95633,0.0062194,0.076188,0.30853,0.2508,0.43,0.005,1,0.033613
1,0.96003,0.0042878,0.088928,0.30853,0.2508,0.57,0.005,1,0.042017
1,0.96154,0.0034713,0.10527,0.30853,0.25999,0.3,0.04,1,0.05042
1,0.95834,0.0035777,0.10105,0.30853,0.31715,0.095,0.205,1,0.058824
1,0.90289,0.010773,0.087175,0.4748,0.253,0.59,0.01,0.94822,0.067227
1,0.95107,0.004349,0.095908,0.30853,0.38149,0.035,0.315,1,0.067227
1,1,0,0,0,0,0.755,0.93,0.94822,0.07563
1,0.95213,0.0045582,0.086548,0.5012,0.44085,0.015,0.38,1,0.07563
1,0.94706,0.0064591,0.092813,0.60506,0.4944,0.605,0.01,1,0.084034
1,1,0,0,0.67598,0.49001,0.52,0,1,0.092437
1,1,0,1,0.70587,0.49001,0.52,0,1,0.10084
1,1,0,0,0.95091,0.49001,0.52,0,1,0.10924
1,1,0,0,0.95112,0.49141,0.435,0.005,1,0.11765
1,1,0,0,0.88326,0.4988,0.515,1,1,0.12605
1,0,0,1,0.94807,0.28177,0.01,0.395,0.94822,0.13445
1,0,0,1,0.74645,0.4988,0.515,1,1,0.13445
1,0.66065,0.0056952,0.39414,0.95112,0.36551,0.19,0.105,0.94822,0.14286
1,0.67321,0.0033575,0.21776,0.77504,0.4988,0.515,1,1,0.14286
1,0.9235,0.0026445,0.12226,0.82042,0.18905,0.315,0.035,0.90616,0.15126
1,1,0,0,0.94567,0.42726,0.08,0.225,0.94822,0.15126
1,0.71499,0.0020229,0.14506,0.80122,0.5014,0.435,0.995,1,0.15126
1,1,0,0,0.94763,0.29496,0.27,0.055,0.90616,0.15966
1,0.57285,0.011589,0.14735,0.63648,0.49081,0.035,0.31,0.94822,0.15966
1,0.65854,0.0035874,0.12174,0.56797,0.51159,0.365,0.98,1,0.15966
1,0.82594,0.029074,0.090659,0.63474,0.32734,0.145,0.855,0.8362,0.16807
1,0.9122,0.019944,0.084436,0.8501,0.20923,0.01,0.605,0.86944,0.16807
1,0.9388,0.0054452,0.044249,0.95112,0.35831,0.34,0.025,0.90616,0.16807
1,0.54741,0.017865,0.10324,0.30853,0.54396,0.1,0.195,0.94822,0.16807
1,0.62869,0.0056002,0.10596,0.35763,0.52818,0.305,0.96,1,0.16807
1,1,0,0,0.4364,0.28977,0,0.46,0.80542,0.17647
1,0.73246,0.091579,0.046837,0.4364,0.43006,0.05,0.72,0.8362,0.17647
1,1,0,0,0.95112,0.35911,0,0.55,0.86944,0.17647
1,0.93007,0.0089853,0.022706,0.8741,0.41307,0.14,0.155,0.90616,0.17647
1,0.58658,0.019059,0.054182,0.30853,0.59273,0.06,0.26,0.94822,0.17647
1,0.64216,0.0062399,0.073269,0.30853,0.54936,0.255,0.935,1,0.17647
1,0,1,0,0,0.16327,0.155,0.86,0.74904,0.18487
1,1,0,1,0.4364,0.29896,0.005,0.44,0.77648,0.18487
1,0,0,1,0.4364,0.42926,0,0.495,0.80542,0.18487
1,1,0,0,0.56688,0.51159,0.15,0.145,0.8362,0.18487
1,0.90297,0.0371,0.010769,0.95003,0.46323,0,0.545,0.86944,0.18487
1,1,0,0,0.58455,0.48281,0.06,0.26,0.90616,0.18487
1,0.60962,0.023259,0.02918,0.30853,0.64109,0.035,0.315,0.94822,0.18487
1,0.66234,0.0068349,0.045721,0.30853,0.57354,0.215,0.91,1,0.18487
1,0.15901,0.8922,0.03055,0,0.27098,0.105,0.195,0.7227,0.19328
1,0,1,0,0.95091,0.36131,0.005,0.58,0.74904,0.19328
1,1,1,1,0.76827,0.43625,0.07,0.245,0.77648,0.19328
1,0.60049,0.14762,0.12479,0.77002,0.51299,0.07,0.25,0.80542,0.19328
1,0,1,0,0.87541,0.57894,0.075,0.235,0.8362,0.19328
1,0.84645,0.060412,0.0022083,0.69496,0.54796,0,0.55,0.86944,0.19328
1,0.82929,0.040557,0.011393,0.30853,0.55076,0.03,0.335,0.90616,0.19328
1,0.63047,0.027428,0.017552,0.30853,0.67366,0.185,0.115,0.94822,0.19328
1,0.67946,0.0079293,0.027744,0.30853,0.59972,0.19,0.89,1,0.19328
1,0.3748,0.6331,0.011365,0,0.27078,0.365,0.02,0.69726,0.20168
1,0.25468,0.83462,0.018538,0.95112,0.42386,0.015,0.385,0.7227,0.20168
1,0,1,0,0.95112,0.49061,0.005,0.555,0.74904,0.20168
1,0,1,0,0.95112,0.52518,0.065,0.25,0.77648,0.20168
1,1,0,0,0.95112,0.58853,0.065,0.255,0.80542,0.20168
1,1,0,0,0.75278,0.64688,0.04,0.305,0.8362,0.20168
1,0.7399,0.12459,0.0021742,0.30853,0.6207,0.015,0.615,0.86944,0.20168
1,0.79934,0.046425,0.0058236,0.30853,0.61411,0.015,0.385,0.90616,0.20168
1,0.64162,0.033747,0.011103,0.30853,0.70643,0.13,0.16,0.94822,0.20168
1,0.69659,0.0091736,0.017182,0.30853,0.6219,0.225,0.92,1,0.20168
1,0.58433,0.43695,0.0069805,0.95112,0.39049,0.17,0.125,0.69726,0.21008
1,0,1,0,0.95112,0.51179,0.23,0.08,0.7227,0.21008
1,0,1,0,0.71285,0.59093,0.085,0.225,0.74904,0.21008
1,0.12875,0.96842,0.033119,0.43901,0.61011,0.03,0.33,0.77648,0.21008
1,0.27162,0.70332,0.019851,0.43487,0.66107,0.035,0.32,0.80542,0.21008
1,0.45957,0.55009,0.003701,0.30853,0.71163,0.02,0.355,0.8362,0.21008
1,0.69625,0.15396,0.0012503,0.30853,0.68485,0.015,0.61,0.86944,0.21008
1,0.7653,0.057817,0.0033369,0.30853,0.67286,0.005,0.425,0.90616,0.21008
1,0.64332,0.04335,0.0073702,0.30853,0.74181,0.095,0.21,0.94822,0.21008
1,0.71029,0.010976,0.010823,0.30853,0.64488,0.205,0.905,1,0.21008
1,0.83026,0.12861,0.0075396,0.94654,0.32014,0.4,0.01,0.67255,0.21849
1,0.60795,0.41519,0.0035232,0.95112,0.43405,0.97,0.675,0.69726,0.21849
1,0.29005,0.81092,0.0088115,0.88152,0.44305,0.95,0.28,0.7227,0.21849
1,0.058852,0.98127,0.0037177,0.30853,0.51099,0.905,0.205,0.74904,0.21849
1,0,1,0,0.30853,0.60012,0.89,0.19,0.77648,0.21849
1,0.20679,0.82476,0.011665,0.30853,0.69764,0.79,0.095,0.80542,0.21849
1,1,0,0,0.30853,0.77258,0.01,0.39,0.8362,0.21849
1,0.64759,0.19431,0.00095466,0.30853,0.74361,0.015,0.615,0.86944,0.21849
1,0.72849,0.07554,0.0021751,0.30853,0.72722,0,0.455,0.90616,0.21849
1,0.63822,0.056674,0.005221,0.30853,0.77838,0.065,0.255,0.94822,0.21849
1,0.72053,0.013485,0.0070514,0.30853,0.66867,0.185,0.89,1,0.21849
1,0.90345,0.050049,0.009922,0.75191,0.22282,0.29,0.045,0.64844,0.22689
1,0.84254,0.1199,0.0050173,0.95112,0.35691,0.895,0.805,0.67255,0.22689
1,0.65577,0.33768,0.0070252,0.81148,0.29376,0.84,0.865,0.69726,0.22689
1,0.28344,0.79398,0.0095938,0.30853,0.31015,1,0.5,0.7227,0.22689
1,0.12443,0.94274,0.0051369,0.30853,0.41707,0.885,0.18,0.74904,0.22689
1,0,1,0,0.30853,0.53477,0.795,0.095,0.77648,0.22689
1,0,1,0,0.30853,0.65528,0.785,0.09,0.80542,0.22689
1,0.4163,0.56326,0.0038074,0.30853,0.76839,0.705,0.045,0.8362,0.22689
1,0.6009,0.24188,0.00088989,0.30853,0.79696,0.025,0.65,0.86944,0.22689
1,0.69061,0.10038,0.0016585,0.30853,0.77818,0,0.48,0.90616,0.22689
1,0.62843,0.073991,0.0040007,0.30853,0.81515,0.045,0.295,0.94822,0.22689
1,0.72769,0.016844,0.0048123,0.30853,0.69285,0.17,0.88,1,0.22689
1,1,0,0,0,0,0.31,0.035,0.62485,0.23529
1,1,0,0,0.60332,0.27618,0.91,0.79,0.64844,0.23529
1,0.24229,0.83697,0.0097236,0.30853,0.29876,0.815,0.115,0.74904,0.23529
1,0.17634,0.89273,0.0063793,0.30853,0.47782,0.785,0.09,0.77648,0.23529
1,0.27104,0.76632,0.0047974,0.30853,0.6191,0.67,0.03,0.80542,0.23529
1,0,1,0,0.30853,0.7484,0.615,0.015,0.8362,0.23529
1,0.55959,0.29348,0.00091771,0.30853,0.84672,0.025,0.65,0.86944,0.23529
1,0.65354,0.1323,0.0014585,0.30853,0.82614,0,0.5,0.90616,0.23529
1,0.61562,0.095291,0.003315,0.30853,0.85172,0.03,0.33,0.94822,0.23529
1,0.73451,0.020567,0.0034551,0.30853,0.71403,0.8,0.9,1,0.23529
1,0.91674,0.044664,0.0027711,0.18023,0.20663,0.75,0.065,0.62485,0.2437
1,0.39161,0.66427,0.014581,0.30853,0.17686,0.8,0.1,0.74904,0.2437
1,0.27474,0.79056,0.0037994,0.30853,0.43645,0.55,0,0.77648,0.2437
1,0.33853,0.68684,0.0018986,0.30853,0.60272,0.525,0,0.80542,0.2437
1,0.48347,0.43318,0.0020586,0.30853,0.73981,0.515,0,0.8362,0.2437
1,0.55297,0.3046,0.00082962,0.30853,0.86391,0.515,0,0.86944,0.2437
1,0.61894,0.17022,0.0014211,0.30853,0.8715,0,0.52,0.90616,0.2437
1,0.6331,0.095583,0.0025511,0.30853,0.85212,0.955,0.705,0.94822,0.2437
1,0.77102,0.016244,0.0024231,0.30853,0.69285,0.785,0.91,1,0.2437
1,0.93489,0.040025,0.00071848,0.53895,0.27178,0.065,0.25,0.62485,0.2521
1,0.52061,0.50185,0.01073,0.30853,0.17686,0.8,0.1,0.74904,0.2521
1,0.38333,0.66286,0.0017861,0.30853,0.43645,0.55,0,0.77648,0.2521
1,0.41681,0.58858,0.00074292,0.30853,0.60272,0.525,0,0.80542,0.2521
1,0.52074,0.3883,0.00077105,0.30853,0.73981,0.515,0,0.8362,0.2521
1,0.6053,0.23888,0.00051721,0.30853,0.82134,0.915,0.22,0.86944,0.2521
1,0.61412,0.18302,0.0012417,0.30853,0.88589,0.915,0.775,0.90616,0.2521
1,0.68213,0.073405,0.0016754,0.30853,0.81595,0.96,0.7,0.94822,0.2521
1,0.80322,0.012858,0.0017126,0.30853,0.67186,0.77,0.92,1,0.2521
1,1,0,0,0,0,0.075,0.24,0.60171,0.2605
1,0.92416,0.058853,0.00049255,0.38556,0.23661,0.69,0.965,0.62485,0.2605
1,0.77473,0.17226,0.0018641,0,0.19664,0.76,0.925,0.67255,0.2605
1,1,0,0,0,0,0.43,0.005,0.7227,0.2605
1,0.61459,0.38267,0.0044256,0.30853,0.26839,0.37,0.015,0.74904,0.2605
1,0.4916,0.52807,0.00081434,0.30853,0.45863,0.28,0.05,0.77648,0.2605
1,0.49896,0.48571,0.00031896,0.30853,0.61111,0.375,0.015,0.80542,0.2605
1,0.59144,0.30095,0.00040623,0.30853,0.70504,0.935,0.25,0.8362,0.2605
1,0.65976,0.17963,0.00032676,0.30853,0.77858,0.88,0.175,0.86944,0.2605
1,0.65834,0.14617,0.00077856,0.30853,0.84892,0.915,0.78,0.90616,0.2605
1,0.73065,0.053392,0.001051,0.30853,0.77798,0.96,0.695,0.94822,0.2605
1,0.83097,0.010281,0.0012306,0.30853,0.65188,0.745,0.935,1,0.2605
1,1,0,0,0.63365,0.16607,0.105,0.805,0.57878,0.26891
1,0.75387,0.21397,0.0071955,0.50491,0.17686,0.8,0.1,0.74904,0.26891
1,0.61317,0.3729,0.00075618,0.30853,0.43625,0.93,0.245,0.77648,0.26891
1,0.61479,0.33694,0.00030287,0.30853,0.56195,0.76,0.075,0.80542,0.26891
1,0.67723,0.20318,0.00030974,0.30853,0.64488,0.93,0.245,0.8362,0.26891
1,0.71055,0.13278,0.00022193,0.30853,0.73841,0.83,0.125,0.86944,0.26891
1,0.70417,0.11166,0.00046574,0.30853,0.81075,0.91,0.79,0.90616,0.26891
1,0.77682,0.036731,0.00064792,0.30853,0.73821,0.96,0.695,0.94822,0.26891
1,0.85637,0.0080343,0.00090614,0.30853,0.6295,0.78,0.915,1,0.26891
1,0.77961,0.17927,0.0021121,0.56622,0.33813,0.74,0.06,0.77648,0.27731
1,0.72368,0.20623,0.00052699,0.30853,0.48481,0.91,0.215,0.80542,0.27731
1,0.75002,0.13309,0.00032435,0.30853,0.58313,0.875,0.17,0.8362,0.27731
1,0.75774,0.095749,0.00016508,0.30853,0.69744,0.915,0.225,0.86944,0.27731
1,0.74916,0.081661,0.00028108,0.30853,0.77158,0.9,0.8,0.90616,0.27731
1,0.81926,0.023936,0.00041238,0.30853,0.69544,0.975,0.655,0.94822,0.27731
1,0.88072,0.0059358,0.00069646,0.30853,0.60052,0.865,0.84,1,0.27731
1,0.79474,0.19251,0.0043468,0.76151,0.26379,0.025,0.35,0.46639,0.28571
1,0.80387,0.16758,0.0019268,0.75256,0.26479,0.025,0.345,0.4888,0.28571
1,1,0,0,0,0,0.955,0.71,0.64844,0.28571
1,0.8692,0.090257,0.0071879,0.70543,0.23341,0.99,0.395,0.77648,0.28571
1,0.80524,0.121,0.0012376,0.30853,0.39129,0.895,0.195,0.80542,0.28571
1,0.80389,0.090238,0.00040186,0.30853,0.52738,0.775,0.085,0.8362,0.28571
1,0.80444,0.064106,0.00013999,0.30853,0.64708,0.87,0.16,0.86944,0.28571
1,0.7911,0.057529,0.00018099,0.30853,0.73122,0.89,0.815,0.90616,0.28571
1,0.85693,0.014855,0.00028541,0.30853,0.64908,0.975,0.655,0.94822,0.28571
1,0.90159,0.0043749,0.00056894,0.30853,0.56934,0.845,0.86,1,0.28571
1,0.75831,0.19559,0.0026361,0.76958,0.25999,0.015,0.375,0.42122,0.29412
1,1,0,0,0.30853,0.35651,0.07,0.25,0.44392,0.29412
1,0,1,0,0.30853,0.43545,0.095,0.21,0.46639,0.29412
1,0.69431,0.28757,0.00072805,0.30853,0.41147,0.04,0.7,0.4888,0.29412
1,0.66653,0.32685,0.0014363,0.54069,0.30635,0.145,0.855,0.5112,0.29412
1,0.66545,0.33591,0.0011797,0.45603,0.26379,0.025,0.65,0.53361,0.29412
1,1,0,0,0,0,1,0.48,0.62485,0.29412
1,0,1,0,0,0,0.98,0.645,0.64844,0.29412
1,0.89294,0.052822,0.0051203,0.62121,0.26938,0.85,0.145,0.80542,0.29412
1,0.84389,0.06353,0.00056163,0.30853,0.47202,0.765,0.075,0.8362,0.29412
1,0.84066,0.044519,0.00013283,0.30853,0.60112,0.79,0.095,0.86944,0.29412
1,0.82861,0.03938,0.00012833,0.30853,0.68965,0.95,0.715,0.90616,0.29412
1,0.88857,0.0090281,0.00022468,0.30853,0.59872,0.99,0.6,0.94822,0.29412
1,0.91867,0.0032944,0.00049919,0.30853,0.53757,0.93,0.755,1,0.29412
1,0.37703,0.019837,0.60483,0.66572,0.21583,0.035,0.68,0,0.30252
1,1,0,0,0,0,0.05,0.28,0.093843,0.30252
1,0,0,1,0.68667,0.20923,0.01,0.395,0.13056,0.30252
1,1,0,0,0,0,0.13,0.165,0.1638,0.30252
1,0.30954,0.52586,0.0049636,0.33362,0.14628,0.085,0.78,0.22352,0.30252
1,0.63025,0.35032,0.0020083,0.94327,0.29396,0.13,0.165,0.39829,0.30252
1,0.63392,0.31995,0.00051943,0.30853,0.43046,0.21,0.095,0.42122,0.30252
1,0.76126,0.18951,0.0014167,0.30853,0.4994,0.105,0.19,0.44392,0.30252
1,0.73353,0.24928,0.0014739,0.30853,0.55436,0.035,0.32,0.46639,0.30252
1,0.69919,0.28302,0.00077342,0.30853,0.51819,0.705,0.955,0.4888,0.30252
1,1,0,0,0.30853,0.39568,0.855,0.855,0.5112,0.30252
1,0.64272,0.37998,0.0016773,0.51189,0.26379,0.025,0.65,0.53361,0.30252
1,1,1,0,0,0,0.225,0.92,0.62485,0.30252
1,0.87829,0.043467,0.0010564,0.30853,0.38949,0.875,0.17,0.8362,0.30252
1,0.87049,0.031192,0.00013844,0.30853,0.55376,0.785,0.09,0.86944,0.30252
1,0.86528,0.024476,0.00010153,0.30853,0.63749,0.945,0.73,0.90616,0.30252
1,0.9145,0.0054627,0.00021006,0.30853,0.54217,0.99,0.595,0.94822,0.30252
1,0.93437,0.0023761,0.00050585,0.30853,0.4956,0.915,0.78,1,0.30252
1,0.35813,0.023915,0.59986,0.76347,0.29576,0.14,0.845,0,0.31092
1,1,0,0,0,0,0.315,0.035,0.093843,0.31092
1,0.44023,0.031635,0.37771,0.30853,0.20923,0.99,0.395,0.13056,0.31092
1,0.48318,0.2934,0.0055576,0.30853,0.28797,0.6,0.01,0.19458,0.31092
1,0.285,0.60844,0.0013991,0.47829,0.34093,0.13,0.165,0.22352,0.31092
1,0.15475,0.81162,0.0032952,0.50273,0.2472,0.045,0.705,0.25096,0.31092
1,0.11173,0.89095,0.011107,0.79729,0.24021,0,0.505,0.2773,0.31092
1,0,1,0,0.79555,0.18106,0.195,0.895,0.30274,0.31092
1,0,1,0,0,0,0,0.485,0.35156,0.31092
1,0.32948,0.69027,0.0018615,0.82631,0.23661,0.31,0.035,0.37515,0.31092
1,0.56546,0.41955,0.00046082,0.82959,0.38469,0.14,0.155,0.39829,0.31092
1,0.63488,0.31986,0.00053018,0.30853,0.51199,0.295,0.045,0.42122,0.31092
1,0.79371,0.14734,0.0018015,0.30853,0.60192,0.05,0.285,0.44392,0.31092
1,1,0,0,0.30853,0.61591,0.47,1,0.46639,0.31092
1,0.77861,0.16681,0.00077084,0.30853,0.4956,0.455,1,0.4888,0.31092
1,0.68817,0.2782,0.0017382,0.30853,0.33593,0.4,0.99,0.5112,0.31092
1,0,1,0,0,0,0.155,0.865,0.53361,0.31092
1,1,0,0,0,0,0.395,0.99,0.62485,0.31092
1,1,0,0,0,0,0.785,0.09,0.77648,0.31092
1,0.9294,0.021766,0.0031026,0.66507,0.31355,0.905,0.21,0.8362,0.31092
1,0.89101,0.023956,0.00014136,0.30853,0.51819,0.65,0.025,0.86944,0.31092
1,0.89531,0.015114,9.38e-05,0.30853,0.58213,0.93,0.75,0.90616,0.31092
1,0.9346,0.0034338,0.00024752,0.30853,0.47882,0.99,0.595,0.94822,0.31092
1,0.94653,0.001791,0.00058765,0.30853,0.45224,0.89,0.815,1,0.31092
1,0.28453,0.033431,0.66946,0.58695,0.28177,0.99,0.595,0,0.31933
1,0.47565,0.32313,0.0054662,0.30853,0.28977,1,0.54,0.19458,0.31933
1,0.26234,0.66324,0.0017916,0.30853,0.29896,0.995,0.56,0.22352,0.31933
1,0.10886,0.88654,0.0011273,0.30853,0.3759,0.82,0.115,0.25096,0.31933
1,0,1,0,0.53546,0.41607,0,0.49,0.2773,0.31933
1,0,1,0,0.79315,0.3765,0.005,0.585,0.30274,0.31933
1,0.075486,0.96373,0.0016078,0.87388,0.3787,0,0.535,0.32745,0.31933
1,0,1,0,0.95112,0.38209,0,0.495,0.35156,0.31933
1,0.31926,0.72025,0.00051083,0.90879,0.39628,0.03,0.33,0.37515,0.31933
1,0.37975,0.63275,0.00014358,0.30853,0.49181,0.105,0.195,0.39829,0.31933
1,0.62707,0.33244,0.00058444,0.30853,0.58054,0.15,0.14,0.42122,0.31933
1,1,0,0,0.30853,0.66647,0.235,0.075,0.44392,0.31933
1,1,0,0,0.30853,0.63989,0.31,0.96,0.46639,0.31933
1,0.81933,0.11935,0.00070794,0.30853,0.53837,0.23,0.92,0.4888,0.31933
1,0.81047,0.14271,0.00087904,0.62208,0.43665,0.21,0.905,0.5112,0.31933
1,0.7713,0.22252,0.00125,0.80406,0.33553,0.01,0.595,0.53361,0.31933
1,0,1,0,0,0,0.17,0.875,0.55608,0.31933
1,1,0,0,0,0,0.565,0.995,0.60171,0.31933
1,1,0,0,0,0,0.68,0.035,0.80542,0.31933
1,0.91634,0.025911,0.002536,0.30853,0.2462,0.63,0.02,0.8362,0.31933
1,0.90181,0.021527,0.00012381,0.30853,0.50799,0.53,0,0.86944,0.31933
1,0.91878,0.0096005,0.00010124,0.30853,0.52358,0.905,0.79,0.90616,0.31933
1,0.94968,0.0022913,0.00040173,0.30853,0.40608,0.99,0.605,0.94822,0.31933
1,0.95569,0.0014255,0.00076346,0.30853,0.40867,0.84,0.865,1,0.31933
1,0,0,1,0.30853,0.17706,0.915,0.78,0,0.32773
1,0.11784,0.88112,0.0015284,0.30853,0.33094,0.42,0.005,0.25096,0.32773
1,0,1,0,0.30853,0.27098,0.895,0.805,0.2773,0.32773
1,0,1,0,0.30853,0.29376,0.84,0.135,0.30274,0.32773
1,0.030758,0.98953,0.00033255,0.30853,0.43185,0.875,0.17,0.32745,0.32773
1,0,1,0,0.30853,0.52078,0,0.49,0.35156,0.32773
1,0.15169,0.89376,8.17e-05,0.30853,0.52938,0.01,0.4,0.37515,0.32773
1,0.35066,0.67392,0.00017807,0.30853,0.58034,0.09,0.21,0.39829,0.32773
1,0.59529,0.38056,0.00064961,0.30853,0.65568,0.13,0.165,0.42122,0.32773
1,0.77286,0.17418,0.0020977,0.30853,0.72522,0.155,0.14,0.44392,0.32773
1,0.83059,0.11222,0.0011704,0.30853,0.69005,0.195,0.895,0.46639,0.32773
1,0.82763,0.11626,0.00064929,0.30853,0.61491,0.12,0.825,0.4888,0.32773
1,0.87328,0.090616,0.00074287,0.79424,0.53757,0.08,0.77,0.5112,0.32773
1,0.83565,0.14809,0.00059636,0.88763,0.43545,0.21,0.905,0.53361,0.32773
1,1,0,0,0.7626,0.25979,0.335,0.975,0.55608,0.32773
1,0.92432,0.022842,0.0019412,0.30853,0.2462,0.37,0.02,0.8362,0.32773
1,0.91435,0.018057,0.00011753,0.30853,0.48481,0.86,0.155,0.86944,0.32773
1,0.93683,0.0063689,0.00013175,0.30853,0.46023,0.93,0.76,0.90616,0.32773
1,0.96071,0.0016466,0.00093603,0.30853,0.31795,0.98,0.645,0.94822,0.32773
1,0.96308,0.0011615,0.001153,0.30853,0.35851,0.9,0.795,1,0.32773
1,0.26894,0.69983,0.0038023,0,0.19185,0.74,0.06,0.22352,0.33613
1,0.14568,0.84742,0.004095,0.30853,0.17686,0.8,0.9,0.25096,0.33613
1,0.04229,0.98254,0.00042385,0.30853,0.35112,0.58,0.005,0.32745,0.33613
1,0.063052,0.9704,9.72e-05,0.30853,0.51639,0.535,0,0.35156,0.33613
1,0.13799,0.90362,0.00012025,0.30853,0.63709,0.005,0.425,0.37515,0.33613
1,0.31927,0.71246,0.00025577,0.30853,0.66946,0.05,0.28,0.39829,0.33613
1,0.64897,0.34142,0.00084838,0.70565,0.72362,0.115,0.18,0.42122,0.33613
1,0.77345,0.16947,0.0010643,0.30853,0.69824,0.935,0.75,0.44392,0.33613
1,0.84912,0.090368,0.00061212,0.30853,0.66027,0.985,0.625,0.46639,0.33613
1,0.84464,0.10169,0.00057399,0.30853,0.63909,0.69,0.965,0.4888,0.33613
1,0.88818,0.070756,0.00088164,0.61794,0.53757,0.765,0.925,0.5112,0.33613
1,0.85139,0.11411,0.00030733,0.66659,0.40947,0.695,0.96,0.53361,0.33613
1,0.78189,0.21342,0.0021311,0.57233,0.25979,0.665,0.975,0.55608,0.33613
1,0.93188,0.019289,0.0024605,0.16125,0.14528,0.87,0.165,0.8362,0.33613
1,0.9307,0.013008,0.00014454,0.30853,0.42946,0.71,0.045,0.86944,0.33613
1,0.95071,0.0044183,0.00022516,0.30853,0.38649,0.955,0.705,0.90616,0.33613
1,0.96841,0.0012987,0.0025698,0.30853,0.20384,0.89,0.815,0.94822,0.33613
1,0.96881,0.00098421,0.0018962,0.30853,0.30236,0.805,0.895,1,0.33613
1,0,1,0,0,0,0.55,0,0.19458,0.34454
1,0.051233,0.97694,0.000192,0.30853,0.36871,0.28,0.05,0.32745,0.34454
1,0.076089,0.96059,4.5e-05,0.30853,0.52238,0.39,0.01,0.35156,0.34454
1,0.15382,0.88741,0.0001046,0.30853,0.64169,0.425,0.005,0.37515,0.34454
1,0.38795,0.65709,0.00034612,0.71525,0.74121,0.445,0.005,0.39829,0.34454
1,0.66352,0.31448,0.00045138,0.67358,0.69145,0.805,0.9,0.42122,0.34454
1,0.80758,0.12289,0.00043953,0.30853,0.61571,0.88,0.825,0.44392,0.34454
1,0.88942,0.050364,0.00029498,0.30853,0.55616,0.965,0.68,0.46639,0.34454
1,0.89705,0.049675,0.00036191,0.30853,0.53797,1,0.46,0.4888,0.34454
1,1,0,0,0.30853,0.47762,0.74,0.935,0.5112,0.34454
1,0.8579,0.094959,0.00057753,0.30853,0.33453,0.6,0.99,0.53361,0.34454
1,1,0,0,0,0,0.83,0.875,0.55608,0.34454
1,0.9424,0.010056,0.00018461,0.30853,0.3801,0.76,0.075,0.86944,0.34454
1,0.96149,0.0031952,0.00056881,0.30853,0.28997,0.87,0.835,0.90616,0.34454
1,0.97363,0.00084357,0.0036572,0.30853,0.22322,0.915,0.775,1,0.34454
1,1,0,0,0,0,0.78,0.085,0.19458,0.35294
1,0.16237,0.84078,0.0014953,0.30853,0.24201,0.97,0.33,0.25096,0.35294
1,0.081615,0.93862,0.00060558,0.30853,0.31015,0,0.5,0.2773,0.35294
1,0.055499,0.9699,0.00020924,0.30853,0.34193,0.08,0.23,0.30274,0.35294
1,0.055082,0.97475,4.58e-05,0.30853,0.46663,0.18,0.115,0.32745,0.35294
1,0.12158,0.9284,3.9e-05,0.66485,0.56855,0.22,0.085,0.35156,0.35294
1,0.21431,0.83625,7.22e-05,0.63648,0.66747,0.84,0.135,0.37515,0.35294
1,0.41572,0.62572,0.00028057,0.73227,0.73621,0.645,0.98,0.39829,0.35294
1,0.61006,0.3555,0.00024442,0.30853,0.64249,0.69,0.965,0.42122,0.35294
1,0.83264,0.09389,0.00021102,0.30853,0.53997,0.765,0.925,0.44392,0.35294
1,0.91551,0.031031,0.00019967,0.30853,0.43765,0.905,0.79,0.46639,0.35294
1,0.93004,0.025196,0.00032421,0.30853,0.39608,0.995,0.43,0.4888,0.35294
1,0.91266,0.043312,0.0010299,0.30853,0.43725,0.905,0.21,0.5112,0.35294
1,0.93153,0.036207,0.00071694,0.68841,0.26259,0.66,0.975,0.53361,0.35294
1,0.9494,0.008735,0.00019386,0.30853,0.35392,0.56,0.005,0.86944,0.35294
1,0.96791,0.0026598,0.0011885,0.30853,0.19984,0.98,0.645,0.90616,0.35294
1,0.11324,0.90353,0.00092934,0.29893,0.21843,0.7,0.04,0.2773,0.36134
1,0.074946,0.95413,0.00011313,0.30853,0.34193,0.92,0.23,0.30274,0.36134
1,0.083452,0.95263,3.61e-05,0.30853,0.40188,0.935,0.255,0.32745,0.36134
1,0.12212,0.9206,1.97e-05,0.30853,0.5062,0.855,0.15,0.35156,0.36134
1,0.25298,0.7913,3.23e-05,0.54833,0.59772,0.815,0.11,0.37515,0.36134
1,0.41099,0.61539,0.0001105,0.554,0.68785,0.74,0.06,0.39829,0.36134
1,0.62695,0.33142,0.00015412,0.30853,0.6191,0.53,1,0.42122,0.36134
1,0.84143,0.084956,0.00012335,0.30853,0.498,0.545,1,0.44392,0.36134
1,0.92708,0.024257,0.00016439,0.30853,0.33833,0.595,0.99,0.46639,0.36134
1,0.93727,0.024108,0.00072602,0.30853,0.26519,0.975,0.34,0.5112,0.36134
1,0.91444,0.042019,0.00057469,0.21383,0.17446,0.865,0.845,0.53361,0.36134
1,0.95959,0.0064616,0.00044414,0.30853,0.26099,0.81,0.895,0.86944,0.36134
1,0.17367,0.86084,0.00022935,0.57975,0.26319,0.94,0.26,0.32745,0.36975
1,0.17835,0.8614,1.49e-05,0.30853,0.41007,0.805,0.105,0.35156,0.36975
1,0.2689,0.76199,2.72e-05,0.30853,0.54137,0.675,0.03,0.37515,0.36975
1,0.40817,0.60296,9.13e-05,0.30853,0.64249,0.995,0.42,0.39829,0.36975
1,0.6582,0.28757,8.71e-05,0.30853,0.57614,0.735,0.94,0.42122,0.36975
1,0.84571,0.081179,7.69e-05,0.30853,0.47042,0.85,0.855,0.44392,0.36975
1,0.92435,0.025825,9.83e-05,0.30853,0.33833,0.405,0.99,0.46639,0.36975
1,0.328,0.69163,3.58e-05,0.7194,0.36631,0.575,0.005,0.35156,0.37815
1,0.49495,0.51506,5.57e-05,0.88763,0.52058,0.925,0.235,0.37515,0.37815
1,0.68228,0.28802,8.27e-05,0.89963,0.53437,0.99,0.395,0.39829,0.37815
1,0.82214,0.12842,0.00010297,0.88414,0.54297,0.54,1,0.42122,0.37815
1,0.86285,0.066276,4.75e-05,0.30853,0.39968,0.57,0.995,0.44392,0.37815
1,0.93504,0.020301,0.00015005,0.30853,0.17966,0.845,0.865,0.46639,0.37815
1,0.97789,0.0010864,0.0018639,0.30853,0.2506,0.015,0.37,1,0.37815
1,0.45038,0.54054,0.0001372,0.83897,0.32294,1,0.5,0.35156,0.38655
1,0.60797,0.36187,7.79e-05,0.89963,0.38589,1,0.47,0.37515,0.38655
1,0.75975,0.19039,7.06e-05,0.89963,0.40148,0.965,0.32,0.39829,0.38655
1,0.85243,0.094171,4.1e-05,0.85795,0.45304,0.975,0.345,0.42122,0.38655
1,0.84984,0.078923,3.1e-05,0.30853,0.43925,0.215,0.91,0.44392,0.38655
1,0.9273,0.024313,5.41e-05,0.30853,0.26739,0.655,0.975,0.46639,0.38655
1,0.9756,0.0014947,0.00071971,0.30853,0.33553,0.02,0.645,1,0.38655
1,0.72215,0.20024,4.25e-05,0.55488,0.2478,0.675,0.03,0.39829,0.39496
1,0.86956,0.072297,6.15e-05,0.74296,0.29936,0.865,0.155,0.42122,0.39496
1,0.91312,0.037435,1.75e-05,0.67729,0.36291,0.75,0.93,0.44392,0.39496
1,0.94237,0.018439,4.58e-05,0.54091,0.26379,0.975,0.35,0.46639,0.39496
1,0.97931,0.0017166,0.0013569,0.30853,0.19484,0.94,0.26,0.94822,0.39496
1,0.97252,0.002149,0.00036878,0.30853,0.40268,0.015,0.62,1,0.39496
1,0.93437,0.026949,8.67e-05,0.80559,0.30296,0.86,0.15,0.44392,0.40336
1,0.97451,0.0020958,0.00044987,0.30853,0.3809,0.855,0.15,1,0.40336
1,0.97703,0.0019288,0.0006718,0.30853,0.34013,0.705,0.045,1,0.41176
1,0.97899,0.001825,0.0010589,0.30853,0.29576,0.86,0.155,1,0.42017
1,0.98038,0.001792,0.0016569,0.30853,0.2506,0.985,0.37,1,0.42857
1,0.89846,0.08372,0.00036286,0.30853,0.19504,0.215,0.09,0.60171,0.45378
1,1,0,0,0.74449,0.18745,0.19,0.11,0.57878,0.46218
1,0.87528,0.11008,0.00015443,0.30853,0.33533,0.02,0.365,0.60171,0.46218
1,0.86916,0.1491,1.9e-05,0.30853,0.38589,0,0.53,0.62485,0.46218
1,0.85978,0.21873,6.66e-06,0.30853,0.38209,0,0.505,0.64844,0.46218
1,0.84157,0.33955,3.39e-05,0.30853,0.32054,0.005,0.45,0.67255,0.46218
1,0.95179,0.01985,0.00032223,0.54986,0.17966,0.155,0.135,0.53361,0.47059
1,0.95047,0.025934,0.00045055,0.89701,0.36091,0.075,0.235,0.55608,0.47059
1,0.87696,0.094618,0.00041068,0.52018,0.39408,0.005,0.415,0.57878,0.47059
1,0.83794,0.15641,6.06e-05,0.30853,0.47342,0.16,0.135,0.60171,0.47059
1,0.8176,0.22279,6.6e-06,0.30853,0.52558,0,0.52,0.62485,0.47059
1,0.80678,0.30826,1.58e-06,0.30853,0.51299,0.075,0.76,0.64844,0.47059
1,0.80216,0.43167,1.74e-05,0.30853,0.39768,0.185,0.89,0.67255,0.47059
1,0.78523,0.51226,0.00035955,0.30853,0.2494,0.025,0.65,0.69726,0.47059
1,0.95056,0.021027,0.0003572,0.55793,0.17966,0.845,0.135,0.53361,0.47899
1,0.94645,0.029747,0.00024097,0.8957,0.39968,0.57,0.005,0.55608,0.47899
1,0.82159,0.1587,0.00010979,0.30853,0.53417,0,0.455,0.57878,0.47899
1,0.79611,0.20952,3.09e-05,0.30853,0.57174,0.065,0.255,0.60171,0.47899
1,0.75453,0.30761,3.9e-06,0.30853,0.63429,0.045,0.3,0.62485,0.47899
1,0.75941,0.3736,6.89e-07,0.30853,0.58993,0.185,0.89,0.64844,0.47899
1,0.7469,0.52839,4.36e-06,0.30853,0.4956,0.135,0.845,0.67255,0.47899
1,1,1,0,0.30853,0.38129,0.165,0.87,0.69726,0.47899
1,1,0,0,0.42287,0.32414,0.23,0.92,0.7227,0.47899
1,1,0,0,0.30853,0.23341,0.01,0.395,0.77648,0.47899
1,0.81484,0.24728,0.00034423,0.30853,0.22542,0.005,0.43,0.80542,0.47899
1,1,0,0,0.30853,0.2546,0.01,0.595,0.90616,0.47899
1,0.93193,0.032796,0.00026256,0.30853,0.17966,0.845,0.135,0.53361,0.48739
1,0.91258,0.055329,4.76e-05,0.56513,0.39968,0.57,0.005,0.55608,0.48739
1,0.81778,0.16254,4.21e-05,0.30853,0.54297,0.54,0,0.57878,0.48739
1,0.7446,0.27459,2.01e-05,0.30853,0.65687,0.475,0,0.60171,0.48739
1,0.69226,0.38166,3.85e-06,0.30853,0.71423,0.09,0.21,0.62485,0.48739
1,0.70794,0.4299,5.71e-07,0.30853,0.65967,0.16,0.865,0.64844,0.48739
1,0.69416,0.58051,8.6e-07,0.30853,0.57854,0.12,0.825,0.67255,0.48739
1,0,1,0,0.30853,0.49101,0.055,0.73,0.69726,0.48739
1,1,0,0,0.54288,0.40348,0.215,0.91,0.7227,0.48739
1,1,0,0,0.1379,0.24201,0.03,0.67,0.74904,0.48739
1,0,1,0,0,0,0.74,0.06,0.77648,0.48739
1,0.74906,0.34948,0.00017944,0.30853,0.28797,0.6,0.99,0.80542,0.48739
1,0.98488,0.011853,0.00040506,0.30853,0.19584,0.69,0.035,0.86944,0.48739
1,0.98045,0.010604,0.0012683,0.30853,0.28997,0.87,0.835,0.90616,0.48739
1,0.92776,0.036554,0.00029048,0.30853,0.17966,0.845,0.135,0.53361,0.4958
1,0.88487,0.078399,2.46e-05,0.30853,0.39808,0.85,0.14,0.55608,0.4958
1,0.82128,0.15535,1.81e-05,0.30853,0.52218,0.705,0.045,0.57878,0.4958
1,0.74593,0.26646,1e-05,0.30853,0.63389,0.64,0.02,0.60171,0.4958
1,0.6651,0.40474,3.74e-06,0.30853,0.73261,0.605,0.01,0.62485,0.4958
1,0.65528,0.47426,1.13e-06,0.30853,0.72342,0.145,0.85,0.64844,0.4958
1,0.65041,0.58525,2.51e-07,0.30853,0.65108,0.11,0.815,0.67255,0.4958
1,0.56419,0.77014,2.89e-06,0.30853,0.57414,0.47,1,0.69726,0.4958
1,0.74679,0.20511,4.68e-05,0.53218,0.42186,0.45,0.995,0.7227,0.4958
1,0,1,0,0,0,0.155,0.14,0.74904,0.4958
1,1,1,0,0,0,0.74,0.06,0.77648,0.4958
1,1,0,0,0.34192,0.28797,0.4,0.99,0.80542,0.4958
1,0.98497,0.013772,0.00035118,0.30853,0.23681,0.11,0.185,0.86944,0.4958
1,1,0,0,0,0,0.755,0.93,0.94822,0.4958
1,0.89119,0.068954,3.46e-05,0.30853,0.34053,0.405,0.01,0.55608,0.5042
1,0.82089,0.15154,9.44e-06,0.30853,0.5004,0.455,0,0.57878,0.5042
1,0.73616,0.27164,5.97e-06,0.30853,0.6223,0.47,0,0.60171,0.5042
1,0.65151,0.40867,3.67e-06,0.30853,0.72522,0.48,0,0.62485,0.5042
1,0.60323,0.50906,3.04e-06,0.30853,0.78217,0.865,0.84,0.64844,0.5042
1,0.62597,0.54952,5.94e-07,0.30853,0.70424,0.37,0.985,0.67255,0.5042
1,0.55695,0.68398,8.59e-07,0.30853,0.59612,0.32,0.965,0.69726,0.5042
1,1,0,0,0.32293,0.46962,0.21,0.905,0.7227,0.5042
1,0.59561,0.45628,5.48e-05,0.30853,0.25739,0.635,0.98,0.74904,0.5042
1,0,1,0,0.40432,0.23381,0.655,0.025,0.80542,0.5042
1,1,0,0,0.30853,0.23561,0.085,0.775,0.8362,0.5042
1,0.98352,0.017106,0.00068911,0.30853,0.23481,0.625,0.985,0.86944,0.5042
1,1,0,0,0,0,0.43,0.005,0.5112,0.51261
1,0.91673,0.046519,0.00030455,0.30853,0.17966,0.845,0.135,0.53361,0.51261
1,0.8701,0.09083,1.2e-05,0.30853,0.39968,0.43,0.005,0.55608,0.51261
1,0.78893,0.18857,6.07e-06,0.30853,0.54137,0.235,0.075,0.57878,0.51261
1,0.69945,0.31186,4.34e-06,0.30853,0.64488,0.315,0.035,0.60171,0.51261
1,0.61552,0.43974,3.84e-06,0.30853,0.73961,0.355,0.02,0.62485,0.51261
1,0.63529,0.44168,5.22e-06,0.30853,0.72542,0.815,0.89,0.64844,0.51261
1,0.68508,0.40723,4.5e-06,0.30853,0.65108,0.89,0.815,0.67255,0.51261
1,0.5657,0.58723,1.21e-06,0.30853,0.57734,0.75,0.93,0.69726,0.51261
1,0,1,0,0.31988,0.43106,0.65,0.975,0.7227,0.51261
1,0.64381,0.37574,6.47e-05,0.30853,0.24201,0.97,0.67,0.74904,0.51261
1,0,1,0,0,0,0.435,0.995,0.77648,0.51261
1,1,0,0,0,0,0.995,0.57,0.80542,0.51261
1,1,1,0,0.30853,0.31355,0.905,0.21,0.8362,0.51261
1,1,0,0,0.30853,0.20923,0.99,0.605,0.86944,0.51261
1,0.93418,0.037663,0.0002785,0.67336,0.26539,0.03,0.335,0.53361,0.52101
1,0.88761,0.076335,1.63e-05,0.58084,0.41427,0.305,0.04,0.55608,0.52101
1,0.80976,0.16635,9.42e-06,0.58193,0.54896,0.39,0.01,0.57878,0.52101
1,0.65876,0.35583,3.09e-06,0.30853,0.66027,0.425,0.005,0.60171,0.52101
1,0.57253,0.47859,3.46e-06,0.30853,0.7518,0.835,0.87,0.62485,0.52101
1,0.64878,0.3939,7.06e-06,0.30853,0.67566,0.735,0.94,0.64844,0.52101
1,0.74893,0.2553,5.55e-05,0.30853,0.57974,0.82,0.885,0.67255,0.52101
1,0.60732,0.45194,5.46e-06,0.30853,0.49101,0.945,0.73,0.69726,0.52101
1,0.48993,0.55402,0.0002237,0.30853,0.3797,0.695,0.96,0.7227,0.52101
1,0.71998,0.25912,0.00017656,0.30286,0.16327,0.155,0.86,0.74904,0.52101
1,1,0,0,0,0,0.87,0.835,0.8362,0.52101
1,1,0,0,0.30853,0.20923,0.01,0.605,0.86944,0.52101
1,1,0,0,0,0,0.025,0.66,0.90616,0.52101
1,0.98292,0.0056504,0.001782,0.3993,0.24121,0.025,0.35,0.94822,0.52101
1,0.82011,0.16082,0.00039756,0.30853,0.20663,0.25,0.935,0.37515,0.52941
1,0.89398,0.080695,0.00080897,0.30853,0.26259,0.34,0.025,0.46639,0.52941
1,1,0,0,0.30853,0.26479,0.025,0.345,0.4888,0.52941
1,0.92688,0.044477,0.00041342,0.59219,0.26479,0.025,0.655,0.5112,0.52941
1,0.93849,0.040099,0.00023139,0.88785,0.36131,0.245,0.07,0.53361,0.52941
1,0.80534,0.16666,5.63e-06,0.30853,0.504,0.105,0.19,0.55608,0.52941
1,0.71163,0.27811,3.19e-06,0.30853,0.59532,0.22,0.085,0.57878,0.52941
1,0.60042,0.42183,2.15e-06,0.30853,0.68845,0.29,0.045,0.60171,0.52941
1,0.56568,0.47221,2e-06,0.30853,0.69824,0.765,0.925,0.62485,0.52941
1,0.64917,0.36354,5.97e-06,0.30853,0.61291,0.845,0.86,0.64844,0.52941
1,1,0,0,0.30853,0.52318,0.68,0.965,0.67255,0.52941
1,0.63166,0.35189,2.87e-05,0.30853,0.38129,0.835,0.87,0.69726,0.52941
1,0.52864,0.49247,0.00019821,0.30853,0.30036,0.605,0.99,0.7227,0.52941
1,1,0,0,0,0,0.63,0.985,0.74904,0.52941
1,1,0,0,0,0,0.085,0.78,0.77648,0.52941
1,1,0,0,0,0,0.295,0.045,0.80542,0.52941
1,1,1,0,0,0,0.275,0.055,0.8362,0.52941
1,1,0,0,0.30853,0.29756,0.105,0.805,0.86944,0.52941
1,0.9836,0.0052955,0.00067408,0.43945,0.32034,0.145,0.85,0.94822,0.52941
1,0.78677,0.13683,0.0038474,0.29893,0.21843,0.3,0.04,0.2773,0.53782
1,0.80815,0.14871,0.0031172,0.73293,0.2494,0.025,0.35,0.30274,0.53782
1,0.82686,0.15923,0.0019633,0.88392,0.31355,0.195,0.105,0.32745,0.53782
1,0.7292,0.27994,0.0001121,0.30853,0.3689,0.12,0.175,0.35156,0.53782
1,0.85957,0.14302,0.00023196,0.76369,0.36631,0.1,0.8,0.37515,0.53782
1,0.88543,0.11244,0.0002722,0.65263,0.31595,0.175,0.88,0.39829,0.53782
1,0.87202,0.13061,0.00023951,0.30853,0.29936,0.135,0.155,0.42122,0.53782
1,0.87696,0.12872,0.00020762,0.30853,0.33413,0.01,0.41,0.44392,0.53782
1,0.85856,0.14547,0.00024188,0.30853,0.40987,0.04,0.305,0.46639,0.53782
1,0.84329,0.14034,0.00046164,0.30853,0.44824,0.005,0.445,0.4888,0.53782
1,0.855,0.12815,7.82e-05,0.30853,0.44824,0.005,0.555,0.5112,0.53782
1,0.89941,0.082918,4.8e-05,0.80449,0.47842,0.065,0.255,0.53361,0.53782
1,0.77123,0.21423,7.18e-06,0.42963,0.56335,0.185,0.11,0.55608,0.53782
1,0.63724,0.36974,2.67e-06,0.30853,0.65667,0.27,0.055,0.57878,0.53782
1,0.52008,0.51334,1.46e-06,0.30853,0.73621,0.19,0.105,0.60171,0.53782
1,0.53519,0.49538,8.83e-07,0.30853,0.65727,0.66,0.975,0.62485,0.53782
1,0.6204,0.3745,3.25e-06,0.30853,0.54936,0.73,0.945,0.64844,0.53782
1,0.72948,0.20665,0.0002832,0.30853,0.43185,0.875,0.83,0.67255,0.53782
1,0.60835,0.33636,0.00010744,0.30853,0.29376,0.84,0.865,0.69726,0.53782
1,0,1,0,0,0,1,0.515,0.7227,0.53782
1,1,0,0,0,0,0.58,0.995,0.74904,0.53782
1,1,0,0,0,0,0.915,0.78,0.77648,0.53782
1,1,0,0,0,0,0.955,0.705,0.80542,0.53782
1,1,1,0,0,0,0.725,0.055,0.8362,0.53782
1,1,0,0,0.30853,0.32894,0.845,0.135,0.86944,0.53782
1,0.98402,0.0065387,0.0006807,0.30853,0.2546,0.01,0.595,0.90616,0.53782
1,0.97957,0.0064804,0.00025356,0.30853,0.38549,0.195,0.895,0.94822,0.53782
1,0.88472,0.053914,0.018507,0.60026,0.24201,0.03,0.33,0.25096,0.54622
1,0.74986,0.18622,0.001281,0.30853,0.36011,0.135,0.155,0.2773,0.54622
1,0.65663,0.32444,0.00017932,0.30853,0.42346,0.005,0.44,0.30274,0.54622
1,0.69779,0.31998,9.63e-05,0.57626,0.44504,0.045,0.3,0.32745,0.54622
1,0.66946,0.3854,7.32e-05,0.31988,0.4944,0.035,0.31,0.35156,0.54622
1,0.73044,0.32943,6.67e-05,0.30853,0.4986,0.025,0.655,0.37515,0.54622
1,0.80063,0.24533,7.37e-05,0.30853,0.45723,0.03,0.675,0.39829,0.54622
1,0.83194,0.21489,7.64e-05,0.30853,0.45304,0.025,0.345,0.42122,0.54622
1,0.82713,0.23345,9.09e-05,0.30853,0.49281,0,0.455,0.44392,0.54622
1,0.8047,0.25595,0.00017815,0.30853,0.53617,0.08,0.23,0.46639,0.54622
1,0.78132,0.26006,0.00027314,0.30853,0.57754,0,0.465,0.4888,0.54622
1,0.7813,0.24769,8.53e-05,0.30853,0.57754,0,0.535,0.5112,0.54622
1,0.80771,0.20318,3.32e-05,0.63299,0.59233,0.025,0.34,0.53361,0.54622
1,0.67474,0.33605,7.02e-06,0.30853,0.64309,0.095,0.205,0.55608,0.54622
1,0.55853,0.46309,2.29e-06,0.30853,0.71123,0.17,0.125,0.57878,0.54622
1,0.46452,0.57198,6.98e-07,0.30853,0.73921,0.52,1,0.60171,0.54622
1,0.4751,0.55752,2.88e-07,0.30853,0.63849,0.525,1,0.62485,0.54622
1,0.54427,0.45427,1.43e-06,0.30853,0.51639,0.535,1,0.64844,0.54622
1,0.63287,0.30412,0.00018272,0.30853,0.35112,0.58,0.995,0.67255,0.54622
1,0.53337,0.39313,0.00045702,0,0.16427,0.865,0.84,0.69726,0.54622
1,1,0,0,0,0,0.925,0.235,0.77648,0.54622
1,1,0,0,0,0,0.295,0.045,0.80542,0.54622
1,1,1,0,0,0,0.87,0.835,0.8362,0.54622
1,1,0,0,0.30853,0.28377,0.95,0.285,0.86944,0.54622
1,0.98049,0.0078355,0.00010655,0.30853,0.3755,0.005,0.56,0.90616,0.54622
1,0.97666,0.0074566,0.00011535,0.30853,0.44145,0.115,0.815,0.94822,0.54622
1,0.98628,0.0025333,0.0039028,0.48244,0.16707,0.35,0.975,1,0.54622
1,1,0,0,0,0,0.35,0.025,0.22352,0.55462
1,1,0,0,0.30853,0.39189,0.56,0.005,0.25096,0.55462
1,0.69183,0.26332,0.00037448,0.30853,0.47662,0.045,0.295,0.2773,0.55462
1,0.57046,0.45041,0.00012003,0.30853,0.54576,0,0.455,0.30274,0.55462
1,0.56149,0.50519,0.00012181,0.30853,0.55995,0.02,0.365,0.32745,0.55462
1,0.59613,0.50007,0.00012224,0.30853,0.60272,0.02,0.365,0.35156,0.55462
1,0.66728,0.43778,0.00010983,0.30853,0.60991,0.01,0.6,0.37515,0.55462
1,0.74656,0.3498,9.64e-05,0.30853,0.57734,0.01,0.605,0.39829,0.55462
1,0.77911,0.32359,0.00010859,0.30853,0.57634,0.01,0.4,0.42122,0.55462
1,0.7644,0.36288,0.0001527,0.30853,0.61191,0,0.47,0.44392,0.55462
1,0.73664,0.39399,0.00022131,0.30853,0.63689,0.04,0.305,0.46639,0.55462
1,0.69604,0.4157,0.00027978,0.30853,0.68245,0.05,0.285,0.4888,0.55462
1,0.68626,0.39929,0.00012794,0.30853,0.68305,0,0.525,0.5112,0.55462
1,0.65588,0.39884,4.26e-05,0.30853,0.69205,0.015,0.385,0.53361,0.55462
1,0.58321,0.44902,1.24e-05,0.30853,0.72522,0.055,0.27,0.55608,0.55462
1,0.47168,0.56121,2.63e-06,0.30853,0.77498,0.11,0.185,0.57878,0.55462
1,0.40553,0.63389,2.8e-07,0.30853,0.73921,0.52,1,0.60171,0.55462
1,0.39273,0.64806,6.86e-08,0.30853,0.63849,0.525,1,0.62485,0.55462
1,0.42928,0.59032,4.87e-07,0.30853,0.51639,0.535,1,0.64844,0.55462
1,0.48335,0.48903,7.73e-05,0.30853,0.35112,0.42,0.995,0.67255,0.55462
1,1,0,0,0,0,0.025,0.35,0.69726,0.55462
1,1,0,0,0,0,0.26,0.06,0.77648,0.55462
1,1,1,0,0.48134,0.22542,0.005,0.43,0.80542,0.55462
1,1,1,0,0,0,0.02,0.64,0.8362,0.55462
1,0.97029,0.0437,0.00066467,0.30853,0.19584,0.31,0.035,0.86944,0.55462
1,0.97345,0.011458,4.56e-05,0.30853,0.45943,0.025,0.34,0.90616,0.55462
1,0.97269,0.0088769,6.64e-05,0.30853,0.48661,0.15,0.86,0.94822,0.55462
1,0.9887,0.0022992,0.0032101,0.67838,0.2544,0.05,0.72,1,0.55462
1,0.87775,0.062738,0.011592,0.74078,0.34792,0.725,0.05,0.25096,0.56303
1,0.65631,0.30542,0.00032351,0.30853,0.495,0.84,0.13,0.2773,0.56303
1,0.51518,0.52775,0.00018009,0.30853,0.58074,1,0.455,0.30274,0.56303
1,0.51042,0.57766,0.00019317,0.30853,0.60332,0.965,0.32,0.32745,0.56303
1,0.54822,0.56868,0.00020748,0.30853,0.66127,0.89,0.185,0.35156,0.56303
1,0.60487,0.52959,0.00022884,0.30853,0.70404,0.935,0.255,0.37515,0.56303
1,0.68942,0.44709,0.0001937,0.30853,0.67886,0.005,0.57,0.39829,0.56303
1,0.72193,0.42931,0.00022233,0.30853,0.67926,0.005,0.425,0.42122,0.56303
1,0.69777,0.48722,0.00028012,0.30853,0.70703,0.045,0.295,0.44392,0.56303
1,0.65334,0.54157,0.00032841,0.30853,0.72822,0.025,0.35,0.46639,0.56303
1,0.6066,0.56193,0.00033284,0.30853,0.75859,0.98,0.365,0.4888,0.56303
1,0.58145,0.54623,0.00020513,0.30853,0.77438,0,0.52,0.5112,0.56303
1,0.55659,0.52341,8.7e-05,0.30853,0.78038,0.01,0.41,0.53361,0.56303
1,0.49416,0.5503,2.84e-05,0.30853,0.80396,0.035,0.315,0.55608,0.56303
1,0.41718,0.61769,2.45e-06,0.30853,0.79337,0.92,0.77,0.57878,0.56303
1,0.34049,0.70173,1.21e-07,0.30853,0.7456,0.41,0.99,0.60171,0.56303
1,0.3031,0.74504,2.24e-08,0.30853,0.64808,0.38,0.985,0.62485,0.56303
1,0.30483,0.73597,1.48e-07,0.30853,0.53357,0.325,0.97,0.64844,0.56303
1,0.31884,0.70597,2.21e-05,0.30853,0.39768,0.185,0.89,0.67255,0.56303
1,0.3162,0.73093,0.00033487,0.30853,0.25639,0.35,0.975,0.69726,0.56303
1,0,1,0,0,0,0.425,0.995,0.7227,0.56303
1,1,0,0,0,0,0.58,0.005,0.74904,0.56303
1,1,0,0,0.75955,0.29896,0.005,0.44,0.77648,0.56303
1,1,1,0,0.30853,0.20104,0.705,0.955,0.80542,0.56303
1,1,1,0,0,0,0.87,0.835,0.8362,0.56303
1,0.95718,0.044369,0.00098795,0.30853,0.19584,0.69,0.035,0.86944,0.56303
1,0.96522,0.015813,3.82e-05,0.30853,0.5056,0.53,0,0.90616,0.56303
1,0.9669,0.011261,4.44e-05,0.30853,0.52938,0.185,0.885,0.94822,0.56303
1,0.98671,0.0027612,0.0014757,0.64041,0.32034,0.15,0.86,1,0.56303
1,0.86575,0.060982,0.014277,0.68645,0.24201,0.97,0.33,0.25096,0.57143
1,0.72651,0.22664,0.0016346,0.66398,0.39968,0.915,0.22,0.2773,0.57143
1,0.52646,0.51192,0.00035463,0.30853,0.46763,0.995,0.445,0.30274,0.57143
1,0.53542,0.54924,0.00024944,0.30853,0.5032,0.935,0.25,0.32745,0.57143
1,0.59521,0.51697,0.00017075,0.30853,0.56855,0.98,0.35,0.35156,0.57143
1,0.65912,0.46924,0.00016271,0.30853,0.6235,0.895,0.195,0.37515,0.57143
1,0.68491,0.46375,0.00025717,0.30853,0.69584,0.865,0.16,0.39829,0.57143
1,0.7818,0.37183,0.00044083,0.6954,0.69764,0.93,0.75,0.42122,0.57143
1,0.7988,0.39091,0.00038748,0.73293,0.65907,0.985,0.625,0.44392,0.57143
1,0.7897,0.43519,0.00046919,0.83177,0.64888,1,0.47,0.46639,0.57143
1,0.6891,0.5399,0.00026816,0.63037,0.66986,0.97,0.325,0.4888,0.57143
1,0.58099,0.58329,0.00013133,0.30853,0.71223,0.96,0.305,0.5112,0.57143
1,0.53675,0.55626,6.84e-05,0.30853,0.75719,0.905,0.21,0.53361,0.57143
1,0.49222,0.54793,1.61e-05,0.30853,0.75959,0.93,0.755,0.55608,0.57143
1,0.53885,0.49446,4.19e-06,0.79293,0.72182,0.975,0.655,0.57878,0.57143
1,0.36496,0.68679,1.06e-07,0.57757,0.66946,0.95,0.72,0.60171,0.57143
1,0.22803,0.82355,5.37e-08,0.30853,0.63709,0.995,0.575,0.62485,0.57143
1,0.19209,0.85629,5.89e-08,0.30853,0.58054,0.955,0.705,0.64844,0.57143
1,0.18841,0.86189,7.02e-06,0.30853,0.45983,0.455,1,0.67255,0.57143
1,0.20643,0.88242,0.00023508,0.30853,0.25639,0.65,0.975,0.69726,0.57143
1,1,1,0,0,0,0.175,0.12,0.74904,0.57143
1,1,1,0,0.65459,0.24341,0.65,0.025,0.77648,0.57143
1,1,0,0,0.30853,0.249,0.1,0.8,0.80542,0.57143
1,0,1,0,0,0,0.005,0.58,0.8362,0.57143
1,1,0,0,0.30853,0.19584,0.31,0.035,0.86944,0.57143
1,0.96068,0.016652,3.96e-05,0.30853,0.5056,0.47,0,0.90616,0.57143
1,0.97076,0.0081333,8.15e-05,0.30853,0.47982,0.915,0.78,0.94822,0.57143
1,0.98472,0.0033355,0.00077643,0.64041,0.3775,0.08,0.775,1,0.57143
1,0.6875,0.2523,0.0044622,0.51887,0.26859,0.895,0.195,0.2773,0.57983
1,0.57555,0.45152,0.0024799,0.56142,0.31755,0.99,0.405,0.30274,0.57983
1,0.54861,0.52993,0.00064432,0.30853,0.39768,0.815,0.11,0.32745,0.57983
1,0.64348,0.45275,0.00028358,0.30853,0.45424,0.95,0.28,0.35156,0.57983
1,0.70541,0.41001,0.00017299,0.30853,0.54396,0.885,0.18,0.37515,0.57983
1,0.73172,0.4065,0.0002365,0.30853,0.63169,0.785,0.09,0.39829,0.57983
1,0.86413,0.24506,0.00092314,0.89963,0.61591,0.88,0.825,0.42122,0.57983
1,0.87114,0.29163,0.00071179,0.89963,0.55556,0.965,0.68,0.44392,0.57983
1,0.83505,0.41544,0.00071782,0.89963,0.53697,1,0.46,0.46639,0.57983
1,0.77716,0.48909,0.0005874,0.89963,0.57194,0.94,0.26,0.4888,0.57983
1,0.71184,0.48935,0.00023515,0.78638,0.6233,0.93,0.24,0.5112,0.57983
1,0.54924,0.55426,4.36e-05,0.30853,0.68685,0.855,0.145,0.53361,0.57983
1,0.51743,0.50734,8.81e-06,0.30853,0.67826,0.95,0.72,0.55608,0.57983
1,0.54517,0.4651,2.44e-06,0.76631,0.6309,0.96,0.695,0.57878,0.57983
1,0.30809,0.74451,2.63e-07,0.46345,0.58034,0.91,0.79,0.60171,0.57983
1,0.18907,0.86788,2.51e-07,0.30853,0.52938,0.99,0.6,0.62485,0.57983
1,0.14652,0.90414,5.47e-07,0.30853,0.47782,0.905,0.795,0.64844,0.57983
1,0.13288,0.91778,5.57e-05,0.30853,0.39768,0.815,0.89,0.67255,0.57983
1,0.1293,0.95093,0.00022142,0.30853,0.25639,0.35,0.975,0.69726,0.57983
1,1,1,0,0.89963,0.32014,0.59,0.01,0.77648,0.57983
1,0.82089,0.43863,0.00043765,0,0.18445,0.275,0.945,0.8362,0.57983
1,0.92334,0.051118,0.00093047,0.30853,0.28497,0.41,0.01,0.86944,0.57983
1,0.95264,0.019983,3.86e-05,0.30853,0.52218,0.315,0.035,0.90616,0.57983
1,0.97329,0.0062507,0.0001958,0.30853,0.42226,0.865,0.84,0.94822,0.57983
1,0.98017,0.0042067,0.00065417,0.48484,0.36551,0.815,0.11,1,0.57983
1,0.56103,0.50675,0.0028313,0.30853,0.2496,0.99,0.59,0.32745,0.58824
1,0.68121,0.39594,0.00097987,0.30853,0.32854,0.785,0.09,0.35156,0.58824
1,0.82266,0.24892,0.00061233,0.75911,0.46123,0.745,0.065,0.37515,0.58824
1,0.83789,0.25636,0.00066118,0.74755,0.56894,1,0.47,0.39829,0.58824
1,0.89342,0.19142,0.0015916,0.89963,0.53377,0.85,0.86,0.42122,0.58824
1,0.8978,0.26106,0.0017039,0.89963,0.43805,0.905,0.795,0.44392,0.58824
1,0.85458,0.43288,0.0020297,0.89963,0.39528,0.995,0.43,0.46639,0.58824
1,0.77827,0.54686,0.0011226,0.89963,0.45863,0.975,0.34,0.4888,0.58824
1,0.73898,0.49154,0.00033509,0.84006,0.53177,0.855,0.145,0.5112,0.58824
1,0.56689,0.54389,3.7e-05,0.30853,0.60432,0.95,0.715,0.53361,0.58824
1,0.55816,0.43485,2.08e-05,0.30853,0.57494,1,0.535,0.55608,0.58824
1,0.43057,0.56282,7.06e-06,0.30853,0.53098,0.92,0.77,0.57878,0.58824
1,0.2462,0.81197,1.18e-06,0.30853,0.48741,1,0.535,0.60171,0.58824
1,0.1577,0.90256,1.69e-06,0.30853,0.39628,0.97,0.67,0.62485,0.58824
1,0.11172,0.93743,4.48e-06,0.30853,0.3689,0.88,0.825,0.64844,0.58824
1,0,1,0,0.30853,0.2496,0.99,0.41,0.67255,0.58824
1,0,1,0,0,0,0.605,0.99,0.7227,0.58824
1,1,0,0,0.88261,0.24341,0.35,0.025,0.77648,0.58824
1,1,0,0,0,0,0.915,0.225,0.8362,0.58824
1,0.91738,0.049226,0.0003011,0.30853,0.32894,0.155,0.135,0.86944,0.58824
1,0.93974,0.027115,3.37e-05,0.30853,0.55456,0.38,0.015,0.90616,0.58824
1,0.97366,0.0056022,0.00050176,0.30853,0.3691,0.76,0.93,0.94822,0.58824
1,0.97528,0.0052669,0.0009723,0.30853,0.33153,0.63,0.015,1,0.58824
1,0.70005,0.36625,0.0026398,0.30024,0.22022,0.715,0.05,0.35156,0.59664
1,0.82283,0.2441,0.00093803,0.65219,0.39269,0.705,0.045,0.37515,0.59664
1,0.87002,0.19483,0.0012959,0.68099,0.44105,1,0.46,0.39829,0.59664
1,0.88737,0.18836,0.0031131,0.58717,0.41127,0.955,0.71,0.42122,0.59664
1,0.89018,0.30162,0.0029735,0.70041,0.30975,0.845,0.86,0.44392,0.59664
1,0.79713,0.59091,0.0039333,0.5348,0.17446,0.865,0.155,0.46639,0.59664
1,0.70626,0.70059,0.0025273,0.68689,0.30635,0.855,0.145,0.4888,0.59664
1,0.68918,0.59015,0.00035441,0.66398,0.43725,0.905,0.21,0.5112,0.59664
1,0.62209,0.48926,6.03e-05,0.47371,0.5014,0.895,0.81,0.53361,0.59664
1,0.70053,0.24133,0.00018625,0.69823,0.44604,0.995,0.55,0.55608,0.59664
1,0.57529,0.37033,0.000123,0.77089,0.40528,0.965,0.69,0.57878,0.59664
1,0.22296,0.84379,1.76e-05,0.30853,0.32954,0.995,0.565,0.60171,0.59664
1,0.13116,0.92689,2.55e-05,0.30853,0.23661,0.69,0.965,0.62485,0.59664
1,0,1,0,0,0,0.065,0.745,0.67255,0.59664
1,0.10749,0.96027,0.00019417,0.76849,0.2494,0.025,0.65,0.69726,0.59664
1,1,0,0,0.89963,0.32014,0.59,0.01,0.77648,0.59664
1,0.91019,0.047374,0.00014596,0.30853,0.35392,0.56,0.005,0.86944,0.59664
1,0.92561,0.035299,3.26e-05,0.30853,0.57974,0.255,0.065,0.90616,0.59664
1,0.97132,0.0060422,0.0009942,0.30853,0.33933,0.545,1,0.94822,0.59664
1,0.97306,0.0060071,0.001161,0.30853,0.32714,0.545,0,1,0.59664
1,0,1,0,0,0,0.005,0.435,0.30274,0.60504
1,0.80217,0.26196,0.0022666,0.30853,0.27178,0.935,0.75,0.37515,0.60504
1,0.8657,0.18865,0.0049837,0.30853,0.25679,0.99,0.4,0.39829,0.60504
1,1,0,0,0.30853,0.25999,0.985,0.375,0.42122,0.60504
1,0.85817,0.38333,0.0051955,0.30853,0.17126,0.875,0.17,0.44392,0.60504
1,0,1,0,0,0,0.85,0.145,0.4888,0.60504
1,0.61861,0.68733,0.0005408,0.30853,0.30735,0.855,0.145,0.5112,0.60504
1,0.58916,0.53401,0.00016445,0.30853,0.40947,0.695,0.96,0.53361,0.60504
1,1,0,0,0.56535,0.26219,0.98,0.64,0.55608,0.60504
1,1,0,0,0.70609,0.2552,0.665,0.97,0.57878,0.60504
1,0.12145,0.92793,0.00035489,0.7938,0.22282,0.29,0.045,0.64844,0.60504
1,0.10536,0.94471,0.00067745,0.89963,0.34173,0.06,0.265,0.67255,0.60504
1,0.077743,0.9746,4.44e-05,0.84573,0.3765,0.995,0.415,0.69726,0.60504
1,0.090896,0.97825,0.00011562,0.56622,0.26859,0.105,0.805,0.7227,0.60504
1,1,0,0,0.82981,0.24341,0.65,0.025,0.77648,0.60504
1,1,0,0,0,0,0.655,0.975,0.80542,0.60504
1,0.89841,0.050091,7.92e-05,0.30853,0.3801,0.24,0.075,0.86944,0.60504
1,0.91223,0.042767,4.02e-05,0.30853,0.59253,0.39,0.01,0.90616,0.60504
1,0.96617,0.0075424,0.0013836,0.30853,0.33933,0.545,1,0.94822,0.60504
1,0.97159,0.0066415,0.0022144,0.30853,0.28337,0.965,0.68,1,0.60504
1,1,1,0,0,0,0.855,0.855,0.46639,0.61345
1,0.61055,0.70779,0.00082179,0.30853,0.26519,0.975,0.34,0.5112,0.61345
1,0.54308,0.60815,0.00025204,0.30853,0.39448,0.43,0.995,0.53361,0.61345
1,0,1,0,0,0,0.105,0.195,0.57878,0.61345
1,0,1,0,0.66921,0.26839,0.05,0.285,0.60171,0.61345
1,0.067888,0.97445,1.29e-05,0.53131,0.33573,0.025,0.34,0.62485,0.61345
1,0.091159,0.95354,6.84e-05,0.89374,0.39149,0.02,0.36,0.64844,0.61345
1,0.049425,0.98335,0.00027926,0.63648,0.26319,0.94,0.74,0.67255,0.61345
1,0.030565,0.994,0.00022859,0.30853,0.18106,0.805,0.105,0.69726,0.61345
1,0,1,0,0,0,1,0.515,0.7227,0.61345
1,0,1,0,0.30853,0.24201,0.97,0.67,0.74904,0.61345
1,1,0,0,0.72922,0.24341,0.65,0.025,0.77648,0.61345
1,0.8852,0.054093,7.53e-05,0.30853,0.3801,0.76,0.075,0.86944,0.61345
1,0.90056,0.048635,7.17e-05,0.30853,0.59253,0.61,0.01,0.90616,0.61345
1,0.95893,0.010057,0.0018121,0.30853,0.34472,0.375,0.985,0.94822,0.61345
1,0.97013,0.0074821,0.0056801,0.30853,0.19145,0.84,0.865,1,0.61345
1,0.5047,0.52248,0.0094445,0.63888,0.2494,0.025,0.35,0.30274,0.62185
1,0.62511,0.42898,0.0059064,0.65197,0.244,0.325,0.97,0.32745,0.62185
1,0.62783,0.68614,0.0013364,0.30853,0.17786,0.85,0.145,0.5112,0.62185
1,0.51636,0.65356,0.00043931,0.30853,0.33553,0.99,0.595,0.53361,0.62185
1,0.20815,0.87601,0.001027,0.54244,0.27418,0.645,0.02,0.57878,0.62185
1,0.088615,0.96575,0.00050278,0.30853,0.19504,0.785,0.09,0.60171,0.62185
1,0.036681,0.98951,1.02e-05,0.30853,0.3759,0.73,0.055,0.62485,0.62185
1,0.026544,0.99321,9.54e-06,0.30853,0.3689,0.88,0.825,0.64844,0.62185
1,0.026656,0.99416,0.0008602,0,0.19664,0.76,0.925,0.67255,0.62185
1,0,1,0,0,0,0.105,0.195,0.7227,0.62185
1,0.18816,0.92448,0.00018288,0.65547,0.17686,0.8,0.1,0.74904,0.62185
1,0.77554,0.18754,0.0003732,0.79969,0.28058,0.61,0.99,0.77648,0.62185
1,1,0,0,0,0,0.705,0.045,0.80542,0.62185
1,0.86736,0.062071,0.00013425,0.30853,0.35392,0.56,0.005,0.86944,0.62185
1,0.88841,0.055475,0.00018103,0.30853,0.58693,0.52,0,0.90616,0.62185
1,0.94638,0.015284,0.0014685,0.30853,0.38549,0.195,0.895,0.94822,0.62185
1,0.28259,0.028323,0.43116,0.30853,0.17706,0.085,0.78,0,0.63025
1,0.63265,0.40152,0.0062853,0.48898,0.15308,0.935,0.745,0.32745,0.63025
1,0.78768,0.2577,0.003949,0.69889,0.2502,1,0.505,0.35156,0.63025
1,0,1,0,0.50862,0.18745,0.81,0.11,0.57878,0.63025
1,0.037698,0.98755,8.82e-05,0.30853,0.27178,0.935,0.25,0.62485,0.63025
1,0.030358,0.99278,0.00034153,0,0.13869,1,0.485,0.7227,0.63025
1,0,1,0,0.89963,0.29876,0.185,0.115,0.74904,0.63025
1,0.60954,0.38916,8.82e-05,0.67249,0.2488,0.925,0.765,0.77648,0.63025
1,0.8271,0.09229,0.00019448,0.30853,0.35392,0.56,0.005,0.86944,0.63025
1,0.87221,0.068187,0.00054175,0.30853,0.58693,0.52,0,0.90616,0.63025
1,0.92842,0.024636,0.0010546,0.30853,0.42926,0.26,0.94,0.94822,0.63025
1,0.27484,0.026129,0.40993,0.45625,0.2508,0.57,0.995,0,0.63866
1,0,1,0,0,0,0.99,0.61,0.55608,0.63866
1,0,1,0,0,0,0.375,0.015,0.67255,0.63866
1,0.025924,0.99447,0.00019818,0,0.22142,0.3,0.04,0.7227,0.63866
1,0,1,0,0.72682,0.25739,0.635,0.98,0.74904,0.63866
1,0.76023,0.15753,0.00038665,0.30853,0.35392,0.56,0.005,0.86944,0.63866
1,1,0,0,0.30853,0.58693,0.52,0,0.90616,0.63866
1,0.90481,0.040162,0.00079332,0.30853,0.46423,0.345,0.975,0.94822,0.63866
1,0.26915,0.022287,0.46469,0.49073,0.21583,0.965,0.68,0,0.64706
1,0,1,0,0,0,0.785,0.91,0.60171,0.64706
1,0,1,0,0,0,0.31,0.035,0.62485,0.64706
1,0,1,0,0.35457,0.14448,0,0.485,0.64844,0.64706
1,0.047524,0.98587,0.00046137,0.59939,0.22142,0.3,0.04,0.7227,0.64706
1,0,1,0,0.30853,0.25739,0.365,0.98,0.74904,0.64706
1,0.65401,0.28958,0.00091164,0.30853,0.36331,0.33,0.03,0.86944,0.64706
1,1,0,0,0.61423,0.58873,0.435,0.005,0.90616,0.64706
1,0.87439,0.064966,0.00062256,0.30853,0.49241,0.25,0.93,0.94822,0.64706
1,0,1,0,0,0,0.97,0.335,0.62485,0.65546
1,0,1,0,0,0,0.135,0.16,0.69726,0.65546
1,0.036255,0.9908,6.46e-05,0.30853,0.36331,0.13,0.165,0.7227,0.65546
1,0.047777,0.98473,0.00012224,0.30853,0.3785,0.055,0.73,0.74904,0.65546
1,0.30627,0.74665,0.0001977,0.6823,0.19185,0.74,0.94,0.77648,0.65546
1,1,0,0,0,0,0.275,0.055,0.8362,0.65546
1,0.53292,0.47881,0.0013594,0.518,0.42626,0.125,0.17,0.86944,0.65546
1,0.77769,0.18717,0.00031901,0.60812,0.60532,0.315,0.035,0.90616,0.65546
1,0.84135,0.09737,0.00066368,0.30853,0.498,0.52,1,0.94822,0.65546
1,0.10047,0.93965,0.0020624,0.30853,0.18106,0.195,0.105,0.69726,0.66387
1,0.047002,0.98635,3.05e-05,0.30853,0.42346,0.445,0.005,0.7227,0.66387
1,0.079247,0.97061,4.34e-05,0.72878,0.44464,0.455,1,0.74904,0.66387
1,0.169,0.87975,0.00021939,0,0.19185,0.26,0.94,0.77648,0.66387
1,0.57105,0.40758,0.0042344,0.16125,0.14528,0.13,0.165,0.8362,0.66387
1,0,1,0,0.55597,0.46223,0.465,0,0.86944,0.66387
1,0.66489,0.33651,0.00012394,0.55531,0.63469,0.22,0.085,0.90616,0.66387
1,0.83764,0.11504,0.00064555,0.5623,0.5028,0.41,0.99,0.94822,0.66387
1,0.9248,0.034264,0.013879,0.30853,0.17706,0.085,0.22,1,0.66387
1,0.17223,0.88289,0.00098679,0.68296,0.27078,0.635,0.02,0.69726,0.67227
1,0.097401,0.96007,5.03e-05,0.70543,0.47282,0.545,0,0.7227,0.67227
1,0.069289,0.97449,3.58e-05,0.51015,0.48341,0.24,0.925,0.74904,0.67227
1,0.13828,0.91296,0.00019034,0.30853,0.30476,0.22,0.915,0.77648,0.67227
1,0.40081,0.64412,0.0012872,0.30853,0.33233,0.005,0.445,0.8362,0.67227
1,0.29066,0.80574,0.001906,0.30853,0.48741,0.27,0.055,0.86944,0.67227
1,0.54633,0.50245,6.71e-05,0.52564,0.66647,0.375,0.015,0.90616,0.67227
1,0.78319,0.17849,0.00059728,0.52411,0.52058,0.315,0.965,0.94822,0.67227
1,0.90776,0.046244,0.008178,0.30853,0.28177,0.01,0.405,1,0.67227
1,0,1,0,0,0,0,0.505,0.64844,0.68067
1,0.23996,0.81815,0.00086734,0.62732,0.27078,0.635,0.02,0.69726,0.68067
1,0.12259,0.94026,4.23e-05,0.53764,0.47282,0.545,0,0.7227,0.68067
1,0.11039,0.94727,0.00018082,0.74427,0.53857,0.23,0.92,0.74904,0.68067
1,0.1015,0.94715,0.00011723,0.30853,0.41827,0.055,0.73,0.77648,0.68067
1,0.19468,0.84917,0.0021823,0.30853,0.34253,0,0.48,0.80542,0.68067
1,0.24217,0.83457,0.00047779,0.30853,0.45164,0,0.485,0.8362,0.68067
1,0.23391,0.866,0.00069522,0.30853,0.53757,0.145,0.145,0.86944,0.68067
1,0.4053,0.67485,5.24e-05,0.30853,0.68605,0.28,0.05,0.90616,0.68067
1,0.68302,0.29481,0.00060809,0.30853,0.54776,0.245,0.93,0.94822,0.68067
1,0.89564,0.056994,0.010338,0.30853,0.27418,0.66,0.975,1,0.68067
1,0.24966,0.81777,0.0014457,0.30853,0.27618,0.09,0.79,0.64844,0.68908
1,0.26724,0.79549,0.00073576,0.30853,0.28837,0.13,0.165,0.67255,0.68908
1,0.4066,0.64808,0.000732,0.82261,0.34972,0.09,0.215,0.69726,0.68908
1,0.2255,0.84934,9.67e-05,0.73402,0.49341,0.295,0.045,0.7227,0.68908
1,0,1,0,0.87825,0.60052,0.14,0.85,0.74904,0.68908
1,0.085919,0.96164,2.92e-05,0.49553,0.52238,0.025,0.66,0.77648,0.68908
1,0,1,0,0.30853,0.46643,0,0.5,0.80542,0.68908
1,0.14247,0.92507,0.00027997,0.30853,0.53357,0.115,0.18,0.8362,0.68908
1,0.1779,0.91023,0.00027654,0.30853,0.59652,0.08,0.225,0.86944,0.68908
1,0.32422,0.77183,3.87e-05,0.30853,0.71423,0.205,0.095,0.90616,0.68908
1,0.60904,0.39614,0.00056907,0.30853,0.58074,0.195,0.895,0.94822,0.68908
1,0.88379,0.068333,0.01296,0.30853,0.26739,0.555,0.995,1,0.68908
1,0.83882,0.10855,0.0012237,0.69365,0.25999,0.015,0.625,0.57878,0.69748
1,1,0,0,0.73445,0.25679,0.01,0.6,0.60171,0.69748
1,0.36925,0.67156,0.00052804,0.30853,0.30296,0.615,0.015,0.64844,0.69748
1,0.35462,0.69482,0.0001881,0.30853,0.43905,0.02,0.36,0.67255,0.69748
1,0.37481,0.65338,0.0006113,0.30853,0.48062,0.02,0.355,0.69726,0.69748
1,0.4098,0.65813,0.00013594,1,0.55735,0.145,0.15,0.7227,0.69748
1,0.20149,0.8719,7.17e-05,1,0.66007,0.245,0.07,0.74904,0.69748
1,0.078403,0.96847,2.95e-06,0.63648,0.60532,0.065,0.75,0.77648,0.69748
1,0.071604,0.96412,0.0015507,0.30853,0.56375,0,0.515,0.80542,0.69748
1,0.087699,0.96178,0.0002957,0.30853,0.60192,0.06,0.26,0.8362,0.69748
1,0.13605,0.93525,0.00017263,0.30853,0.65667,0.045,0.29,0.86944,0.69748
1,0.2606,0.83923,3.6e-05,0.30853,0.7482,0.15,0.145,0.90616,0.69748
1,0.53088,0.50414,0.0006004,0.30853,0.61651,0.16,0.865,0.94822,0.69748
1,0.87269,0.079453,0.015447,0.30853,0.26739,0.555,0.995,1,0.69748
1,1,0,0,0.51604,0.26379,0.025,0.65,0.53361,0.70588
1,1,0,0,0.46956,0.26579,0.03,0.325,0.55608,0.70588
1,0.79408,0.15604,0.00030775,0.30853,0.39968,0.155,0.135,0.57878,0.70588
1,0.76268,0.17797,0.00054789,0.57168,0.38469,0.14,0.845,0.60171,0.70588
1,0.59197,0.37874,0.00030413,0.30853,0.33573,0.025,0.34,0.62485,0.70588
1,0.49372,0.51429,0.00020131,0.30853,0.3713,0.115,0.18,0.64844,0.70588
1,0.47503,0.542,0.00017272,0.30853,0.5056,0.295,0.045,0.67255,0.70588
1,0.64937,0.33738,0.00024493,0.89112,0.58913,0.005,0.415,0.69726,0.70588
1,0.492,0.55268,1.25e-05,1,0.63389,0.075,0.24,0.7227,0.70588
1,0.22585,0.85434,1.02e-06,1,0.70903,0.16,0.135,0.74904,0.70588
1,0.099337,0.95731,1.24e-07,0.87672,0.67886,0.045,0.71,0.77648,0.70588
1,0,1,0,0.30853,0.64668,0,0.525,0.80542,0.70588
1,0.059773,0.97538,0.00049701,0.30853,0.66886,0.035,0.32,0.8362,0.70588
1,0.11108,0.9463,0.00031197,0.30853,0.71483,0.025,0.34,0.86944,0.70588
1,0.21509,0.88105,4.25e-05,0.30853,0.78577,0.105,0.19,0.90616,0.70588
1,0.47571,0.57909,0.0011167,0.30853,0.6197,0.45,0.995,0.94822,0.70588
1,0.86225,0.089774,0.016051,0.30853,0.28657,0.26,0.935,1,0.70588
1,0,0,1,0,0,0.195,0.895,0,0.71429
1,1,0,0,0,0,0.665,0.025,0.55608,0.71429
1,0.86541,0.085068,0.0006065,0.30853,0.26659,0.96,0.31,0.57878,0.71429
1,0.75573,0.1954,0.00020295,0.30853,0.42066,0.685,0.035,0.60171,0.71429
1,0.63331,0.34792,0.00017985,0.30853,0.48701,0.005,0.43,0.62485,0.71429
1,0.5795,0.41764,0.00016413,0.30853,0.4976,0.03,0.325,0.64844,0.71429
1,0.67602,0.30867,2.7e-05,0.68274,0.57154,0.145,0.15,0.67255,0.71429
1,1,0,0,1,0.66567,0.235,0.075,0.69726,0.71429
1,0.5692,0.45132,8.77e-07,1,0.71023,0.04,0.3,0.7227,0.71429
1,0.25463,0.82973,4.22e-08,1,0.76479,0.105,0.195,0.74904,0.71429
1,0.046173,0.98562,2.79e-07,0.53437,0.747,0.035,0.69,0.77648,0.71429
1,0.027112,0.99184,0.0004807,0.30853,0.71982,0,0.535,0.80542,0.71429
1,0,1,0,0.30853,0.73241,0.02,0.365,0.8362,0.71429
1,0,1,0,0.30853,0.77038,0.015,0.38,0.86944,0.71429
1,0.19717,0.8968,5.68e-05,0.30853,0.80156,0.43,0.995,0.90616,0.71429
1,0.42152,0.65127,0.0022262,0.30853,0.6283,0.39,0.985,0.94822,0.71429
1,0.85114,0.099737,0.012368,0.30853,0.33933,0.12,0.825,1,0.71429
1,0,0,1,0,0,0.445,0.995,0,0.72269
1,0.88753,0.068135,0.00083785,0,0.16607,0.895,0.805,0.57878,0.72269
1,0.83172,0.12136,0.00013634,0.30853,0.31595,0.825,0.12,0.60171,0.72269
1,0.7429,0.23097,0.00014269,0.30853,0.44225,0.885,0.18,0.62485,0.72269
1,0.67872,0.30951,0.00022356,0.30853,0.54137,0.83,0.125,0.64844,0.72269
1,0.83695,0.14128,3.76e-06,0.97273,0.64229,0.735,0.06,0.67255,0.72269
1,0.82925,0.12437,3.2e-05,1,0.71703,0.89,0.185,0.69726,0.72269
1,0.63463,0.37034,1.05e-05,1,0.78257,0.025,0.345,0.7227,0.72269
1,0.28529,0.80129,4.52e-07,0.99913,0.82294,0.07,0.245,0.74904,0.72269
1,0.042306,0.98668,1.95e-07,0.53437,0.81055,0.03,0.675,0.77648,0.72269
1,0.029324,0.99109,7.98e-05,0.61815,0.78617,0,0.545,0.80542,0.72269
1,0.039713,0.9828,0.00066814,0.30853,0.79217,0.01,0.405,0.8362,0.72269
1,0.08412,0.96139,0.00027387,0.30853,0.82314,0.01,0.41,0.86944,0.72269
1,0.19723,0.89703,7.35e-05,0.30853,0.80995,0.395,0.99,0.90616,0.72269
1,0.36786,0.72073,0.0047863,0.30853,0.64249,0.335,0.97,0.94822,0.72269
1,0.8468,0.10322,0.010961,0.30853,0.3691,0.25,0.935,1,0.72269
1,0.8857,0.074882,0.00028856,0.30853,0.15887,0.925,0.76,0.60171,0.73109
1,0.84479,0.12368,0.00020339,0.30853,0.32174,0.81,0.11,0.62485,0.73109
1,0.79892,0.17717,0.00028422,0.30853,0.48122,0.64,0.02,0.64844,0.73109
1,0.92495,0.049331,1.11e-05,1,0.57154,0.855,0.15,0.67255,0.73109
1,0.91127,0.04661,9.06e-06,1,0.65508,0.82,0.115,0.69726,0.73109
1,0.76032,0.20909,6.62e-05,1,0.745,0.745,0.065,0.7227,0.73109
1,0.34723,0.7394,1.58e-06,1,0.83433,0.7,0.04,0.74904,0.73109
1,0.042396,0.98572,4.28e-07,0.53437,0.8699,0.03,0.665,0.77648,0.73109
1,0,1,0,0.62601,0.84732,0.005,0.555,0.80542,0.73109
1,0.039488,0.98067,0.0008888,0.30853,0.84852,0.005,0.43,0.8362,0.73109
1,0.07847,0.96484,0.0001348,0.30853,0.8733,0.005,0.44,0.86944,0.73109
1,0.21078,0.88463,8.77e-05,0.30853,0.82114,0.365,0.98,0.90616,0.73109
1,0,1,0,0.30853,0.66147,0.29,0.955,0.94822,0.73109
1,0.84599,0.10243,0.0083095,0.30853,0.40867,0.16,0.865,1,0.73109
1,0.89703,0.075175,0.00042979,0.30853,0.2532,0.995,0.56,0.62485,0.7395
1,0.8852,0.088044,0.00081689,0.32206,0.3713,0.885,0.18,0.64844,0.7395
1,0.96417,0.017979,0.00011816,1,0.48821,0.81,0.105,0.67255,0.7395
1,0.955,0.018383,9.89e-06,1,0.60512,0.7,0.04,0.69726,0.7395
1,1,0,0,1,0.71343,0.645,0.02,0.7227,0.7395
1,0.4318,0.64668,2.11e-06,1,0.81335,0.61,0.015,0.74904,0.7395
1,0.06276,0.9759,7.53e-07,0.741,0.90707,0.59,0.01,0.77648,0.7395
1,0.023742,0.99199,0.00026624,0.61903,0.90408,0.005,0.565,0.80542,0.7395
1,0,1,0,0.40367,0.90168,0,0.455,0.8362,0.7395
1,0.084029,0.95936,0.00010068,0.34977,0.92106,0,0.465,0.86944,0.7395
1,0.24015,0.85609,9.89e-05,0.30853,0.83533,0.335,0.97,0.90616,0.7395
1,0.39451,0.68295,0.0032527,0.30853,0.68325,0.33,0.97,0.94822,0.7395
1,0.84918,0.097225,0.0055901,0.30853,0.45224,0.11,0.815,1,0.7395
1,0.92823,0.049392,0.0057331,0.3225,0.22282,0.71,0.045,0.64844,0.7479
1,0.97935,0.0094093,0.00054333,1,0.43625,0.555,0.005,0.67255,0.7479
1,0.9743,0.0097521,1.17e-05,1,0.58094,0.53,0,0.69726,0.7479
1,0.89184,0.068997,0.00015983,1,0.69964,0.52,0,0.7227,0.7479
1,0.50242,0.56437,2.42e-06,1,0.80456,0.515,0,0.74904,0.7479
1,0,1,0,0.92538,0.90088,0.515,0,0.77648,0.7479
1,0,1,0,0.78093,0.95743,0.005,0.575,0.80542,0.7479
1,0.05615,0.97022,0.00029141,0.66048,0.95204,0,0.48,0.8362,0.7479
1,0.10559,0.94207,5.56e-05,0.47196,0.96543,0.35,0.975,0.86944,0.7479
1,0.28772,0.80633,0.00010794,0.30853,0.85152,0.31,0.96,0.90616,0.7479
1,0.48733,0.55534,0.0011211,0.30853,0.70124,0.29,0.955,0.94822,0.7479
1,0.85722,0.087365,0.0038006,0.30853,0.49101,0.155,0.865,1,0.7479
1,0.96614,0.019772,0.0011597,0.70565,0.2532,0.005,0.56,0.62485,0.7563
1,1,0,0,0.31639,0.33074,0.21,0.09,0.64844,0.7563
1,1,0,0,1,0.46443,0.255,0.065,0.67255,0.7563
1,0.98168,0.0081063,2.47e-05,1,0.59333,0.35,0.025,0.69726,0.7563
1,0.92142,0.047708,5.94e-05,1,0.70663,0.395,0.01,0.7227,0.7563
1,0.55788,0.4968,1.58e-06,1,0.80895,0.42,0.005,0.74904,0.7563
1,0.1256,0.94769,7.64e-07,0.9784,0.90408,0.435,0.005,0.77648,0.7563
1,0.024735,0.99259,0.00034185,0.70936,0.9946,0.445,0.005,0.80542,0.7563
1,0.041438,0.97892,0.00066246,0.44316,1,0,0.5,0.8362,0.7563
1,0.12049,0.92462,0.00015862,0.30853,0.97962,0.33,0.97,0.86944,0.7563
1,0.39441,0.69416,6.27e-05,0.50142,0.86711,0.335,0.97,0.90616,0.7563
1,0.58204,0.42429,0.00054259,0.30853,0.72182,0.26,0.94,0.94822,0.7563
1,0.86814,0.074836,0.0026348,0.30853,0.52718,0.125,0.83,1,0.7563
1,0.24338,0.012692,0.45698,0.30853,0.21583,0.035,0.68,0,0.76471
1,0.959,0.023038,0.0027021,0.30853,0.20663,0.75,0.065,0.62485,0.76471
1,0.97876,0.011278,0.001115,0.90836,0.42366,0.56,0.005,0.64844,0.76471
1,0.98889,0.0045121,4.8e-05,1,0.54416,0.11,0.185,0.67255,0.76471
1,1,0,0,1,0.63649,0.215,0.09,0.69726,0.76471
1,0.9358,0.040745,3.63e-05,1,0.73281,0.285,0.05,0.7227,0.76471
1,0.53233,0.51117,1.63e-07,0.85424,0.82614,0.33,0.03,0.74904,0.76471
1,0.1073,0.96316,4.03e-07,0.90988,0.91607,0.36,0.02,0.77648,0.76471
1,0,1,0,0.64368,0.94644,0.995,0.415,0.80542,0.76471
1,0.063223,0.96679,0.00035218,0.54811,0.97162,0.97,0.325,0.8362,0.76471
1,0.15931,0.88811,0.00018113,0.30853,0.99301,0.35,0.975,0.86944,0.76471
1,0.44062,0.6178,0.00014127,0.30853,0.88269,0.31,0.965,0.90616,0.76471
1,0.67014,0.30479,0.00039777,0.30853,0.7444,0.235,0.925,0.94822,0.76471
1,0.88497,0.058306,0.0025004,0.30853,0.54197,0.73,0.945,1,0.76471
1,0.28812,0.010898,0.37281,0.46149,0.2508,0.57,0.995,0,0.77311
1,0,1,0,0,0,0.105,0.195,0.57878,0.77311
1,0.93706,0.048992,0.00098029,0.30853,0.25679,0.01,0.6,0.60171,0.77311
1,0.96109,0.021797,0.0017038,0.30853,0.33573,0.025,0.34,0.62485,0.77311
1,1,0,0,1,0.45504,0.24,0.07,0.64844,0.77311
1,0.99101,0.0029347,2.26e-05,1,0.57354,0.915,0.22,0.67255,0.77311
1,1,0,0,1,0.65508,0.82,0.115,0.69726,0.77311
1,1,0,0,1,0.745,0.745,0.065,0.7227,0.77311
1,0.61274,0.41512,9.81e-08,0.91032,0.83433,0.7,0.04,0.74904,0.77311
1,0.096494,0.96812,2.91e-06,0.74078,0.8809,1,0.49,0.77648,0.77311
1,0.036314,0.9868,0.00088847,0.47,0.89289,0.985,0.385,0.80542,0.77311
1,0.11405,0.93141,0.00017219,0.63932,0.92606,0.955,0.29,0.8362,0.77311
1,0.31348,0.75928,1.19e-05,0.73751,0.97842,0.91,0.21,0.86944,0.77311
1,0.53184,0.49151,0.00019063,0.30853,0.89988,0.29,0.955,0.90616,0.77311
1,0.75182,0.20154,0.00046361,0.30853,0.75699,0.585,0.995,0.94822,0.77311
1,0.90784,0.039616,0.0038044,0.30853,0.52198,0.68,0.965,1,0.77311
1,0.30887,0.010449,0.31699,0.40912,0.2508,0.57,0.995,0,0.78151
1,0.98997,0.0026058,0.0016744,0.30853,0.17646,0.145,0.85,0.5112,0.78151
1,1,0,0,0.30853,0.26539,0.03,0.335,0.53361,0.78151
1,1,0,0,0.30853,0.30975,0.845,0.14,0.55608,0.78151
1,1,0,0,0.30853,0.39189,0.005,0.56,0.57878,0.78151
1,1,0,0,0.30853,0.44005,0.105,0.19,0.60171,0.78151
1,1,0,0,0.30853,0.39628,0.97,0.67,0.62485,0.78151
1,0.99165,0.0017506,0.0011758,0.8741,0.39149,0.98,0.36,0.64844,0.78151
1,1,0,0,1,0.48821,0.81,0.105,0.67255,0.78151
1,1,0,0,0.98516,0.60512,0.7,0.04,0.69726,0.78151
1,1,0,0,0.75453,0.71343,0.645,0.02,0.7227,0.78151
1,0.65374,0.35138,1.38e-07,0.80297,0.81335,0.61,0.015,0.74904,0.78151
1,0,1,0,0.53437,0.81855,1,0.475,0.77648,0.78151
1,0,1,0,0.47,0.83693,0.98,0.355,0.80542,0.78151
1,0.13735,0.90262,0.00061784,0.30853,0.8799,0.935,0.25,0.8362,0.78151
1,0.41038,0.64662,2.1e-05,0.68929,0.94325,0.88,0.175,0.86944,0.78151
1,0.63323,0.34874,0.00031057,0.30853,0.90268,0.535,1,0.90616,0.78151
1,0.82448,0.11785,0.00079842,0.30853,0.751,0.55,0.995,0.94822,0.78151
1,0.92556,0.026443,0.0052179,0.30853,0.50739,0.615,0.985,1,0.78151
1,0.33869,0.009652,0.26938,0.40912,0.2508,0.57,0.995,0,0.78992
1,1,0,0,0,0,0.145,0.85,0.4888,0.78992
1,0.99007,0.0028984,0.00075196,0.30853,0.26439,0.66,0.975,0.5112,0.78992
1,1,0,0,0,0,0.34,0.025,0.53361,0.78992
1,1,0,0,0.30853,0.17126,0.875,0.83,0.55608,0.78992
1,1,0,0,0.30853,0.31195,0.84,0.13,0.57878,0.78992
1,0.96657,0.016724,0.00072254,0.30853,0.34712,0.765,0.925,0.60171,0.78992
1,0.98324,0.0039383,0.0028417,0.30853,0.23661,0.69,0.965,0.62485,0.78992
1,0.98948,0.0018005,0.003966,0.30853,0.22282,0.71,0.045,0.64844,0.78992
1,1,0,0,0.92865,0.43625,0.555,0.005,0.67255,0.78992
1,1,0,0,0.83024,0.58094,0.53,0,0.69726,0.78992
1,1,0,0,0.99716,0.69964,0.52,0,0.7227,0.78992
1,0.75661,0.22426,2.66e-07,0.76238,0.7562,0.99,0.595,0.74904,0.78992
1,0,1,0,0.53437,0.7512,1,0.45,0.77648,0.78992
1,0,1,0,0.30853,0.77838,0.965,0.315,0.80542,0.78992
1,0.231,0.80712,0.0005067,0.30853,0.83393,0.905,0.205,0.8362,0.78992
1,0.47182,0.54997,9.05e-05,0.48702,0.90967,0.845,0.135,0.86944,0.78992
1,0.72354,0.2239,0.00066539,0.30853,0.90048,0.51,1,0.90616,0.78992
1,0.87168,0.070422,0.001684,0.30853,0.7478,0.52,1,0.94822,0.78992
1,0.93847,0.017634,0.0063397,0.30853,0.4996,0.54,1,1,0.78992
1,0.35348,0.0097484,0.2257,0.30853,0.2508,0.57,0.995,0,0.79832
1,1,0,0,0.30853,0.33593,0.6,0.01,0.4888,0.79832
1,1,0,0,0.30853,0.26439,0.34,0.975,0.5112,0.79832
1,1,0,0,0,0,0.6,0.01,0.55608,0.79832
1,0.97943,0.0086476,0.0014132,0.30853,0.18745,0.81,0.11,0.57878,0.79832
1,1,0,0,0.30853,0.2478,0.675,0.97,0.60171,0.79832
1,0.99234,0.00089203,0.0027097,0.30853,0.22282,0.71,0.045,0.64844,0.79832
1,1,0,0,0.64019,0.43625,0.555,0.005,0.67255,0.79832
1,1,0,0,0.96509,0.58094,0.53,0,0.69726,0.79832
1,1,0,0,0.76064,0.69085,0.785,0.09,0.7227,0.79832
1,0.88002,0.094102,1.3e-06,0.84639,0.68026,0.99,0.6,0.74904,0.79832
1,0.39215,0.65932,6.84e-05,0.53437,0.67766,0.995,0.42,0.77648,0.79832
1,0.31189,0.7381,0.00016724,0.63736,0.71763,0.94,0.265,0.80542,0.79832
1,0.36247,0.65864,0.00040483,0.30853,0.78937,0.865,0.16,0.8362,0.79832
1,0.57487,0.40307,0.00012582,0.42156,0.8777,0.84,0.135,0.86944,0.79832
1,1,0,0,0.30853,0.89568,0.945,0.725,0.90616,0.79832
1,1,0,0,0.30853,0.7474,0.505,1,0.94822,0.79832
1,0.94735,0.011982,0.0068544,0.30853,0.4988,0.515,1,1,0.79832
1,0.38299,0.0091397,0.19015,0.30853,0.2508,0.57,0.995,0,0.80672
1,1,0,0,0,0,0.135,0.845,0.46639,0.80672
1,0.99301,0.003352,0.00028521,0.30853,0.33693,0.4,0.99,0.4888,0.80672
1,1,0,0,0,0,0.995,0.42,0.57878,0.80672
1,0.99222,0.00088804,0.0015298,0,0.27798,0.91,0.21,0.64844,0.80672
1,1,0,0,0.30853,0.41886,0.915,0.22,0.67255,0.80672
1,1,0,0,0.30853,0.53477,0.755,0.07,0.69726,0.80672
1,0.96537,0.01808,0.00015115,0.30853,0.64708,0.915,0.78,0.7227,0.80672
1,0.93284,0.044265,5.86e-06,0.77962,0.59512,0.985,0.615,0.74904,0.80672
1,0.71244,0.28937,1.97e-05,0.83155,0.59592,0.985,0.38,0.77648,0.80672
1,0.56281,0.45717,3.68e-05,0.78311,0.65568,0.9,0.205,0.80542,0.80672
1,0.51436,0.47673,0.0003192,0.30853,0.748,0.81,0.11,0.8362,0.80672
1,0.70298,0.22915,0.0001002,0.46803,0.83193,0.96,0.31,0.86944,0.80672
1,0.86736,0.052748,0.00059311,0.53153,0.85631,0.96,0.7,0.90616,0.80672
1,1,0,0,0.30853,0.7474,0.505,1,0.94822,0.80672
1,0.95345,0.0084081,0.0070927,0.30853,0.4988,0.515,1,1,0.80672
1,0.41233,0.0086262,0.16,0.30853,0.2508,0.57,0.995,0,0.81513
1,0.7807,0.026896,0.005833,0.30853,0.22542,0.005,0.57,0.19458,0.81513
1,0.77655,0.052071,0.0023435,0.30853,0.30616,0.035,0.32,0.22352,0.81513
1,0.80943,0.0601,0.0016234,0.30853,0.29876,0.185,0.885,0.25096,0.81513
1,0.99422,0.0035536,0.00061836,0.30853,0.18265,0.17,0.875,0.44392,0.81513
1,1,0,0,0.30853,0.26379,0.975,0.35,0.46639,0.81513
1,0.99447,0.0031178,0.00016808,0.30853,0.33693,0.4,0.99,0.4888,0.81513
1,1,0,0,0,0,0.15,0.855,0.53361,0.81513
1,0.99347,0.001118,0.0012413,0.30853,0.32014,0.6,0.01,0.67255,0.81513
1,0.98984,0.004102,0.00033217,0.30853,0.49141,0.88,0.175,0.69726,0.81513
1,0.9801,0.0089765,0.00014518,0.30853,0.57354,0.86,0.845,0.7227,0.81513
1,0.93505,0.039274,8.93e-05,0.30853,0.4968,0.98,0.645,0.74904,0.81513
1,0.84614,0.13389,6.16e-05,0.75671,0.504,0.965,0.315,0.77648,0.81513
1,0.70295,0.28472,6.62e-05,0.63932,0.59632,0.835,0.125,0.80542,0.81513
1,0.65934,0.2994,0.00025441,0.30853,0.70883,0.805,0.105,0.8362,0.81513
1,0.78498,0.12641,0.00014459,0.38534,0.78377,0.94,0.265,0.86944,0.81513
1,0.89457,0.02829,0.00049198,0.4377,0.81415,0.96,0.7,0.90616,0.81513
1,0.92285,0.016313,0.0021183,0.30853,0.7478,0.48,1,0.94822,0.81513
1,0.95707,0.0062825,0.007098,0.30853,0.4996,0.46,1,1,0.81513
1,0.44134,0.0081923,0.13474,0.30853,0.2508,0.57,0.995,0,0.82353
1,0.7634,0.038314,0.001882,0.30853,0.35592,0.565,0.005,0.19458,0.82353
1,0.73583,0.08552,0.00063426,0.30853,0.44285,0.01,0.405,0.22352,0.82353
1,0.7737,0.092734,0.00054468,0.30853,0.41707,0.115,0.82,0.25096,0.82353
1,0.87386,0.045673,0.00184,0.30853,0.22142,0.7,0.96,0.2773,0.82353
1,1,0,0,0.30853,0.26439,0.66,0.025,0.4888,0.82353
1,0.99662,0.0010925,0.00011306,0.51429,0.26479,0.975,0.655,0.5112,0.82353
1,1,0,0,0,0,0.135,0.155,0.53361,0.82353
1,1,0,0,0,0,0.405,0.99,0.55608,0.82353
1,0.99568,0.00057966,0.0011144,0.30853,0.244,0.675,0.03,0.67255,0.82353
1,1,0,0,0.30853,0.39049,0.83,0.125,0.69726,0.82353
1,1,0,0,0.30853,0.46603,0.99,0.41,0.7227,0.82353
1,0.96225,0.022887,0.00042286,0.30853,0.3785,0.945,0.73,0.74904,0.82353
1,0.88523,0.084292,0.00049411,0.30853,0.40128,0.895,0.195,0.77648,0.82353
1,0.81316,0.15837,0.00011049,0.51015,0.54636,0.83,0.125,0.80542,0.82353
1,0.81111,0.13659,8.28e-05,0.53131,0.66567,0.94,0.265,0.8362,0.82353
1,0.84742,0.068123,0.0002033,0.30853,0.73541,0.91,0.215,0.86944,0.82353
1,0.92605,0.013563,0.00046794,0.49596,0.76859,0.97,0.665,0.90616,0.82353
1,0.92813,0.010139,0.0016239,0.30853,0.72602,1,0.53,0.94822,0.82353
1,0.95777,0.0052393,0.0065727,0.30853,0.50739,0.385,0.985,1,0.82353
1,0.46983,0.0078264,0.11375,0.30853,0.2508,0.43,0.995,0,0.83193
1,0.79346,0.034656,0.0038326,0.30853,0.28797,0.6,0.01,0.19458,0.83193
1,0.75719,0.082551,0.0014184,0.30853,0.38589,0.785,0.09,0.22352,0.83193
1,0.75076,0.12368,0.0004609,0.30853,0.45903,0.36,0.98,0.25096,0.83193
1,0.86586,0.05519,0.0013625,0.30853,0.27098,0.105,0.805,0.2773,0.83193
1,1,0,0,0,0,0.975,0.66,0.5112,0.83193
1,1,0,0,0,0,0.155,0.865,0.53361,0.83193
1,1,0,0,0,0,0.335,0.025,0.55608,0.83193
1,0.99191,0.002586,0.0017156,0.30853,0.2552,0.96,0.305,0.69726,0.83193
1,0.99008,0.0019042,0.00099719,0.30853,0.32654,0.955,0.295,0.7227,0.83193
1,1,0,0,0.30853,0.24201,0.97,0.67,0.74904,0.83193
1,0.93661,0.037628,0.0015144,0.30853,0.32014,0.59,0.01,0.77648,0.83193
1,0.88136,0.085916,0.00022883,0.30853,0.49141,0.83,0.125,0.80542,0.83193
1,0.86589,0.080116,0.0002177,0.30853,0.60192,0.94,0.26,0.8362,0.83193
1,0.92633,0.023754,0.00010693,0.65481,0.68825,0.865,0.16,0.86944,0.83193
1,0.93063,0.011149,0.00096039,0.30853,0.72002,0.985,0.625,0.90616,0.83193
1,0.93149,0.0067597,0.0020094,0.30853,0.67946,1,0.51,0.94822,0.83193
1,0.95537,0.0050257,0.0058078,0.30853,0.52198,0.32,0.965,1,0.83193
1,0.49765,0.0075201,0.096437,0.30853,0.2508,0.57,0.995,0,0.84034
1,0.81687,0.033448,0.009707,0.17434,0.13549,0.955,0.705,0.19458,0.84034
1,0.77833,0.081415,0.0036684,0.30853,0.30476,0.78,0.085,0.22352,0.84034
1,0.72237,0.16652,0.00044099,0.30853,0.4972,0.605,0.01,0.25096,0.84034
1,0.83784,0.082994,0.00039762,0.30853,0.40348,0.08,0.77,0.2773,0.84034
1,0.9271,0.027335,0.00057079,0.30853,0.27078,0.365,0.98,0.30274,0.84034
1,0.99732,0.0016047,0.00022564,0,0.17966,0.155,0.865,0.46639,0.84034
1,1,0,0,0,0,0.96,0.69,0.57878,0.84034
1,1,0,0,0,0,0.695,0.96,0.62485,0.84034
1,1,0,0,0,0,0.975,0.35,0.69726,0.84034
1,1,0,0,0,0,1,0.515,0.7227,0.84034
1,1,0,0,0,0,0.955,0.705,0.74904,0.84034
1,1,0,0,0.30853,0.23341,0.99,0.395,0.77648,0.84034
1,0.93462,0.040133,0.0003194,0.30853,0.42506,0.93,0.245,0.80542,0.84034
1,0.91788,0.041641,0.00037137,0.30853,0.53137,0.94,0.26,0.8362,0.84034
1,0.92243,0.022508,0.00045036,0.30853,0.64528,0.8,0.1,0.86944,0.84034
1,0.94152,0.0089436,0.0020508,0.30853,0.66627,0.985,0.625,0.90616,0.84034
1,0.92469,0.0063402,0.0034507,0.30853,0.6291,1,0.485,0.94822,0.84034
1,0.95886,0.0042156,0.0048191,0.49989,0.54137,0.51,1,1,0.84034
1,0.52464,0.0072672,0.082188,0.30853,0.2508,0.57,0.995,0,0.84874
1,0.78232,0.09264,0.0051232,0.30853,0.28058,0.61,0.01,0.22352,0.84874
1,0.70616,0.20052,0.00066362,0.30853,0.49181,0.465,0,0.25096,0.84874
1,0.79996,0.13066,0.00026051,0.30853,0.51179,0.23,0.92,0.2773,0.84874
1,0.9154,0.037392,0.00020023,0.30853,0.39588,0.05,0.72,0.30274,0.84874
1,1,0,0,0,0,0.755,0.93,0.4888,0.84874
1,1,0,0,0,0,1,0.495,0.7227,0.84874
1,0.96289,0.020215,0.0010947,0.30853,0.31475,0.93,0.245,0.80542,0.84874
1,0.94453,0.025449,0.0015404,0.30853,0.45424,0.86,0.155,0.8362,0.84874
1,0.93486,0.017814,0.0010095,0.30853,0.61071,0.7,0.04,0.86944,0.84874
1,0.94576,0.0096621,0.0074333,0.30853,0.60771,0.985,0.625,0.90616,0.84874
1,0.9038,0.0084038,0.010254,0.30853,0.57454,1,0.46,0.94822,0.84874
1,0.95173,0.0052736,0.006368,0.46869,0.54197,0.47,1,1,0.84874
1,0.56667,0.0065577,0.073591,0.40912,0.2508,0.57,0.995,0,0.85714
1,0.78238,0.10793,0.0058354,0.30853,0.28058,0.39,0.01,0.22352,0.85714
1,0.67879,0.25235,0.0010541,0.30853,0.49181,0.465,0,0.25096,0.85714
1,0.77769,0.1679,0.00030842,0.30853,0.55875,0.465,1,0.2773,0.85714
1,0.91835,0.036753,0.0002333,0.30853,0.40068,0.435,0.995,0.30274,0.85714
1,1,0,0,0,0,0.145,0.145,0.4888,0.85714
1,1,0,0,0,0,0.37,0.985,0.55608,0.85714
1,1,0,0,0,0,0.915,0.78,0.77648,0.85714
1,1,0,0,0.48156,0.13549,0.955,0.295,0.80542,0.85714
1,1,0,0,0.30853,0.39369,0.66,0.025,0.8362,0.85714
1,1,0,0,0.30853,0.54796,1,0.55,0.86944,0.85714
1,1,0,0,0.48462,0.54197,0.995,0.56,0.90616,0.85714
1,1,0,0,0.30853,0.51459,0.995,0.425,0.94822,0.85714
1,0.93301,0.0091807,0.0097629,0.30853,0.54796,0.41,0.99,1,0.85714
1,0.59143,0.0064171,0.063799,0.4089,0.2508,0.57,0.995,0,0.86555
1,0.77158,0.13319,0.003922,0.30853,0.34992,0.43,0.005,0.22352,0.86555
1,0.62485,0.34592,0.0014076,0.30853,0.52138,0.28,0.05,0.25096,0.86555
1,0.76713,0.19224,0.00039563,0.30853,0.58413,0.29,0.955,0.2773,0.86555
1,0.9128,0.04348,0.00021801,0.30853,0.46123,0.165,0.87,0.30274,0.86555
1,0.96425,0.013103,0.00018945,0.30853,0.34313,0.765,0.925,0.32745,0.86555
1,1,0,0,0,0,0,0.53,0.39829,0.86555
1,0.99855,0.0002129,4.17e-05,0.50644,0.26439,0.34,0.975,0.5112,0.86555
1,1,0,0,0,0,0.405,0.99,0.53361,0.86555
1,1,0,0,0,0,0.545,1,0.55608,0.86555
1,0.99543,0.00073103,0.0017881,0.30853,0.16327,0.845,0.86,0.74904,0.86555
1,1,0,0,0,0,1,0.54,0.77648,0.86555
1,0.9724,0.008273,0.011512,0.30853,0.35372,0.945,0.275,0.8362,0.86555
1,1,0,0,0.49487,0.46323,1,0.545,0.86944,0.86555
1,0.97075,0.0016403,0.072781,0.77198,0.46623,0.995,0.555,0.90616,0.86555
1,0.87906,0.0048592,0.067111,0.30853,0.44764,0.985,0.375,0.94822,0.86555
1,1,0,0,0.30853,0.54896,0.825,0.88,1,0.86555
1,0.61494,0.0063165,0.055644,0.4089,0.2508,0.57,0.995,0,0.87395
1,0.88257,0.039049,0.0064355,0.30853,0.249,0.1,0.2,0.19458,0.87395
1,0.76743,0.15403,0.0023647,0.30853,0.41407,0.155,0.14,0.22352,0.87395
1,0.54592,0.48279,0.0021094,0.30853,0.55815,0.31,0.04,0.25096,0.87395
1,0.7965,0.16083,0.00063577,0.30853,0.53377,0.68,0.965,0.2773,0.87395
1,0.92943,0.030693,0.00041092,0.30853,0.39049,0.83,0.875,0.30274,0.87395
1,0.96849,0.010692,0.00023745,0.30853,0.32014,0.4,0.99,0.32745,0.87395
1,0.99894,0.00010799,5.88e-05,0.56491,0.17786,0.85,0.145,0.5112,0.87395
1,1,0,0,0,0,0.345,0.975,0.53361,0.87395
1,1,0,0,0,0,0.445,0.995,0.55608,0.87395
1,0.9955,0.00055118,0.0021161,0.30853,0.17686,0.8,0.1,0.74904,0.87395
1,1,0,0,0,0,0.755,0.07,0.80542,0.87395
1,1,0,0,0.71503,0.2462,0.63,0.02,0.8362,0.87395
1,0.97587,0.0017297,0.017773,0.30853,0.35911,1,0.55,0.86944,0.87395
1,0.95384,0.0012373,0.13233,0.43836,0.3755,0.995,0.56,0.90616,0.87395
1,0.8979,0.0017892,0.13109,0.54135,0.3719,0.955,0.29,0.94822,0.87395
1,0.92211,0.0090091,0.02147,0.30853,0.51918,0.79,0.905,1,0.87395
1,0.63711,0.0062543,0.048826,0.4089,0.2508,0.57,0.995,0,0.88235
1,0.89031,0.045975,0.0034925,0.30853,0.34013,0.85,0.145,0.19458,0.88235
1,0.7636,0.17516,0.0008531,0.30853,0.5058,0.07,0.25,0.22352,0.88235
1,0,1,0,0.30853,0.60612,0.2,0.1,0.25096,0.88235
1,0.82616,0.12981,0.0015906,0.30853,0.49341,0.705,0.955,0.2773,0.88235
1,0.94052,0.023422,0.00081992,0.30853,0.34153,0.585,0.99,0.30274,0.88235
1,1,0,0,0,0,0.925,0.76,0.53361,0.88235
1,1,0,0,0,0,0.035,0.32,0.77648,0.88235
1,1,0,0,0,0,0.045,0.29,0.80542,0.88235
1,1,0,0,0.4748,0.20923,0.99,0.605,0.86944,0.88235
1,0.93672,0.0012603,0.31113,0.30853,0.2546,0.99,0.595,0.90616,0.88235
1,0.89096,0.00097404,0.27549,0.69212,0.29037,0.84,0.135,0.94822,0.88235
1,1,0,0,0.30853,0.49201,0.74,0.94,1,0.88235
1,0.65788,0.0062298,0.043103,0.4089,0.2508,0.57,0.995,0,0.89076
1,0.91877,0.03776,0.0090095,0.30853,0.249,0.9,0.2,0.19458,0.89076
1,0.81983,0.12675,0.00090462,0.30853,0.46483,0.615,0.015,0.22352,0.89076
1,0.59371,0.43767,0.0006734,0.30853,0.61471,0.89,0.815,0.25096,0.89076
1,1,0,0,0.30853,0.47282,0.455,1,0.2773,0.89076
1,0.95179,0.016748,0.0016095,0.30853,0.27078,0.365,0.98,0.30274,0.89076
1,0.99212,0.0026807,0.00051784,0.37988,0.15887,0.925,0.24,0.39829,0.89076
1,1,0,0,0,0,0.705,0.045,0.80542,0.89076
1,1,0,0,0,0,0.63,0.98,0.8362,0.89076
1,0.831,0.0012993,0.42185,0.71438,0.253,0.59,0.01,0.94822,0.89076
1,0.92573,0.004471,0.021664,0.30853,0.47002,0.67,0.97,1,0.89076
1,0.67721,0.006242,0.038285,0.4089,0.2508,0.57,0.995,0,0.89916
1,1,0,0,0.30853,0.249,0.1,0.2,0.19458,0.89916
1,0.86352,0.088915,0.00052684,0.30853,0.46483,0.385,0.015,0.22352,0.89916
1,0.75444,0.21146,0.00033629,0.30853,0.54037,0.93,0.76,0.25096,0.89916
1,0.88672,0.065623,0.0019954,0.30853,0.43725,0.86,0.845,0.2773,0.89916
1,0.95582,0.014768,0.00095275,0.30853,0.32074,0.985,0.62,0.30274,0.89916
1,1,0,0,0,0,0.655,0.975,0.42122,0.89916
1,1,0,1,0,0,0.945,0.725,0.8362,0.89916
1,1,0,0,0,0,0.045,0.295,0.86944,0.89916
1,1,0,1,0,0,0.975,0.66,0.90616,0.89916
1,0,0,1,0.51058,0.26719,0.74,0.06,0.94822,0.89916
1,0.92403,0.0038149,0.017841,0.30853,0.45584,0.585,0.995,1,0.89916
1,0.68084,0.0067317,0.032014,0.30853,0.2508,0.57,0.995,0,0.90756
1,0.94802,0.0048168,0.0027232,0.30853,0.27618,0.6,0.01,0.1638,0.90756
1,1,0,0,0.30853,0.34013,0.15,0.145,0.19458,0.90756
1,0.88825,0.068195,0.00017962,0.30853,0.51019,0.215,0.09,0.22352,0.90756
1,0.85934,0.086109,0.00030763,0.30853,0.45404,0.825,0.88,0.25096,0.90756
1,0.92626,0.031114,0.0021005,0.30853,0.32674,0.775,0.915,0.2773,0.90756
1,0.99055,0.0021018,0.00060642,0.56491,0.15008,0.97,0.335,0.37515,0.90756
1,1,0,0,0,0,0.63,0.985,0.42122,0.90756
1,1,0,0,0,0,0.965,0.68,0.55608,0.90756
1,0.70539,0.001357,0.54789,0.65874,0.253,0.59,0.01,0.94822,0.90756
1,0.91642,0.0042987,0.016173,0.30853,0.45204,0.515,1,1,0.90756
1,0.71032,0.0060534,0.039842,0.30853,0.17706,0.915,0.78,0,0.91597
1,0.93166,0.001727,0.0053266,0.30853,0.19584,0.69,0.965,0.13056,0.91597
1,0.95531,0.0038178,0.0022018,0.30853,0.27618,0.6,0.01,0.1638,0.91597
1,1,0,0,0.30853,0.3757,0.905,0.205,0.19458,0.91597
1,0.92821,0.032421,0.00020779,0.30853,0.44165,1,0.515,0.22352,0.91597
1,0.92125,0.032739,0.00065507,0.30853,0.34113,0.905,0.795,0.25096,0.91597
1,1,0,0,0,0,0.855,0.85,0.39829,0.91597
1,0.66563,0.00086361,0.52971,0.58826,0.26719,0.74,0.06,0.94822,0.91597
1,0.90919,0.005794,0.021358,0.30853,0.42626,0.72,0.95,1,0.91597
1,1,0,0,0.30853,0.22542,0.995,0.57,0.19458,0.92437
1,0.95712,0.012778,0.00066495,0.30853,0.29896,0.995,0.56,0.22352,0.92437
1,0.9542,0.013566,0.0020662,0.30853,0.17686,0.8,0.9,0.25096,0.92437
1,0.61533,0.0008744,0.61183,0.49247,0.19484,0.94,0.26,0.94822,0.92437
1,1,0,0,0.53633,0.40568,0.61,0.99,1,0.92437
1,1,0,0,0.59983,0.40008,0.525,1,1,0.93277
1,1,0,0,0,0,0.835,0.875,0.4888,0.94118
1,0,0,1,0,0,0.62,0.015,0.90616,0.94118
1,1,0,0,0,0,0.025,0.65,0.94822,0.94118
1,0.89865,0.0052698,0.033775,0.55902,0.40008,0.475,1,1,0.94118
1,0.87451,0.0048818,0.028577,0.40454,0.40008,0.525,1,1,0.94958
1,1,0,0,0,0,0.82,0.885,0.4888,0.95798
1,0.87868,0.0032099,0.027139,0.49771,0.39728,0.885,0.18,1,0.95798
1,0,0,1,0,0,0.11,0.185,0.94822,0.96639
1,0.9122,0.0014573,0.049636,0.73947,0.35172,0.765,0.075,1,0.96639
1,1,0,0,0,0,0.28,0.95,0.44392,0.97479
1,0.88422,0.0022313,0.039255,0.47763,0.32714,0.545,0,1,0.97479
1,0.90741,0.0013707,0.046028,0.66943,0.32714,0.545,0,1,0.98319
1,1,0,0,0,0,0.035,0.69,0.1638,0.9916
1,0.91242,0.0012552,0.058038,0.63626,0.27598,0.795,0.095,1,0.9916
1,0.95783,0.0050244,0.0090878,0.56535,0.20923,0.99,0.395,0.13056,1
1,1,0,0,0,0,0.13,0.165,0.1638,1
1,1,0,0,0,0,0.045,0.295,0.19458,1
1,0.98977,0.00087498,0.00036644,0,0.19664,0.76,0.075,0.32745,1
1,0.90354,0.0015314,0.052319,0.4868,0.2508,0.57,0.005,1,1
