region_id,centroid_x,centroid_y,Coal Deposits,Evaporites Deposits,Glacial Deposits,Elevation,Sqrt Elevation,Dist to Shore,Sqrt Dist,Sin Angle Shore,Cos Angle Shore
1,-44.82,-178.75,1.0,0.0,0.0,371.76,19.28,93.63,9.68,-0.22,0.98
2,-41.25,-178.75,1.0,0.0,0.0,0.00,0.00,0.00,0.00,0.97,-0.25
3,-14.48,-178.75,1.0,0.0,0.0,0.00,0.00,0.00,0.00,0.25,0.97
4,69.02,-176.24,1.0,0.0,0.0,37.43,6.12,30.55,5.53,-1.00,-0.06
5,69.02,-173.73,1.0,0.0,0.0,219.20,14.81,28.96,5.38,1.00,-0.07
6,57.32,-153.65,1.0,0.0,0.0,0.00,0.00,0.00,0.00,-0.64,-0.77
7,69.02,-143.61,1.0,0.0,0.0,200.00,14.14,283.92,16.85,-0.94,-0.35
8,62.55,-141.10,1.0,0.0,0.0,600.24,24.50,171.51,13.10,0.94,-0.34
9,69.02,-141.10,1.0,0.0,1.0,200.00,14.14,379.65,19.48,-0.97,-0.23
10,69.02,-136.08,1.0,0.0,0.0,342.50,18.51,444.32,21.08,0.08,1.00
11,69.02,-133.57,1.0,0.0,0.0,348.68,18.67,442.91,21.05,-0.03,1.00
12,62.55,-131.06,0.0,0.0,1.0,414.08,20.35,61.63,7.85,0.05,-1.00
13,57.32,-123.53,1.0,0.0,0.0,0.00,0.00,0.00,0.00,-0.38,-0.93
14,62.55,-123.53,1.0,0.0,0.0,1900.00,43.59,251.41,15.86,-0.74,-0.67
15,52.75,-121.02,1.0,0.0,0.0,0.00,0.00,0.00,0.00,-0.68,-0.73
16,41.25,-116.00,1.0,0.0,0.0,0.00,0.00,0.00,0.00,-0.95,0.32
17,37.87,-113.49,1.0,0.0,0.0,0.00,0.00,0.00,0.00,-0.99,-0.12
18,44.82,-113.49,1.0,0.0,0.0,893.05,29.88,199.03,14.11,-0.99,0.11
19,48.63,-113.49,1.0,0.0,0.0,1027.56,32.06,55.90,7.48,-0.67,0.74
20,52.75,-113.49,1.0,0.0,0.0,1783.53,42.23,197.92,14.07,-0.18,-0.98
21,34.64,-110.98,0.0,1.0,0.0,0.00,0.00,0.00,0.00,-0.91,-0.42
22,37.87,-110.98,1.0,1.0,1.0,400.00,20.00,178.16,13.35,-1.00,0.09
23,41.25,-110.98,0.0,0.0,1.0,400.00,20.00,304.01,17.44,-0.58,-0.82
24,44.82,-110.98,1.0,1.0,0.0,400.00,20.00,394.40,19.86,-0.77,0.63
25,52.75,-110.98,1.0,0.0,0.0,1900.00,43.59,284.64,16.87,-0.74,-0.67
26,34.64,-108.47,0.0,1.0,0.0,862.83,29.37,157.84,12.56,-0.90,-0.44
27,37.87,-108.47,1.0,1.0,0.0,400.00,20.00,306.67,17.51,-0.74,-0.67
28,44.82,-108.47,1.0,1.0,0.0,909.59,30.16,551.97,23.49,-0.75,0.67
29,48.63,-108.47,1.0,0.0,0.0,1900.00,43.59,407.29,20.18,-0.99,0.14
30,34.64,-105.96,0.0,1.0,0.0,1044.72,32.32,378.18,19.45,-0.99,-0.17
31,37.87,-105.96,0.0,1.0,0.0,696.77,26.40,494.23,22.23,-0.92,-0.40
32,41.25,-105.96,1.0,0.0,0.0,400.00,20.00,649.03,25.48,-0.94,-0.35
33,44.82,-105.96,1.0,0.0,0.0,1824.60,42.72,710.31,26.65,-0.84,0.54
34,31.53,-103.45,0.0,1.0,0.0,1900.00,43.59,527.73,22.97,-0.99,0.12
35,44.82,-103.45,1.0,0.0,0.0,1531.33,39.13,882.05,29.70,-0.89,0.46
36,37.87,-100.94,0.0,1.0,0.0,1826.51,42.74,917.94,30.30,-0.98,-0.17
37,34.64,-98.43,0.0,1.0,0.0,200.00,14.14,1020.31,31.94,0.72,-0.70
38,41.25,-98.43,0.0,1.0,0.0,363.08,19.05,1237.02,35.17,-0.91,-0.41
39,48.63,-98.43,1.0,0.0,0.0,200.00,14.14,1137.14,33.72,-0.97,0.23
40,31.53,-95.92,0.0,1.0,0.0,200.00,14.14,615.46,24.81,0.78,-0.62
41,34.64,-95.92,0.0,1.0,0.0,200.00,14.14,873.12,29.55,0.55,-0.83
42,37.87,-95.92,0.0,1.0,0.0,200.00,14.14,1175.91,34.29,0.57,-0.82
43,41.25,-95.92,1.0,1.0,0.0,200.00,14.14,1432.15,37.84,-0.94,-0.33
44,44.82,-95.92,0.0,1.0,0.0,200.00,14.14,1427.16,37.78,-0.94,0.35
45,17.19,-93.41,1.0,0.0,0.0,800.00,28.28,215.39,14.68,-0.79,-0.61
46,19.94,-93.41,1.0,0.0,0.0,1803.03,42.46,188.04,13.71,0.78,0.63
47,37.87,-93.41,0.0,1.0,0.0,200.00,14.14,1055.38,32.49,0.59,-0.81
48,41.25,-93.41,0.0,1.0,0.0,200.00,14.14,1377.72,37.12,0.45,-0.89
49,11.81,-83.37,1.0,0.0,0.0,1067.64,32.67,199.49,14.12,-0.89,-0.45
50,14.48,-83.37,1.0,0.0,0.0,0.00,0.00,69.74,8.35,0.56,0.83
51,31.53,-83.37,1.0,0.0,0.0,200.00,14.14,283.26,16.83,0.13,-0.99
52,19.94,-78.35,1.0,0.0,0.0,0.00,0.00,0.00,0.00,0.98,0.20
53,-6.53,-75.84,1.0,0.0,0.0,1075.00,32.79,61.34,7.83,-0.30,0.95
54,14.48,-75.84,1.0,0.0,0.0,0.00,0.00,0.00,0.00,0.96,0.27
55,-3.91,-73.33,0.0,1.0,0.0,1051.11,32.42,211.70,14.55,-0.88,0.48
56,17.19,-73.33,1.0,0.0,0.0,0.00,0.00,0.00,0.00,0.88,0.48
57,19.94,-73.33,0.0,1.0,0.0,0.00,0.00,0.00,0.00,1.00,0.07
58,-48.63,-70.82,0.0,0.0,1.0,0.00,0.00,0.00,0.00,-0.82,0.57
59,-44.82,-70.82,1.0,0.0,0.0,0.00,0.00,0.00,0.00,-0.95,0.30
60,1.30,-70.82,1.0,0.0,0.0,544.71,23.34,119.24,10.92,0.76,0.65
61,-57.32,-68.31,1.0,0.0,0.0,1036.61,32.20,126.34,11.24,-0.79,-0.61
62,-19.94,-68.31,0.0,1.0,0.0,712.77,26.70,72.96,8.54,-1.00,-0.10
63,-17.19,-68.31,0.0,1.0,0.0,1604.57,40.06,320.95,17.91,-0.23,-0.97
64,-3.91,-68.31,1.0,0.0,0.0,200.00,14.14,458.37,21.41,0.32,0.95
65,6.53,-68.31,0.0,1.0,0.0,0.00,0.00,0.00,0.00,0.41,0.91
66,17.19,-68.31,1.0,1.0,0.0,0.00,0.00,0.00,0.00,-0.36,0.93
67,37.87,-68.31,1.0,0.0,0.0,1145.44,33.84,100.56,10.03,0.27,-0.96
68,-57.32,-65.80,1.0,0.0,0.0,837.34,28.94,113.78,10.67,0.96,0.30
69,-28.52,-65.80,1.0,0.0,0.0,1706.45,41.31,131.32,11.46,-0.90,0.43
70,-25.59,-65.80,0.0,1.0,0.0,1475.64,38.41,128.90,11.35,-0.93,-0.36
71,-6.53,-65.80,1.0,0.0,0.0,200.00,14.14,726.09,26.95,-0.03,1.00
72,14.48,-65.80,1.0,0.0,0.0,0.00,0.00,0.00,0.00,-0.21,0.98
73,41.25,-65.80,1.0,0.0,0.0,890.20,29.84,293.38,17.13,0.53,-0.85
74,-31.53,-63.29,0.0,1.0,0.0,1154.41,33.98,408.47,20.21,0.99,-0.15
75,-28.52,-63.29,0.0,1.0,0.0,1222.14,34.96,368.37,19.19,-0.99,0.14
76,-25.59,-63.29,0.0,1.0,0.0,1798.16,42.40,374.67,19.36,-0.99,-0.14
77,-19.94,-63.29,0.0,1.0,0.0,881.61,29.69,448.68,21.18,-0.85,-0.52
78,-6.53,-63.29,1.0,0.0,0.0,200.00,14.14,785.77,28.03,-0.39,0.92
79,6.53,-63.29,1.0,1.0,0.0,0.00,0.00,0.00,0.00,-0.47,0.88
80,14.48,-63.29,1.0,0.0,0.0,0.00,0.00,0.00,0.00,-0.03,1.00
81,-69.02,-60.78,0.0,0.0,1.0,0.00,0.00,0.00,0.00,1.00,-0.03
82,-62.55,-60.78,0.0,0.0,1.0,0.00,0.00,0.00,0.00,-0.20,0.98
83,-19.94,-60.78,0.0,1.0,0.0,200.00,14.14,685.71,26.19,-0.94,-0.35
84,-37.87,-58.27,1.0,0.0,0.0,200.00,14.14,147.86,12.16,0.76,0.65
85,-41.25,-55.76,0.0,1.0,0.0,0.00,0.00,85.46,9.24,-0.24,-0.97
86,1.30,-55.76,1.0,0.0,0.0,357.34,18.90,271.38,16.47,0.72,0.70
87,6.53,-55.76,1.0,0.0,0.0,0.00,0.00,0.00,0.00,0.44,0.90
88,-41.25,-53.25,1.0,0.0,0.0,0.00,0.00,0.00,0.00,0.98,-0.18
89,-6.53,-53.25,1.0,0.0,0.0,200.00,14.14,582.68,24.14,1.00,0.10
90,-1.30,-53.25,1.0,0.0,0.0,200.00,14.14,368.24,19.19,0.07,1.00
91,-9.16,-45.72,1.0,0.0,0.0,200.00,14.14,352.40,18.77,-0.09,1.00
92,-6.53,-45.72,1.0,0.0,0.0,200.00,14.14,66.50,8.15,-0.47,0.88
93,-22.74,-40.70,1.0,0.0,0.0,1689.35,41.10,475.16,21.80,-0.06,-1.00
94,11.81,-15.60,1.0,0.0,0.0,111.58,10.56,154.38,12.43,-0.99,0.14
95,6.53,-8.07,1.0,0.0,0.0,200.00,14.14,547.46,23.40,-0.99,0.10
96,28.52,-8.07,0.0,1.0,0.0,200.00,14.14,105.74,10.28,-0.86,0.51
97,31.53,-8.07,1.0,0.0,0.0,0.00,0.00,0.00,0.00,-0.76,0.65
98,37.87,-8.07,1.0,0.0,0.0,200.00,14.14,170.30,13.05,-1.00,0.09
99,57.32,-8.07,1.0,0.0,0.0,0.00,0.00,0.00,0.00,-0.41,0.91
100,28.52,-5.56,1.0,1.0,0.0,200.00,14.14,216.35,14.71,-0.64,0.77
101,31.53,-5.56,1.0,0.0,0.0,0.00,0.00,0.00,0.00,0.24,0.97
102,34.64,-5.56,0.0,1.0,0.0,200.00,14.14,186.79,13.67,-0.22,-0.98
103,37.87,-5.56,0.0,1.0,0.0,200.00,14.14,239.80,15.49,-0.16,0.99
104,28.52,-3.05,1.0,0.0,0.0,888.60,29.81,276.04,16.61,0.02,1.00
105,34.64,-3.05,1.0,1.0,0.0,200.00,14.14,71.13,8.43,0.06,-1.00
106,37.87,-3.05,1.0,1.0,0.0,324.53,18.01,236.73,15.39,0.02,1.00
107,41.25,-3.05,1.0,0.0,0.0,0.00,0.00,0.00,0.00,-0.99,0.15
108,34.64,-0.54,1.0,0.0,0.0,0.00,0.00,0.00,0.00,0.96,-0.29
109,37.87,-0.54,1.0,1.0,0.0,209.27,14.47,107.79,10.38,0.44,-0.90
110,41.25,-0.54,0.0,1.0,0.0,200.00,14.14,125.90,11.22,-0.98,-0.22
111,57.32,-0.54,1.0,0.0,0.0,0.00,0.00,0.00,0.00,-0.98,0.21
112,31.53,1.97,1.0,0.0,0.0,0.00,0.00,0.00,0.00,-0.04,1.00
113,37.87,1.97,0.0,1.0,0.0,382.86,19.57,91.02,9.54,0.99,0.16
114,41.25,1.97,0.0,1.0,0.0,200.00,14.14,139.40,11.81,0.02,-1.00
115,48.63,1.97,1.0,0.0,0.0,0.00,0.00,0.00,0.00,-0.01,1.00
116,28.52,4.48,0.0,1.0,0.0,716.93,26.78,378.70,19.46,0.89,0.45
117,37.87,4.48,0.0,1.0,0.0,0.00,0.00,0.00,0.00,1.00,-0.08
118,41.25,4.48,1.0,0.0,0.0,646.89,25.43,129.99,11.40,0.98,-0.21
119,48.63,4.48,1.0,0.0,0.0,0.00,0.00,0.00,0.00,-0.85,0.52
120,1.30,6.99,1.0,0.0,0.0,0.00,0.00,0.00,0.00,-0.96,0.29
121,3.91,6.99,1.0,0.0,0.0,200.00,14.14,212.45,14.58,0.00,-1.00
122,44.82,6.99,1.0,1.0,0.0,384.49,19.61,218.01,14.77,0.37,-0.93
123,48.63,6.99,1.0,0.0,0.0,196.00,14.00,83.73,9.15,-0.87,0.50
124,52.75,6.99,1.0,0.0,0.0,0.00,0.00,0.00,0.00,-0.92,-0.39
125,-1.30,9.50,1.0,0.0,0.0,0.00,0.00,0.00,0.00,-0.36,-0.93
126,6.53,9.50,1.0,0.0,0.0,1004.92,31.70,574.87,23.98,-0.48,-0.87
127,31.53,9.50,1.0,0.0,0.0,0.00,0.00,0.00,0.00,-0.27,-0.96
128,37.87,9.50,1.0,0.0,0.0,0.00,0.00,0.00,0.00,-0.99,-0.12
129,44.82,9.50,1.0,0.0,0.0,329.46,18.15,206.45,14.37,0.20,-0.98
130,48.63,9.50,1.0,1.0,0.0,200.00,14.14,156.80,12.52,-0.23,0.97
131,25.59,12.01,1.0,0.0,0.0,200.00,14.14,108.56,10.42,0.91,0.42
132,28.52,12.01,0.0,1.0,0.0,200.00,14.14,109.97,10.49,0.87,0.49
133,37.87,12.01,1.0,0.0,0.0,350.80,18.73,96.90,9.84,-0.01,-1.00
134,41.25,12.01,1.0,0.0,0.0,0.00,0.00,0.00,0.00,0.78,0.62
135,44.82,12.01,1.0,0.0,0.0,334.65,18.29,80.05,8.95,0.97,0.25
136,48.63,12.01,1.0,0.0,0.0,200.00,14.14,266.45,16.32,-0.81,0.59
137,31.53,14.52,1.0,0.0,0.0,0.00,0.00,0.00,0.00,0.66,0.75
138,34.64,14.52,1.0,0.0,0.0,0.00,0.00,0.00,0.00,0.96,-0.28
139,37.87,14.52,1.0,0.0,0.0,0.00,0.00,0.00,0.00,0.43,0.90
140,41.25,14.52,1.0,0.0,0.0,0.00,0.00,0.00,0.00,-0.98,0.21
141,44.82,14.52,1.0,1.0,0.0,247.94,15.75,45.83,6.77,-0.90,0.43
142,48.63,14.52,1.0,0.0,0.0,200.00,14.14,211.97,14.56,0.53,-0.85
143,-31.53,17.03,1.0,0.0,0.0,379.19,19.47,111.04,10.54,-0.88,-0.48
144,-28.52,17.03,0.0,1.0,0.0,1414.23,37.61,205.48,14.33,-0.96,-0.27
145,-19.94,17.03,0.0,1.0,0.0,749.98,27.39,526.23,22.94,-1.00,-0.03
146,25.59,17.03,1.0,0.0,0.0,0.00,0.00,0.00,0.00,0.51,0.86
147,34.64,17.03,1.0,0.0,0.0,0.00,0.00,0.00,0.00,-0.97,-0.23
148,37.87,17.03,1.0,0.0,0.0,200.00,14.14,91.89,9.59,-0.99,0.16
149,41.25,17.03,1.0,1.0,0.0,412.96,20.32,83.05,9.11,-0.03,1.00
150,44.82,17.03,1.0,1.0,0.0,0.00,0.00,0.00,0.00,0.97,-0.24
151,48.63,17.03,1.0,1.0,0.0,200.00,14.14,99.91,10.00,0.72,-0.70
152,-37.87,19.54,1.0,0.0,0.0,0.00,0.00,0.00,0.00,-0.39,-0.92
153,-34.64,19.54,1.0,0.0,0.0,545.07,23.35,146.65,12.11,-0.96,-0.28
154,37.87,19.54,1.0,0.0,0.0,690.45,26.28,244.69,15.64,-0.92,-0.38
155,41.25,19.54,1.0,0.0,0.0,181.75,13.48,91.21,9.55,0.41,0.91
156,44.82,19.54,1.0,0.0,0.0,0.00,0.00,0.00,0.00,-0.37,0.93
157,34.64,22.05,1.0,0.0,0.0,1182.54,34.39,112.14,10.59,0.78,-0.63
158,37.87,22.05,1.0,0.0,0.0,261.78,16.18,347.92,18.65,-0.01,1.00
159,41.25,22.05,1.0,1.0,0.0,0.00,0.00,0.00,0.00,-0.94,0.33
160,44.82,22.05,1.0,1.0,0.0,0.00,0.00,0.00,0.00,0.88,0.48
161,31.53,24.56,1.0,1.0,0.0,0.00,0.00,0.00,0.00,-0.14,-0.99
162,34.64,24.56,1.0,1.0,0.0,649.65,25.49,87.95,9.38,-0.59,-0.81
163,37.87,24.56,1.0,1.0,0.0,449.85,21.21,246.42,15.70,0.85,0.52
164,41.25,24.56,1.0,0.0,0.0,0.00,0.00,90.54,9.51,0.40,0.92
165,44.82,24.56,1.0,1.0,0.0,0.00,0.00,0.00,0.00,-0.79,0.62
166,48.63,24.56,1.0,0.0,0.0,200.00,14.14,215.54,14.68,-0.55,-0.83
167,34.64,27.07,1.0,0.0,0.0,1392.06,37.31,110.72,10.52,0.77,-0.64
168,37.87,27.07,1.0,1.0,0.0,1487.24,38.56,125.67,11.21,-0.05,1.00
169,25.59,29.58,0.0,1.0,0.0,200.00,14.14,148.76,12.20,0.95,0.31
170,34.64,29.58,1.0,1.0,0.0,373.89,19.34,66.83,8.18,-0.80,0.60
171,37.87,29.58,1.0,1.0,0.0,1645.18,40.56,186.56,13.66,-0.73,0.68
172,22.74,32.09,0.0,1.0,0.0,0.00,0.00,0.00,0.00,0.12,0.99
173,25.59,32.09,0.0,1.0,0.0,0.00,0.00,0.00,0.00,-0.89,-0.45
174,31.53,32.09,0.0,1.0,0.0,0.00,0.00,0.00,0.00,-0.86,0.51
175,34.64,32.09,1.0,0.0,0.0,585.05,24.19,71.55,8.46,-0.12,-0.99
176,37.87,32.09,1.0,0.0,0.0,1679.33,40.98,236.84,15.39,-0.03,1.00
177,44.82,32.09,1.0,0.0,0.0,0.00,0.00,0.00,0.00,-0.47,-0.88
178,-3.91,34.60,0.0,1.0,0.0,1601.72,40.02,265.86,16.31,1.00,-0.04
179,22.74,34.60,0.0,1.0,0.0,1332.58,36.50,102.77,10.14,-0.61,-0.79
180,37.87,34.60,1.0,0.0,0.0,1634.73,40.43,239.15,15.46,0.14,0.99
181,-25.59,37.11,0.0,1.0,0.0,0.00,0.00,0.00,0.00,0.98,0.22
182,-1.30,37.11,0.0,1.0,0.0,200.00,14.14,212.82,14.59,0.46,-0.89
183,9.16,37.11,1.0,0.0,0.0,1656.91,40.71,207.71,14.41,1.00,-0.08
184,11.81,37.11,1.0,0.0,0.0,1106.90,33.27,98.68,9.93,0.98,0.22
185,17.19,37.11,1.0,0.0,0.0,0.00,0.00,0.00,0.00,-0.98,0.22
186,37.87,37.11,1.0,0.0,0.0,1221.95,34.96,125.90,11.22,-0.08,1.00
187,41.25,37.11,1.0,0.0,0.0,0.00,0.00,0.00,0.00,0.11,-0.99
188,-9.16,39.62,1.0,0.0,0.0,0.00,0.00,0.00,0.00,0.97,-0.25
189,-3.91,39.62,1.0,1.0,0.0,0.00,0.00,0.00,0.00,0.65,-0.76
190,11.81,39.62,0.0,1.0,0.0,0.00,0.00,0.00,0.00,-0.29,-0.96
191,31.53,39.62,0.0,1.0,0.0,200.00,14.14,68.67,8.29,0.52,-0.85
192,37.87,39.62,1.0,0.0,0.0,918.65,30.31,129.68,11.39,0.25,0.97
193,28.52,42.13,0.0,1.0,0.0,0.00,0.00,0.00,0.00,0.97,-0.26
194,31.53,42.13,0.0,1.0,0.0,0.00,0.00,0.00,0.00,-0.82,0.58
195,41.25,42.13,1.0,0.0,0.0,0.00,0.00,0.00,0.00,0.99,0.14
196,9.16,47.15,0.0,1.0,0.0,0.00,0.00,0.00,0.00,0.80,-0.60
197,22.74,47.15,0.0,1.0,0.0,0.00,0.00,0.00,0.00,0.53,0.85
198,34.64,47.15,0.0,1.0,0.0,1112.62,33.36,169.68,13.03,0.45,0.89
199,6.53,49.66,0.0,1.0,0.0,0.00,0.00,0.00,0.00,0.96,-0.28
200,34.64,49.66,0.0,1.0,0.0,0.00,0.00,0.00,0.00,-0.40,0.92
201,52.75,49.66,1.0,0.0,0.0,575.73,23.99,641.28,25.32,-0.08,-1.00
202,11.81,52.17,0.0,1.0,0.0,0.00,0.00,0.00,0.00,0.14,-0.99
203,17.19,52.17,0.0,1.0,0.0,0.00,0.00,0.00,0.00,-0.90,-0.43
204,19.94,52.17,0.0,1.0,0.0,0.00,0.00,0.00,0.00,-1.00,-0.08
205,34.64,52.17,0.0,1.0,0.0,200.00,14.14,185.14,13.61,-0.57,0.82
206,52.75,52.17,1.0,0.0,0.0,740.08,27.20,678.61,26.05,-0.36,-0.93
207,14.48,54.68,0.0,1.0,0.0,0.00,0.00,0.00,0.00,0.87,0.49
208,25.59,57.19,0.0,1.0,0.0,0.00,0.00,0.00,0.00,-0.75,-0.66
209,48.63,57.19,1.0,0.0,0.0,200.00,14.14,335.87,18.33,-0.50,-0.86
210,48.63,59.70,0.0,1.0,0.0,200.00,14.14,459.48,21.44,-0.79,-0.61
211,31.53,62.21,1.0,0.0,0.0,788.30,28.08,475.50,21.81,0.58,-0.82
212,22.74,64.72,0.0,1.0,0.0,0.00,0.00,0.00,0.00,-0.97,-0.22
213,25.59,67.23,0.0,1.0,0.0,200.00,14.14,327.03,18.08,-0.99,0.15
214,34.64,67.23,0.0,1.0,0.0,2024.06,44.99,768.04,27.71,-0.29,-0.96
215,41.25,67.23,0.0,1.0,0.0,247.59,15.73,689.21,26.25,-0.99,0.17
216,25.59,69.74,0.0,1.0,0.0,200.00,14.14,541.70,23.27,-0.86,0.51
217,28.52,69.74,0.0,1.0,0.0,211.98,14.56,468.26,21.64,-0.99,-0.10
218,6.53,72.25,1.0,0.0,0.0,0.00,0.00,0.00,0.00,-0.96,-0.27
219,11.81,72.25,1.0,0.0,0.0,1288.20,35.89,163.55,12.79,-0.84,-0.55
220,31.53,72.25,0.0,1.0,0.0,2100.00,45.83,802.39,28.33,-0.89,-0.46
221,6.53,74.76,1.0,0.0,0.0,348.80,18.68,148.54,12.19,0.92,-0.39
222,28.52,74.76,0.0,1.0,0.0,2028.91,45.04,957.87,30.95,-1.00,-0.02
223,44.82,74.76,0.0,1.0,0.0,200.00,14.14,1309.23,36.18,-0.99,-0.14
224,52.75,74.76,0.0,1.0,0.0,200.00,14.14,1608.56,40.11,-0.94,-0.34
225,-69.02,77.27,0.0,0.0,1.0,1442.75,37.98,223.28,14.94,0.88,0.47
226,6.53,77.27,1.0,0.0,0.0,0.00,0.00,0.00,0.00,0.94,-0.35
227,9.16,77.27,1.0,0.0,0.0,0.00,0.00,0.00,0.00,0.99,0.12
228,25.59,77.27,1.0,0.0,0.0,1635.95,40.45,894.32,29.91,-0.73,-0.68
229,44.82,77.27,0.0,1.0,0.0,558.63,23.64,1505.74,38.80,-1.00,-0.10
230,-69.02,79.78,0.0,0.0,1.0,599.48,24.48,144.85,12.04,0.64,0.77
231,22.74,79.78,0.0,1.0,0.0,200.00,14.14,685.70,26.19,0.65,-0.76
232,25.59,79.78,1.0,0.0,0.0,1931.73,43.95,949.51,30.81,0.47,-0.88
233,41.25,82.29,0.0,1.0,0.0,600.00,24.49,1932.01,43.95,-0.98,0.18
234,62.55,82.29,0.0,1.0,0.0,200.00,14.14,1252.91,35.40,-0.55,0.83
235,44.82,84.80,0.0,1.0,0.0,802.41,28.33,2098.86,45.81,-1.00,0.01
236,28.52,87.31,1.0,0.0,0.0,2100.00,45.83,838.80,28.96,0.09,-1.00
237,37.87,87.31,0.0,1.0,0.0,2100.00,45.83,1877.17,43.33,0.04,-1.00
238,41.25,87.31,0.0,1.0,0.0,1171.89,34.23,2253.02,47.47,0.03,-1.00
239,17.19,89.82,1.0,0.0,0.0,0.00,0.00,0.00,0.00,-0.75,-0.66
240,22.74,89.82,1.0,0.0,0.0,200.00,14.14,193.85,13.92,0.09,-1.00
241,22.74,92.33,1.0,0.0,0.0,658.31,25.66,308.71,17.57,-0.79,-0.62
242,28.52,94.84,1.0,0.0,0.0,2100.00,45.83,947.27,30.78,0.02,-1.00
243,41.25,94.84,0.0,1.0,0.0,898.44,29.97,2145.77,46.32,1.00,0.03
244,11.81,97.35,0.0,1.0,0.0,0.00,0.00,0.00,0.00,-0.99,-0.12
245,19.94,97.35,1.0,0.0,0.0,200.00,14.14,176.25,13.28,-0.81,-0.59
246,25.59,97.35,1.0,0.0,0.0,2100.00,45.83,666.94,25.83,-0.37,-0.93
247,28.52,97.35,1.0,0.0,0.0,2100.00,45.83,976.68,31.25,-0.25,-0.97
248,6.53,99.86,1.0,0.0,0.0,0.00,0.00,0.00,0.00,-0.92,-0.39
249,9.16,99.86,1.0,0.0,0.0,92.00,9.59,96.56,9.83,-0.98,-0.18
250,11.81,99.86,1.0,0.0,0.0,200.00,14.14,204.06,14.29,-0.99,0.11
251,14.48,99.86,1.0,0.0,0.0,200.00,14.14,208.02,14.42,-0.97,-0.25
252,22.74,99.86,1.0,0.0,0.0,1687.66,41.08,526.90,22.95,1.00,0.07
253,28.52,99.86,1.0,0.0,0.0,2100.00,45.83,800.33,28.29,0.66,-0.75
254,31.53,99.86,1.0,0.0,0.0,1765.72,42.02,1075.13,32.79,0.49,-0.87
255,37.87,99.86,0.0,1.0,0.0,1000.02,31.62,1724.53,41.53,0.31,-0.95
256,41.25,99.86,0.0,1.0,0.0,600.00,24.49,1726.17,41.55,1.00,-0.03
257,3.91,102.37,1.0,0.0,0.0,0.00,0.00,0.00,0.00,-0.50,-0.87
258,6.53,102.37,1.0,0.0,0.0,200.00,14.14,162.87,12.76,-0.93,-0.36
259,9.16,102.37,1.0,0.0,0.0,200.00,14.14,116.15,10.78,0.59,0.81
260,22.74,102.37,1.0,0.0,0.0,276.75,16.64,270.54,16.45,0.99,0.12
261,25.59,102.37,1.0,0.0,0.0,1715.06,41.41,392.18,19.80,0.69,-0.73
262,28.52,102.37,1.0,0.0,0.0,2100.00,45.83,667.43,25.83,0.40,-0.92
263,37.87,102.37,0.0,1.0,0.0,958.10,30.95,1537.84,39.22,0.98,0.18
264,41.25,102.37,0.0,1.0,0.0,600.00,24.49,1516.59,38.94,1.00,-0.06
265,-1.30,104.88,1.0,0.0,0.0,0.00,0.00,0.00,0.00,-0.44,-0.90
266,1.30,104.88,1.0,0.0,0.0,0.00,0.00,0.00,0.00,-0.16,-0.99
267,6.53,104.88,1.0,0.0,0.0,0.00,0.00,0.00,0.00,-0.21,0.98
268,9.16,104.88,1.0,0.0,0.0,0.00,0.00,0.00,0.00,-0.13,-0.99
269,22.74,104.88,1.0,0.0,0.0,0.00,0.00,0.00,0.00,0.95,-0.31
270,25.59,104.88,1.0,0.0,0.0,1011.11,31.80,288.42,16.98,0.04,-1.00
271,6.53,107.39,1.0,0.0,0.0,0.00,0.00,0.00,0.00,0.60,0.80
272,14.48,107.39,1.0,0.0,0.0,200.00,14.14,170.18,13.05,-0.25,-0.97
273,19.94,107.39,1.0,0.0,0.0,0.00,0.00,0.00,0.00,0.82,0.58
274,22.74,107.39,1.0,0.0,0.0,0.00,0.00,0.00,0.00,0.27,-0.96
275,25.59,107.39,1.0,0.0,0.0,213.48,14.61,290.95,17.06,-0.14,-0.99
276,28.52,107.39,1.0,0.0,0.0,1151.90,33.94,614.83,24.80,-0.07,-1.00
277,31.53,107.39,1.0,0.0,0.0,1585.94,39.82,949.06,30.81,-0.04,-1.00
278,57.32,107.39,1.0,0.0,0.0,200.00,14.14,1933.76,43.97,0.87,0.49
279,-3.91,109.90,1.0,0.0,0.0,0.00,0.00,0.00,0.00,-1.00,0.04
280,11.81,109.90,1.0,0.0,0.0,0.00,0.00,0.00,0.00,0.64,-0.77
281,22.74,109.90,1.0,0.0,0.0,0.00,0.00,97.27,9.86,-0.95,0.31
282,25.59,109.90,1.0,0.0,0.0,200.00,14.14,302.43,17.39,-0.31,-0.95
283,57.32,109.90,1.0,0.0,0.0,200.00,14.14,1800.88,42.44,0.90,0.44
284,-34.64,112.41,1.0,0.0,0.0,0.00,0.00,0.00,0.00,-0.96,0.28
285,-3.91,112.41,1.0,0.0,0.0,200.00,14.14,129.58,11.38,-0.35,-0.93
286,3.91,112.41,1.0,0.0,0.0,200.00,14.14,137.41,11.72,0.47,0.88
287,6.53,112.41,1.0,0.0,0.0,0.00,0.00,0.00,0.00,0.26,0.97
288,-1.30,114.92,1.0,0.0,0.0,200.00,14.14,124.16,11.14,0.96,0.27
289,3.91,114.92,1.0,0.0,0.0,357.74,18.91,245.39,15.66,-0.87,0.49
290,6.53,114.92,1.0,0.0,0.0,200.00,14.14,114.90,10.72,-0.89,0.46
291,28.52,114.92,1.0,0.0,0.0,200.00,14.14,299.45,17.30,0.36,-0.93
292,-1.30,117.43,1.0,0.0,0.0,0.00,0.00,0.00,0.00,0.53,0.85
293,1.30,117.43,1.0,0.0,0.0,200.00,14.14,71.26,8.44,0.88,-0.47
294,3.91,117.43,1.0,0.0,0.0,200.00,14.14,119.10,10.91,0.53,-0.85
295,6.53,117.43,1.0,0.0,0.0,200.00,14.14,81.62,9.03,0.76,0.65
296,28.52,117.43,1.0,0.0,0.0,200.00,14.14,163.74,12.80,0.94,-0.35
297,34.64,117.43,1.0,0.0,0.0,200.00,14.14,414.99,20.37,0.76,0.65
298,41.25,117.43,1.0,0.0,0.0,200.00,14.14,331.55,18.21,0.92,-0.40
299,-31.53,119.94,1.0,0.0,0.0,200.00,14.14,608.08,24.66,0.76,-0.65
300,6.53,119.94,1.0,0.0,0.0,0.00,0.00,0.00,0.00,-0.04,-1.00
301,17.19,119.94,1.0,0.0,0.0,0.00,0.00,0.00,0.00,-0.02,1.00
302,28.52,119.94,1.0,0.0,0.0,0.00,0.00,0.00,0.00,0.86,-0.51
303,34.64,119.94,1.0,0.0,0.0,200.00,14.14,201.64,14.20,0.94,-0.34
304,-1.30,122.45,1.0,0.0,0.0,0.00,0.00,92.58,9.62,-0.55,-0.84
305,9.16,122.45,1.0,0.0,0.0,0.00,0.00,0.00,0.00,0.90,0.43
306,28.52,122.45,1.0,0.0,0.0,0.00,0.00,0.00,0.00,0.45,-0.89
307,37.87,122.45,1.0,0.0,0.0,0.00,0.00,0.00,0.00,1.00,-0.08
308,57.32,124.96,1.0,0.0,0.0,200.00,14.14,928.49,30.47,1.00,-0.05
309,37.87,127.47,1.0,0.0,0.0,0.00,0.00,0.00,0.00,0.17,-0.99
310,41.25,127.47,1.0,0.0,0.0,18.23,4.27,93.77,9.68,0.46,0.89
311,44.82,127.47,1.0,0.0,0.0,370.31,19.24,100.47,10.02,0.42,-0.91
312,57.32,127.47,1.0,0.0,0.0,200.00,14.14,778.16,27.90,1.00,-0.10
313,-11.81,129.98,1.0,0.0,0.0,0.00,0.00,0.00,0.00,-0.00,1.00
314,-1.30,129.98,1.0,0.0,0.0,0.00,0.00,0.00,0.00,-0.35,-0.93
315,3.91,129.98,1.0,0.0,0.0,0.00,0.00,0.00,0.00,-1.00,-0.05
316,6.53,129.98,1.0,0.0,0.0,343.77,18.54,120.83,10.99,-0.90,0.44
317,9.16,129.98,1.0,0.0,0.0,0.00,0.00,0.00,0.00,-0.01,1.00
318,34.64,129.98,1.0,0.0,0.0,0.00,0.00,71.03,8.43,0.02,-1.00
319,37.87,129.98,1.0,0.0,0.0,0.00,0.00,0.00,0.00,-0.99,-0.16
320,44.82,129.98,1.0,0.0,0.0,0.00,0.00,0.00,0.00,0.50,-0.87
321,48.63,129.98,1.0,0.0,0.0,389.19,19.73,288.91,17.00,0.79,-0.61
322,52.75,129.98,1.0,0.0,0.0,200.00,14.14,617.22,24.84,1.00,-0.07
323,69.02,129.98,1.0,0.0,0.0,356.47,18.88,768.86,27.73,0.76,-0.65
324,3.91,132.49,1.0,0.0,0.0,0.00,0.00,115.20,10.73,-0.48,-0.88
325,6.53,132.49,1.0,0.0,0.0,407.63,20.19,76.68,8.76,0.73,0.69
326,37.87,132.49,1.0,0.0,0.0,200.00,14.14,132.70,11.52,-0.32,0.95
327,48.63,132.49,1.0,0.0,0.0,884.52,29.74,185.00,13.60,0.21,-0.98
328,-34.64,135.00,0.0,1.0,0.0,200.00,14.14,318.77,17.85,-0.56,-0.83
329,-28.52,135.00,1.0,0.0,0.0,200.00,14.14,861.91,29.36,-0.53,-0.85
330,-19.94,135.00,1.0,0.0,0.0,200.00,14.14,233.73,15.29,0.90,0.44
331,37.87,135.00,1.0,0.0,0.0,200.00,14.14,96.89,9.84,-0.00,-1.00
332,69.02,135.00,1.0,0.0,0.0,204.08,14.29,637.56,25.25,0.53,-0.85
333,-37.87,137.51,1.0,0.0,0.0,200.00,14.14,132.42,11.51,0.32,-0.95
334,6.53,137.51,1.0,0.0,0.0,0.00,0.00,0.00,0.00,0.98,-0.19
335,41.25,137.51,1.0,0.0,0.0,0.00,0.00,0.00,0.00,0.46,0.89
336,48.63,137.51,1.0,0.0,0.0,0.00,0.00,0.00,0.00,0.93,-0.36
337,52.75,137.51,1.0,0.0,0.0,1013.21,31.83,130.92,11.44,0.78,-0.63
338,-28.52,140.02,1.0,0.0,0.0,200.00,14.14,929.31,30.48,0.77,0.64
339,41.25,140.02,1.0,0.0,0.0,0.00,0.00,0.00,0.00,-0.69,-0.72
340,44.82,140.02,1.0,0.0,0.0,0.00,0.00,0.00,0.00,-0.50,-0.87
341,48.63,140.02,1.0,0.0,0.0,0.00,0.00,0.00,0.00,-0.72,0.69
342,-41.25,142.53,1.0,0.0,0.0,0.00,0.00,0.00,0.00,-0.42,0.91
343,44.82,142.53,1.0,0.0,0.0,0.00,0.00,0.00,0.00,0.67,-0.74
344,48.63,142.53,1.0,0.0,1.0,0.00,0.00,0.00,0.00,0.86,0.52
345,52.75,142.53,1.0,0.0,1.0,0.00,0.00,0.00,0.00,0.99,-0.14
346,57.32,142.53,1.0,0.0,1.0,0.00,0.00,0.00,0.00,0.76,-0.65
347,-41.25,145.04,1.0,0.0,0.0,200.00,14.14,164.94,12.84,-0.54,0.84
348,-11.81,145.04,1.0,0.0,0.0,242.17,15.56,89.77,9.47,-0.05,1.00
349,9.16,145.04,1.0,0.0,0.0,0.00,0.00,0.00,0.00,0.98,0.20
350,48.63,145.04,1.0,0.0,0.0,0.00,0.00,0.00,0.00,0.98,0.20
351,-28.52,147.55,1.0,0.0,0.0,200.00,14.14,369.83,19.23,0.66,0.75
352,-14.48,147.55,1.0,0.0,0.0,0.00,0.00,74.92,8.66,0.64,-0.77
353,-41.25,150.06,1.0,0.0,0.0,200.00,14.14,113.70,10.66,0.68,-0.73
354,-34.64,152.57,1.0,0.0,0.0,200.00,14.14,136.15,11.67,0.95,-0.30
355,-28.52,152.57,0.0,1.0,0.0,0.00,0.00,0.00,0.00,0.72,0.69
356,62.55,152.57,1.0,0.0,0.0,0.00,0.00,0.00,0.00,0.50,-0.86
357,62.55,155.08,1.0,0.0,0.0,0.00,0.00,0.00,0.00,0.03,-1.00
358,69.02,155.08,1.0,0.0,0.0,200.00,14.14,477.95,21.86,0.38,-0.92
359,-1.30,157.59,1.0,0.0,0.0,0.00,0.00,0.00,0.00,0.73,0.69
360,57.32,157.59,1.0,0.0,1.0,0.00,0.00,0.00,0.00,0.85,0.53
361,-1.30,162.61,1.0,0.0,0.0,0.00,0.00,0.00,0.00,0.74,0.67
362,62.55,165.12,0.0,0.0,1.0,0.00,0.00,0.00,0.00,0.75,-0.66
363,-9.16,170.14,1.0,0.0,0.0,0.00,0.00,0.00,0.00,-0.60,0.80
364,-44.82,175.16,1.0,0.0,0.0,839.35,28.97,92.34,9.61,-0.14,0.99
365,-37.87,175.16,1.0,0.0,0.0,0.00,0.00,0.00,0.00,-1.00,0.07
366,-44.82,177.67,1.0,0.0,0.0,1306.77,36.15,106.20,10.31,0.98,-0.19
367,-41.25,177.67,1.0,0.0,0.0,716.83,26.77,63.18,7.95,-0.90,0.44
