52.75,-178.75,0.30038,0.71474,0.0025264,0.13149,0.057482
57.32,-178.75,0.30475,0.71239,0.0027764,0.12264,0.14968
62.55,-178.75,0.37968,0.63206,0.001878,0.1685,0.039864
52.75,-176.24,0.28414,0.74562,0.0041779,0.006494,0.023051
57.32,-176.24,0.32128,0.69573,0.0024584,0.12503,0.12238
62.55,-176.24,0.38578,0.62939,0.0020143,0.14343,0.033749
57.32,-173.73,0.35534,0.65331,0.0013103,0.19067,0.099564
57.32,-171.22,0.41056,0.58101,0.00045105,0.3119,0.06944
57.32,-168.71,0.39272,0.61528,0.00088791,0.19281,0.043551
69.02,-131.06,1,0,0,0,0
34.64,-98.43,0,1,0,0,0
34.64,-95.92,0,1,0,0,0
34.64,-93.41,0,1,0,0,0
57.32,-83.37,0.6932,0.3793,4.365e-06,0,0.021482
57.32,-80.86,0.70356,0.37021,3.515e-06,0,0.02962
62.55,-75.84,0.81166,0.2387,6.4493e-07,0.0963,0.019727
69.02,-75.84,0.84952,0.1936,5.3355e-07,0.12264,0.018559
62.55,-73.33,0.8219,0.22831,6.0646e-07,0.0963,0.020069
69.02,-73.33,0.85347,0.19052,4.7052e-07,0.12264,0.037973
44.82,-70.82,0.51676,0.56155,1.9097e-07,0,0.032157
69.02,-70.82,0.86064,0.18321,4.159e-07,0.12264,0.042466
69.02,-68.31,0.87096,0.17167,3.5763e-07,0.12264,0.031077
34.64,-45.72,1,0,0,0,0
3.91,-43.21,0.58559,0.75281,9.7789e-08,0.12264,0.037867
6.53,-43.21,0,1,0,0.12264,0.048073
14.48,-43.21,0,1,0,0,0
34.64,-43.21,0.51194,0.52201,9.2644e-07,0.12264,0.038265
-1.3,-40.7,1,1,0,0,0
1.3,-40.7,0.57984,0.77279,9.9464e-07,0.13923,0.067564
3.91,-40.7,0.59435,0.75297,1.4933e-07,0.13951,0.084999
6.53,-40.7,1,0,0,0.12264,0.10405
9.16,-40.7,1,1,0,0.12264,0.06611
11.81,-40.7,0.29574,0.87021,1.5726e-05,0.12264,0.03167
14.48,-40.7,0.18951,0.91347,4.2793e-05,0.12264,0.056208
19.94,-40.7,0.22119,0.81796,7.4876e-05,0.49756,0.035543
22.74,-40.7,0,1,0,0.52225,0.033224
25.59,-40.7,0,1,0,0,0
-17.19,-38.19,0.41707,0.7169,3.7543e-05,0.12264,0.030387
-9.16,-38.19,0.5606,0.66462,7.3502e-05,0.12264,0.031691
-6.53,-38.19,0.56082,0.71762,5.344e-05,0.12264,0.031714
-3.91,-38.19,0.65833,0.61381,6.0551e-05,0.40222,0.063788
-1.3,-38.19,0.646,0.66833,4.4643e-05,0.36777,0.089647
1.3,-38.19,0.55413,0.8018,8.3592e-06,0.12264,0.12638
3.91,-38.19,0,1,0,0.12264,0.16286
6.53,-38.19,1,1,0,0.12264,0.17173
9.16,-38.19,0,1,0,0.12264,0.1321
11.81,-38.19,0.27423,0.88424,1.54e-05,0.12264,0.092792
14.48,-38.19,0.18085,0.91974,2.0389e-05,0.12264,0.10397
17.19,-38.19,0.13691,0.93299,4.1578e-05,0.12264,0.085435
19.94,-38.19,0,1,0,0.12264,0.091116
22.74,-38.19,0.11451,0.92868,0.00012967,0.12264,0.081061
28.52,-38.19,0,1,0,0.031888,0.016825
31.53,-38.19,0.377,0.68388,2.8797e-06,0.12264,0.049568
34.64,-38.19,0.50567,0.56264,1.3527e-07,0.12264,0.065865
37.87,-38.19,0.62377,0.45882,9.966e-09,0.12264,0.062036
-28.52,-35.68,0,1,0,0.052829,0.022267
-17.19,-35.68,0.39828,0.73341,2.049e-05,0.12264,0.084863
-14.48,-35.68,0.48938,0.66128,0.00010762,0.12264,0.049769
-11.81,-35.68,1,0,0,0.12264,0.082548
-9.16,-35.68,0.53349,0.69044,3.7766e-05,0.12264,0.11279
-6.53,-35.68,0.5316,0.74576,9.6868e-06,0.12264,0.11272
-3.91,-35.68,1,0,0,0.30823,0.13674
-1.3,-35.68,0.51747,0.82018,0.00043964,0.12264,0.15837
1.3,-35.68,0.52427,0.82673,7.4146e-05,0.12264,0.19577
3.91,-35.68,1,1,0,0.12264,0.24358
6.53,-35.68,1,0,0,0.12264,0.24592
9.16,-35.68,0.36788,0.85888,6.4498e-07,0.12264,0.20575
11.81,-35.68,0,1,0,0.12264,0.17076
14.48,-35.68,0.1649,0.92955,8.1731e-06,0.12264,0.17645
17.19,-35.68,0.1224,0.94249,2.1898e-05,0.12264,0.16314
19.94,-35.68,0.097403,0.94907,6.5648e-05,0.12264,0.16469
22.74,-35.68,0.11462,0.93153,4.5495e-05,0.12264,0.11594
25.59,-35.68,0.16975,0.8824,3.6759e-05,0.12264,0.061859
28.52,-35.68,0.25643,0.80093,2.8089e-05,0.12264,0.065189
31.53,-35.68,0.35993,0.71339,1.6364e-06,0.12264,0.10398
34.64,-35.68,0.48246,0.6041,5.3461e-08,0.12264,0.13349
37.87,-35.68,0.60996,0.4895,2.7931e-09,0.12264,0.12699
41.25,-35.68,0.74686,0.3468,1.2561e-09,0.12264,0.047607
-31.53,-33.17,0.20145,0.83326,0.0025205,0.10896,0.027092
-28.52,-33.17,0.19248,0.85065,0.0015048,0.12979,0.069387
-25.59,-33.17,0.24049,0.82357,9.342e-05,0.12264,0.03646
-22.74,-33.17,0.29248,0.79403,1.8766e-05,0.12264,0.037625
-19.94,-33.17,0.34089,0.76806,1.0334e-05,0.12264,0.066646
-17.19,-33.17,0.38552,0.7442,1.2492e-05,0.12264,0.12151
-14.48,-33.17,0.45788,0.69128,5.213e-05,0.12264,0.12923
-11.81,-33.17,0,1,0,0.12264,0.153
-9.16,-33.17,0.50033,0.72021,6.9366e-05,0.12264,0.19163
-6.53,-33.17,1,1,0,0.12264,0.1944
-3.91,-33.17,0.55569,0.74574,7.0293e-05,0.28682,0.20951
-1.3,-33.17,0.53939,0.79132,0.00033748,0.26059,0.23592
1.3,-33.17,0,1,0,0.12264,0.27201
3.91,-33.17,0.47986,0.84701,4.9007e-06,0.12264,0.30953
6.53,-33.17,0.43197,0.85171,6.8579e-08,0.12264,0.31643
9.16,-33.17,0.32861,0.88174,1.3291e-07,0.12264,0.27592
11.81,-33.17,0.22103,0.91496,3.1514e-06,0.12264,0.25029
14.48,-33.17,0.14876,0.93847,2.7647e-06,0.12264,0.2535
17.19,-33.17,0.11074,0.94976,1.0052e-05,0.12264,0.24132
19.94,-33.17,0.092983,0.95338,2.5501e-05,0.12264,0.2349
22.74,-33.17,0.11183,0.93652,1.4401e-05,0.12264,0.16866
25.59,-33.17,0.15819,0.89799,1.0227e-05,0.12264,0.13599
28.52,-33.17,0.23827,0.82932,8.4337e-06,0.12264,0.13483
31.53,-33.17,0.34011,0.74594,8.5489e-07,0.12264,0.16716
34.64,-33.17,0.46003,0.64399,3.0452e-08,0.12264,0.20113
37.87,-33.17,0.60573,0.51068,9.3879e-10,0.12264,0.16693
41.25,-33.17,0.74946,0.35591,7.4325e-10,0.12264,0.085828
-44.82,-30.66,0.64355,0.58193,0.003992,0,0.017252
-31.53,-30.66,0,1,0,0.10896,0.027605
-28.52,-30.66,0.18556,0.85635,0.00047313,0.12329,0.12581
-25.59,-30.66,0.22324,0.83793,2.1784e-05,0.12264,0.10998
-22.74,-30.66,0.26988,0.81318,4.2497e-06,0.12264,0.11184
-19.94,-30.66,0.31643,0.78886,3.1317e-06,0.12264,0.13636
-17.19,-30.66,0.36391,0.76267,5.4179e-06,0.12264,0.1765
-14.48,-30.66,0.42116,0.72553,3.031e-05,0.12264,0.2089
-11.81,-30.66,0.47723,0.69193,0.00027762,0.12264,0.22506
-9.16,-30.66,0.4631,0.75166,0.00012743,0.12264,0.26353
-6.53,-30.66,0.45499,0.80287,9.6228e-05,0.12264,0.27616
-3.91,-30.66,0.44525,0.8423,0.00059531,0.12264,0.28729
-1.3,-30.66,0,1,0,0.65071,0.31586
1.3,-30.66,0.66973,0.58928,5.1352e-05,0.68992,0.34371
3.91,-30.66,0.44848,0.85725,1.157e-06,0.17867,0.38107
6.53,-30.66,0.37396,0.88116,2.1798e-08,0.12264,0.38933
9.16,-30.66,0.28849,0.90113,2.7581e-08,0.12264,0.35069
11.81,-30.66,0.19687,0.92669,4.8208e-07,0.12264,0.33025
14.48,-30.66,0.13385,0.9458,8.1894e-07,0.12264,0.33103
17.19,-30.66,0.10095,0.95539,4.1995e-06,0.12264,0.31966
19.94,-30.66,0.091221,0.95581,8.6918e-06,0.12264,0.28633
22.74,-30.66,0.10708,0.94253,4.2537e-06,0.12264,0.23391
25.59,-30.66,0.14768,0.91167,2.6073e-06,0.12264,0.21016
28.52,-30.66,0.22127,0.8543,2.5694e-06,0.12264,0.2065
31.53,-30.66,0.31966,0.77803,4.2085e-07,0.12264,0.23472
34.64,-30.66,0.43903,0.68114,1.9984e-08,0.12264,0.26733
37.87,-30.66,0.619,0.51366,4.4327e-10,0.12264,0.16451
41.25,-30.66,0.76958,0.34324,4.6869e-10,0.12264,0.068322
69.02,-30.66,0.95852,0.065654,6.2683e-08,0.12264,0.035885
-57.32,-28.15,1,0,0,0.12264,0.03231
-52.75,-28.15,0.85071,0.43619,0.0028065,0.086894,0.024361
-48.63,-28.15,0.78724,0.51787,0.0022991,0.12264,0.053798
-44.82,-28.15,0.69415,0.50055,0.0017451,0.12264,0.060709
-41.25,-28.15,0,1,0,0.12264,0.035431
-37.87,-28.15,0.39281,0.64519,0.00088452,0.12264,0.039035
-34.64,-28.15,0.26342,0.75718,0.0017688,0.12264,0.042418
-31.53,-28.15,0.21188,0.81782,0.0020446,0.10896,0.028717
-28.52,-28.15,0.19594,0.84654,0.0002613,0.12264,0.12658
-25.59,-28.15,0.2094,0.8492,9.1835e-06,0.12264,0.18414
-22.74,-28.15,0.24968,0.82959,9.5796e-07,0.12264,0.18752
-19.94,-28.15,0.29415,0.8069,8.9485e-07,0.12264,0.20418
-17.19,-28.15,0.33682,0.78496,2.0861e-06,0.12264,0.2443
-14.48,-28.15,0.38177,0.76028,4.9262e-05,0.12264,0.2886
-11.81,-28.15,0.4266,0.74199,0.00027059,0.12264,0.30125
-9.16,-28.15,0.42098,0.78417,0.00020733,0.12264,0.33626
-6.53,-28.15,0.4094,0.83011,0.00016212,0.12264,0.35794
-3.91,-28.15,0.40218,0.86302,0.0006285,0.12264,0.36691
-1.3,-28.15,0.41892,0.86895,0.0008525,0.18452,0.39445
1.3,-28.15,0.68815,0.5101,0.00079062,0.88518,0.41932
3.91,-28.15,0.38944,0.88395,9.824e-07,0.17051,0.45625
6.53,-28.15,0.32329,0.90173,8.9412e-09,0.12264,0.46037
9.16,-28.15,0.25093,0.91622,6.6555e-09,0.12264,0.42765
11.81,-28.15,0.17391,0.93604,7.7781e-08,0.12264,0.41039
14.48,-28.15,0.1203,0.95162,2.2429e-07,0.12264,0.40864
17.19,-28.15,0.092452,0.95979,1.6379e-06,0.12264,0.39805
19.94,-28.15,0.08786,0.95881,2.8464e-06,0.12264,0.34682
22.74,-28.15,0.1018,0.94831,1.2584e-06,0.12264,0.3037
25.59,-28.15,0.13806,0.92338,6.541e-07,0.12264,0.28432
28.52,-28.15,0.20571,0.87561,7.9355e-07,0.12264,0.27863
31.53,-28.15,0.30106,0.80657,1.8807e-07,0.12264,0.30055
34.64,-28.15,0.45548,0.68373,2.0514e-09,0.12264,0.24555
37.87,-28.15,0.63672,0.51242,2.2007e-10,0.12264,0.15125
41.25,-28.15,0.78985,0.33007,2.7441e-10,0.12264,0.045905
62.55,-28.15,0.94993,0.086868,5.2194e-06,0,0.033127
69.02,-28.15,0.96111,0.062156,4.9199e-08,0.12264,0.046129
-57.32,-25.64,0.89418,0.28761,0.0025183,0.12264,0.068018
-52.75,-25.64,0.8691,0.39887,0.002381,0.17216,0.066233
-48.63,-25.64,1,1,0,0.12264,0.098358
-44.82,-25.64,1,0,0,0.12264,0.10547
-41.25,-25.64,0.54629,0.52294,0.00132,0.12264,0.097157
-37.87,-25.64,0.38857,0.64241,0.00074498,0.12264,0.083397
-34.64,-25.64,0,1,0,0.12264,0.033154
-31.53,-25.64,0.23022,0.80033,0.0010439,0.10896,0.029198
-28.52,-25.64,0.20867,0.8351,0.00015349,0.12264,0.12744
-25.59,-25.64,0.20752,0.85048,7.6307e-06,0.12264,0.22335
-22.74,-25.64,0.23224,0.84309,3.1292e-07,0.12264,0.26339
-19.94,-25.64,0.27205,0.82388,2.6269e-07,0.12264,0.27671
-17.19,-25.64,0.30906,0.80652,3.0661e-06,0.12264,0.31612
-14.48,-25.64,0.34676,0.78911,0.00010373,0.12264,0.35733
-11.81,-25.64,0.37844,0.78308,0.00037914,0.12264,0.37909
-9.16,-25.64,0.37802,0.81372,0.00032879,0.12264,0.40825
-6.53,-25.64,0.36419,0.85335,0.00030355,0.12264,0.43972
-3.91,-25.64,0.35824,0.88085,0.00063736,0.12264,0.44739
-1.3,-25.64,0.35123,0.89896,0.00097326,0.12264,0.47045
1.3,-25.64,0.49864,0.78396,3.1656e-05,0.49114,0.49705
3.91,-25.64,0.32319,0.91059,2.1608e-06,0.12264,0.52903
6.53,-25.64,0.27906,0.91641,5.5893e-09,0.12264,0.53428
9.16,-25.64,0.21763,0.92735,2.1547e-09,0.12264,0.5058
11.81,-25.64,0.15301,0.94315,1.5505e-08,0.12264,0.49061
14.48,-25.64,0.10803,0.95611,5.9436e-08,0.12264,0.48677
17.19,-25.64,0.086459,0.96253,5.435e-07,0.12264,0.46345
19.94,-25.64,0.083746,0.96181,9.2588e-07,0.12264,0.41237
22.74,-25.64,0.096472,0.95348,3.8371e-07,0.12264,0.37549
25.59,-25.64,0.12929,0.93322,1.719e-07,0.12264,0.35842
28.52,-25.64,0.19158,0.89345,2.556e-07,0.12264,0.3509
31.53,-25.64,0.29775,0.82189,3.4411e-08,0.12264,0.32413
34.64,-25.64,0.47042,0.68825,2.8158e-10,0.12264,0.22939
37.87,-25.64,0.65953,0.50564,1.2115e-10,0.12264,0.1246
41.25,-25.64,0.80738,0.32029,1.4814e-10,0.12264,0.027989
62.55,-25.64,0.96207,0.061346,5.5071e-07,0.12264,0.060051
69.02,-25.64,0.96492,0.056661,3.3831e-08,0.12264,0.037531
-62.55,-23.13,0.89518,0.20341,0.0026629,0.12264,0.041135
-57.32,-23.13,1,0,0,0.12264,0.10806
-52.75,-23.13,1,1,0,0.13053,0.11433
-48.63,-23.13,1,0,0,0.12264,0.15005
-44.82,-23.13,0,1,0,0.12264,0.15846
-41.25,-23.13,0.55076,0.50951,0.0011197,0.12264,0.12659
-37.87,-23.13,0.43243,0.59095,0.0011523,0.12264,0.022346
-31.53,-23.13,0.24159,0.78899,0.00050292,0.12264,0.069894
-28.52,-23.13,0.21906,0.82634,9.0784e-05,0.12264,0.14283
-25.59,-23.13,0.21492,0.84435,5.7324e-06,0.12264,0.23272
-22.74,-23.13,0.2215,0.8509,2.6807e-07,0.12264,0.32383
-19.94,-23.13,0.25165,0.83864,5.4037e-07,0.12264,0.35103
-17.19,-23.13,0.28438,0.82451,1.7263e-05,0.12264,0.38393
-14.48,-23.13,0.31378,0.81403,0.00023986,0.12264,0.42576
-11.81,-23.13,0.33433,0.81574,0.00066941,0.12264,0.45772
-9.16,-23.13,0.33582,0.83927,0.00060056,0.12264,0.48281
-6.53,-23.13,0.32155,0.87238,0.00062039,0.12264,0.52055
-3.91,-23.13,0.31566,0.89567,0.00070252,0.12264,0.52833
-1.3,-23.13,0.31224,0.90932,0.0006212,0.13282,0.54822
1.3,-23.13,0.31203,0.91272,9.6201e-05,0.15751,0.57605
3.91,-23.13,0.28171,0.92176,2.8527e-06,0.12264,0.60382
6.53,-23.13,0.24177,0.92665,5.5884e-09,0.12264,0.61002
9.16,-23.13,0.1891,0.9352,1.0628e-09,0.12264,0.58466
11.81,-23.13,0.13452,0.94832,4.2382e-09,0.12264,0.57088
14.48,-23.13,0.097106,0.95941,1.618e-08,0.12264,0.56519
17.19,-23.13,0.081119,0.9646,1.7073e-07,0.12264,0.52645
19.94,-23.13,0.079399,0.96453,3.116e-07,0.12264,0.48091
22.74,-23.13,0.091334,0.95793,1.2558e-07,0.12264,0.44831
25.59,-23.13,0.12142,0.94129,5.0322e-08,0.12264,0.43188
28.52,-23.13,0.18389,0.90534,5.5792e-08,0.12264,0.40025
31.53,-23.13,0.31025,0.82564,1.8921e-09,0.12264,0.30313
34.64,-23.13,0.4898,0.6891,8.8219e-11,0.12264,0.20437
37.87,-23.13,0.67761,0.50444,5.1928e-11,0.12264,0.10831
62.55,-23.13,0.96329,0.060025,4.6208e-07,0.12264,0.088698
-62.55,-20.62,0.89606,0.19946,0.0022273,0.12264,0.073133
-57.32,-20.62,0.89605,0.27884,0.00057235,0.17669,0.15018
-52.75,-20.62,0.8468,0.45592,0.00037581,0.12264,0.1632
-48.63,-20.62,0.76708,0.54971,0.00057555,0.12264,0.20285
-44.82,-20.62,0.67121,0.51148,0.00039619,0.12264,0.21379
-41.25,-20.62,0.56476,0.48042,0.0014652,0.12264,0.13405
-37.87,-20.62,0.44138,0.57844,0.00079867,0.12264,0.050397
-34.64,-20.62,0.31594,0.70354,0.00060305,0.12264,0.055515
-31.53,-20.62,0.24607,0.78702,0.00025687,0.12264,0.12217
-28.52,-20.62,0.22232,0.82461,5.8924e-05,0.12264,0.18607
-25.59,-20.62,0.21763,0.84238,4.7163e-06,0.12264,0.26226
-22.74,-20.62,0.2221,0.85018,2.6637e-07,0.12264,0.3462
-19.94,-20.62,0.23351,0.85091,9.9835e-06,0.12264,0.42619
-17.19,-20.62,0.26103,0.84036,0.00010117,0.12264,0.45479
-14.48,-20.62,0.28302,0.83513,0.00059625,0.12264,0.49716
-11.81,-20.62,0.29529,0.84103,0.0013105,0.12264,0.5368
-9.16,-20.62,0.29674,0.86004,0.0012086,0.12264,0.55903
-6.53,-20.62,0.28512,0.88663,0.0011218,0.12264,0.5924
-3.91,-20.62,0.27618,0.90764,0.00094228,0.12264,0.60955
-1.3,-20.62,0.2787,0.91624,0.00042896,0.15541,0.62709
1.3,-20.62,0.35052,0.87402,4.5606e-05,0.39199,0.655
3.91,-20.62,0.24671,0.92979,5.9398e-06,0.12264,0.68035
6.53,-20.62,0.21088,0.93367,8.7545e-09,0.12264,0.68697
9.16,-20.62,0.16513,0.94048,8.8694e-10,0.12264,0.66397
11.81,-20.62,0.11844,0.95187,1.8817e-09,0.12264,0.65116
14.48,-20.62,0.087605,0.96162,5.4576e-09,0.12264,0.6428
17.19,-20.62,0.075852,0.9663,5.9004e-08,0.12264,0.59259
19.94,-20.62,0.075166,0.96683,1.1883e-07,0.12264,0.55131
22.74,-20.62,0.086566,0.96162,4.8662e-08,0.12264,0.5217
25.59,-20.62,0.11631,0.94703,1.2651e-08,0.12264,0.49055
28.52,-20.62,0.18893,0.90936,3.4177e-09,0.12264,0.39458
31.53,-20.62,0.31819,0.83258,1.248e-10,0.12264,0.29585
34.64,-20.62,0.50292,0.69583,3.482e-11,0.12264,0.19382
37.87,-20.62,0.69649,0.50211,2.1171e-11,0.12264,0.087795
48.63,-20.62,1,0,0,0,0
62.55,-20.62,0.9658,0.056574,3.2588e-07,0.12264,0.098511
-69.02,-18.11,0.8786,0.16133,0.0099211,0.13531,0.020801
-62.55,-18.11,0.89565,0.19669,0.0019367,0.12264,0.10789
-57.32,-18.11,0.87978,0.31799,0.00019042,0.13403,0.19298
-52.75,-18.11,0.83512,0.46518,0.00011271,0.12264,0.21227
-48.63,-18.11,0.75348,0.54891,0.00018874,0.12264,0.25449
-44.82,-18.11,0.65451,0.52153,0.00023667,0.12264,0.26537
-41.25,-18.11,1,0,0,0.12264,0.16737
-37.87,-18.11,0.43599,0.58354,0.00047306,0.12264,0.11435
-34.64,-18.11,0.31874,0.70562,0.00029916,0.12264,0.11936
-31.53,-18.11,0.25095,0.78538,0.00016533,0.12264,0.17445
-28.52,-18.11,0.2232,0.82532,4.3831e-05,0.12264,0.23935
-25.59,-18.11,0.21705,0.84327,4.2707e-06,0.12264,0.30617
-22.74,-18.11,0.21991,0.85158,5.0362e-07,0.12264,0.38137
-19.94,-18.11,0.22728,0.85474,3.1898e-05,0.12264,0.46155
-17.19,-18.11,0.24,0.85359,0.0004226,0.12264,0.52747
-14.48,-18.11,0.25689,0.85147,0.001252,0.12264,0.5655
-11.81,-18.11,0.26364,0.85926,0.0022203,0.12264,0.60852
-9.16,-18.11,0.2621,0.87626,0.0023276,0.12264,0.63631
-6.53,-18.11,0.25194,0.89814,0.0021381,0.12264,0.66631
-3.91,-18.11,0.24092,0.91706,0.0016136,0.12264,0.69094
-1.3,-18.11,0.23388,0.92909,0.00082879,0.12264,0.7067
1.3,-18.11,0.2863,0.90206,8.3816e-05,0.33767,0.7317
3.91,-18.11,0.24288,0.92275,8.6252e-06,0.23085,0.75807
6.53,-18.11,0.18517,0.9385,2.2589e-08,0.12264,0.76477
9.16,-18.11,0.14518,0.94372,1.3077e-09,0.12264,0.74359
11.81,-18.11,0.10458,0.95408,2.0118e-09,0.12264,0.73145
14.48,-18.11,0.080397,0.96257,3.6461e-09,0.12264,0.70729
17.19,-18.11,0.070935,0.96754,3.0125e-08,0.12264,0.66092
19.94,-18.11,0.071284,0.96866,6.2906e-08,0.12264,0.62292
22.74,-18.11,0.083287,0.96426,1.9485e-08,0.12264,0.58352
25.59,-18.11,0.11927,0.94889,7.9876e-10,0.12264,0.48987
28.52,-18.11,0.19261,0.91385,1.88e-10,0.12264,0.39393
31.53,-18.11,0.32348,0.84102,1.7594e-11,0.12264,0.29526
34.64,-18.11,0.51124,0.70695,1.2028e-11,0.12264,0.19335
37.87,-18.11,0.70701,0.5104,5.4939e-12,0.12264,0.08773
57.32,-18.11,0.96574,0.063077,1.5129e-05,0.032035,0.02606
62.55,-18.11,0.96881,0.052181,1.9574e-07,0.12264,0.097579
-69.02,-15.6,1,0,0,0.13462,0.046462
-62.55,-15.6,1,0,0,0.12264,0.13968
-57.32,-15.6,0.86681,0.34305,0.00015452,0.12264,0.23349
-52.75,-15.6,0.82016,0.47768,5.2495e-05,0.12264,0.26139
-48.63,-15.6,0.73592,0.55333,8.2383e-05,0.12264,0.30665
-44.82,-15.6,0.64559,0.52296,0.00016145,0.12264,0.2959
-41.25,-15.6,0.55821,0.47444,0.00098696,0.12264,0.2148
-37.87,-15.6,0.42998,0.59188,0.00036867,0.12264,0.17916
-34.64,-15.6,0.31946,0.71012,0.00021626,0.12264,0.18571
-31.53,-15.6,0.25572,0.78432,0.00011947,0.12264,0.22676
-28.52,-15.6,0.2245,0.82584,3.4898e-05,0.12264,0.29231
-25.59,-15.6,0.21467,0.84561,4.1726e-06,0.12264,0.35919
-22.74,-15.6,0.21593,0.85422,2.5096e-06,0.12264,0.42616
-19.94,-15.6,0.22104,0.85842,9.3928e-05,0.12264,0.50001
-17.19,-15.6,0.2268,0.86134,0.00085042,0.12264,0.5775
-14.48,-15.6,0.23401,0.86443,0.0022725,0.12264,0.63593
-11.81,-15.6,0.23694,0.87295,0.0034704,0.12264,0.67953
-9.16,-15.6,0.23237,0.88855,0.0040283,0.12264,0.7143
-6.53,-15.6,0.2228,0.90709,0.0038142,0.12264,0.74167
-3.91,-15.6,0.21042,0.92419,0.0031419,0.12264,0.77246
-1.3,-15.6,0.20259,0.93557,0.0015757,0.12264,0.78683
1.3,-15.6,0.23834,0.91789,0.00023051,0.30664,0.80948
3.91,-15.6,1,1,0,1,0.83667
6.53,-15.6,0.24175,0.88562,1.9291e-06,0.46757,0.84318
9.16,-15.6,0.12863,0.94529,1.3135e-07,0.12264,0.82341
11.81,-15.6,0.092604,0.95522,1.031e-07,0.12264,0.81175
14.48,-15.6,0.073808,0.96292,1.2934e-07,0.12264,0.77404
17.19,-15.6,0.066573,0.96831,6.2468e-08,0.12264,0.7308
19.94,-15.6,0.068925,0.96977,3.9334e-08,0.12264,0.67758
22.74,-15.6,0.084971,0.96508,2.2157e-09,0.12264,0.58615
25.59,-15.6,0.12135,0.95101,5.1843e-11,0.12264,0.49292
28.52,-15.6,0.19484,0.91872,1.1774e-11,0.12264,0.3976
31.53,-15.6,0.32627,0.85057,5.991e-12,0.12264,0.29998
34.64,-15.6,0.51568,0.72132,3.5713e-12,0.12264,0.20023
37.87,-15.6,0.7119,0.52627,1.0181e-12,0.12264,0.10143
62.55,-15.6,0.97143,0.048297,1.0346e-07,0.12264,0.097086
69.02,-15.6,0.96898,0.056725,1.0127e-07,0,0.016972
-69.02,-13.09,0.87349,0.17026,0.0095345,0.1317,0.050677
-62.55,-13.09,0.88642,0.21499,0.00093975,0.12264,0.17336
-57.32,-13.09,0.85502,0.3624,0.00012582,0.12264,0.26876
-52.75,-13.09,0.80186,0.49328,3.873e-05,0.12264,0.31048
-48.63,-13.09,0.71507,0.56201,5.1251e-05,0.12264,0.35904
-44.82,-13.09,0.63189,0.5311,0.00013258,0.12264,0.33515
-41.25,-13.09,0.54645,0.48744,0.00079578,0.12264,0.26897
-37.87,-13.09,0.42289,0.60395,0.00033493,0.12264,0.24412
-34.64,-13.09,0.31878,0.71638,0.00018623,0.12264,0.25258
-31.53,-13.09,0.25791,0.78597,9.6211e-05,0.12264,0.28602
-28.52,-13.09,0.22605,0.82625,2.8944e-05,0.12264,0.34488
-25.59,-13.09,0.2129,0.8474,4.2954e-06,0.12264,0.4121
-22.74,-13.09,0.21108,0.85733,1.7176e-05,0.12264,0.47786
-19.94,-13.09,0.21402,0.86236,0.00026524,0.12264,0.54572
-17.19,-13.09,0.21712,0.86661,0.0013282,0.12264,0.61828
-14.48,-13.09,0.21713,0.87317,0.0033799,0.12264,0.69369
-11.81,-13.09,0.21504,0.88297,0.0053033,0.12264,0.74822
-9.16,-13.09,0.20758,0.89756,0.0066412,0.12264,0.79219
-6.53,-13.09,0.19789,0.91376,0.006409,0.12264,0.81843
-3.91,-13.09,0.18517,0.92918,0.0057509,0.12264,0.85139
-1.3,-13.09,0,1,0,0.12264,0.86732
1.3,-13.09,0.19981,0.92808,0.00070861,0.28704,0.88806
3.91,-13.09,1,0,0,0.76519,0.9158
6.53,-13.09,0,1,0,0.96237,0.90169
9.16,-13.09,0,1,0,0.12264,0.88083
11.81,-13.09,0.083962,0.95492,3.9222e-05,0.12264,0.8674
14.48,-13.09,0.06803,0.96259,8.0134e-05,0.12264,0.8425
17.19,-13.09,0.064033,0.96837,2.3642e-06,0.12264,0.77614
19.94,-13.09,0.069233,0.97013,2.332e-08,0.12264,0.68714
22.74,-13.09,0.085671,0.96624,3.573e-10,0.12264,0.59691
25.59,-13.09,0.12167,0.95364,1.2576e-11,0.12264,0.50533
28.52,-13.09,0.19371,0.92465,2.8666e-12,0.12264,0.41244
31.53,-13.09,0.32284,0.86307,2.344e-12,0.12264,0.31877
34.64,-13.09,0.51047,0.74344,7.415e-13,0.12264,0.22646
37.87,-13.09,0.71239,0.54807,1.8254e-13,0.12264,0.12541
41.25,-13.09,0.85483,0.33338,4.0203e-12,0.12264,0.039534
52.75,-13.09,1,0,0,0,0
62.55,-13.09,0.97476,0.043018,4.179e-08,0.12484,0.080893
69.02,-13.09,0.97771,0.037589,2.4662e-09,0.12264,0.017509
-69.02,-10.58,0.86482,0.18879,0.011313,0.12264,0.052155
-62.55,-10.58,0.87552,0.23969,0.00058378,0.12264,0.20798
-57.32,-10.58,0.84056,0.38515,0.00011773,0.12264,0.3043
-52.75,-10.58,0.78048,0.51153,3.6893e-05,0.12264,0.35918
-48.63,-10.58,0.69392,0.57183,4.1836e-05,0.12264,0.40626
-44.82,-10.58,0.61456,0.54528,0.00013031,0.12264,0.38041
-41.25,-10.58,1,0,0,0.12264,0.3265
-37.87,-10.58,0.41448,0.61982,0.00032214,0.12264,0.3091
-34.64,-10.58,0.31689,0.72416,0.00017518,0.12264,0.31961
-31.53,-10.58,0.25856,0.78909,8.4463e-05,0.12264,0.34869
-28.52,-10.58,0.22695,0.82721,2.5391e-05,0.12264,0.40001
-25.59,-10.58,0.21169,0.84868,6.5781e-06,0.12264,0.46463
-22.74,-10.58,0.2067,0.85992,8.6382e-05,0.12264,0.53121
-19.94,-10.58,0.2069,0.86609,0.0006421,0.12264,0.59699
-17.19,-10.58,0.20766,0.87133,0.0020761,0.12264,0.66487
-14.48,-10.58,0.20541,0.8787,0.0044259,0.12264,0.73626
-11.81,-10.58,0.19796,0.88992,0.0075289,0.12264,0.81003
-9.16,-10.58,0.18825,0.90368,0.0096558,0.12264,0.86267
-6.53,-10.58,0.17723,0.91845,0.0099444,0.12264,0.89562
-3.91,-10.58,0.16483,0.93234,0.0092604,0.12264,0.92633
-1.3,-10.58,0.15594,0.94258,0.0056532,0.12264,0.93169
1.3,-10.58,0.15692,0.94541,0.00071998,0.12264,0.88936
3.91,-10.58,0,1,0,0.40645,0.85296
6.53,-10.58,0.14886,0.93706,1.9519e-06,0.17623,0.82349
9.16,-10.58,0,1,0,0.32848,0.80128
11.81,-10.58,0.085877,0.95002,1.8546e-05,0.12264,0.7873
14.48,-10.58,0.069379,0.95946,9.3034e-05,0.12264,0.78222
17.19,-10.58,0.063286,0.96798,2.733e-05,0.12264,0.78648
19.94,-10.58,0.069081,0.97069,1.2745e-07,0.12264,0.70364
22.74,-10.58,0.085518,0.96764,1.299e-09,0.12264,0.61537
25.59,-10.58,0.1204,0.95659,6.3644e-11,0.12264,0.52644
28.52,-10.58,0.18956,0.93116,9.4858e-12,0.12264,0.43731
31.53,-10.58,0.31606,0.87622,9.7438e-13,0.12264,0.34417
34.64,-10.58,0.50617,0.76357,1.5454e-13,0.12264,0.24839
37.87,-10.58,0.70908,0.57446,6.2887e-14,0.12264,0.15736
41.25,-10.58,0.85183,0.35942,6.098e-13,0.12264,0.088689
44.82,-10.58,0.91024,0.24255,8.5388e-07,0,0.021249
62.55,-10.58,0.97812,0.037027,1.1308e-08,0.14446,0.068537
69.02,-10.58,0.97931,0.035104,1.2684e-09,0.12264,0.018547
-69.02,-8.07,0.85608,0.20521,0.014608,0.12264,0.050126
-62.55,-8.07,0.86254,0.26658,0.0004844,0.12264,0.2431
-57.32,-8.07,0.82348,0.41079,0.00012202,0.12264,0.33924
-52.75,-8.07,0.75648,0.53177,4.2089e-05,0.12264,0.40714
-48.63,-8.07,0.67089,0.5846,4.4802e-05,0.12264,0.45405
-44.82,-8.07,0.59464,0.56429,0.00014487,0.12264,0.42973
-41.25,-8.07,0.51368,0.54021,0.00056038,0.12264,0.38586
-37.87,-8.07,0.40478,0.63888,0.0003174,0.12264,0.37406
-34.64,-8.07,0.31393,0.73312,0.00017449,0.12264,0.38669
-31.53,-8.07,0.2582,0.79302,7.9846e-05,0.12264,0.41318
-28.52,-8.07,0.22685,0.8289,2.4281e-05,0.12264,0.45908
-25.59,-8.07,0.21073,0.84966,2.3802e-05,0.12264,0.51778
-22.74,-8.07,0.20319,0.86174,0.00028932,0.12264,0.58416
-19.94,-8.07,0.20054,0.86907,0.001309,0.12264,0.65034
-17.19,-8.07,0.19887,0.87526,0.0032786,0.12264,0.71612
-14.48,-8.07,0.19476,0.88314,0.0059631,0.12264,0.78369
-11.81,-8.07,0.18614,0.89412,0.0093426,0.12264,0.85406
-9.16,-8.07,0.17316,0.90773,0.013201,0.12264,0.92649
-6.53,-8.07,0.16418,0.92073,0.0117,0.12264,0.93616
-3.91,-8.07,0.15909,0.93215,0.0060498,0.12264,0.89736
-1.3,-8.07,0.15483,0.94049,0.0013397,0.12264,0.8588
1.3,-8.07,0.15385,0.94339,6.2979e-05,0.12264,0.81717
3.91,-8.07,0.15306,0.9418,2.6202e-06,0.12264,0.7778
6.53,-8.07,0.14579,0.9327,1.4054e-08,0.1898,0.74564
9.16,-8.07,0.11966,0.93205,1.7663e-08,0.1651,0.72195
11.81,-8.07,0.1607,0.85326,4.735e-05,0.49293,0.70722
14.48,-8.07,0.073048,0.95391,9.0053e-05,0.12264,0.70251
17.19,-8.07,0.067261,0.96634,5.0802e-06,0.12264,0.70834
19.94,-8.07,0.068783,0.97139,1.1108e-06,0.12264,0.72488
22.74,-8.07,0.084775,0.96915,2.8869e-08,0.12264,0.64086
25.59,-8.07,0.11844,0.95942,5.6056e-10,0.12264,0.55152
28.52,-8.07,0.18547,0.93682,8.1711e-11,0.12264,0.46074
31.53,-8.07,0.30837,0.8884,9.9263e-13,0.12264,0.37005
34.64,-8.07,0.49534,0.7872,2.6187e-14,0.12264,0.28194
37.87,-8.07,0.69889,0.60839,2.1454e-14,0.12264,0.20446
41.25,-8.07,0.84884,0.38509,1.198e-13,0.12264,0.1329
44.82,-8.07,0.92671,0.20409,3.8887e-09,0.12264,0.063116
48.63,-8.07,1,0,0,0,0
62.55,-8.07,0.97873,0.036575,5.6191e-09,0.1316,0.077008
69.02,-8.07,0.98079,0.032774,6.5372e-10,0.12264,0.018588
-69.02,-5.56,0.84417,0.22438,0.019337,0.12264,0.050999
-62.55,-5.56,0.85519,0.28331,0.00049024,0.12264,0.24879
-57.32,-5.56,0.80532,0.43671,0.00013572,0.12264,0.36887
-52.75,-5.56,0.73011,0.55363,5.6513e-05,0.12264,0.45507
-48.63,-5.56,0.64667,0.59942,5.8118e-05,0.12264,0.50241
-44.82,-5.56,0.57311,0.58634,0.00017232,0.12264,0.48186
-41.25,-5.56,0.49336,0.58012,0.00044872,0.12264,0.44628
-37.87,-5.56,0.39418,0.6597,0.00032009,0.12264,0.43897
-34.64,-5.56,0.31013,0.74277,0.00018158,0.12264,0.45376
-31.53,-5.56,0.25714,0.79734,8.0934e-05,0.12264,0.47872
-28.52,-5.56,0.22618,0.83086,2.8821e-05,0.12264,0.5207
-25.59,-5.56,0.20933,0.85078,0.00011078,0.12264,0.57467
-22.74,-5.56,0.20046,0.86287,0.00072452,0.12264,0.63668
-19.94,-5.56,0.19537,0.87111,0.0024207,0.12264,0.7033
-17.19,-5.56,0.19128,0.8782,0.0050304,0.12264,0.76946
-14.48,-5.56,0.1854,0.88649,0.0083149,0.12264,0.83512
-11.81,-5.56,0.17582,0.89721,0.012154,0.12264,0.90225
-9.16,-5.56,0.16849,0.90848,0.011216,0.12264,0.9129
-6.53,-5.56,0.16468,0.91948,0.0063249,0.12264,0.86529
-3.91,-5.56,0.15963,0.9299,0.0023257,0.12264,0.82373
-1.3,-5.56,0.1548,0.93746,0.00019881,0.12264,0.78459
1.3,-5.56,0.15082,0.94069,2.2067e-06,0.12264,0.74688
3.91,-5.56,0.14589,0.93983,1.7591e-08,0.12264,0.70398
6.53,-5.56,0.13041,0.93772,2.6545e-10,0.12264,0.66881
9.16,-5.56,0.11824,0.92643,1.9228e-08,0.16789,0.64271
11.81,-5.56,0.10637,0.91576,7.3471e-05,0.21311,0.62717
14.48,-5.56,0,1,0,0.22166,0.62281
17.19,-5.56,0.073,0.96407,5.7243e-07,0.12264,0.63046
19.94,-5.56,0.074474,0.97096,1.0102e-07,0.12264,0.65018
22.74,-5.56,0.084398,0.97051,4.2068e-07,0.12264,0.66435
25.59,-5.56,0.1165,0.96188,6.0595e-09,0.12264,0.57719
28.52,-5.56,0.17985,0.94218,1.0711e-09,0.12264,0.49029
31.53,-5.56,0.29674,0.90086,1.2533e-11,0.12264,0.40509
34.64,-5.56,0.47884,0.81249,4.6654e-15,0.12264,0.32502
37.87,-5.56,0.68578,0.64333,1.5479e-14,0.12264,0.25474
41.25,-5.56,0.84387,0.41295,3.7439e-14,0.12264,0.18039
44.82,-5.56,0.92415,0.22474,7.4337e-10,0.12264,0.10779
48.63,-5.56,1,0,0,0.059458,0.024181
62.55,-5.56,0.9789,0.036715,2.2795e-09,0.12264,0.09455
69.02,-5.56,0.98148,0.03172,3.1238e-10,0.12264,0.035062
-69.02,-3.05,0.86715,0.17266,0.036144,0.35881,0.051205
-62.55,-3.05,0.85639,0.28549,0.00056227,0.12264,0.21795
-57.32,-3.05,0.80344,0.43947,0.00011441,0.12264,0.34409
-52.75,-3.05,0.71279,0.56574,6.6495e-05,0.12264,0.47764
-48.63,-3.05,0.62205,0.61529,8.3325e-05,0.12264,0.55114
-44.82,-3.05,0.55093,0.6094,0.00021321,0.12264,0.53592
-41.25,-3.05,0.47374,0.61464,0.00042107,0.12264,0.50734
-37.87,-3.05,0.38318,0.68053,0.00033333,0.12264,0.50381
-34.64,-3.05,0.30579,0.75256,0.00019615,0.12264,0.52057
-31.53,-3.05,0.2556,0.80176,8.8417e-05,0.12264,0.54491
-28.52,-3.05,0.2252,0.83283,6.8505e-05,0.12264,0.58406
-25.59,-3.05,0.20781,0.85181,0.00040204,0.12264,0.63426
-22.74,-3.05,0.19785,0.86374,0.001662,0.12264,0.69232
-19.94,-3.05,0.19128,0.8723,0.0041222,0.12264,0.75585
-17.19,-3.05,0.18519,0.88005,0.0076548,0.12264,0.82242
-14.48,-3.05,0.1776,0.88872,0.011933,0.12264,0.88845
-11.81,-3.05,0.17206,0.8977,0.011824,0.12264,0.90522
-9.16,-3.05,0.17053,0.90673,0.0068966,0.12264,0.84821
-6.53,-3.05,0.16628,0.917,0.003553,0.12264,0.79659
-3.91,-3.05,0.16149,0.92641,0.0007881,0.12264,0.75117
-1.3,-3.05,0.15581,0.93341,2.0728e-05,0.12264,0.71209
1.3,-3.05,0.14943,0.93678,5.0142e-08,0.12264,0.67363
3.91,-3.05,0.14073,0.93668,3.7122e-08,0.12264,0.63199
6.53,-3.05,0.12654,0.93396,8.5775e-10,0.12264,0.59309
9.16,-3.05,0.11288,0.92567,1.1726e-07,0.1304,0.56415
11.81,-3.05,0,1,0,0.14808,0.54718
14.48,-3.05,0,1,0,0.12264,0.54313
17.19,-3.05,0.080997,0.96132,5.9201e-08,0.12264,0.55296
19.94,-3.05,0.082087,0.97008,8.1905e-09,0.12264,0.57652
22.74,-3.05,0.09088,0.97044,1.558e-07,0.12264,0.60852
25.59,-3.05,0.11412,0.96403,1.2394e-07,0.12264,0.60938
28.52,-3.05,0.17305,0.94695,4.183e-08,0.12264,0.52673
31.53,-3.05,0.28258,0.91257,2.0314e-09,0.12264,0.44712
34.64,-3.05,0.45825,0.83731,2.6157e-14,0.12264,0.37432
37.87,-3.05,0.67224,0.67561,1.0777e-13,0.12264,0.30118
41.25,-3.05,0.83761,0.44011,4.7245e-14,0.12264,0.22758
44.82,-3.05,0.92384,0.23885,1.0227e-10,0.12264,0.12883
48.63,-3.05,1,0,0,0.059458,0.027104
57.32,-3.05,1,0,0,0.2209,0.030582
62.55,-3.05,0.98013,0.034687,1.3764e-09,0.12264,0.094435
69.02,-3.05,0.98203,0.030853,1.4272e-10,0.12264,0.052465
-69.02,-0.54,0.8695,0.15499,0.068815,0.55072,0.051875
-62.55,-0.54,0.85767,0.28663,0.00071887,0.12264,0.18706
-57.32,-0.54,0.79903,0.44574,0.00011901,0.12264,0.32202
-52.75,-0.54,0.71367,0.56014,5.5652e-05,0.12264,0.45611
-48.63,-0.54,0.60628,0.62448,0.00010338,0.12264,0.58085
-44.82,-0.54,0.52891,0.63184,0.00027051,0.12264,0.59135
-41.25,-0.54,0.45511,0.64429,0.00043706,0.12264,0.5688
-37.87,-0.54,0.37225,0.70008,0.00036157,0.12264,0.56857
-34.64,-0.54,0.30123,0.76199,0.00021955,0.12264,0.58681
-31.53,-0.54,0.25375,0.80607,0.00011647,0.12264,0.61151
-28.52,-0.54,0.2241,0.83464,0.0002758,0.12264,0.6486
-25.59,-0.54,0.20635,0.85259,0.0012574,0.12264,0.69584
-22.74,-0.54,0.19551,0.86425,0.0035084,0.12264,0.75058
-19.94,-0.54,0.1878,0.87294,0.0070054,0.12264,0.81079
-17.19,-0.54,0.18044,0.88097,0.01165,0.12264,0.87498
-14.48,-0.54,0.17429,0.88887,0.013927,0.12264,0.91405
-11.81,-0.54,0.17608,0.89507,0.0077878,0.12264,0.84814
-9.16,-0.54,0.17374,0.90377,0.0046722,0.12264,0.78676
-6.53,-0.54,0.16897,0.91328,0.0020221,0.12264,0.73066
-3.91,-0.54,0.16473,0.9216,0.00021537,0.12264,0.6808
-1.3,-0.54,0.15873,0.92792,1.539e-06,0.12264,0.63837
1.3,-0.54,0.15011,0.93136,4.7871e-08,0.12264,0.59912
3.91,-0.54,0.13766,0.93219,1.2343e-07,0.12264,0.56253
6.53,-0.54,0.12474,0.92864,9.7227e-09,0.12264,0.51895
9.16,-0.54,0.11458,0.91882,6.8029e-07,0.12264,0.48628
11.81,-0.54,0,1,0,0.14396,0.46704
14.48,-0.54,0.09744,0.93282,7.4601e-05,0.12264,0.46348
17.19,-0.54,0.09187,0.95814,1.5335e-08,0.12264,0.47605
19.94,-0.54,0.09205,0.96875,7.0614e-10,0.12264,0.50438
22.74,-0.54,0.1008,0.96951,3.3792e-08,0.12264,0.53818
25.59,-0.54,0.12079,0.96372,1.6707e-07,0.12264,0.57381
28.52,-0.54,0.16603,0.95074,2.3133e-06,0.12264,0.56871
31.53,-0.54,0.26734,0.9228,4.3229e-07,0.12264,0.49433
34.64,-0.54,0.43704,0.8592,3.0443e-12,0.12264,0.42258
37.87,-0.54,0.65719,0.70597,1.4023e-12,0.12264,0.34551
41.25,-0.54,0.84079,0.44631,7.6599e-12,0.12264,0.23459
44.82,-0.54,0.92712,0.24129,7.7653e-12,0.12264,0.11758
48.63,-0.54,1,0,0,0,0
57.32,-0.54,0.98522,0.025852,9.8263e-07,0.23948,0.029868
62.55,-0.54,0.98119,0.032906,1.5204e-09,0.12264,0.094393
69.02,-0.54,0.98283,0.029567,6.9375e-11,0.12264,0.061777
-69.02,1.97,0.90743,0.0916,0.13451,0.97205,0.061626
-62.55,1.97,0.85901,0.28685,0.00099329,0.12264,0.15818
-57.32,1.97,0.7921,0.45535,0.00016441,0.12264,0.30225
-52.75,1.97,0.71417,0.55536,5.3116e-05,0.12264,0.43595
-48.63,1.97,0.61207,0.61691,8.7252e-05,0.12264,0.56358
-44.82,1.97,0.5077,0.65262,0.00034797,0.12264,0.64775
-41.25,1.97,0.43769,0.66949,0.00048598,0.12264,0.6305
-37.87,1.97,0.3617,0.71765,0.00040955,0.12264,0.63322
-34.64,1.97,0.2965,0.77087,0.00026297,0.12264,0.65298
-31.53,1.97,0.25172,0.81012,0.00030699,0.12264,0.67835
-28.52,1.97,0.22298,0.83621,0.0011768,0.12264,0.71397
-25.59,1.97,0.20506,0.85307,0.0033903,0.12264,0.75889
-22.74,1.97,0.19354,0.86435,0.0070757,0.12264,0.81088
-19.94,1.97,0.18493,0.87303,0.011856,0.12264,0.86821
-17.19,1.97,0.17666,0.88116,0.016909,0.12264,0.92956
-14.48,1.97,0.18001,0.88526,0.0098142,0.12264,0.8656
-11.81,1.97,0.18123,0.89132,0.0056394,0.12264,0.7954
-9.16,1.97,0.17814,0.89959,0.0033006,0.12264,0.72938
-6.53,1.97,0.1726,0.90831,0.0010944,0.12264,0.66833
-3.91,1.97,0.16949,0.9154,4.9518e-05,0.12264,0.61336
-1.3,1.97,0.16361,0.92084,1.0524e-07,0.12264,0.56595
1.3,1.97,0.15275,0.92436,1.3253e-07,0.12264,0.5268
3.91,1.97,0.13826,0.92528,4.3294e-07,0.12264,0.48883
6.53,1.97,0.12515,0.92156,9.3426e-08,0.12264,0.4472
9.16,1.97,0.12079,0.90888,1.7811e-06,0.12264,0.4095
11.81,1.97,1,0,0,0.14996,0.38729
14.48,1.97,0.11224,0.92622,2.7675e-05,0.12264,0.38371
17.19,1.97,0.10642,0.95433,2.1968e-09,0.12264,0.40007
19.94,1.97,0.10497,0.96693,8.3484e-11,0.12264,0.43337
22.74,1.97,0.11346,0.96788,1.0552e-08,0.12264,0.47014
25.59,1.97,0.13507,0.9611,5.6298e-08,0.12264,0.50106
28.52,1.97,0.17887,0.94828,7.3389e-06,0.12264,0.51756
31.53,1.97,0.25635,0.92995,2.1751e-05,0.12264,0.53184
34.64,1.97,0.42242,0.87522,7.2508e-11,0.12264,0.45321
37.87,1.97,0.65719,0.71983,1.6508e-11,0.12264,0.34765
41.25,1.97,1,0,0,0.12264,0.23764
44.82,1.97,1,0,0,0.12264,0.12334
48.63,1.97,1,1,0,0.11949,0.029148
52.75,1.97,1,0,0,0,0
62.55,1.97,0.98161,0.032117,1.2858e-09,0.12264,0.10511
69.02,1.97,0.98311,0.029111,3.0384e-11,0.12264,0.082108
-69.02,4.48,0.91371,0.086756,0.12844,0.95793,0.074622
-62.55,4.48,0.86051,0.28599,0.0014139,0.12264,0.13269
-57.32,4.48,0.78388,0.46632,0.00029945,0.12264,0.28014
-52.75,4.48,0.71414,0.5513,5.7505e-05,0.12264,0.41899
-48.63,4.48,0.61754,0.61004,7.9378e-05,0.12264,0.54927
-44.82,4.48,0.50113,0.66123,0.00034039,0.12264,0.67127
-41.25,4.48,0.42163,0.69074,0.00056682,0.12264,0.69233
-37.87,4.48,0.35175,0.73302,0.00049792,0.12264,0.69776
-34.64,4.48,0.29195,0.77886,0.00055373,0.12264,0.71836
-31.53,4.48,0.24963,0.81382,0.0015135,0.12264,0.74534
-28.52,4.48,0.22191,0.8375,0.0038961,0.12264,0.77994
-25.59,4.48,0.20401,0.8532,0.0080102,0.12264,0.82304
-22.74,4.48,0.19201,0.86403,0.013069,0.12264,0.87276
-19.94,4.48,0.18272,0.87258,0.018177,0.12264,0.92762
-17.19,4.48,0.18258,0.8771,0.014137,0.12264,0.90014
-14.48,4.48,0.18655,0.88074,0.0072739,0.12264,0.82242
-11.81,4.48,0.18743,0.8865,0.0043832,0.12264,0.74792
-9.16,4.48,0.18381,0.89421,0.0023331,0.12264,0.67709
-6.53,4.48,0.17684,0.90222,0.00058327,0.12264,0.6107
-3.91,4.48,0.1759,0.90778,1.0479e-05,0.12264,0.54994
-1.3,4.48,0.17051,0.91206,3.3036e-08,0.12264,0.49655
1.3,4.48,0.15858,0.91498,2.9802e-07,0.12264,0.45291
3.91,4.48,0.14242,0.91567,1.3366e-06,0.12264,0.41377
6.53,4.48,0.12742,0.91272,7.4114e-07,0.12264,0.37919
9.16,4.48,0.1312,0.89659,2.26e-06,0.12264,0.33456
11.81,4.48,0,1,0,0.12264,0.30782
14.48,4.48,0.13227,0.91759,6.6397e-06,0.12264,0.30451
17.19,4.48,0.12566,0.94951,1.6789e-10,0.12264,0.3257
19.94,4.48,0.12203,0.96435,1.3824e-11,0.12264,0.36091
22.74,4.48,0.12942,0.96549,4.4411e-09,0.12264,0.40556
25.59,4.48,0.15366,0.95664,2.4842e-08,0.12264,0.42917
28.52,4.48,0.19989,0.94199,1.7062e-05,0.12264,0.44707
31.53,4.48,0,1,0,0.12264,0.46316
34.64,4.48,0.41549,0.88612,3.0093e-10,0.12264,0.46278
37.87,4.48,1,1,0,0.12264,0.35949
41.25,4.48,1,0,0,0.12264,0.25381
44.82,4.48,0.92343,0.26342,6.3017e-15,0.12264,0.15066
48.63,4.48,0.96081,0.13571,5.7713e-16,0.12264,0.073218
52.75,4.48,1,0,0,0,0
62.55,4.48,0.9871,0.0186,1.4792e-06,0.34483,0.12563
69.02,4.48,0.98312,0.029087,1.371e-11,0.12264,0.10735
-69.02,6.99,0.90448,0.11899,0.060643,0.56765,0.053689
-62.55,6.99,0.86206,0.28426,0.0019578,0.12264,0.11294
-57.32,6.99,0.77164,0.48215,0.000667,0.12264,0.26214
-52.75,6.99,0.71419,0.54708,6.7549e-05,0.12264,0.40566
-48.63,6.99,0.62282,0.60352,7.5667e-05,0.12264,0.53817
-44.82,6.99,0.50893,0.65855,0.00026036,0.12264,0.66148
-41.25,6.99,0.40701,0.7085,0.00083816,0.12264,0.75421
-37.87,6.99,0.3425,0.74623,0.0011381,0.12264,0.76217
-34.64,6.99,0.28749,0.78602,0.0023431,0.12264,0.78371
-31.53,6.99,0.24756,0.8171,0.0052631,0.12264,0.8124
-28.52,6.99,0.22095,0.8385,0.0099128,0.12264,0.84633
-25.59,6.99,0.20323,0.85301,0.015317,0.12264,0.88802
-22.74,6.99,0.19094,0.86329,0.020471,0.12264,0.93589
-19.94,6.99,0.18574,0.8696,0.020399,0.12264,0.94387
-17.19,6.99,0.19043,0.8718,0.011104,0.12264,0.86316
-14.48,6.99,0.19374,0.87541,0.005853,0.12264,0.78539
-11.81,6.99,0.19452,0.88072,0.0035376,0.12264,0.70676
-9.16,6.99,0.19078,0.88773,0.0016377,0.12264,0.63115
-6.53,6.99,0,1,0,0.12264,0.55922
-3.91,6.99,0.18404,0.89884,2.2216e-06,0.12264,0.4921
-1.3,6.99,0.17942,0.90158,3.6928e-08,0.12264,0.43165
1.3,6.99,0.16737,0.90313,4.8664e-07,0.12264,0.38079
3.91,6.99,0.1496,0.90347,3.0394e-06,0.12264,0.3418
6.53,6.99,0,1,0,0.12264,0.30528
9.16,6.99,0.14671,0.88088,1.8231e-06,0.12264,0.26305
11.81,6.99,0.15805,0.87151,7.2398e-05,0.12264,0.22895
14.48,6.99,0.15974,0.90545,1.0194e-06,0.12264,0.22543
17.19,6.99,0.15085,0.94323,3.9239e-11,0.12264,0.25438
19.94,6.99,0.14335,0.96114,3.3292e-12,0.12264,0.29152
22.74,6.99,0.15136,0.96167,1.3114e-09,0.12264,0.33714
25.59,6.99,0.17765,0.94976,1.5439e-08,0.12264,0.35869
28.52,6.99,0,1,0,0.12264,0.3777
31.53,6.99,0,1,0,0.12264,0.39524
34.64,6.99,0,1,0,0.12264,0.41154
37.87,6.99,1,1,0,0.12264,0.38044
41.25,6.99,0,1,0,0.12264,0.28132
44.82,6.99,0.91627,0.28271,7.7662e-17,0.12264,0.19121
48.63,6.99,0.95883,0.14146,2.1445e-18,0.12264,0.11567
52.75,6.99,1,0,0,0.12141,0.024883
57.32,6.99,0.98362,0.033706,2.027e-09,0.12264,0.036504
62.55,6.99,0.98815,0.016081,6.8422e-06,0.41255,0.13758
69.02,6.99,0.983,0.029269,7.2198e-12,0.12264,0.13395
-69.02,9.5,0.91162,0.11326,0.058854,0.54316,0.036906
-62.55,9.5,0.86562,0.27826,0.0027993,0.12264,0.090816
-57.32,9.5,1,1,0,0.12264,0.24915
-52.75,9.5,0.71503,0.54169,8.131e-05,0.12264,0.39634
-48.63,9.5,0.62803,0.59705,7.4481e-05,0.12264,0.53048
-44.82,9.5,0.51643,0.65567,0.00021308,0.12264,0.65474
-41.25,9.5,0.40817,0.71333,0.0012092,0.12264,0.77138
-37.87,9.5,0.33402,0.75744,0.0037173,0.12264,0.82644
-34.64,9.5,0.28322,0.79232,0.0071731,0.12264,0.84899
-31.53,9.5,0.24558,0.81996,0.012824,0.12264,0.87948
-28.52,9.5,0.22013,0.83919,0.018512,0.12264,0.91301
-25.59,9.5,0.20272,0.85251,0.023681,0.12264,0.95364
-22.74,9.5,0.19032,0.86216,0.028424,0.12264,1
-19.94,9.5,0.19439,0.86384,0.017712,0.12264,0.91379
-17.19,9.5,0.19905,0.86571,0.0089537,0.12264,0.82985
-14.48,9.5,0.20243,0.86888,0.0048511,0.12264,0.74846
-11.81,9.5,0.20278,0.87387,0.0029094,0.12264,0.66979
-9.16,9.5,0.19891,0.88037,0.0011663,0.12264,0.59306
-6.53,9.5,0.1927,0.88632,0.00013804,0.12264,0.51574
-3.91,9.5,0.19365,0.8889,5.2976e-07,0.12264,0.44202
-1.3,9.5,0.18995,0.88971,2.5306e-08,0.12264,0.37359
1.3,9.5,0.17869,0.88905,5.2315e-07,0.12264,0.3136
3.91,9.5,0.16145,0.88731,5.5741e-06,0.12264,0.26762
6.53,9.5,0.1513,0.87996,1.1623e-05,0.12264,0.22889
9.16,9.5,0.16754,0.86099,1.4175e-06,0.12264,0.19872
11.81,9.5,0.19215,0.84986,1.8471e-05,0.12264,0.15161
14.48,9.5,0.19673,0.88789,1.4177e-07,0.12264,0.14722
17.19,9.5,0.1851,0.93415,2.0377e-11,0.12264,0.18275
19.94,9.5,0.1688,0.95753,9.0535e-13,0.12264,0.22803
22.74,9.5,0.1829,0.95541,2.0635e-10,0.12264,0.26179
25.59,9.5,0,1,0,0.12264,0.28482
28.52,9.5,0,1,0,0.12264,0.30608
31.53,9.5,0.35935,0.90278,5.7226e-07,0.12264,0.32517
34.64,9.5,0,1,0,0.12264,0.34729
37.87,9.5,0.59504,0.78752,1.1005e-13,0.12264,0.39738
41.25,9.5,0.79655,0.5382,8.8284e-13,0.12264,0.31721
44.82,9.5,0.90605,0.30411,1.3049e-18,0.12264,0.23671
48.63,9.5,0.95646,0.14616,3.5745e-18,0.12264,0.15129
52.75,9.5,0.9756,0.069008,2.2137e-12,0.12264,0.066965
57.32,9.5,0.98307,0.03476,3.7122e-10,0.12264,0.065275
62.55,9.5,0.98962,0.012006,0.00032165,0.62993,0.14639
69.02,9.5,0.98288,0.029455,4.5831e-12,0.12264,0.1591
-62.55,12.01,0.87009,0.26987,0.0038022,0.12264,0.072557
-57.32,12.01,0,1,0,0.12264,0.24202
-52.75,12.01,0.7173,0.53425,9.5403e-05,0.12264,0.39133
-48.63,12.01,0.63326,0.59041,7.5022e-05,0.12264,0.52638
-44.82,12.01,0.52361,0.65256,0.00018662,0.12264,0.65115
-41.25,12.01,0.41653,0.71232,0.0014309,0.12264,0.76813
-37.87,12.01,0.32915,0.76507,0.0085503,0.12264,0.87902
-34.64,12.01,0.27921,0.79778,0.015741,0.12264,0.91419
-31.53,12.01,0.24378,0.82237,0.022385,0.12264,0.94615
-28.52,12.01,0.22314,0.83761,0.024529,0.12264,0.95264
-25.59,12.01,0.20862,0.84862,0.026397,0.12264,0.96745
-22.74,12.01,0.19962,0.85621,0.026439,0.12264,0.97379
-19.94,12.01,0.20341,0.85758,0.015715,0.12264,0.88824
-17.19,12.01,0.20791,0.85909,0.0077008,0.12264,0.80343
-14.48,12.01,0.21148,0.86168,0.0042556,0.12264,0.71883
-11.81,12.01,0.21231,0.86591,0.0024273,0.12264,0.63632
-9.16,12.01,0.20933,0.87148,0.00079822,0.12264,0.55613
-6.53,12.01,0.2045,0.87666,6.4457e-05,0.12264,0.47877
-3.91,12.01,0.20376,0.87865,1.7854e-07,0.12264,0.40262
-1.3,12.01,0.20113,0.87727,7.5617e-09,0.12264,0.32605
1.3,12.01,0.19174,0.87349,3.1415e-07,0.12264,0.25524
3.91,12.01,0.17694,0.86774,7.5518e-06,0.12264,0.1963
6.53,12.01,0.17031,0.85685,2.4806e-05,0.12264,0.15772
9.16,12.01,0.19936,0.83087,1.5109e-06,0.12264,0.12769
11.81,12.01,0.23586,0.81807,6.4405e-06,0.12264,0.0804
14.48,12.01,0,1,0,0.12264,0.072796
17.19,12.01,0.23168,0.9208,1.357e-11,0.12264,0.11133
19.94,12.01,0,1,0,0.12264,0.16259
22.74,12.01,0,1,0,0.12264,0.18717
25.59,12.01,1,1,0,0.12264,0.21128
28.52,12.01,1,1,0,0.12264,0.23417
31.53,12.01,0.41554,0.88075,2.0563e-09,0.12264,0.25529
34.64,12.01,0.4805,0.86652,1.2784e-12,0.12264,0.28536
37.87,12.01,0.59071,0.7871,1.1691e-13,0.12264,0.3437
41.25,12.01,0.7654,0.57454,4.0753e-16,0.12264,0.35895
44.82,12.01,0.89341,0.32467,3.0868e-18,0.12264,0.28177
48.63,12.01,0.95338,0.15081,2.8674e-17,0.12264,0.18667
52.75,12.01,0.97509,0.069169,4.103e-14,0.12264,0.11506
57.32,12.01,1,0,0,0.12264,0.10499
62.55,12.01,0.98647,0.01941,4.5236e-07,0.30726,0.16495
69.02,12.01,0.98262,0.02988,3.4006e-12,0.12264,0.186
-62.55,14.52,0.87357,0.2625,0.0041816,0.12264,0.06908
-57.32,14.52,1,0,0,0.12264,0.24089
-52.75,14.52,0.72139,0.52421,0.00010601,0.12264,0.39058
-48.63,14.52,0.63864,0.58335,7.6736e-05,0.12264,0.52579
-44.82,14.52,0.53051,0.64914,0.00017988,0.12264,0.65064
-41.25,14.52,0.42442,0.711,0.0018523,0.12264,0.76768
-37.87,14.52,0.33757,0.76354,0.010464,0.12264,0.87861
-34.64,14.52,0.29475,0.79096,0.014339,0.12264,0.88258
-31.53,14.52,0.26508,0.81121,0.016184,0.12264,0.87631
-28.52,14.52,0.24291,0.82665,0.017941,0.12264,0.88069
-25.59,14.52,0.22649,0.83826,0.019536,0.12264,0.89465
-22.74,14.52,0.21367,0.84759,0.021114,0.12264,0.91709
-19.94,14.52,0.21341,0.85049,0.013905,0.12264,0.86238
-17.19,14.52,0.21802,0.85141,0.0066913,0.12264,0.77652
-14.48,14.52,0.22136,0.85359,0.0038439,0.12264,0.69291
-11.81,14.52,0.22193,0.8575,0.0021554,0.12264,0.61169
-9.16,14.52,0.22008,0.86211,0.00060847,0.12264,0.52806
-6.53,14.52,0.21716,0.86597,3.5454e-05,0.12264,0.44578
-3.91,14.52,0.21614,0.86695,7.1218e-08,0.12264,0.36571
-1.3,14.52,0.21278,0.86471,9.2143e-10,0.12264,0.28913
1.3,14.52,0.20457,0.85845,7.1303e-08,0.12264,0.2131
3.91,14.52,0.19332,0.84737,6.7181e-06,0.12264,0.13735
6.53,14.52,0,1,0,0.12264,0.083229
9.16,14.52,0.24706,0.78513,1.8362e-06,0.12264,0.046681
11.81,14.52,0,1,0,0.12264,0.048633
17.19,14.52,0,1,0,0.12264,0.062278
19.94,14.52,0,1,0,0.12264,0.092461
22.74,14.52,0.30207,0.92627,2.51e-11,0.12264,0.11474
25.59,14.52,0,1,0,0.12264,0.13887
28.52,14.52,0,1,0,0.12264,0.16292
31.53,14.52,0,1,0,0.12264,0.18587
34.64,14.52,1,1,0,0.12264,0.2277
37.87,14.52,1,1,0,0.12264,0.29033
41.25,14.52,0.74869,0.58335,1.1274e-15,0.12264,0.35767
44.82,14.52,0.88054,0.33951,2.4363e-17,0.12264,0.31834
48.63,14.52,0.9488,0.15736,2.1045e-16,0.12264,0.22859
52.75,14.52,0.97392,0.070631,2.0261e-14,0.12264,0.16369
57.32,14.52,0.98213,0.036681,9.5438e-12,0.12264,0.14634
62.55,14.52,1,0,0,0.12264,0.1904
69.02,14.52,0.98224,0.030507,2.9555e-12,0.12264,0.21395
-62.55,17.03,0.87803,0.25281,0.004208,0.12264,0.069502
-57.32,17.03,0.77918,0.45008,0.0011374,0.12264,0.24115
-52.75,17.03,0.72841,0.51021,0.0001099,0.12264,0.39081
-48.63,17.03,0.64536,0.5747,7.8053e-05,0.12264,0.52601
-44.82,17.03,0.53811,0.64466,0.00020166,0.12264,0.65086
-41.25,17.03,0.43254,0.70896,0.0024733,0.12264,0.7679
-37.87,17.03,0.35707,0.75469,0.0086611,0.12264,0.83742
-34.64,17.03,0.31974,0.77815,0.0093384,0.12264,0.81544
-31.53,17.03,0.28925,0.79806,0.010365,0.12264,0.80615
-28.52,17.03,0.26556,0.81362,0.011597,0.12264,0.80864
-25.59,17.03,0.2472,0.82577,0.012923,0.12264,0.82179
-22.74,17.03,0.23224,0.83597,0.014349,0.12264,0.84434
-19.94,17.03,0.22638,0.84142,0.011267,0.12264,0.82434
-17.19,17.03,0.22995,0.84228,0.0057742,0.12264,0.74669
-14.48,17.03,0.23236,0.84443,0.0035322,0.12264,0.6689
-11.81,17.03,0.23393,0.84728,0.0018646,0.12264,0.58418
-9.16,17.03,0.23255,0.85134,0.00047841,0.12264,0.50127
-6.53,17.03,0.22977,0.85495,2.635e-05,0.12264,0.42054
-3.91,17.03,0.22765,0.85592,5.8436e-08,0.12264,0.34163
-1.3,17.03,0.22625,0.85123,2.7859e-10,0.12264,0.25801
1.3,17.03,0.22106,0.8413,6.2507e-09,0.12264,0.17631
3.91,17.03,0,1,0,0.12264,0.1009
6.53,17.03,0,1,0,0.10955,0.026641
14.48,17.03,0.35983,0.8119,2.975e-10,0.10547,0.028142
19.94,17.03,0.35079,0.91458,6.8174e-14,0.10547,0.031932
22.74,17.03,0.39273,0.89795,2.4069e-12,0.12264,0.054226
25.59,17.03,1,0,0,0.12264,0.071156
28.52,17.03,0.5156,0.80409,8.695e-12,0.12264,0.09391
31.53,17.03,0,1,0,0.12264,0.11781
34.64,17.03,1,0,0,0.12264,0.17394
37.87,17.03,1,1,0,0.12264,0.23728
41.25,17.03,0.74949,0.56541,3.2263e-16,0.12264,0.3164
44.82,17.03,0.86611,0.35154,2.1625e-15,0.12264,0.35483
48.63,17.03,0.9433,0.16398,1.0824e-15,0.12264,0.27082
52.75,17.03,0.97261,0.072025,1.9405e-14,0.12264,0.20629
57.32,17.03,0.98193,0.037299,2.5053e-12,0.12264,0.18834
62.55,17.03,0.98043,0.032197,2.2149e-09,0.12264,0.22033
69.02,17.03,0.98175,0.031325,3.1134e-12,0.12264,0.24256
-62.55,19.54,0.88189,0.24369,0.0035503,0.12264,0.081209
-57.32,19.54,0.7978,0.41522,0.00064788,0.12264,0.24541
-52.75,19.54,0.7371,0.49371,0.00010887,0.12264,0.39378
-48.63,19.54,0.65274,0.56501,7.9575e-05,0.12264,0.52844
-44.82,19.54,0.54589,0.63949,0.0002871,0.12264,0.65298
-41.25,19.54,0.44053,0.7065,0.0034599,0.12264,0.76982
-37.87,19.54,0.38442,0.74034,0.0054175,0.12264,0.77517
-34.64,19.54,0.34749,0.7632,0.0052506,0.12264,0.74867
-31.53,19.54,0.31651,0.78255,0.0055464,0.12264,0.73605
-28.52,19.54,0.29143,0.79804,0.0063271,0.12264,0.73651
-25.59,19.54,0.2711,0.81067,0.0074753,0.12264,0.74889
-22.74,19.54,0.25388,0.82181,0.008826,0.12264,0.77176
-19.94,19.54,0.24018,0.83141,0.0093673,0.12264,0.79006
-17.19,19.54,0.24507,0.83075,0.004774,0.12264,0.70827
-14.48,19.54,0.24823,0.83181,0.0029762,0.12264,0.62979
-11.81,19.54,0.24818,0.83519,0.001583,0.12264,0.5552
-9.16,19.54,0.24521,0.84008,0.00043391,0.12264,0.48136
-6.53,19.54,0.24404,0.84252,2.2531e-05,0.12264,0.39652
-3.91,19.54,0.24321,0.84209,4.9374e-08,0.12264,0.31288
-1.3,19.54,0.24204,0.83652,6.0981e-10,0.12264,0.23106
1.3,19.54,0.23887,0.82432,1.063e-09,0.12264,0.15342
3.91,19.54,0.23701,0.80306,6.0464e-06,0.12264,0.080338
17.19,19.54,0,1,0,0,0
22.74,19.54,1,1,0,0,0
25.59,19.54,1,1,0,0,0
28.52,19.54,1,0,0,0.12264,0.040914
31.53,19.54,1,1,0,0.12264,0.056382
34.64,19.54,0.56691,0.77801,3.5678e-21,0.12264,0.12051
37.87,19.54,0.5945,0.73054,3.3845e-17,0.12264,0.18994
41.25,19.54,0.75491,0.53642,5.2132e-17,0.12264,0.27189
44.82,19.54,0.85946,0.34646,2.2817e-14,0.12264,0.36218
48.63,19.54,0.93666,0.17102,6.738e-15,0.12264,0.31442
52.75,19.54,0.97063,0.074586,4.6345e-14,0.12264,0.25087
57.32,19.54,0.98132,0.038525,7.9844e-13,0.12264,0.23162
62.55,19.54,0.98014,0.032971,1.0805e-09,0.12264,0.25314
69.02,19.54,0.98115,0.032336,4.0241e-12,0.12264,0.27157
-62.55,22.05,0.88468,0.23607,0.0024901,0.12264,0.10503
-57.32,22.05,0.81234,0.38585,0.00040524,0.12264,0.2558
-52.75,22.05,0.74609,0.47641,0.00010577,0.12264,0.40116
-48.63,22.05,0.66002,0.55499,8.2149e-05,0.12264,0.5345
-44.82,22.05,0.55331,0.63409,0.00050677,0.12264,0.65829
-41.25,22.05,0.4529,0.70054,0.0042302,0.12264,0.76085
-37.87,22.05,0.41399,0.7238,0.003096,0.12264,0.71397
-34.64,22.05,0.37798,0.74583,0.0024506,0.12264,0.68243
-31.53,22.05,0.34702,0.76425,0.002325,0.12264,0.66608
-28.52,22.05,0.32081,0.77941,0.0028723,0.12264,0.66431
-25.59,22.05,0.29853,0.79244,0.0039084,0.12264,0.67597
-22.74,22.05,0.27894,0.80457,0.005164,0.12264,0.69943
-19.94,22.05,0.26015,0.81707,0.0065411,0.12264,0.73287
-17.19,22.05,0.26039,0.81849,0.0042123,0.12264,0.67744
-14.48,22.05,0.26532,0.81772,0.0025475,0.12264,0.5946
-11.81,22.05,0.26753,0.81911,0.0011697,0.12264,0.51466
-9.16,22.05,0.26633,0.82257,0.0002672,0.12264,0.43836
-6.53,22.05,0.26209,0.82707,1.8431e-05,0.12264,0.36722
-3.91,22.05,0.25691,0.82976,9.5612e-08,0.12264,0.29837
-1.3,22.05,0.25679,0.82333,1.4921e-09,0.12264,0.2174
1.3,22.05,0.26172,0.80427,4.5814e-09,0.12264,0.13197
3.91,22.05,0.27824,0.76606,1.2881e-05,0.12264,0.046539
14.48,22.05,0,1,0,0,0
17.19,22.05,1,1,0,0,0
22.74,22.05,0,1,0,0,0
25.59,22.05,0,1,0,0,0
28.52,22.05,1,1,0,0,0
31.53,22.05,1,0,0,0,0
34.64,22.05,0.60129,0.72247,8.5936e-21,0.12264,0.067425
37.87,22.05,1,0,0,0.12264,0.15333
41.25,22.05,0.76288,0.50014,7.8678e-18,0.12264,0.23143
44.82,22.05,0.86587,0.31817,5.3454e-15,0.12264,0.32668
48.63,22.05,0.92865,0.17874,2.2025e-13,0.12264,0.36005
52.75,22.05,0.96797,0.07816,2.0604e-13,0.12264,0.2965
57.32,22.05,0.9803,0.04037,3.0377e-13,0.12264,0.27554
62.55,22.05,0.97914,0.034558,9.3249e-10,0.12264,0.28779
69.02,22.05,0.98044,0.033547,6.0521e-12,0.12264,0.30084
-69.02,24.56,0.90918,0.15679,0.015421,0.11318,0.021801
-62.55,24.56,0.88711,0.22875,0.0016093,0.12264,0.13465
-57.32,24.56,0.82381,0.36099,0.00028164,0.12264,0.27161
-52.75,24.56,0.75481,0.45913,0.00010241,0.12264,0.4127
-48.63,24.56,0.66711,0.54476,8.7252e-05,0.12264,0.54407
-44.82,24.56,0.56035,0.62848,0.00095388,0.12264,0.66671
-41.25,24.56,0.48275,0.68164,0.002767,0.12264,0.70758
-37.87,24.56,0.4454,0.70505,0.001607,0.12264,0.65415
-34.64,24.56,0.41101,0.72584,0.00090296,0.12264,0.61692
-31.53,24.56,0.3808,0.74278,0.00069661,0.12264,0.5963
-28.52,24.56,0.35385,0.75722,0.001069,0.12264,0.59205
-25.59,24.56,0.3297,0.7705,0.0018945,0.12264,0.60306
-22.74,24.56,0.30767,0.78374,0.0029849,0.12264,0.62746
-19.94,24.56,0.28601,0.79798,0.0042033,0.12264,0.66298
-17.19,24.56,0.27607,0.80543,0.0038812,0.12264,0.65213
-14.48,24.56,0.28196,0.80327,0.0023099,0.12264,0.56901
-11.81,24.56,0.2864,0.80261,0.00095886,0.12264,0.48466
-9.16,24.56,0.28813,0.80376,0.00018974,0.12264,0.40253
-6.53,24.56,0.28754,0.80557,1.0981e-05,0.12264,0.32343
-3.91,24.56,0.28506,0.80622,5.598e-08,0.12264,0.24945
-1.3,24.56,0.28106,0.80298,4.4131e-09,0.12264,0.186
1.3,24.56,0.28995,0.78058,3.6536e-08,0.12264,0.10865
3.91,24.56,0.3113,0.73797,1.0321e-05,0.12264,0.046707
17.19,24.56,1,1,0,0,0
19.94,24.56,1,1,0,0,0
25.59,24.56,0,1,0,0,0
31.53,24.56,1,1,0,0,0
34.64,24.56,0,1,0,0.12264,0.038814
37.87,24.56,0,1,0,0.12264,0.1043
41.25,24.56,0.7732,0.45847,1.2173e-18,0.12264,0.19621
44.82,24.56,0.8705,0.2916,1.8707e-15,0.12264,0.2989
48.63,24.56,0.92722,0.17218,3.7947e-13,0.12264,0.36722
52.75,24.56,0.9646,0.082657,2.6936e-12,0.12264,0.34271
57.32,24.56,0.97887,0.042788,4.2444e-13,0.12264,0.31912
62.55,24.56,0.97733,0.037036,6.046e-09,0.12264,0.32365
69.02,24.56,0.97963,0.034969,3.2325e-11,0.12264,0.33024
-69.02,27.07,0.91648,0.14396,0.014383,0.12264,0.025962
-62.55,27.07,0.88937,0.22143,0.0010564,0.12264,0.16698
-57.32,27.07,0.83292,0.33985,0.00021712,0.12264,0.29194
-52.75,27.07,0.76291,0.44246,9.9949e-05,0.12264,0.42805
-48.63,27.07,0.67392,0.53442,0.00010341,0.12264,0.55694
-44.82,27.07,0.56707,0.62263,0.0017506,0.12264,0.6781
-41.25,27.07,0.51361,0.66067,0.0017393,0.12264,0.6568
-37.87,27.07,0.47801,0.68427,0.00075249,0.12264,0.59616
-34.64,27.07,0.44613,0.70319,0.00026579,0.12264,0.55245
-31.53,27.07,0.41764,0.71782,0.00016161,0.12264,0.52685
-28.52,27.07,0.3905,0.73097,0.00035611,0.12264,0.51975
-25.59,27.07,0.36465,0.74435,0.00086558,0.12264,0.53021
-22.74,27.07,0.34014,0.7588,0.0016977,0.12264,0.55602
-19.94,27.07,0.31541,0.77512,0.0027647,0.12264,0.59429
-17.19,27.07,0.29705,0.7881,0.00328,0.12264,0.61244
-14.48,27.07,0.30242,0.78544,0.0019589,0.12264,0.5362
-11.81,27.07,0.30618,0.78474,0.00082519,0.12264,0.45867
-9.16,27.07,0.30861,0.78522,0.00017354,0.12264,0.37846
-6.53,27.07,0.31026,0.78549,1.1116e-05,0.12264,0.29643
-3.91,27.07,0.31233,0.78295,6.7979e-08,0.12264,0.21319
-1.3,27.07,0.31704,0.77287,2.171e-08,0.12264,0.13346
1.3,27.07,0.32838,0.74844,5.2046e-07,0.12264,0.069342
9.16,27.07,0,1,0,0,0
11.81,27.07,0,1,0,0,0
14.48,27.07,1,1,0,0,0
17.19,27.07,1,0,0,0,0
19.94,27.07,0,1,0,0,0
37.87,27.07,0.66641,0.56648,9.2781e-17,0.12264,0.070027
41.25,27.07,0.7846,0.41466,2.5847e-19,0.12264,0.16832
44.82,27.07,0.87302,0.26814,1.2771e-15,0.12264,0.28044
48.63,27.07,0.93584,0.14665,4.3819e-15,0.12264,0.31818
52.75,27.07,0.9641,0.08072,1.5156e-11,0.12264,0.35708
57.32,27.07,0.97701,0.045807,8.0358e-11,0.12264,0.36224
62.55,27.07,1,0,0,0.12264,0.36033
69.02,27.07,0.9787,0.036617,2.3522e-09,0.12264,0.3597
-69.02,29.58,0.92007,0.13758,0.011849,0.12264,0.048462
-62.55,29.58,0.89149,0.21417,0.00075979,0.12264,0.20068
-57.32,29.58,0.84016,0.32179,0.0001832,0.12264,0.31589
-52.75,29.58,0.77022,0.42672,9.9106e-05,0.12264,0.44678
-48.63,29.58,0.68042,0.52407,0.00016736,0.12264,0.57288
-44.82,29.58,0.57351,0.61652,0.0030806,0.12264,0.6923
-41.25,29.58,0.54481,0.63792,0.0010421,0.12264,0.60914
-37.87,29.58,0.51095,0.66187,0.00035273,0.12264,0.54065
-34.64,29.58,0.48264,0.67804,8.5606e-05,0.12264,0.48947
-31.53,29.58,0.45707,0.68924,4.0637e-05,0.12264,0.45791
-28.52,29.58,0.43047,0.70034,0.00010829,0.12264,0.44742
-25.59,29.58,0.40312,0.71358,0.00034264,0.12264,0.45748
-22.74,29.58,0.37619,0.72941,0.00086187,0.12264,0.48538
-19.94,29.58,0.34821,0.74823,0.0017376,0.12264,0.52731
-17.19,29.58,0.32027,0.76827,0.0027441,0.12264,0.57274
-14.48,29.58,0.32685,0.76378,0.0015333,0.12264,0.49738
-11.81,29.58,0.33237,0.76112,0.0005869,0.12264,0.41945
-9.16,29.58,0.33396,0.7621,0.00013886,0.12264,0.34683
-6.53,29.58,0.33594,0.76239,1.1324e-05,0.12264,0.26857
-3.91,29.58,0.33845,0.76033,1.4006e-07,0.12264,0.18799
-1.3,29.58,0.34238,0.75234,8.0029e-08,0.12264,0.11537
1.3,29.58,0.36742,0.71635,3.9592e-06,0.12264,0.035215
6.53,29.58,1,0,0,0,0
9.16,29.58,1,0,0,0,0
11.81,29.58,1,0,0,0,0
14.48,29.58,1,0,0,0,0
37.87,29.58,0.69649,0.50059,6.7e-17,0.12264,0.051344
41.25,29.58,0.79151,0.37785,3.7094e-19,0.12264,0.16176
44.82,29.58,0.88544,0.22915,2.435e-17,0.12264,0.22255
48.63,29.58,0.9433,0.12417,5.9814e-17,0.12264,0.26964
52.75,29.58,0.96967,0.066481,2.2982e-14,0.12264,0.30727
57.32,29.58,0.97879,0.041603,6.103e-11,0.12264,0.34734
62.55,29.58,0.97302,0.043138,3.5773e-05,0.12264,0.39753
69.02,29.58,0.97766,0.038506,8.7177e-08,0.12264,0.38917
-69.02,32.09,0.92295,0.13204,0.0095497,0.12264,0.075531
-62.55,32.09,0.89341,0.20711,0.0006115,0.12264,0.23512
-57.32,32.09,0.84594,0.30628,0.00016671,0.12264,0.34267
-52.75,32.09,0.77668,0.41208,0.00010064,0.12264,0.46848
-48.63,32.09,0.68658,0.51376,0.00038689,0.12264,0.59162
-44.82,32.09,0.60217,0.59139,0.0024544,0.12264,0.65699
-41.25,32.09,0.57559,0.61385,0.00061775,0.12264,0.56545
-37.87,32.09,0.54306,0.63862,0.00021209,0.12264,0.48848
-34.64,32.09,0.51955,0.65086,4.3645e-05,0.12264,0.42868
-31.53,32.09,0.49833,0.65715,1.554e-05,0.12264,0.38979
-28.52,32.09,0.47318,0.66519,3.1891e-05,0.12264,0.37509
-25.59,32.09,0.44452,0.6781,0.00011571,0.12264,0.38497
-22.74,32.09,0.41528,0.6955,0.00036754,0.12264,0.416
-19.94,32.09,0.38471,0.71666,0.00093673,0.12264,0.46057
-17.19,32.09,0.35411,0.73918,0.0017779,0.12264,0.50722
-14.48,32.09,0.34989,0.74222,0.0013035,0.12264,0.4696
-11.81,32.09,0.35906,0.73599,0.00044494,0.12264,0.38583
-9.16,32.09,0.36561,0.7327,9.0597e-05,0.12264,0.30505
-6.53,32.09,0.36888,0.73222,8.3809e-06,0.12264,0.2293
-3.91,32.09,0.36683,0.73533,3.1866e-07,0.12264,0.16448
-1.3,32.09,0.37426,0.72615,5.3369e-07,0.12264,0.086214
1.3,32.09,0,1,0,0,0
11.81,32.09,1,0,0,0,0
37.87,32.09,0.71225,0.44918,2.6555e-16,0.12264,0.05463
41.25,32.09,0.80113,0.33948,3.5609e-19,0.12264,0.15325
44.82,32.09,0.896,0.19447,5.1811e-19,0.12264,0.16542
48.63,32.09,0.94955,0.10521,2.0546e-18,0.12264,0.22335
52.75,32.09,0.9741,0.054968,5.1183e-16,0.12264,0.25755
57.32,32.09,0.98145,0.035654,1.1033e-11,0.12264,0.30913
62.55,32.09,1,0,0,0.12264,0.42896
69.02,32.09,0.97649,0.040663,1.3897e-06,0.12264,0.4186
-69.02,34.6,0.92643,0.12526,0.0082405,0.12264,0.095839
-62.55,34.6,0.89775,0.19599,0.00054768,0.12264,0.25621
-57.32,34.6,0.85055,0.29288,0.00016161,0.12264,0.37163
-52.75,34.6,0.78231,0.39859,0.00010675,0.12264,0.49273
-48.63,34.6,0.6924,0.50354,0.0009606,0.12264,0.61287
-44.82,34.6,0.63022,0.56511,0.0019869,0.12264,0.62572
-41.25,34.6,0.60525,0.589,0.00039224,0.12264,0.52673
-37.87,34.6,0.57301,0.61568,0.00019607,0.12264,0.44088
-34.64,34.6,0.55572,0.62248,3.7243e-05,0.12264,0.3712
-31.53,34.6,0.54035,0.62211,1.3079e-05,0.12264,0.32307
-28.52,34.6,0.51775,0.62574,1.3152e-05,0.12264,0.3028
-25.59,34.6,0.48786,0.63823,3.7812e-05,0.12264,0.31287
-22.74,34.6,0.45649,0.65754,0.00013733,0.12264,0.34863
-19.94,34.6,0.42525,0.67969,0.00040818,0.12264,0.39256
-17.19,34.6,0.39046,0.70623,0.0010288,0.12264,0.44518
-14.48,34.6,0.37011,0.72214,0.0012608,0.12264,0.45486
-11.81,34.6,0.38204,0.71305,0.00042418,0.12264,0.36762
-9.16,34.6,0.39259,0.70618,8.5032e-05,0.12264,0.28152
-6.53,34.6,0.40195,0.70072,7.4148e-06,0.12264,0.19676
-3.91,34.6,0.40981,0.69608,8.413e-07,0.12264,0.11466
-1.3,34.6,1,0,0,0.12264,0.048079
34.64,34.6,0,1,0,0,0
37.87,34.6,0,1,0,0.12264,0.037071
41.25,34.6,0.82502,0.28497,9.2342e-20,0.12264,0.10233
44.82,34.6,0.90403,0.16557,3.6672e-18,0.12264,0.11029
48.63,34.6,0.95446,0.090094,6.0354e-19,0.12264,0.18287
52.75,34.6,0.97762,0.045788,5.0915e-17,0.12264,0.20808
57.32,34.6,0.98323,0.031358,2.894e-11,0.12264,0.27383
62.55,34.6,0.97421,0.041563,0.00015192,0.12264,0.40788
69.02,34.6,0.97519,0.043124,1.1333e-05,0.12264,0.44796
-69.02,37.11,0.93039,0.11752,0.0075315,0.12264,0.11016
-62.55,37.11,0.90203,0.18505,0.00051036,0.12264,0.27663
-57.32,37.11,0.8542,0.28127,0.00016544,0.12264,0.40227
-52.75,37.11,0.78719,0.3862,0.00012918,0.12264,0.51912
-48.63,37.11,0.69791,0.49342,0.0021157,0.12264,0.63637
-44.82,37.11,0.6567,0.53859,0.001704,0.12264,0.6
-41.25,37.11,0.63323,0.56393,0.00028739,0.12264,0.49417
-37.87,37.11,0.59927,0.59467,0.0002793,0.12264,0.39953
-34.64,37.11,0.58987,0.59416,4.7457e-05,0.12264,0.31885
-31.53,37.11,0.58178,0.58517,2.1245e-05,0.12264,0.25886
-28.52,37.11,0.5632,0.58258,1.6049e-05,0.12264,0.23065
-25.59,37.11,0.53175,0.5949,2.0784e-05,0.12264,0.24158
-22.74,37.11,0.49912,0.61598,4.8597e-05,0.12264,0.28308
-19.94,37.11,0.46751,0.63904,0.00015674,0.12264,0.32795
-17.19,37.11,0.42802,0.67038,0.00055163,0.12264,0.3883
-14.48,37.11,0.40083,0.69232,0.00090244,0.12264,0.41467
-11.81,37.11,0.40034,0.69349,0.00050561,0.12264,0.36518
-9.16,37.11,0.41298,0.68478,0.00011761,0.12264,0.2783
-6.53,37.11,0.42538,0.67709,1.3945e-05,0.12264,0.19207
-3.91,37.11,0.43833,0.66906,3.8152e-06,0.12264,0.10634
-1.3,37.11,1,1,0,0.025804,0.021506
1.3,37.11,0,1,0,0,0
41.25,37.11,0.85033,0.23279,5.3317e-18,0.12264,0.042073
44.82,37.11,1,0,0,0.12264,0.062847
48.63,37.11,0.95799,0.078827,1.7102e-18,0.12264,0.15296
52.75,37.11,0.98042,0.038517,1.3205e-16,0.12264,0.15918
57.32,37.11,0.98488,0.02688,1.4417e-10,0.14218,0.24276
62.55,37.11,1,0,0,0.12264,0.39065
69.02,37.11,0.97736,0.039652,5.3372e-06,0.12264,0.42955
-69.02,39.62,0.93364,0.11077,0.0067539,0.12264,0.12885
-62.55,39.62,0.90636,0.17414,0.00049142,0.12264,0.29549
-57.32,39.62,0.85707,0.27115,0.00017793,0.12264,0.43419
-52.75,39.62,0.79139,0.37485,0.00022798,0.12264,0.54733
-48.63,39.62,0.70313,0.48339,0.0039944,0.12264,0.66183
-44.82,39.62,0.6811,0.51254,0.0016088,0.12264,0.5806
-41.25,39.62,0.65916,0.53918,0.00025173,0.12264,0.46911
-37.87,39.62,1,0,0,0.12264,0.36657
-34.64,39.62,0.62055,0.56775,7.7647e-05,0.12264,0.27462
-31.53,39.62,0.62086,0.54825,5.5343e-05,0.12264,0.19966
-28.52,39.62,0.60852,0.53664,6.236e-05,0.12264,0.15885
-25.59,39.62,0.57434,0.54989,5.336e-05,0.12264,0.1722
-22.74,39.62,0.54484,0.56915,2.257e-05,0.12264,0.21394
-19.94,39.62,0.50958,0.59663,5.9627e-05,0.12264,0.26922
-17.19,39.62,0.46482,0.63349,0.00029921,0.12264,0.33921
-14.48,39.62,0.44321,0.65046,0.00043451,0.12264,0.34951
-11.81,39.62,0.44368,0.65044,0.00023506,0.12264,0.30195
-9.16,39.62,0.44347,0.65341,0.0001056,0.12264,0.2533
-6.53,39.62,0.44764,0.65384,2.9625e-05,0.12264,0.19344
-3.91,39.62,0.46477,0.64309,1.3009e-05,0.12264,0.1087
-1.3,39.62,0.48683,0.62467,6.4322e-05,0.12264,0.030823
1.3,39.62,0.50448,0.60249,1.9186e-05,0.12264,0.033336
3.91,39.62,0,1,0,0,0
31.53,39.62,1,0,0,0,0
48.63,39.62,0.96247,0.067169,5.0844e-16,0.12264,0.11177
52.75,39.62,0.98266,0.032789,4.9565e-14,0.12264,0.11168
57.32,39.62,1,0,0,0.1354,0.2178
62.55,39.62,1,0,0,0.12264,0.37782
69.02,39.62,0.97973,0.035761,1.1902e-06,0.12264,0.40332
-69.02,42.13,0.93637,0.10472,0.0060487,0.12264,0.15026
-62.55,42.13,0.91002,0.16448,0.00048808,0.12264,0.31658
-57.32,42.13,0.8593,0.26232,0.00020075,0.12264,0.46706
-52.75,42.13,0.795,0.36445,0.00060498,0.12264,0.57703
-48.63,42.13,0.70811,0.47347,0.0064751,0.12264,0.68902
-44.82,42.13,0.70301,0.48765,0.001723,0.12264,0.56817
-41.25,42.13,0.68266,0.51536,0.000268,0.12264,0.45279
-37.87,42.13,0.65052,0.54976,0.00032878,0.12264,0.34443
-34.64,42.13,0.6459,0.54595,0.00014919,0.12264,0.24302
-31.53,42.13,0.65494,0.51482,0.00020283,0.12264,0.15148
-28.52,42.13,0.65276,0.48923,0.00036485,0.12264,0.088353
-25.59,42.13,0.61264,0.50658,0.00027542,0.12264,0.10845
-22.74,42.13,0.58918,0.5219,4.5615e-05,0.12264,0.15057
-19.94,42.13,0.54861,0.55574,3.0328e-05,0.12264,0.22115
-17.19,42.13,0.50575,0.59105,0.00013667,0.12264,0.2842
-14.48,42.13,0.48496,0.60697,0.00021172,0.12264,0.29124
-11.81,42.13,0.49179,0.60056,9.7296e-05,0.12264,0.23251
-9.16,42.13,0.49018,0.60516,6.4459e-05,0.12264,0.19293
-6.53,42.13,0.49518,0.60488,4.7007e-05,0.12264,0.13874
-3.91,42.13,0.5001,0.60737,3.8036e-05,0.12264,0.094523
-1.3,42.13,0.51063,0.60168,6.6887e-05,0.12264,0.060104
3.91,42.13,0.56527,0.54719,1.4633e-05,0.068258,0.029175
44.82,42.13,0.92329,0.11126,5.6828e-12,0.12264,0.03523
48.63,42.13,0.96735,0.056021,5.125e-14,0.12264,0.060157
52.75,42.13,0.98438,0.028434,1.1705e-11,0.12264,0.06869
57.32,42.13,1,0,0,0.13611,0.20127
62.55,42.13,0.98193,0.031023,9.7496e-07,0.12264,0.36988
69.02,42.13,0.98176,0.032404,1.7569e-07,0.12264,0.37627
-69.02,44.64,0.93883,0.099012,0.0055173,0.12264,0.17232
-62.55,44.64,0.9131,0.15593,0.00050022,0.12264,0.33946
-57.32,44.64,0.8652,0.2484,0.0002179,0.12264,0.48564
-52.75,44.64,0.7981,0.35489,0.0016194,0.12264,0.60799
-48.63,44.64,0.72515,0.45083,0.0072811,0.12264,0.68802
-44.82,44.64,0.72217,0.46449,0.0021075,0.12264,0.56319
-41.25,44.64,0.7033,0.4932,0.00035773,0.12264,0.44618
-37.87,44.64,0.67425,0.52763,0.00027994,0.12264,0.33529
-34.64,44.64,0.66375,0.53212,0.00029265,0.12264,0.22935
-31.53,44.64,0.67965,0.49102,0.00047641,0.12264,0.12754
-28.52,44.64,0.69174,0.44609,0.0013091,0.12264,0.030428
-25.59,44.64,0,1,0,0.12264,0.040831
-22.74,44.64,0.62761,0.48015,0.00012941,0.12264,0.10411
-19.94,44.64,0.58824,0.51315,2.8872e-05,0.12264,0.17408
-17.19,44.64,0.55426,0.53912,5.4597e-05,0.12264,0.21387
-14.48,44.64,0.52618,0.56205,0.00012239,0.12264,0.23656
-11.81,44.64,0.53654,0.55197,8.3225e-05,0.12264,0.17352
-9.16,44.64,0.54391,0.54767,0.00010485,0.12264,0.1184
-6.53,44.64,0.54699,0.54907,0.00015027,0.12264,0.074746
-3.91,44.64,0.55255,0.55266,0.00011309,0.12264,0.042318
3.91,44.64,0,1,0,0,0
48.63,44.64,0.96687,0.057782,2.092e-12,0.059458,0.024007
52.75,44.64,1,0,0,0.12264,0.045642
57.32,44.64,0.98801,0.020559,7.8077e-12,0.14857,0.19533
62.55,44.64,0.98388,0.028588,2.3022e-08,0.12264,0.36714
69.02,44.64,0.98341,0.029666,2.0327e-08,0.12264,0.3491
-69.02,47.15,0.9413,0.093234,0.005216,0.12264,0.19241
-62.55,47.15,0.91619,0.14756,0.0005239,0.12264,0.36082
-57.32,47.15,0.87025,0.23608,0.00025127,0.12264,0.50595
-52.75,47.15,0.80076,0.34611,0.0035109,0.12264,0.63996
-48.63,47.15,0.74149,0.42838,0.0081254,0.12264,0.68865
-44.82,47.15,0.73926,0.44262,0.0027756,0.12264,0.56397
-41.25,47.15,0.72177,0.47217,0.00056119,0.12264,0.44719
-37.87,47.15,0.69357,0.50918,0.00033084,0.12264,0.33666
-34.64,47.15,0.67468,0.52638,0.00058197,0.12264,0.23136
-31.53,47.15,0.69541,0.47746,0.00060376,0.12264,0.13115
-28.52,47.15,0.70704,0.43195,0.0011987,0.12264,0.043176
-22.74,47.15,0.66496,0.43931,0.00027803,0.12264,0.063827
-19.94,47.15,0.63768,0.45869,8.0373e-05,0.12264,0.10411
-17.19,47.15,0.60247,0.48558,6.9189e-05,0.12264,0.14444
-14.48,47.15,0.55995,0.52323,0.00014756,0.12264,0.19956
-11.81,47.15,0.57937,0.50411,0.00015807,0.12264,0.11916
-9.16,47.15,0.59218,0.49433,0.0002503,0.12264,0.056069
-6.53,47.15,0.55918,0.54787,0.00031337,0.046605,0.026313
-1.3,47.15,1,0,0,0,0
48.63,47.15,0.97,0.048146,3.4512e-10,0.12264,0.058037
52.75,47.15,0.98581,0.024921,7.5316e-10,0.12264,0.067608
57.32,47.15,0.9892,0.018679,1.5711e-11,0.15689,0.20094
62.55,47.15,0.9852,0.026979,4.1707e-10,0.12264,0.36526
69.02,47.15,0.98465,0.02757,2.4421e-09,0.12264,0.32183
-69.02,49.66,0.94342,0.087958,0.0050284,0.12264,0.21391
-62.55,49.66,0.91956,0.13897,0.00055461,0.12264,0.37906
-57.32,49.66,0.87457,0.2252,0.00032734,0.12264,0.52777
-52.75,49.66,0.80722,0.3328,0.0053519,0.12264,0.66111
-48.63,49.66,0.77,0.39143,0.0069572,0.12264,0.65777
-44.82,49.66,0.75397,0.42261,0.0038587,0.12264,0.57119
-41.25,49.66,0.73754,0.45302,0.0010225,0.12264,0.45673
-37.87,49.66,0.70909,0.49376,0.00053861,0.12264,0.3498
-34.64,49.66,0,1,0,0.12264,0.25081
-31.53,49.66,0.70283,0.47359,0.0004599,0.12264,0.164
-28.52,49.66,0.71737,0.42404,0.00073172,0.12264,0.077554
-19.94,49.66,0.68248,0.40813,0.00023814,0.12264,0.042996
-17.19,49.66,0.64491,0.43719,0.00018254,0.12264,0.087232
-14.48,49.66,0.60138,0.47491,0.00029753,0.12264,0.1416
-11.81,49.66,0.61402,0.4646,0.00030368,0.12264,0.083881
-9.16,49.66,0.62595,0.45672,0.00041486,0.12264,0.028369
-6.53,49.66,0,1,0,0,0
44.82,49.66,1,0,0,0,0
48.63,49.66,0.9724,0.043476,2.8758e-09,0.12264,0.043212
52.75,49.66,0.9854,0.025749,4.281e-10,0.12264,0.11036
57.32,49.66,0.98964,0.018136,2.4601e-11,0.16192,0.2172
62.55,49.66,0.98752,0.02322,6.9173e-14,0.12264,0.32986
69.02,49.66,1,0,0,0.12264,0.29449
-69.02,52.17,0.94523,0.083102,0.0049733,0.12264,0.2364
-62.55,52.17,0.92237,0.13149,0.00059955,0.12264,0.39883
-57.32,52.17,0.87824,0.2156,0.00052574,0.12264,0.55089
-52.75,52.17,0.82465,0.3056,0.0052216,0.12264,0.64979
-48.63,52.17,0.8053,0.34399,0.0042002,0.12264,0.60462
-44.82,52.17,0.77994,0.38819,0.0031834,0.12264,0.54904
-41.25,52.17,0.75016,0.43643,0.0020392,0.12264,0.47575
-37.87,52.17,0.72127,0.48065,0.0011199,0.12264,0.37537
-34.64,52.17,0.68914,0.52033,0.001806,0.12264,0.28667
-31.53,52.17,0.7142,0.46358,0.00036975,0.12264,0.19362
-28.52,52.17,0.73543,0.40554,0.00055328,0.12264,0.094924
-17.19,52.17,0.68644,0.38953,0.00045559,0.12264,0.02988
-14.48,52.17,0.63757,0.4307,0.00076352,0.12264,0.090975
-11.81,52.17,0.6244,0.46782,0.00052158,0.036793,0.026712
52.75,52.17,0.98577,0.025197,1.5952e-09,0.12264,0.12034
57.32,52.17,0.99151,0.013178,1.8208e-10,0.27935,0.24195
62.55,52.17,0.98928,0.020297,1.0155e-14,0.12264,0.29449
69.02,52.17,0.98723,0.023524,1.7363e-12,0.12264,0.2671
-69.02,54.68,0.94678,0.078599,0.0050619,0.12264,0.25959
-62.55,54.68,0.92469,0.12503,0.00066094,0.12264,0.41988
-57.32,54.68,0.88282,0.20501,0.00089514,0.12264,0.56941
-52.75,54.68,0.85141,0.26516,0.0029944,0.12264,0.60539
-48.63,54.68,0.83736,0.29752,0.0018128,0.12264,0.55217
-44.82,54.68,0.81274,0.34281,0.0014508,0.12264,0.50414
-41.25,54.68,0.78575,0.38986,0.00086572,0.12264,0.43328
-37.87,54.68,0.74593,0.4505,0.0011466,0.12264,0.37165
-34.64,54.68,1,1,0,0.12264,0.30484
-31.53,54.68,0.73362,0.44163,0.00033189,0.12264,0.20784
-28.52,54.68,0.75117,0.38861,0.00036037,0.12264,0.12203
-25.59,54.68,0.76178,0.34916,0.00066728,0.12264,0.037
-14.48,54.68,1,0,0,0.12264,0.038454
52.75,54.68,0.98653,0.023956,1.6713e-08,0.12264,0.10977
57.32,54.68,0.99393,0.0067236,5.9146e-07,0.64813,0.24222
62.55,54.68,0.99063,0.017989,1.44e-14,0.12264,0.25817
69.02,54.68,0.98847,0.021613,4.5989e-13,0.12264,0.23971
-69.02,57.19,0.9481,0.074383,0.0053044,0.12264,0.28327
-62.55,57.19,0.92656,0.11954,0.00074186,0.12264,0.442
-57.32,57.19,0.88685,0.19553,0.0016104,0.12264,0.58883
-52.75,57.19,0.87485,0.22781,0.0013465,0.12264,0.56278
-48.63,57.19,0.86563,0.25352,0.00050865,0.12264,0.5007
-44.82,57.19,0.84133,0.30006,0.00054862,0.12264,0.4635
-41.25,57.19,0.82149,0.33886,0.00022371,0.12264,0.38235
-37.87,57.19,0.78773,0.39472,0.00039679,0.12264,0.31873
-34.64,57.19,0.75519,0.43961,0.00087375,0.12264,0.2577
-31.53,57.19,0.75314,0.41721,0.00028223,0.12264,0.22618
-28.52,57.19,0.76453,0.37308,0.00021229,0.12264,0.15758
-25.59,57.19,0.76994,0.34156,0.00031141,0.12264,0.090995
44.82,57.19,1,0,0,0,0
48.63,57.19,0.97806,0.035048,2.7195e-08,0.12264,0.029915
52.75,57.19,0.98688,0.0235,1.4904e-07,0.12264,0.10115
57.32,57.19,0.99426,0.0066038,3.4665e-07,0.6096,0.20771
62.55,57.19,0.99167,0.016216,5.7564e-14,0.12264,0.22147
69.02,57.19,0.98933,0.020312,2.7838e-12,0.12264,0.21237
-69.02,59.7,0.94921,0.070383,0.0057181,0.12264,0.30729
-62.55,59.7,0.92846,0.1143,0.00083736,0.12264,0.4624
-57.32,59.7,0.89032,0.18719,0.0028198,0.12264,0.60938
-52.75,59.7,0.89492,0.19428,0.00050334,0.12264,0.52244
-48.63,59.7,0.88985,0.21329,0.00011603,0.12264,0.45061
-44.82,59.7,0.86959,0.25495,0.00012481,0.12264,0.41288
-41.25,59.7,0.85197,0.29125,7.6861e-05,0.12264,0.33633
-37.87,59.7,0.82576,0.33826,0.00017261,0.12264,0.26616
-34.64,59.7,0.80132,0.37366,0.00053409,0.12264,0.20179
-31.53,59.7,0.8009,0.35148,0.00036871,0.12264,0.15671
-28.52,59.7,0.79367,0.33467,0.00021645,0.12264,0.14368
-25.59,59.7,0.79174,0.31475,0.00025199,0.12264,0.099319
52.75,59.7,0.98758,0.02241,2.5446e-06,0.12264,0.069673
57.32,59.7,0.99385,0.008645,2.5463e-07,0.39817,0.16778
62.55,59.7,0.99245,0.014891,3.7292e-13,0.12264,0.18483
69.02,59.7,0.99352,0.0099452,1.2752e-14,0.3655,0.18516
-69.02,62.21,0.95015,0.066477,0.0063412,0.12264,0.33154
-62.55,62.21,0.92994,0.10997,0.00096405,0.12264,0.48361
-57.32,62.21,0.90084,0.16878,0.00259,0.12264,0.59869
-52.75,62.21,0.91175,0.16498,0.00019482,0.12264,0.48498
-48.63,62.21,0.91004,0.17775,4.1696e-05,0.12264,0.40247
-44.82,62.21,0.89529,0.21102,3.9926e-05,0.12264,0.35562
-41.25,62.21,0.87685,0.24916,5.3833e-05,0.12264,0.29753
-37.87,62.21,0.85896,0.28393,0.0001389,0.12264,0.21394
-34.64,62.21,0.83862,0.31589,0.00059952,0.12264,0.14891
-31.53,62.21,0.84167,0.28953,0.0006666,0.12264,0.088866
-28.52,62.21,0.83279,0.27935,0.00038727,0.12264,0.084441
-25.59,62.21,0.82623,0.26906,0.00038076,0.12264,0.056205
34.64,62.21,1,0,0,0,0
52.75,62.21,0.98775,0.022354,2.5404e-05,0.12264,0.042796
57.32,62.21,0.99092,0.018046,9.1848e-08,0.12264,0.13186
62.55,62.21,0.99399,0.011108,5.0764e-12,0.19026,0.14799
69.02,62.21,0.99412,0.008683,1.7732e-12,0.43091,0.1582
-69.02,64.72,1,0,0,0.12264,0.35595
-62.55,64.72,0.93104,0.10651,0.001152,0.12264,0.50557
-57.32,64.72,0.91323,0.14767,0.0017714,0.12264,0.57447
-52.75,64.72,0.9256,0.14005,0.00010019,0.12264,0.45117
-48.63,64.72,0.92647,0.1474,2.7981e-05,0.12264,0.35714
-44.82,64.72,0.9163,0.17263,3.0934e-05,0.12264,0.29929
-41.25,64.72,0.89636,0.21379,5.3307e-05,0.12264,0.26836
-37.87,64.72,0.88545,0.23656,0.00014612,0.12264,0.17004
-34.64,64.72,1,0,0,0.12264,0.096517
-31.53,64.72,0.87292,0.23773,0.0011105,0.12264,0.034389
31.53,64.72,1,0,0,0,0
52.75,64.72,1,0,0,0,0
57.32,64.72,0.99096,0.018419,6.4279e-07,0.12264,0.10162
62.55,64.72,0.99596,0.0060983,6.2808e-10,0.41383,0.11011
69.02,64.72,0.99217,0.013815,1.8427e-12,0.24635,0.13415
-69.02,67.23,0.95063,0.064703,0.0070848,0.12264,0.38043
-62.55,67.23,0.93178,0.10383,0.0014902,0.12264,0.52816
-57.32,67.23,0.9235,0.12984,0.0012873,0.12264,0.55417
-52.75,67.23,0.93678,0.11936,7.0551e-05,0.12264,0.42193
-48.63,67.23,0.9395,0.12231,2.4616e-05,0.12264,0.31586
-44.82,67.23,0.93303,0.14034,3.4537e-05,0.12264,0.24458
-41.25,67.23,0.91632,0.17603,5.9568e-05,0.12264,0.21953
-37.87,67.23,0.90466,0.19943,0.00014189,0.12264,0.14483
-34.64,67.23,0.8978,0.2093,0.0010707,0.12264,0.045085
52.75,67.23,1,0,0,0,0
57.32,67.23,1,0,0,0.12264,0.059786
62.55,67.23,0.99506,0.0092269,1.0621e-10,0.22251,0.072201
69.02,67.23,0.99399,0.0088098,1.1796e-08,0.48518,0.109
-69.02,69.74,0.95234,0.063796,0.007154,0.12264,0.38608
-62.55,69.74,0.93219,0.10184,0.0021798,0.12264,0.55126
-57.32,69.74,0.9319,0.11505,0.0010335,0.12264,0.53824
-52.75,69.74,0.94563,0.10259,6.0468e-05,0.12264,0.39829
-48.63,69.74,0.9496,0.10221,2.4718e-05,0.12264,0.28049
-44.82,69.74,0.946,0.11415,4.9598e-05,0.12264,0.19295
-41.25,69.74,0.93337,0.14215,8.5081e-05,0.12264,0.16314
-37.87,69.74,0.92323,0.16202,0.00017981,0.12264,0.10218
-34.64,69.74,0.91454,0.17396,0.00068684,0.12264,0.03918
28.52,69.74,1,0,0,0,0
57.32,69.74,0.99113,0.020619,3.5966e-06,0.078247,0.026452
62.55,69.74,0.99439,0.012084,9.9533e-11,0.12429,0.03426
69.02,69.74,1,0,0,0.93218,0.087512
-69.02,72.25,0.95591,0.060042,0.0073275,0.12264,0.37304
-62.55,72.25,0.93293,0.099532,0.0032987,0.12264,0.57083
-57.32,72.25,0.93867,0.103,0.00093337,0.12264,0.5271
-52.75,72.25,0.95249,0.089324,5.8255e-05,0.12264,0.38133
-48.63,72.25,0.95719,0.086668,2.7226e-05,0.12264,0.25356
-44.82,72.25,0.95574,0.093752,8.0996e-05,0.12264,0.14773
-41.25,72.25,0.94712,0.11368,0.00015986,0.12264,0.10146
-37.87,72.25,0.9388,0.12937,0.0002989,0.12264,0.052671
57.32,72.25,1,0,0,0.032035,0.017683
62.55,72.25,1,0,0,0,0
69.02,72.25,1,0,0,0.69616,0.062299
-69.02,74.76,0.95916,0.056476,0.0076185,0.12264,0.36078
-62.55,74.76,0.94097,0.08681,0.0026314,0.12264,0.53948
-57.32,74.76,0.94404,0.093361,0.00095185,0.12264,0.52106
-52.75,74.76,0.95768,0.0791,6.1256e-05,0.12264,0.37199
-48.63,74.76,0.96266,0.075133,3.1152e-05,0.12264,0.23798
-44.82,74.76,0.96259,0.078912,0.00011988,0.12264,0.1167
-41.25,74.76,0.95747,0.091509,0.0003725,0.12264,0.040035
-37.87,74.76,0.93631,0.1424,0.0018254,0,0.019184
62.55,74.76,0.99492,0.012098,2.9835e-11,0.12264,0.015577
69.02,74.76,0.99289,0.013517,4.4356e-08,0.2719,0.038902
-69.02,77.27,0.96211,0.053163,0.0080124,0.12264,0.34941
-62.55,77.27,0.94843,0.075007,0.0021544,0.12264,0.50333
-57.32,77.27,0.94821,0.085833,0.0010921,0.12264,0.52033
-52.75,77.27,0.96147,0.071468,6.9697e-05,0.12264,0.37083
-48.63,77.27,0.96637,0.067013,3.5388e-05,0.12264,0.23601
-44.82,77.27,0.96674,0.069484,0.00012872,0.12264,0.11234
-41.25,77.27,0.95255,0.10893,0.0021945,0,0.023358
28.52,77.27,1,0,0,0,0
62.55,77.27,0.99501,0.012686,3.6633e-12,0.12264,0.044164
69.02,77.27,1,0,0,0.018532,0.0099933
-69.02,79.78,0.965,0.049823,0.0085094,0.12264,0.33625
-62.55,79.78,0.95465,0.06503,0.0019789,0.12264,0.46698
-57.32,79.78,0.95135,0.080145,0.0013937,0.12264,0.5249
-52.75,79.78,0.96408,0.06602,8.5771e-05,0.12264,0.37795
-48.63,79.78,0.96865,0.06168,4.0609e-05,0.12264,0.24799
-44.82,79.78,0.96874,0.064379,0.00010015,0.12264,0.13722
-41.25,79.78,1,0,0,0.12264,0.065664
62.55,79.78,0.99566,0.011731,5.7672e-13,0.12264,0.021921
-69.02,82.29,0.96768,0.046699,0.0091076,0.12264,0.32304
-62.55,82.29,1,0,0,0.12264,0.43045
-57.32,82.29,0.95732,0.070216,0.0010064,0.12264,0.5032
-52.75,82.29,0.96568,0.062414,0.00011508,0.12264,0.39288
-48.63,82.29,0.96977,0.058544,5.0166e-05,0.12264,0.27207
-44.82,82.29,0.96942,0.061828,7.3923e-05,0.12264,0.17956
-41.25,82.29,0.96597,0.070307,0.00015451,0.12264,0.11507
-37.87,82.29,0.96475,0.06992,0.00016518,0.12264,0.053019
62.55,82.29,0.99471,0.017499,6.4851e-10,0,0.01558
-69.02,84.8,0.97007,0.043923,0.0098033,0.12264,0.3109
-62.55,84.8,1,0,0,0.12264,0.39376
-57.32,84.8,0.96403,0.059257,0.00056223,0.12264,0.46656
-52.75,84.8,0.96641,0.060378,0.00017379,0.12264,0.41478
-48.63,84.8,0.96996,0.057137,6.9699e-05,0.12264,0.30538
-44.82,84.8,0.96927,0.060811,6.7258e-05,0.12264,0.22965
-41.25,84.8,0.96717,0.066047,9.4021e-05,0.12264,0.16571
-37.87,84.8,0.96509,0.067403,8.5051e-05,0.12264,0.11705
-34.64,84.8,0.96132,0.068503,0.00013689,0.12264,0.068115
69.02,84.8,0.99544,0.011391,8.9953e-11,0.16703,0.032915
-69.02,87.31,0.97239,0.041194,0.010628,0.12264,0.29672
-62.55,87.31,1,0,0,0.12264,0.35693
-57.32,87.31,0.96964,0.050152,0.0003782,0.12264,0.43034
-52.75,87.31,0.96635,0.059711,0.0003183,0.12264,0.44258
-48.63,87.31,0.96934,0.057146,0.00011366,0.12264,0.34523
-44.82,87.31,0.96872,0.060459,8.3271e-05,0.12264,0.27942
-41.25,87.31,0.9676,0.063452,7.6183e-05,0.12264,0.21699
-37.87,87.31,0.96518,0.065445,6.2964e-05,0.12264,0.17475
-34.64,87.31,0.96247,0.064494,0.0001154,0.12264,0.11101
-31.53,87.31,0.95837,0.063465,0.0010271,0.12264,0.029549
69.02,87.31,0.99557,0.011744,3.874e-11,0.14806,0.055125
-69.02,89.82,0.97469,0.038436,0.011626,0.12264,0.27906
-62.55,89.82,0.97509,0.037024,0.0017329,0.12264,0.31997
-57.32,89.82,0.97425,0.042686,0.00030589,0.12264,0.39472
-52.75,89.82,0.96556,0.060282,0.00074615,0.12264,0.47522
-48.63,89.82,0.96796,0.058387,0.00025268,0.12264,0.38959
-44.82,89.82,0.96766,0.060947,0.0001538,0.12264,0.32969
-41.25,89.82,0.96716,0.062623,9.262e-05,0.12264,0.27134
-37.87,89.82,0.9649,0.064308,6.8239e-05,0.12264,0.22932
-34.64,89.82,0.96417,0.060093,0.00012208,0.12264,0.14195
-31.53,89.82,1,0,0,0.12264,0.041371
-28.52,89.82,1,0,0,0,0
25.59,89.82,0,1,0,0,0
69.02,89.82,0.99624,0.010397,1.3623e-11,0.14368,0.025756
-69.02,92.33,0.97667,0.036076,0.012779,0.12264,0.26247
-62.55,92.33,0.97889,0.032328,0.0016722,0.12264,0.28291
-57.32,92.33,0.97798,0.036649,0.00027822,0.12264,0.35994
-52.75,92.33,0.96806,0.05533,0.00074771,0.12264,0.46955
-48.63,92.33,0.96582,0.060757,0.0007796,0.12264,0.43706
-44.82,92.33,0.96605,0.062327,0.0004521,0.12264,0.38054
-41.25,92.33,0.96581,0.063508,0.00022788,0.12264,0.32896
-37.87,92.33,0.96713,0.059076,8.271e-05,0.12264,0.24813
-34.64,92.33,0.96793,0.052924,0.00014709,0.12264,0.1421
-31.53,92.33,0.96516,0.050842,0.0012771,0.12264,0.040094
-69.02,94.84,0.97863,0.033671,0.0142,0.12264,0.2414
-62.55,94.84,0.98173,0.028715,0.001784,0.12264,0.24575
-57.32,94.84,0.98094,0.031843,0.00027563,0.12264,0.32633
-52.75,94.84,0.97197,0.048048,0.00048829,0.12264,0.44104
-48.63,94.84,0.96292,0.064199,0.0024191,0.12264,0.48667
-44.82,94.84,0.96386,0.064596,0.00142,0.12264,0.43189
-41.25,94.84,0.96614,0.06154,0.00047805,0.12264,0.36177
-37.87,94.84,0.97016,0.052814,9.5921e-05,0.12264,0.25204
-34.64,94.84,0.97089,0.047517,0.00016487,0.12264,0.14883
-31.53,94.84,0.96808,0.046614,0.00091321,0.12264,0.059662
-69.02,97.35,0.98063,0.03111,0.016045,0.12264,0.21331
-62.55,97.35,0.98383,0.026003,0.0020817,0.12264,0.20853
-57.32,97.35,0.98323,0.028089,0.000296,0.12264,0.29435
-52.75,97.35,0.97516,0.042026,0.00039951,0.12264,0.41241
-48.63,97.35,0.96031,0.066902,0.0050686,0.12264,0.52774
-44.82,97.35,0.96103,0.067808,0.0036719,0.12264,0.4841
-41.25,97.35,0.96788,0.057348,0.00065087,0.12264,0.37524
-37.87,97.35,0.97164,0.049487,0.00012822,0.12264,0.27187
-34.64,97.35,0.9719,0.045564,0.00017172,0.12264,0.18154
-31.53,97.35,0.96988,0.044226,0.00063147,0.12264,0.093084
-28.52,97.35,1,0,0,0,0
25.59,97.35,1,0,0,0,0
-69.02,99.86,0.98234,0.028904,0.018293,0.12264,0.18523
-62.55,99.86,0.98533,0.024068,0.0026376,0.12264,0.17129
-57.32,99.86,0.98494,0.025235,0.0003436,0.12264,0.26464
-52.75,99.86,0.97767,0.037174,0.00041693,0.12264,0.38447
-48.63,99.86,0.964,0.059386,0.0040284,0.12264,0.50406
-44.82,99.86,0.96106,0.066285,0.0052315,0.12264,0.50578
-41.25,99.86,0.96881,0.054744,0.0010143,0.12264,0.39465
-37.87,99.86,0.97344,0.045861,0.00016441,0.12264,0.28386
-34.64,99.86,0.97504,0.040458,0.0001851,0.12264,0.17812
-31.53,99.86,0.97443,0.038043,0.00056382,0.12264,0.076675
14.48,99.86,1,0,0,0,0
17.19,99.86,1,0,0,0,0
-69.02,102.37,0.98384,0.026935,0.021092,0.12264,0.15607
-62.55,102.37,0.98631,0.022841,0.0035905,0.12264,0.13407
-57.32,102.37,0.9862,0.023108,0.00042554,0.12264,0.23713
-52.75,102.37,0.97949,0.033523,0.00052935,0.12264,0.35964
-48.63,102.37,0.96683,0.05328,0.0033181,0.12264,0.481
-44.82,102.37,0.96249,0.06267,0.0060681,0.12264,0.51251
-41.25,102.37,0.97108,0.050083,0.0010625,0.12264,0.39547
-37.87,102.37,0.97576,0.041567,0.00019015,0.12264,0.28454
-34.64,102.37,0.97759,0.03644,0.00019653,0.12264,0.17852
-31.53,102.37,0.97756,0.033978,0.00046086,0.12264,0.076516
17.19,102.37,1,0,0,0,0
22.74,102.37,1,0,0,0,0
-69.02,104.88,0.98513,0.025207,0.024551,0.12264,0.12676
-62.55,104.88,0.9868,0.02232,0.0051608,0.12264,0.097004
-57.32,104.88,0.9872,0.021381,0.00055582,0.12264,0.20781
-52.75,104.88,1,0,0,0.12264,0.33762
-48.63,104.88,0.96894,0.048366,0.0030266,0.12264,0.45789
-44.82,104.88,0.96856,0.051839,0.0035402,0.12264,0.46807
-41.25,104.88,0.97266,0.046761,0.0012667,0.12264,0.40146
-37.87,104.88,0.97728,0.038746,0.00023913,0.12264,0.29319
-34.64,104.88,0.97911,0.034151,0.00020867,0.12264,0.19253
-31.53,104.88,0.97891,0.032575,0.00034707,0.12264,0.10598
-28.52,104.88,0.97772,0.033437,0.00055658,0.12264,0.045834
22.74,104.88,1,0,0,0,0
-69.02,107.39,0.98626,0.023672,0.028807,0.12264,0.09739
-62.55,107.39,1,0,0,0.12264,0.060479
-57.32,107.39,0.98779,0.020309,0.00074984,0.12264,0.18316
-52.75,107.39,0.98264,0.027528,0.00085488,0.12264,0.31328
-48.63,107.39,1,0,0,0.12264,0.42878
-44.82,107.39,0.97464,0.041247,0.0015012,0.12264,0.4097
-41.25,107.39,0.97496,0.042417,0.0012098,0.12264,0.39511
-37.87,107.39,0.97767,0.037922,0.00036164,0.12264,0.31676
-34.64,107.39,0.97928,0.034121,0.00023748,0.12264,0.22806
-31.53,107.39,0.97957,0.032216,0.00028483,0.12264,0.144
-28.52,107.39,0.98061,0.03005,0.00040571,0.12264,0.04538
19.94,107.39,1,0,0,0,0
22.74,107.39,1,1,0,0,0
-69.02,109.9,0.98725,0.02229,0.033998,0.12264,0.067983
-62.55,109.9,0.98809,0.020515,0.011022,0.12264,0.026954
-57.32,109.9,0.98809,0.019708,0.0010347,0.12264,0.16096
-52.75,109.9,0.98412,0.024939,0.00097848,0.12264,0.28895
-48.63,109.9,1,0,0,0.12264,0.38279
-44.82,109.9,0.97954,0.032806,0.0008615,0.12264,0.35144
-41.25,109.9,0.9803,0.033133,0.00054353,0.12264,0.33475
-37.87,109.9,0.97889,0.035792,0.00046718,0.12264,0.32462
-34.64,109.9,0.98016,0.032972,0.00027858,0.12264,0.24735
-31.53,109.9,0.98175,0.029423,0.00026142,0.12264,0.14549
-28.52,109.9,0.9829,0.027298,0.00031328,0.12264,0.047595
17.19,109.9,1,1,0,0,0
-69.02,112.41,0.98813,0.021031,0.040257,0.12264,0.038551
-62.55,112.41,0.98795,0.02127,0.012567,0.0963,0.017624
-57.32,112.41,0.9882,0.019391,0.0014763,0.12264,0.13732
-52.75,112.41,0.98543,0.022647,0.0011445,0.12264,0.25853
-48.63,112.41,0.98053,0.02902,0.0019055,0.12264,0.32984
-44.82,112.41,0.98345,0.026163,0.00081358,0.12264,0.29341
-41.25,112.41,0.98433,0.026105,0.00048279,0.12264,0.27562
-37.87,112.41,0.98375,0.027606,0.00034932,0.12264,0.2598
-34.64,112.41,0.98178,0.030607,0.00031463,0.12264,0.24959
-31.53,112.41,0.98352,0.027158,0.00025213,0.12264,0.14911
-28.52,112.41,0.98457,0.025338,0.00025289,0.12264,0.057305
-69.02,114.92,0.98892,0.019878,0.047704,0.12264,0.0091379
-57.32,114.92,0.98808,0.019419,0.0021845,0.12264,0.11339
-52.75,114.92,0.98636,0.020991,0.0014132,0.12264,0.22753
-48.63,114.92,0.9843,0.023449,0.0017438,0.12264,0.27605
-44.82,114.92,0.9865,0.021035,0.00091577,0.12264,0.23587
-41.25,114.92,0.98737,0.020823,0.00054686,0.12264,0.21764
-37.87,114.92,0.98734,0.021494,0.00037442,0.12264,0.19493
-34.64,114.92,0.98525,0.025087,0.00031178,0.12264,0.20527
-31.53,114.92,0.98396,0.026993,0.00026359,0.12264,0.17906
-28.52,114.92,0.9852,0.024967,0.00021139,0.12264,0.090329
-25.59,114.92,0.98124,0.036172,0.00019342,0,0.020311
19.94,114.92,0,1,0,0,0
69.02,114.92,1,0,0,0,0
-57.32,117.43,0.98786,0.019593,0.0034425,0.12264,0.083176
-52.75,117.43,0.98692,0.019916,0.0018972,0.12264,0.19607
-48.63,117.43,0.98697,0.019426,0.0018369,0.12264,0.22198
-44.82,117.43,0.98882,0.017161,0.0011199,0.12264,0.17937
-41.25,117.43,0.98976,0.016708,0.00067186,0.12264,0.1569
-37.87,117.43,0.98999,0.016984,0.00045411,0.12264,0.13003
-34.64,117.43,0.98858,0.01963,0.00033529,0.12264,0.14035
-31.53,117.43,0.98629,0.023573,0.00026943,0.12264,0.15765
-28.52,117.43,0.98729,0.022002,0.00021094,0.12264,0.073091
-57.32,119.94,0.98725,0.020366,0.0055206,0.12264,0.05786
-52.75,119.94,0.98749,0.018839,0.0027853,0.12264,0.15187
-48.63,119.94,0.9889,0.016494,0.0022015,0.12264,0.16787
-44.82,119.94,0.99054,0.014311,0.0014915,0.12264,0.12539
-41.25,119.94,0.99152,0.013706,0.00087401,0.12264,0.098281
-37.87,119.94,0.99193,0.013683,0.00058849,0.12264,0.06513
-34.64,119.94,0.99092,0.015757,0.00039798,0.12264,0.079229
-31.53,119.94,0.98901,0.019263,0.00028431,0.12264,0.10832
-28.52,119.94,0.98934,0.018908,0.0002266,0.12264,0.042784
44.82,119.94,0.99355,0.03064,5.5597e-08,0.12264,0.035581
69.02,119.94,0.99618,0.012716,8.2826e-07,0.11318,0.024797
-57.32,122.45,0.98248,0.030288,0.012411,0,0.023237
-52.75,122.45,0.98759,0.018435,0.0042909,0.12264,0.11127
-48.63,122.45,0.99034,0.01431,0.0029105,0.12264,0.11376
-44.82,122.45,0.99171,0.012336,0.0021236,0.12264,0.078985
-41.25,122.45,0.99271,0.011706,0.0011768,0.12264,0.05007
-34.64,122.45,0.9925,0.013146,0.00048951,0.12264,0.027511
-31.53,122.45,0.99114,0.015819,0.00032242,0.12264,0.05619
-28.52,122.45,0.98773,0.025044,0.00026442,0,0.018857
17.19,122.45,0.94644,0.13733,0.0033679,0.34739,0.042926
19.94,122.45,0.91888,0.25819,0.00039177,0,0.01727
41.25,122.45,0.99206,0.029175,4.9583e-09,0.12264,0.045905
44.82,122.45,0.99321,0.029214,7.1755e-07,0.12264,0.037324
48.63,122.45,1,0,0,0,0
69.02,122.45,0.99654,0.01155,8.2852e-07,0.11318,0.029529
-57.32,124.96,1,0,0,0,0
-52.75,124.96,1,0,0,0.12264,0.067959
-48.63,124.96,0.99149,0.012627,0.0040818,0.12264,0.059836
-44.82,124.96,0.9926,0.010802,0.0032664,0.12264,0.0328
-31.53,124.96,0.99246,0.013695,0.00037193,0.12264,0.022311
17.19,124.96,1,0,0,0.3774,0.043365
41.25,124.96,0.99168,0.029309,1.2376e-08,0.12264,0.081005
44.82,124.96,1,0,0,0.12264,0.042943
48.63,124.96,1,0,0,0,0
52.75,124.96,1,1,0,0,0
57.32,124.96,1,0,0,0,0
69.02,124.96,0.99686,0.010442,1.0871e-06,0.11318,0.029316
-52.75,127.47,0.98912,0.016296,0.0086761,0.12264,0.026992
-44.82,127.47,1,0,0,0,0
41.25,127.47,0.99263,0.024943,8.8845e-09,0.12264,0.056972
44.82,127.47,1,0,0,0.12264,0.048981
48.63,127.47,1,0,0,0.45691,0.015252
52.75,127.47,1,0,0,0,0
57.32,127.47,1,0,0,0,0
62.55,127.47,1,0,0,0,0
44.82,129.98,1,0,0,0.12264,0.043451
48.63,129.98,1,0,0,0.64722,0.042294
44.82,132.49,1,0,0,0.12264,0.089804
48.63,132.49,1,0,0,0.43919,0.031983
52.75,132.49,1,0,0,0,0
31.53,135,1,0,0,0,0
44.82,135,0.99539,0.015166,3.015e-08,0.12264,0.067649
52.75,135,1,0,0,0,0
57.32,135,1,0,0,0,0
62.55,135,1,0,0,0.12264,0.027178
44.82,137.51,1,0,0,0,0
48.63,137.51,0.99804,0.010969,2.5034e-07,0.1942,0.044551
52.75,137.51,1,0,0,0,0
57.32,137.51,1,0,0,0,0
62.55,137.51,0.99773,0.0086718,3.2243e-05,0.12269,0.05965
44.82,140.02,1,0,0,0.12264,0.026136
48.63,140.02,1,0,0,0.41331,0.041619
52.75,140.02,1,0,0,0,0
57.32,140.02,1,0,0,0,0
62.55,140.02,0.99794,0.007337,1.7725e-05,0.14762,0.096405
44.82,142.53,1,0,0,0.12264,0.084303
48.63,142.53,1,0,0,0,0
52.75,142.53,0.99879,0.0053132,0.00013469,0.34577,0.014285
57.32,142.53,1,0,0,0.12264,0.032298
62.55,142.53,0.99805,0.0065228,1.0592e-05,0.17003,0.13059
44.82,145.04,1,0,0,0.12264,0.065036
48.63,145.04,1,0,0,0.2514,0.043064
52.75,145.04,1,0,0,0.3434,0.017538
57.32,145.04,1,0,0,0.12264,0.059968
62.55,145.04,0.99859,0.0036567,3.624e-05,0.36739,0.16538
44.82,147.55,1,0,0,0.12264,0.042746
48.63,147.55,1,0,0,0.12264,0.043651
57.32,147.55,0.99806,0.0059846,7.978e-05,0.12264,0.078896
62.55,147.55,0.99859,0.0036403,2.2149e-05,0.34948,0.17676
44.82,150.06,0.99742,0.0071828,9.6878e-06,0.12264,0.029001
48.63,150.06,1,0,0,0.12264,0.050008
57.32,150.06,0.99819,0.0055556,2.4759e-05,0.12264,0.097393
62.55,150.06,0.99847,0.0042021,9.4168e-06,0.27774,0.17689
48.63,152.57,1,0,0,0.12264,0.076407
57.32,152.57,0.9982,0.00544,1.3212e-05,0.12264,0.11049
62.55,152.57,0.99795,0.0065888,2.9952e-06,0.12264,0.16153
48.63,155.08,0.99671,0.010419,2.2771e-06,0,0.087842
57.32,155.08,0.99811,0.0055799,1.1609e-05,0.12264,0.11778
62.55,155.08,0.99819,0.0055978,5.742e-06,0.15129,0.14672
48.63,157.59,0.99712,0.0090515,6.5004e-06,0,0.061644
57.32,157.59,0.99774,0.0064234,9.3088e-06,0.12264,0.14087
62.55,157.59,0.99888,0.0027361,5.086e-05,0.37832,0.12662
69.02,157.59,1,0,0,0,0
48.63,160.1,0.99701,0.0090363,1.1091e-05,0,0.054875
57.32,160.1,0.99731,0.0073214,1.6519e-05,0.12264,0.14284
62.55,160.1,0.99866,0.0036485,2.8368e-05,0.26048,0.11437
48.63,162.61,1,0,0,0.12264,0.022429
52.75,162.61,0.99749,0.0073859,0.00040335,0,0.016592
57.32,162.61,0.99659,0.0088379,3.8496e-05,0.12264,0.14336
62.55,162.61,0.99821,0.005335,1.6234e-05,0.14625,0.11199
69.02,162.61,1,0,0,0,0
48.63,165.12,0.99739,0.0061245,3.3373e-05,0.12264,0.034776
52.75,165.12,1,0,0,0.12264,0.052137
57.32,165.12,1,0,0,0.42732,0.15521
62.55,165.12,0.99809,0.0056083,1.6756e-05,0.13527,0.11221
48.63,167.63,1,0,0,0,0
52.75,167.63,0.99719,0.0064843,1.229e-05,0.12264,0.099012
57.32,167.63,0.99739,0.0042762,0.00076046,0.53328,0.17899
62.55,167.63,0.99822,0.0050118,2.075e-05,0.16716,0.11228
48.63,170.14,1,0,0,0,0
52.75,170.14,0.99681,0.0072228,5.8734e-06,0.12264,0.12381
57.32,170.14,1,0,0,0.65355,0.21067
62.55,170.14,0.99831,0.0047032,2.5819e-05,0.16627,0.095479
52.75,172.65,0.99671,0.0073214,7.2184e-06,0.12765,0.12358
57.32,172.65,0.99701,0.0055252,6.3957e-05,0.37498,0.21126
62.55,172.65,0.99844,0.0042969,2.9628e-05,0.17089,0.081424
48.63,175.16,1,0,0,0,0
52.75,175.16,1,0,0,0.14653,0.12353
57.32,175.16,0.99626,0.0085188,1.2722e-05,0.15849,0.19539
62.55,175.16,0.99903,0.0022739,0.00012171,0.35717,0.056161
52.75,177.67,0.99716,0.0061301,3.6552e-06,0.15021,0.11954
57.32,177.67,0.99655,0.0081974,5.8022e-06,0.12264,0.18721
62.55,177.67,0.99924,0.0015748,0.00047568,0.48826,0.02206
