-62.55,-166.2,1,0,0
-69.02,-161.18,1,0,0
-62.55,-161.18,1,0,0
-69.02,-158.67,1,0,0
-62.55,-158.67,1,0,0
-62.55,-156.16,1,0,0
-62.55,-153.65,1,0,0
-62.55,-146.12,1,0,0
69.02,-141.1,0.99109,0.011352,5.6736e-06
69.02,-126.04,1,0,0
69.02,-121.02,1,0,0
-69.02,-95.92,0.98651,0.027486,0.00077594
69.02,-90.9,0.9941,0.0046933,1.0843e-05
-69.02,-85.88,0.98383,0.05535,6.8142e-06
48.63,-85.88,0.99475,0.0083363,1.5353e-22
52.75,-85.88,0.95968,0.009875,5.7856e-05
62.55,-85.88,1,0,0
69.02,-85.88,1,0,0
-69.02,-83.37,0.97855,0.11652,9.1288e-08
48.63,-83.37,0.98972,0.058819,1.4697e-31
52.75,-83.37,1,0,0
57.32,-83.37,1,0,0
62.55,-83.37,1,0,0
69.02,-83.37,0.99158,0.043947,4.9763e-53
-69.02,-80.86,0.96947,0.15875,1.1424e-07
44.82,-80.86,0.99096,0.05628,6.7577e-32
48.63,-80.86,0.97811,0.11646,9.341e-32
52.75,-80.86,0.95878,0.14664,3.701e-33
57.32,-80.86,1,0,0
62.55,-80.86,0.99563,0.053127,6.1607e-46
69.02,-80.86,0.99259,0.047405,3.5836e-53
-69.02,-78.35,0.95793,0.20176,1.7904e-07
41.25,-78.35,0.97505,0.10426,3.3018e-32
44.82,-78.35,0.98226,0.025981,1.9226e-16
48.63,-78.35,0.96508,0.12512,9.2849e-27
52.75,-78.35,0.93839,0.24533,1.4201e-35
57.32,-78.35,1,0,0
62.55,-78.35,0.99631,0.060811,1.8634e-50
69.02,-78.35,0.99179,0.056818,1.2799e-52
-69.02,-75.84,0.96214,0.18962,1.4882e-07
37.87,-75.84,0,1,0
41.25,-75.84,0.95702,0.16186,1.7883e-32
44.82,-75.84,0.96618,0.040473,1.9507e-08
48.63,-75.84,0.9009,0.090941,1.0164e-12
52.75,-75.84,0.87741,0.41318,3.4097e-36
57.32,-75.84,0.99294,0.1557,1.4747e-46
62.55,-75.84,0.99627,0.071444,3.4504e-52
69.02,-75.84,0.98918,0.072856,6.2603e-52
-69.02,-73.33,0.97284,0.11338,1.2386e-06
25.59,-73.33,1,0,0
28.52,-73.33,0.96936,0.15962,1.6974e-19
31.53,-73.33,0.96479,0.27333,1.8292e-20
34.64,-73.33,0.92616,0.45872,2.0447e-25
37.87,-73.33,1,0,0
41.25,-73.33,1,0,0
44.82,-73.33,1,0,0
48.63,-73.33,0.9006,0.094043,3.6683e-09
52.75,-73.33,0.70795,0.42406,4.5215e-26
57.32,-73.33,0.99014,0.30161,1.0632e-44
62.55,-73.33,0.99677,0.05945,6.5712e-49
69.02,-73.33,0.99134,0.067501,1.9068e-51
-69.02,-70.82,0.97814,0.067226,0.00015483
22.74,-70.82,0.91854,0.19187,2.8354e-09
25.59,-70.82,0.91039,0.35863,1.086e-20
28.52,-70.82,0.94214,0.30259,6.6559e-20
31.53,-70.82,0.94889,0.23116,9.7821e-15
34.64,-70.82,1,0,0
37.87,-70.82,0,1,0
41.25,-70.82,1,0,0
44.82,-70.82,1,0,0
48.63,-70.82,1,0,0
52.75,-70.82,0,1,0
57.32,-70.82,1,1,0
62.55,-70.82,0.9955,0.045731,1.3587e-25
69.02,-70.82,0.99585,0.024664,3.608e-31
22.74,-68.31,0.87012,0.17923,7.012e-05
31.53,-68.31,1,0,0
34.64,-68.31,1,1,0
37.87,-68.31,1,0,0
41.25,-68.31,1,0,0
44.82,-68.31,1,0,0
48.63,-68.31,1,0,0
52.75,-68.31,0.80059,0.19189,4.8161e-06
57.32,-68.31,1,0,0
62.55,-68.31,0.9834,0.045482,2.8612e-06
69.02,-68.31,0.99469,0.011474,1.7889e-11
22.74,-65.8,1,0,0
31.53,-65.8,1,0,0
34.64,-65.8,1,0,0
41.25,-65.8,1,0,0
48.63,-65.8,1,0,0
52.75,-65.8,1,0,0
57.32,-65.8,0.97345,0.11327,0.00024579
62.55,-65.8,0.98973,0.034682,2.1434e-06
69.02,-65.8,0.99346,0.012924,2.5401e-10
48.63,-63.29,0.99878,0.0043488,0.0003936
52.75,-63.29,1,0,0
57.32,-63.29,0.98213,0.057855,6.2333e-05
62.55,-63.29,0.99377,0.025401,1.3006e-06
69.02,-63.29,1,0,0
14.48,-60.78,1,0,0
17.19,-60.78,1,0,0
37.87,-60.78,1,0,0
44.82,-60.78,1,0,0
52.75,-60.78,0.99773,0.01013,5.0348e-08
57.32,-60.78,1,0,0
62.55,-60.78,0.99571,0.019553,1.0101e-06
17.19,-58.27,0,1,0
22.74,-58.27,0,1,0
48.63,-58.27,1,0,0
52.75,-58.27,0.99934,0.0048831,1.161e-07
57.32,-58.27,0.99651,0.012784,7.0111e-07
62.55,-58.27,0.99664,0.016086,1.1078e-06
-57.32,-55.76,1,0,0
-52.75,-55.76,0.97751,0.43231,8.8362e-13
-48.63,-55.76,0.94559,0.35739,1.177e-07
-14.48,-55.76,0.36202,0.72991,1.9787e-16
-11.81,-55.76,0.44228,0.61242,2.3099e-13
-9.16,-55.76,0.54568,0.50707,2.5682e-12
14.48,-55.76,0.80219,0.2278,0.00034643
37.87,-55.76,1,0,0
41.25,-55.76,0.99717,0.007632,2.8497e-06
52.75,-55.76,0.99955,0.0036824,3.0537e-07
57.32,-55.76,0.99947,0.0045223,9.3614e-08
62.55,-55.76,0.99703,0.014245,1.6865e-06
-52.75,-53.25,0.97526,0.51154,7.5476e-12
-48.63,-53.25,0.89694,0.60911,1.962e-11
-44.82,-53.25,0.65046,0.80068,1.296e-08
-17.19,-53.25,0.24155,0.86573,7.4339e-19
-14.48,-53.25,0.34228,0.89252,3.8297e-23
-11.81,-53.25,0.50005,0.74286,2.6158e-20
-6.53,-53.25,0.64936,0.44094,5.1468e-13
14.48,-53.25,0.79039,0.23521,0.00017673
34.64,-53.25,1,0,0
37.87,-53.25,0.99222,0.019467,7.0008e-06
41.25,-53.25,0.99468,0.011875,2.4751e-06
62.55,-53.25,0.99732,0.012716,2.5617e-06
-52.75,-50.74,1,1,0
-48.63,-50.74,1,0,0
-44.82,-50.74,0.55344,0.92847,5.7555e-09
-41.25,-50.74,0.24445,0.87093,5.2274e-08
-37.87,-50.74,1,0,0
-19.94,-50.74,0.11381,0.93629,7.7303e-18
-17.19,-50.74,0.15637,0.93718,2.2688e-18
-14.48,-50.74,0.25749,0.81651,6.0838e-15
31.53,-50.74,1,0,0
34.64,-50.74,0.989,0.033221,7.4821e-05
37.87,-50.74,1,0,0
41.25,-50.74,0.98966,0.018839,4.2869e-06
44.82,-50.74,0.99819,0.0069704,1.8474e-05
48.63,-50.74,1,0,0
62.55,-50.74,0.9973,0.012196,4.6152e-06
69.02,-50.74,0.9997,0.0017146,3.0404e-09
-52.75,-48.23,1,0,0
-44.82,-48.23,0,1,0
-41.25,-48.23,0,1,0
-37.87,-48.23,1,0,0
-34.64,-48.23,0.3873,0.74928,7.5395e-10
-19.94,-48.23,0,1,0
-17.19,-48.23,0.1427,0.72538,0.00032962
-9.16,-48.23,0.50658,0.43234,4.3404e-07
-6.53,-48.23,0.52695,0.43708,3.3325e-07
-3.91,-48.23,0.4902,0.48366,1.2791e-05
-1.3,-48.23,0,1,0
1.3,-48.23,1,0,0
11.81,-48.23,1,0,0
34.64,-48.23,0.97384,0.054926,0.00012519
37.87,-48.23,0.97859,0.035011,2.1155e-05
41.25,-48.23,0.98198,0.028674,1.4111e-05
44.82,-48.23,0.9955,0.013503,3.4234e-05
48.63,-48.23,0.99201,0.017079,3.5319e-05
52.75,-48.23,0.99972,0.0018928,5.8573e-05
57.32,-48.23,0.99992,0.0012714,4.6344e-08
62.55,-48.23,0.99725,0.011721,7.6126e-06
69.02,-48.23,0.99967,0.0017389,3.7471e-09
-44.82,-45.72,1,1,0
-41.25,-45.72,0,1,0
-37.87,-45.72,0.6103,0.44884,3.2459e-05
-34.64,-45.72,0.1817,0.8819,1.7737e-09
-31.53,-45.72,0.12813,0.96934,1.3359e-10
-28.52,-45.72,0,1,0
-25.59,-45.72,0.015245,0.96354,4.9901e-06
-22.74,-45.72,0.023748,0.96388,1.4169e-09
-9.16,-45.72,0.56784,0.38831,2.9903e-07
-6.53,-45.72,0.3288,0.61845,1.5522e-06
-3.91,-45.72,0.34806,0.61132,1.5691e-05
1.3,-45.72,1,0,0
34.64,-45.72,0.97542,0.063886,3.425e-10
37.87,-45.72,0.9477,0.068182,0.00020486
41.25,-45.72,0.96068,0.055698,7.6353e-05
44.82,-45.72,0.98815,0.025886,6.4511e-05
48.63,-45.72,0.99173,0.018561,3.823e-05
52.75,-45.72,0.9993,0.0040822,2.0091e-06
57.32,-45.72,0.99983,0.0018994,2.4556e-07
62.55,-45.72,0.9968,0.012458,1.505e-05
69.02,-45.72,0.99962,0.0018417,1.193e-08
-37.87,-43.21,0.46589,0.61019,6.3046e-06
-34.64,-43.21,0.075139,0.88812,9.4803e-05
-31.53,-43.21,0.044937,0.93297,4.0026e-06
-22.74,-43.21,0,1,0
-19.94,-43.21,0.052009,0.88431,0.00022775
-17.19,-43.21,0.13544,0.7685,7.9506e-05
-14.48,-43.21,0.28088,0.62378,1.5339e-05
-11.81,-43.21,0.45601,0.48175,1.5774e-06
-9.16,-43.21,0.47253,0.48409,8.8234e-07
-6.53,-43.21,0.30614,0.65157,3.6007e-06
-3.91,-43.21,0.37532,0.60107,7.1473e-06
-1.3,-43.21,1,0,0
22.74,-43.21,0,1,0
34.64,-43.21,0.98095,0.074403,2.2143e-24
37.87,-43.21,0.96237,0.048915,9.9269e-05
41.25,-43.21,0.96106,0.056475,9.3951e-05
44.82,-43.21,0.9731,0.047113,0.00013048
48.63,-43.21,0.98713,0.02609,5.6298e-05
52.75,-43.21,0.99775,0.0083699,5.3922e-06
57.32,-43.21,0.99956,0.0033237,1.182e-06
62.55,-43.21,0.99553,0.015352,3.8631e-05
69.02,-43.21,0.99948,0.0022095,5.7142e-08
-34.64,-40.7,0.094254,0.86441,0.00017207
-31.53,-40.7,0,1,0
-28.52,-40.7,0.014515,0.9587,0.00017628
-25.59,-40.7,0,1,0
-19.94,-40.7,0.036767,0.9169,0.00018634
-17.19,-40.7,0.067196,0.87152,0.00018963
-14.48,-40.7,0.16998,0.75802,5.8426e-05
-11.81,-40.7,0.30093,0.64019,1.5538e-05
-9.16,-40.7,0.34817,0.61205,7.528e-06
-6.53,-40.7,0.22923,0.7363,7.154e-05
-3.91,-40.7,0.32285,0.66095,5.5243e-06
-1.3,-40.7,0.54768,0.49145,1.4206e-05
37.87,-40.7,1,0,0
41.25,-40.7,0.97556,0.040045,5.373e-05
44.82,-40.7,0.94593,0.082726,0.00038566
48.63,-40.7,0.9768,0.042168,0.0001105
52.75,-40.7,0.99303,0.017132,1.7602e-05
57.32,-40.7,0.99852,0.0068323,6.1841e-06
62.55,-40.7,0.99287,0.021164,0.00011388
69.02,-40.7,0.99925,0.0028949,3.0004e-07
-31.53,-38.19,0.021965,0.96192,0.00050075
-28.52,-38.19,0.0055191,0.9831,8.8354e-05
-25.59,-38.19,0.012974,0.9723,6.5157e-05
-22.74,-38.19,0.013211,0.96617,0.00010442
-19.94,-38.19,0.020968,0.94789,0.00023384
-17.19,-38.19,0.039272,0.91985,0.00045319
-14.48,-38.19,0.10739,0.84172,0.00036105
-11.81,-38.19,0.20437,0.75091,0.00024931
-9.16,-38.19,0.24476,0.72365,0.00024917
-6.53,-38.19,0.1967,0.77968,0.00054581
-3.91,-38.19,0.28802,0.70667,1.7438e-05
-1.3,-38.19,0.43354,0.59707,4.7857e-06
1.3,-38.19,0.71658,0.36403,9.6479e-07
37.87,-38.19,0.98773,0.04173,1.3794e-20
41.25,-38.19,0.97771,0.039325,5.1952e-05
44.82,-38.19,0.93133,0.10264,0.00070751
48.63,-38.19,0.95836,0.07023,0.0003402
52.75,-38.19,0.98333,0.033393,8.1552e-05
57.32,-38.19,0.99508,0.014405,3.3448e-05
62.55,-38.19,0.98797,0.031225,0.00033887
69.02,-38.19,0.99892,0.0039338,1.384e-06
-31.53,-35.68,0,1,0
-28.52,-35.68,0.0022383,0.99204,0.00013975
-25.59,-35.68,0.0031929,0.98952,0.00010508
-22.74,-35.68,0.0042436,0.98493,0.00022386
-19.94,-35.68,0.01217,0.96645,0.00038567
-17.19,-35.68,0.031226,0.93759,0.001254
-14.48,-35.68,0.078364,0.88573,0.0032133
-11.81,-35.68,0.15616,0.81266,0.0030786
-9.16,-35.68,0.18667,0.79209,0.0030352
-6.53,-35.68,0.20927,0.78032,0.0012576
-3.91,-35.68,0.30397,0.70855,4.2605e-05
-1.3,-35.68,0.48665,0.56994,7.8433e-07
1.3,-35.68,0.76904,0.32823,9.3864e-08
37.87,-35.68,1,0,0
41.25,-35.68,0.98224,0.03542,3.8696e-05
44.82,-35.68,0.95805,0.071331,0.00023927
48.63,-35.68,0.927,0.11418,0.0014498
52.75,-35.68,0.96695,0.060735,0.00045752
57.32,-35.68,0.98713,0.028887,0.00018372
62.55,-35.68,0.97939,0.046998,0.0009074
69.02,-35.68,0.99841,0.0055607,5.7675e-06
-37.87,-33.17,0.096426,0.93571,3.8875e-05
-31.53,-33.17,0.015265,0.97738,0.00058936
-28.52,-33.17,0.0015835,0.99402,0.00052017
-25.59,-33.17,0.0011312,0.99454,0.00030963
-22.74,-33.17,0.0020551,0.99098,0.00070244
-19.94,-33.17,0.0074716,0.97757,0.0014224
-17.19,-33.17,0.02706,0.94852,0.0046321
-14.48,-33.17,0.067443,0.90611,0.013418
-11.81,-33.17,0.1353,0.84425,0.013715
-9.16,-33.17,0.22757,0.76536,0.0043972
-6.53,-33.17,0.3399,0.67994,0.00036507
-3.91,-33.17,0.47703,0.58094,4.5263e-06
-1.3,-33.17,0.67401,0.42625,3.5253e-08
1.3,-33.17,0.8215,0.25124,3.7437e-07
37.87,-33.17,0.98418,0.027523,0.00050604
41.25,-33.17,0.99226,0.022275,1.5073e-05
44.82,-33.17,0.97018,0.057148,0.0001226
48.63,-33.17,0.89605,0.15434,0.0036127
52.75,-33.17,0.95465,0.080559,0.0010735
57.32,-33.17,0.97284,0.05354,0.00081673
62.55,-33.17,0.967,0.066768,0.0019553
69.02,-33.17,0.99758,0.0082617,2.2469e-05
-37.87,-30.66,0.10165,0.93815,1.9716e-05
-34.64,-30.66,0.035921,0.96437,7.0309e-05
-31.53,-30.66,0.0082734,0.98662,0.00046856
-28.52,-30.66,0.0021664,0.99318,0.002322
-25.59,-30.66,0.00069086,0.99607,0.0033793
-22.74,-30.66,0.001632,0.99286,0.0047673
-19.94,-30.66,0.0058854,0.98267,0.0079619
-17.19,-30.66,0.025167,0.9555,0.01442
-14.48,-30.66,0.11511,0.8673,0.0097326
-11.81,-30.66,0.29077,0.70892,0.0041832
-9.16,-30.66,0.37569,0.6445,0.0018734
-6.53,-30.66,0.50991,0.54712,8.9516e-05
-3.91,-30.66,0.66367,0.43131,5.7022e-07
-1.3,-30.66,0.82027,0.29422,1.4037e-09
41.25,-30.66,0.99269,0.023084,1.0703e-05
44.82,-30.66,0.97125,0.057592,0.00010472
48.63,-30.66,0.93639,0.10615,0.0012477
52.75,-30.66,0.97778,0.043333,0.00022678
57.32,-30.66,0.98029,0.039886,0.00047091
62.55,-30.66,0.96729,0.065436,0.0021224
69.02,-30.66,0.99697,0.010288,5.2044e-05
-34.64,-28.15,0.044292,0.96141,2.9952e-05
-31.53,-28.15,0.01074,0.98506,0.00021355
-28.52,-28.15,0,1,0
-25.59,-28.15,0.0017358,0.99358,0.0028808
-22.74,-28.15,0.0020463,0.9926,0.012512
-19.94,-28.15,0.0059052,0.98454,0.023938
-17.19,-28.15,0.039509,0.94393,0.013007
-14.48,-28.15,0.23244,0.77248,0.0034658
-11.81,-28.15,0.52718,0.50289,0.0011617
-9.16,-28.15,0.65395,0.40407,0.0002407
-6.53,-28.15,0.68363,0.40022,2.3951e-05
-3.91,-28.15,0.81562,0.29001,7.4976e-08
37.87,-28.15,0.98899,0.027823,4.1255e-05
41.25,-28.15,0.98547,0.03767,1.511e-05
44.82,-28.15,0.96135,0.073329,0.00016718
48.63,-28.15,0.96976,0.058894,0.00022063
52.75,-28.15,0.99125,0.021494,4.1872e-05
57.32,-28.15,0.99014,0.022428,0.00014204
62.55,-28.15,0.98071,0.04187,0.0011097
69.02,-28.15,0.99722,0.0097769,6.606e-05
-31.53,-25.64,0.041159,0.96228,3.8797e-05
-28.52,-25.64,0.026935,0.97117,0.00023725
-25.59,-25.64,0,1,0
-22.74,-25.64,0.0049966,0.98805,0.0066431
-19.94,-25.64,0.010198,0.98001,0.019634
-17.19,-25.64,0.07363,0.91884,0.0071166
-14.48,-25.64,0.38105,0.65863,0.0014521
-11.81,-25.64,0.7585,0.29476,0.00056792
-9.16,-25.64,0.87895,0.18731,2.8953e-05
-6.53,-25.64,0.86249,0.22402,2.2229e-06
-3.91,-25.64,0.9106,0.18241,1.0217e-08
37.87,-25.64,0.98693,0.036937,1.971e-06
41.25,-25.64,0.97544,0.05568,2.0486e-05
44.82,-25.64,0.94877,0.092017,0.00027985
48.63,-25.64,0.98816,0.029901,3.5428e-05
52.75,-25.64,0.99757,0.0099023,8.4618e-06
57.32,-25.64,0.9958,0.012252,3.8831e-05
62.55,-25.64,0.98898,0.025976,0.0005513
69.02,-25.64,0.99717,0.010137,9.4743e-05
-28.52,-23.13,0.0471,0.95857,5.7711e-05
-25.59,-23.13,0,1,0
-22.74,-23.13,0.01184,0.98087,0.0034615
-19.94,-23.13,0.028444,0.96326,0.0048908
-17.19,-23.13,0.1131,0.89625,0.005178
-14.48,-23.13,0.49992,0.5781,0.0010095
-11.81,-23.13,1,0,0
-9.16,-23.13,0.96383,0.083905,4.7943e-06
-6.53,-23.13,0.96393,0.078712,1.5585e-05
37.87,-23.13,0.98588,0.038475,1.4853e-05
41.25,-23.13,0.98747,0.038108,6.1628e-06
44.82,-23.13,0.97515,0.056225,4.6708e-05
48.63,-23.13,0.9967,0.01408,6.7486e-06
52.75,-23.13,0.99941,0.0044411,1.8595e-06
57.32,-23.13,0.99826,0.0070137,1.1159e-05
62.55,-23.13,0.99391,0.016164,0.0002794
69.02,-23.13,0.99691,0.011131,0.00014267
-28.52,-20.62,0.064244,0.94803,2.4198e-05
-25.59,-20.62,0.042601,0.95605,0.00022666
-22.74,-20.62,0.044177,0.95336,0.00030896
-19.94,-20.62,0.089475,0.92054,0.00048426
-17.19,-20.62,0.21657,0.83597,0.0014771
-14.48,-20.62,0.61637,0.50744,0.0006618
-11.81,-20.62,0.9195,0.15692,0.00029947
-9.16,-20.62,0.97079,0.076179,7.8392e-06
41.25,-20.62,0.99162,0.030797,2.728e-06
44.82,-20.62,0.98931,0.03261,9.7793e-06
48.63,-20.62,0.99918,0.0066708,1.4539e-06
52.75,-20.62,0.99981,0.0021341,4.3123e-07
57.32,-20.62,0.99924,0.0042101,3.1479e-06
62.55,-20.62,0.99659,0.010579,0.00015444
69.02,-20.62,0.99641,0.01274,0.00021764
-28.52,-18.11,0.11215,0.91578,8.6129e-06
-25.59,-18.11,0.09785,0.91746,3.6018e-05
-22.74,-18.11,0.13407,0.89107,4.0914e-05
-19.94,-18.11,0.25195,0.82142,4.1555e-05
-17.19,-18.11,0.40763,0.72462,0.00025934
-14.48,-18.11,0.75282,0.41348,0.00026575
-11.81,-18.11,0.95876,0.11742,6.1614e-05
41.25,-18.11,0.98807,0.039113,3.0351e-06
44.82,-18.11,0.99676,0.015801,2.0182e-06
48.63,-18.11,0.99973,0.0034121,3.2764e-07
57.32,-18.11,0.99956,0.0030181,1.1725e-06
62.55,-18.11,0.99791,0.0076128,9.7569e-05
69.02,-18.11,0.99563,0.014869,0.00032347
-25.59,-15.6,0.23449,0.82182,4.7469e-06
-22.74,-15.6,0.30218,0.78098,6.3555e-06
-19.94,-15.6,0.50219,0.65958,4.2152e-06
-17.19,-15.6,0.62064,0.58678,4.1831e-05
-14.48,-15.6,0.84365,0.34446,0.00010062
-11.81,-15.6,0.97268,0.10565,1.8537e-05
-9.16,-15.6,1,0,0
41.25,-15.6,0.99633,0.019239,6.4073e-07
44.82,-15.6,0.99909,0.007167,4.239e-07
57.32,-15.6,0.99958,0.0028886,1.0425e-06
62.55,-15.6,0.99851,0.0062271,7.4868e-05
69.02,-15.6,0.99459,0.017169,0.00044761
-19.94,-13.09,0.67547,0.48629,1.0894e-05
-17.19,-13.09,0.79677,0.43242,4.7771e-06
-14.48,-13.09,0.92267,0.25361,1.8063e-05
-11.81,-13.09,0.98789,0.062964,6.9782e-05
48.63,-13.09,0.99962,0.0032785,1.1426e-06
52.75,-13.09,0.9997,0.0022186,6.8888e-07
62.55,-13.09,0.9987,0.0059066,7.4697e-05
69.02,-13.09,0.99317,0.019582,0.0005789
-14.48,-10.58,0.96977,0.16619,1.7551e-06
-1.3,-10.58,0.93451,0.33871,1.0899e-13
1.3,-10.58,0.73649,0.70703,3.6682e-15
3.91,-10.58,0.37015,0.78135,4.5151e-07
6.53,-10.58,0.19324,0.86316,6.8084e-08
9.16,-10.58,0.084734,0.92882,1.6615e-09
11.81,-10.58,0.061389,0.96144,5.0469e-15
48.63,-10.58,0.9981,0.0087989,5.3353e-07
52.75,-10.58,0.999,0.0053518,1.132e-06
57.32,-10.58,0.99871,0.0063574,1.1608e-05
62.55,-10.58,0.99867,0.0062078,9.0912e-05
69.02,-10.58,1,0,0
-3.91,-8.07,0.96497,0.26197,1.2382e-13
-1.3,-8.07,0.84226,0.61129,5.4606e-13
1.3,-8.07,0.55202,0.86201,3.3366e-12
3.91,-8.07,0.22684,0.91854,3.1656e-08
6.53,-8.07,0.064174,0.95353,4.525e-05
9.16,-8.07,0.02211,0.97993,3.204e-06
11.81,-8.07,0.048964,0.98508,2.7521e-17
14.48,-8.07,0.037123,0.95032,6.0259e-07
48.63,-8.07,0.99845,0.0070676,2.4035e-07
52.75,-8.07,0.99621,0.012545,8.0433e-06
57.32,-8.07,1,0,0
62.55,-8.07,0.99833,0.007454,0.00014062
69.02,-8.07,0.99642,0.011688,0.00049962
-3.91,-5.56,0.95623,0.32732,5.2955e-12
-1.3,-5.56,0.7605,0.72856,3.4447e-10
1.3,-5.56,0.39422,0.91894,3.3623e-08
3.91,-5.56,0.099743,0.95018,0.0018259
6.53,-5.56,0.022628,0.98205,0.0014353
9.16,-5.56,0.0076288,0.99192,0.00089354
11.81,-5.56,0.013852,0.99395,6.3873e-13
14.48,-5.56,0.032633,0.98105,3.2841e-17
48.63,-5.56,0.9989,0.0043754,3.5724e-05
52.75,-5.56,0.99683,0.010777,6.7335e-06
57.32,-5.56,0.99358,0.017545,6.0742e-05
62.55,-5.56,0.99747,0.009975,0.0002539
69.02,-5.56,1,0,0
-6.53,-3.05,1,0,0
-3.91,-3.05,0.9636,0.33832,2.4893e-11
-1.3,-3.05,0.78353,0.72956,7.1906e-10
1.3,-3.05,0.43772,0.88136,6.9147e-07
3.91,-3.05,0.13194,0.9358,0.00050775
6.53,-3.05,0.02408,0.97954,0.00064691
9.16,-3.05,0.0059071,0.99309,0.00072359
11.81,-3.05,0.004929,0.99676,3.2519e-10
14.48,-3.05,0.023088,0.99277,1.4687e-14
17.19,-3.05,0.049508,0.97457,8.4312e-17
52.75,-3.05,0.99839,0.0064207,2.4158e-06
57.32,-3.05,0.99082,0.02145,0.00010156
62.55,-3.05,0.99555,0.014466,0.00049441
69.02,-3.05,0.9981,0.0056387,0.00032039
-6.53,-0.54,0.98998,0.10089,6.5506e-08
-3.91,-0.54,0.95636,0.43413,6.1698e-10
-1.3,-0.54,0.86945,0.64925,4.9153e-11
1.3,-0.54,0.61948,0.75347,3.5487e-07
3.91,-0.54,0.22467,0.88257,1.8719e-05
6.53,-0.54,0.042688,0.96165,5.4161e-05
9.16,-0.54,0.0082377,0.98886,6.8251e-05
11.81,-0.54,0.0023612,0.99645,0.0004431
14.48,-0.54,0.006192,0.99635,1.1739e-12
17.19,-0.54,0.021897,0.97549,9.6561e-08
19.94,-0.54,0,1,0
52.75,-0.54,0.99878,0.0051618,1.4835e-06
57.32,-0.54,0.98626,0.028175,0.00023232
62.55,-0.54,0.99275,0.020063,0.00083681
69.02,-0.54,1,0,0
-6.53,1.97,1,0,0
-3.91,1.97,0.98019,0.38014,8.6951e-12
-1.3,1.97,0.96139,0.41888,4.3146e-13
1.3,1.97,0.80539,0.59301,1.5383e-08
3.91,1.97,0.31615,0.80759,8.2685e-07
9.16,1.97,0.012765,0.98148,3.3053e-06
11.81,1.97,0.0032346,0.99453,8.1934e-05
14.48,1.97,0.0045079,0.9925,0.00071117
17.19,1.97,0,1,0
19.94,1.97,0.029586,0.9722,4.7493e-05
28.52,1.97,1,0,0
31.53,1.97,0.39059,0.678,6.8435e-06
44.82,1.97,1,0,0
52.75,1.97,0.99896,0.004703,9.9788e-07
57.32,1.97,0.99225,0.01877,8.3811e-05
62.55,1.97,0.99675,0.012501,0.00036684
69.02,1.97,0.99877,0.0041526,0.00026179
-6.53,4.48,0.99476,0.14008,5.0841e-09
-3.91,4.48,1,0,0
-1.3,4.48,1,0,0
1.3,4.48,0.90792,0.41223,2.8833e-07
6.53,4.48,0,1,0
11.81,4.48,0.0059373,0.99015,3.5401e-06
14.48,4.48,0,1,0
17.19,4.48,0.0082276,0.98517,0.00018449
19.94,4.48,0.023438,0.97485,8.8398e-05
28.52,4.48,0.37326,0.69465,2.2617e-05
31.53,4.48,0,1,0
48.63,4.48,1,0,0
52.75,4.48,0.9994,0.0027544,6.3478e-05
57.32,4.48,0.99618,0.012058,1.9943e-05
62.55,4.48,0.9985,0.0080035,0.0001419
69.02,4.48,0.99927,0.0033046,8.1838e-05
-34.64,6.99,0.14495,0.89759,4.9518e-08
-31.53,6.99,0.21667,0.87348,4.0683e-10
-9.16,6.99,1,1,0
-6.53,6.99,1,0,0
-3.91,6.99,0.99557,0.29671,1.3933e-08
-1.3,6.99,1,1,0
1.3,6.99,1,0,0
3.91,6.99,0.26187,0.7462,8.9514e-06
6.53,6.99,0.027943,0.96023,2.8399e-05
9.16,6.99,0.0092693,0.98349,3.1204e-07
17.19,6.99,0.011568,0.98372,4.1723e-05
19.94,6.99,0.02973,0.96904,0.00014459
28.52,6.99,0,1,0
31.53,6.99,1,0,0
57.32,6.99,0.99755,0.0091303,6.6401e-06
62.55,6.99,0.99925,0.005266,4.5069e-05
69.02,6.99,0.99914,0.0045967,5.0815e-05
-48.63,9.5,0.29194,0.86554,6.3591e-07
-44.82,9.5,0.13064,0.94557,4.5047e-08
-41.25,9.5,0.10468,0.95894,4.1678e-09
-37.87,9.5,0.11088,0.9619,3.1175e-10
-34.64,9.5,0.10556,0.97056,2.3761e-11
-31.53,9.5,0.16766,0.95124,4.6289e-12
-28.52,9.5,0.38068,0.73731,1.2771e-09
-25.59,9.5,0.59424,0.54581,7.7912e-08
-22.74,9.5,0.81135,0.38252,1.1304e-07
-19.94,9.5,0.93267,0.2595,2.5588e-07
-17.19,9.5,0.9624,0.25706,3.6072e-06
-14.48,9.5,0.97826,0.2538,1.8696e-05
-11.81,9.5,1,0,0
-9.16,9.5,0.9943,0.3222,8.5912e-07
-6.53,9.5,1,0,0
-3.91,9.5,0.99591,0.46143,5.876e-13
-1.3,9.5,0.9972,0.39187,1.667e-09
1.3,9.5,1,0,0
3.91,9.5,0,1,0
6.53,9.5,0.02858,0.97879,4.6132e-09
9.16,9.5,0.0040721,0.99667,6.9903e-11
11.81,9.5,0.0031796,0.99417,2.5299e-07
17.19,9.5,0.014611,0.98363,4.4936e-05
19.94,9.5,0,1,0
28.52,9.5,0,1,0
31.53,9.5,1,1,0
34.64,9.5,0,1,0
57.32,9.5,0.99762,0.0087999,6.3697e-05
62.55,9.5,0.99958,0.0036202,1.2371e-05
69.02,9.5,1,0,0
-48.63,12.01,0.21378,0.94656,3.4471e-09
-44.82,12.01,0.064625,0.97124,5.3545e-07
-41.25,12.01,0.034915,0.97498,9.6307e-06
-37.87,12.01,0.060315,0.98173,5.9288e-09
-34.64,12.01,0.053202,0.98465,2.3575e-09
-31.53,12.01,0.086857,0.97083,1.4051e-09
-28.52,12.01,0.28477,0.89171,1.7837e-11
-25.59,12.01,0.53494,0.6817,4.8633e-10
-22.74,12.01,0.67024,0.53247,2.0312e-06
-19.94,12.01,0.84971,0.40903,5.5325e-06
-17.19,12.01,0.91777,0.38351,3.0015e-05
-14.48,12.01,0.93896,0.42539,0.0001662
-11.81,12.01,0.95299,0.46968,0.00096509
-9.16,12.01,0.97843,0.42159,0.0011911
-6.53,12.01,0.98064,0.28852,0.0012071
-3.91,12.01,0.99649,0.33694,3.3247e-07
-1.3,12.01,1,1,0
1.3,12.01,0.9162,0.30019,4.1873e-05
3.91,12.01,0.20961,0.81104,5.0917e-08
6.53,12.01,0.028135,0.98829,1.5256e-10
9.16,12.01,0.0028803,0.99589,2.0005e-10
14.48,12.01,0,1,0
19.94,12.01,0.052126,0.95864,0.00019537
31.53,12.01,1,1,0
34.64,12.01,1,1,0
41.25,12.01,1,0,0
57.32,12.01,1,0,0
62.55,12.01,0.99979,0.0023808,7.3929e-06
69.02,12.01,0.99892,0.0061217,6.2178e-05
-48.63,14.52,0.17681,0.94983,2.1516e-08
-44.82,14.52,0.020148,0.97927,0.00087001
-41.25,14.52,0.010405,0.98486,0.0013159
-37.87,14.52,0.027481,0.9888,2.0221e-06
-34.64,14.52,0.01937,0.99078,1.4891e-06
-31.53,14.52,0.026692,0.96194,0.0008437
-28.52,14.52,0.11067,0.89107,0.00012172
-25.59,14.52,0.33263,0.74231,2.0415e-05
-22.74,14.52,0.52971,0.64334,4.3308e-05
-19.94,14.52,0.70354,0.56764,0.0001152
-17.19,14.52,0.81928,0.53391,0.00026992
-14.48,14.52,0.85388,0.59048,0.0011821
-11.81,14.52,0.89963,0.61078,0.003089
-9.16,14.52,0.9377,0.5734,0.0044665
-6.53,14.52,0.95358,0.47196,0.004521
-3.91,14.52,0.98877,0.38142,0.00076357
-1.3,14.52,0.98669,0.38736,0.00046147
1.3,14.52,1,0,0
3.91,14.52,0.11642,0.84977,0.00025614
6.53,14.52,0.0053756,0.98766,0.00031643
9.16,14.52,0.0013759,0.99627,1.2224e-05
11.81,14.52,0.001879,0.99591,2.6345e-08
14.48,14.52,0,1,0
31.53,14.52,1,0,0
34.64,14.52,0,1,0
48.63,14.52,0.99856,0.0054597,0.00024899
52.75,14.52,0.99952,0.0038742,5.2112e-06
62.55,14.52,0.9999,0.001617,3.388e-05
69.02,14.52,0.99923,0.0056607,1.9031e-05
-48.63,17.03,0.13987,0.95696,1.0181e-07
-44.82,17.03,0.0085178,0.98907,0.0045409
-41.25,17.03,0.0037897,0.99232,0.0063567
-37.87,17.03,0.011409,0.99009,0.00031643
-34.64,17.03,0.0053652,0.99094,0.0013411
-31.53,17.03,0.014048,0.9751,0.0058141
-28.52,17.03,0.056698,0.93202,0.0021966
-25.59,17.03,0.20337,0.82713,0.00070069
-22.74,17.03,0.38237,0.73513,0.00092055
-19.94,17.03,0.5338,0.68769,0.0018972
-17.19,17.03,0.67184,0.66011,0.0026569
-14.48,17.03,0.7192,0.70892,0.0074676
-11.81,17.03,0.79299,0.71845,0.01117
-9.16,17.03,0.84716,0.69302,0.013683
-6.53,17.03,0.8922,0.65732,0.00087382
-3.91,17.03,0.95657,0.49923,0.001808
-1.3,17.03,1,0,0
1.3,17.03,0.66818,0.49676,0.0018349
3.91,17.03,0.080177,0.904,0.0015182
6.53,17.03,0.0084966,0.98186,0.00023732
9.16,17.03,0.0024755,0.99336,2.4865e-05
14.48,17.03,0,1,0
17.19,17.03,0.029819,0.97837,1.4887e-06
37.87,17.03,1,0,0
48.63,17.03,0.99735,0.00783,0.001021
52.75,17.03,0.99882,0.0078186,2.1998e-06
69.02,17.03,0.99938,0.0057002,8.6666e-06
-48.63,19.54,0.15078,0.95167,4.7962e-08
-44.82,19.54,0.0082489,0.98859,0.0043503
-41.25,19.54,0.002959,0.99316,0.0075205
-37.87,19.54,0,1,0
-34.64,19.54,0.0041116,0.98972,0.016822
-31.53,19.54,0.0088144,0.98197,0.019633
-28.52,19.54,0.034607,0.95063,0.012352
-25.59,19.54,0.12917,0.87457,0.0071568
-22.74,19.54,0.26777,0.79531,0.0080897
-19.94,19.54,0.38474,0.7622,0.013324
-17.19,19.54,0.51325,0.74253,0.01565
-14.48,19.54,0.5702,0.77674,0.027051
-11.81,19.54,0.64337,0.789,0.033421
-9.16,19.54,0.70255,0.77356,0.035737
-6.53,19.54,0.78791,0.74775,0.0014898
-3.91,19.54,0.88379,0.73072,6.6092e-07
-1.3,19.54,0.84295,0.55652,5.5211e-05
1.3,19.54,0.46326,0.67027,0.0075698
3.91,19.54,0.12448,0.86983,0.00054697
6.53,19.54,0.014671,0.97219,0.00033602
9.16,19.54,0.0035446,0.99027,0.00013743
11.81,19.54,0,1,0
14.48,19.54,0,1,0
37.87,19.54,1,0,0
44.82,19.54,1,0,0
48.63,19.54,1,0,0
52.75,19.54,0.99705,0.014867,1.1497e-06
57.32,19.54,0.99942,0.0045347,7.1609e-05
69.02,19.54,0.99942,0.0061951,5.7392e-06
-48.63,22.05,0.17773,0.92509,1.046e-07
-44.82,22.05,0.013366,0.98704,0.00015093
-41.25,22.05,0.0050187,0.98864,0.0029669
-37.87,22.05,0.011129,0.9766,0.00294
-34.64,22.05,0.0060744,0.98412,0.0092083
-31.53,22.05,0.0094659,0.97896,0.019424
-28.52,22.05,0.025111,0.95948,0.030202
-25.59,22.05,0.090326,0.89981,0.025842
-22.74,22.05,0.1948,0.83057,0.028252
-19.94,22.05,0.27884,0.80471,0.037752
-17.19,22.05,0.37385,0.79225,0.042092
-14.48,22.05,0.42709,0.81801,0.053351
-11.81,22.05,0.48224,0.83448,0.061981
-9.16,22.05,0.53907,0.82522,0.064273
-6.53,22.05,0.67482,0.74549,0.041262
-3.91,22.05,0.81928,0.67882,8.0541e-05
-1.3,22.05,0.81496,0.53743,0.00012387
1.3,22.05,0.53907,0.60563,0.0029047
3.91,22.05,0.18761,0.82097,0.00048737
6.53,22.05,0.0317,0.95067,0.00039868
9.16,22.05,0.012711,0.96981,0.00025284
25.59,22.05,0,1,0
28.52,22.05,1,0,0
31.53,22.05,1,0,0
34.64,22.05,1,0,0
48.63,22.05,0.99129,0.026993,4.7894e-05
52.75,22.05,0.9933,0.025328,1.3498e-06
57.32,22.05,0.99912,0.0065804,1.7144e-05
69.02,22.05,0.99956,0.0056164,3.1905e-06
-44.82,24.56,0.047871,0.98544,4.5474e-08
-41.25,24.56,0.018826,0.98761,1.1867e-06
-37.87,24.56,0.016609,0.98235,1.4368e-05
-34.64,24.56,0.010329,0.97422,0.0024283
-31.53,24.56,0.015454,0.9641,0.0085757
-28.52,24.56,0.042158,0.93283,0.012637
-25.59,24.56,0.13916,0.84374,0.012028
-22.74,24.56,0.28787,0.73713,0.013396
-19.94,24.56,0.38682,0.70083,0.018622
-17.19,24.56,0.41902,0.73044,0.032594
-14.48,24.56,0.42273,0.78902,0.04906
-11.81,24.56,0.4179,0.83387,0.067821
-9.16,24.56,0.60077,0.81171,0.0015201
-6.53,24.56,0.78864,0.68323,0.00014556
-3.91,24.56,0.89217,0.44167,0.0034088
-1.3,24.56,0.90826,0.30797,0.00058205
1.3,24.56,0.75896,0.39469,0.00024928
3.91,24.56,0.28596,0.7515,0.0002562
6.53,24.56,0.056504,0.93233,0.00061081
9.16,24.56,0,1,0
11.81,24.56,0,1,0
22.74,24.56,1,1,0
28.52,24.56,1,0,0
31.53,24.56,1,0,0
48.63,24.56,0.99082,0.032209,4.1555e-06
52.75,24.56,0.98607,0.041442,4.0415e-06
57.32,24.56,0.99861,0.0097338,5.0821e-06
69.02,24.56,0.99968,0.0048594,1.6239e-06
-44.82,27.07,0.052703,0.95958,1.1368e-05
-41.25,27.07,0,1,0
-37.87,27.07,0.036128,0.98038,1.0479e-08
-34.64,27.07,0.026101,0.9711,2.9479e-06
-31.53,27.07,0.027722,0.93735,0.0030534
-28.52,27.07,0.078324,0.88131,0.0032943
-25.59,27.07,0.24439,0.7398,0.0010527
-22.74,27.07,0.45179,0.58058,0.001409
-19.94,27.07,0.5467,0.54652,0.0022906
-17.19,27.07,0.56041,0.58765,0.0087877
-14.48,27.07,0.53202,0.68556,0.023262
-11.81,27.07,0.51263,0.79478,0.0033384
-9.16,27.07,0.64402,0.75614,0.00039454
-6.53,27.07,0.83454,0.52486,0.0063326
-3.91,27.07,0.94567,0.29028,0.00039779
-1.3,27.07,0.96415,0.16334,5.9361e-05
1.3,27.07,0.90483,0.20178,3.8426e-05
3.91,27.07,0.59378,0.50997,2.1468e-05
6.53,27.07,0,1,0
9.16,27.07,0.087653,0.91549,6.4643e-05
19.94,27.07,1,0,0
22.74,27.07,0,1,0
25.59,27.07,1,0,0
31.53,27.07,0,1,0
34.64,27.07,1,0,0
48.63,27.07,0.99339,0.028791,5.6262e-07
52.75,27.07,0.974,0.065292,2.1387e-05
57.32,27.07,0.99787,0.013888,2.3971e-06
69.02,27.07,0.99973,0.0047979,9.6591e-07
-44.82,29.58,0,1,0
-37.87,29.58,0.042855,0.94117,1.6633e-06
-34.64,29.58,0,1,0
-31.53,29.58,0.049249,0.9173,1.6912e-05
-28.52,29.58,0.14973,0.7896,0.00042626
-25.59,29.58,0.39635,0.5784,0.00022874
-22.74,29.58,0.63286,0.37689,0.00056669
-19.94,29.58,0.70535,0.3476,0.0011174
-17.19,29.58,0.7093,0.3981,0.0018605
-14.48,29.58,0.69483,0.65353,4.3755e-07
-11.81,29.58,0.60898,0.74626,1.9483e-05
-9.16,29.58,0.63138,0.67037,0.021723
-6.53,29.58,0.86022,0.44603,0.0026213
-3.91,29.58,0.9645,0.20476,6.5145e-05
-1.3,29.58,0.98176,0.093447,6.9003e-06
1.3,29.58,0.95952,0.094385,1.965e-05
3.91,29.58,0.86044,0.25105,5.961e-06
6.53,29.58,0.54747,0.61738,8.4208e-06
11.81,29.58,0,1,0
31.53,29.58,1,0,0
44.82,29.58,0.99696,0.017782,7.7172e-08
48.63,29.58,0.99356,0.031181,1.4161e-07
52.75,29.58,0.96758,0.080638,4.3045e-05
57.32,29.58,0.9984,0.01292,1.5561e-06
69.02,29.58,0.99972,0.0052788,6.7713e-07
-41.25,32.09,0,1,0
-34.64,32.09,0.10363,0.8165,6.5724e-05
-31.53,32.09,0.12492,0.87869,1.7838e-08
-28.52,32.09,0.2873,0.68532,3.0282e-07
-25.59,32.09,0.59146,0.41116,7.0318e-06
-22.74,32.09,0.80578,0.22902,9.5513e-06
-19.94,32.09,0.845,0.18249,0.00012912
-17.19,32.09,0.85083,0.25784,6.6781e-07
-14.48,32.09,0.76437,0.50051,4.7742e-07
-11.81,32.09,0.65495,0.5858,0.0060076
-9.16,32.09,0.60461,0.65075,0.019483
-6.53,32.09,0.84764,0.41954,0.0019607
-3.91,32.09,0.9609,0.18843,2.6697e-05
-1.3,32.09,0.98115,0.083937,2.5795e-06
1.3,32.09,1,0,0
6.53,32.09,1,0,0
19.94,32.09,1,0,0
34.64,32.09,1,0,0
41.25,32.09,0.99627,0.021274,1.4267e-08
44.82,32.09,0.99869,0.0088273,1.4691e-05
48.63,32.09,0.99526,0.028037,6.9663e-08
52.75,32.09,0.97148,0.079559,3.2907e-05
57.32,32.09,0.99864,0.012882,1.0658e-06
62.55,32.09,0.99997,0.0011861,1.2646e-05
69.02,32.09,0.99967,0.0062986,6.0678e-07
-22.74,34.6,1,0,0
-19.94,34.6,0.94126,0.11336,3.0945e-09
-17.19,34.6,1,0,0
-14.48,34.6,0.79359,0.31924,0.00023075
-11.81,34.6,0.72231,0.49566,0.00048808
-9.16,34.6,0.659,0.57639,0.0058548
-6.53,34.6,0.80075,0.43451,0.0027462
-3.91,34.6,0.93539,0.22103,3.8022e-05
-1.3,34.6,0.9639,0.1181,3.8275e-06
1.3,34.6,0.93284,0.12438,8.1988e-06
3.91,34.6,0.94383,0.14177,1.0954e-06
6.53,34.6,1,0,0
9.16,34.6,1,1,0
41.25,34.6,0.9968,0.021597,1.383e-08
48.63,34.6,0.99677,0.023871,5.8403e-08
52.75,34.6,0.97585,0.076991,2.4223e-05
57.32,34.6,0.99843,0.01532,8.8397e-07
62.55,34.6,0.99994,0.0019621,2.8686e-06
69.02,34.6,0.99968,0.00656,3.9446e-07
-17.19,37.11,0.92917,0.095687,1.4478e-07
-14.48,37.11,0.81977,0.26409,2.6651e-05
-11.81,37.11,0.73271,0.4462,0.0001765
-9.16,37.11,0.713,0.49643,0.0011447
-6.53,37.11,0.77739,0.42479,0.0023947
-3.91,37.11,0.85611,0.31431,0.00026738
-1.3,37.11,0.8967,0.22175,1.6024e-05
1.3,37.11,0.85947,0.23004,4.984e-06
3.91,37.11,0.8487,0.28001,2.0488e-06
6.53,37.11,0.86266,0.36032,4.5309e-06
9.16,37.11,0.81288,0.62245,3.7701e-06
11.81,37.11,1,0,0
19.94,37.11,1,0,0
44.82,37.11,0.99873,0.010344,1.0083e-05
48.63,37.11,0.99643,0.027472,3.5195e-08
52.75,37.11,0.98716,0.05714,5.966e-06
57.32,37.11,0.99765,0.02091,1.5584e-06
62.55,37.11,0.99988,0.0033909,6.909e-07
69.02,37.11,0.99989,0.0036163,9.9602e-08
-17.19,39.62,0.93002,0.091837,3.1358e-08
-14.48,39.62,0.75151,0.31698,9.4357e-06
-11.81,39.62,0.74058,0.40116,6.4605e-05
-9.16,39.62,0.83304,0.32123,0.00030326
-6.53,39.62,0.90235,0.24831,6.8135e-05
-3.91,39.62,0.89592,0.24708,2.3216e-05
-1.3,39.62,0.805,0.31943,7.9641e-05
1.3,39.62,0.73683,0.36519,9.9711e-06
3.91,39.62,0.61738,0.50464,7.6488e-06
6.53,39.62,0.61644,0.62311,6.4261e-06
9.16,39.62,0.72518,0.65426,1.191e-07
22.74,39.62,0,1,0
34.64,39.62,0.95286,0.1195,4.6043e-06
44.82,39.62,0.99851,0.012668,7.9317e-06
48.63,39.62,0.99833,0.017766,7.9216e-08
52.75,39.62,0.99484,0.036986,8.3944e-07
57.32,39.62,0.99576,0.031113,5.4499e-06
62.55,39.62,0.99976,0.0055281,2.1782e-07
69.02,39.62,0.99996,0.0020095,2.2207e-07
-14.48,42.13,0.67156,0.37565,1.3012e-06
-11.81,42.13,0.82909,0.27351,2.7438e-06
-9.16,42.13,0.91472,0.17291,4.3322e-05
-6.53,42.13,0.9675,0.11667,3.1434e-07
-3.91,42.13,0.96355,0.12421,9.5181e-08
-1.3,42.13,0.93052,0.16578,1.7476e-07
1.3,42.13,0.85696,0.23922,2.0786e-07
3.91,42.13,0.75847,0.3637,1.9213e-06
6.53,42.13,0.60706,0.60012,1.2868e-06
9.16,42.13,0.74368,0.5314,6.7612e-08
44.82,42.13,0.9983,0.018025,8.5954e-08
48.63,42.13,0.99926,0.010394,3.3495e-07
52.75,42.13,0.99752,0.025808,2.1063e-07
57.32,42.13,0.99806,0.021726,1.1065e-06
62.55,42.13,0.99989,0.0035388,3.1908e-07
69.02,42.13,0.99999,0.0016503,4.5391e-13
-41.25,44.64,0.24888,0.8455,8.66e-08
-37.87,44.64,1,0,0
-11.81,44.64,0.86944,0.20656,2.3201e-07
-9.16,44.64,1,0,0
-6.53,44.64,0.9883,0.045417,6.0812e-06
-3.91,44.64,0.98552,0.055119,8.03e-08
-1.3,44.64,0.9807,0.06253,7.3492e-09
1.3,44.64,0.94853,0.11846,1.0325e-09
3.91,44.64,0.84158,0.25902,6.6184e-07
14.48,44.64,0,1,0
48.63,44.64,0.99955,0.0065417,1.2965e-05
52.75,44.64,0.99816,0.022513,1.4562e-07
57.32,44.64,0.99938,0.01159,2.2505e-07
62.55,44.64,0.99993,0.0025783,4.632e-07
69.02,44.64,0.99999,0.0010812,2.4901e-13
-41.25,47.15,0.32407,0.71714,6.9394e-06
-37.87,47.15,0.48241,0.70897,2.4541e-07
-34.64,47.15,0,1,0
-14.48,47.15,0,1,0
-1.3,47.15,0.99214,0.029824,6.2257e-10
1.3,47.15,0.98019,0.048536,2.2305e-07
6.53,47.15,0,1,0
28.52,47.15,0.78239,0.29562,2.6532e-08
52.75,47.15,0.99807,0.024189,1.2854e-07
57.32,47.15,0.99976,0.0062166,4.032e-07
62.55,47.15,0.99996,0.0018166,7.3252e-07
69.02,47.15,1,0.0004631,9.6678e-06
-31.53,49.66,0.11625,0.83721,0.00028792
-6.53,49.66,1,0,0
3.91,49.66,1,0,0
6.53,49.66,0,1,0
9.16,49.66,1,0,0
31.53,49.66,0.82263,0.32036,3.4091e-08
48.63,49.66,0.99907,0.012787,5.2013e-07
52.75,49.66,0.99915,0.014121,2.4899e-07
57.32,49.66,0.99989,0.0035384,1.2278e-06
62.55,49.66,0.99998,0.0019974,1.0438e-11
-31.53,52.17,0.12068,0.85814,0.00023138
-3.91,52.17,1,0,0
1.3,52.17,1,0,0
48.63,52.17,0.99788,0.024306,1.6978e-07
52.75,52.17,0.99961,0.0075383,1.1268e-06
57.32,52.17,0.99992,0.0034199,3.4137e-13
62.55,52.17,0.99997,0.0024055,2.554e-15
-41.25,54.68,0.33074,0.70038,5.4472e-05
-37.87,54.68,0.195,0.79466,8.4564e-05
-28.52,54.68,0.23292,0.77294,2.278e-05
1.3,54.68,1,0,0
48.63,54.68,0.99652,0.054781,7.7869e-20
52.75,54.68,0.99974,0.0059276,3.0759e-11
62.55,54.68,0.99998,0.0014959,1.4512e-10
-41.25,57.19,0.30946,0.72428,7.2411e-05
-37.87,57.19,0.087374,0.89222,0.00045355
-34.64,57.19,0.081367,0.94184,0.00011002
-31.53,57.19,0,1,0
-28.52,57.19,0.16424,0.84308,0.00015159
-25.59,57.19,0.67485,0.38079,4.7132e-06
-19.94,57.19,1,0,0
25.59,57.19,1,0,0
44.82,57.19,0.9818,0.12735,1.306e-06
48.63,57.19,0.99762,0.038687,6.8332e-16
-37.87,59.7,0,1,0
-34.64,59.7,0.050176,0.97135,0.00079519
-31.53,59.7,0.10869,0.96536,0.00028931
-28.52,59.7,0,1,0
-25.59,59.7,0.69865,0.3811,5.2195e-06
-22.74,59.7,1,0,0
44.82,59.7,1,0,0
69.02,59.7,1,0.00047219,9.5735e-06
-37.87,62.21,0.32119,0.70796,0.00032196
-34.64,62.21,0,1,0
-31.53,62.21,0,1,0
-28.52,62.21,0.20372,0.88165,0.00060867
-25.59,62.21,0.61363,0.48247,2.2429e-05
-22.74,62.21,0.89361,0.15474,2.6598e-05
19.94,62.21,1,0,0
69.02,62.21,0.99999,0.00068109,1.7457e-06
-37.87,64.72,0.47476,0.61795,0.00035324
-34.64,64.72,0.36414,0.86057,0.00033005
-31.53,64.72,1,1,0
-28.52,64.72,0.49575,0.7501,5.6033e-05
-25.59,64.72,0.81129,0.32863,1.2623e-06
44.82,64.72,0.98636,0.26456,4.4981e-05
48.63,64.72,0.99536,0.053524,3.2009e-05
69.02,64.72,1,0.00057291,4.8101e-06
-34.64,67.23,0.67735,0.65113,0.00011855
-31.53,67.23,0.79025,0.74057,0.00013657
-28.52,67.23,0.819,0.50261,1.8501e-06
-25.59,67.23,0.90218,0.21927,2.626e-06
41.25,67.23,1,1,0
44.82,67.23,0.97524,0.46735,7.7123e-06
48.63,67.23,0.99045,0.085455,0.0001156
69.02,67.23,0.99999,0.00058911,5.1418e-06
-34.64,69.74,0.85076,0.39147,8.5127e-05
-31.53,69.74,0.89455,0.52352,1.846e-05
41.25,69.74,0.62675,0.92213,0.00011455
44.82,69.74,0.93915,0.68308,3.0972e-06
48.63,69.74,1,0,0
69.02,69.74,0.99999,0.00069561,2.5674e-06
-34.64,72.25,1,0,0
-31.53,72.25,0.95123,0.2907,3.56e-06
28.52,72.25,0.30365,0.89064,2.287e-11
31.53,72.25,0.086231,0.95275,4.9586e-11
34.64,72.25,0,1,0
41.25,72.25,0.40366,0.95338,4.5175e-05
44.82,72.25,0.8796,0.8173,1.9728e-06
48.63,72.25,0.99051,0.14279,0.00014721
69.02,72.25,0.99998,0.00094626,5.9412e-07
-31.53,74.76,0.94744,0.21651,1.5634e-05
28.52,74.76,0.25347,0.93039,1.8022e-11
31.53,74.76,0.067087,0.98596,3.2324e-10
37.87,74.76,0,1,0
41.25,74.76,0,1,0
44.82,74.76,0.86917,0.85585,3.694e-06
48.63,74.76,0.99427,0.17905,3.3061e-05
57.32,74.76,1,0,0
69.02,74.76,0.99997,0.0013507,1.0967e-07
-31.53,77.27,1,0,0
28.52,77.27,0.12349,0.96168,6.8905e-12
31.53,77.27,0.055689,0.99082,2.4985e-10
34.64,77.27,0,1,0
41.25,77.27,0.27182,0.96329,2.8606e-06
44.82,77.27,0.84946,0.8815,1.8256e-05
48.63,77.27,0.99463,0.23957,4.6697e-06
52.75,77.27,0.9985,0.036323,1.0305e-05
57.32,77.27,0.99626,0.025707,2.1271e-05
62.55,77.27,0.99983,0.0026609,3.1329e-06
69.02,77.27,0.99993,0.0019717,1.7724e-08
17.19,79.78,0.68763,0.42071,4.8832e-08
28.52,79.78,0.040261,0.9718,1.4573e-09
31.53,79.78,0.023178,0.99514,1.3201e-10
34.64,79.78,0,1,0
37.87,79.78,0.012766,0.98568,1.6198e-05
41.25,79.78,0.18563,0.97971,1.7309e-08
44.82,79.78,1,1,0
48.63,79.78,0.99173,0.36416,7.9112e-09
52.75,79.78,0.99786,0.060957,7.5914e-07
57.32,79.78,0.99709,0.026798,8.5042e-07
62.55,79.78,0.99975,0.0036481,2.9639e-07
69.02,79.78,0.99986,0.0029079,2.7183e-09
28.52,82.29,0.026729,0.97831,2.4793e-08
31.53,82.29,0.0041197,0.99391,0.00052517
34.64,82.29,0,1,0
37.87,82.29,0.0099262,0.99007,2.967e-05
41.25,82.29,0.12493,0.99057,2.4462e-10
44.82,82.29,0.65943,0.94352,0.00014604
48.63,82.29,0.98491,0.54148,2.8213e-13
52.75,82.29,0.99666,0.10035,3.3081e-08
57.32,82.29,0.99723,0.031429,5.0088e-08
62.55,82.29,0.99963,0.0048467,3.5594e-08
69.02,82.29,0.99972,0.0042994,1.7038e-09
28.52,84.8,0.019392,0.97969,4.5784e-06
31.53,84.8,0.0017738,0.997,0.0012931
34.64,84.8,0.0048479,0.99344,0.00072591
37.87,84.8,0.014864,0.99072,8.6353e-07
41.25,84.8,0.071422,0.99384,8.9226e-09
44.82,84.8,0.48062,0.96934,0.00013786
48.63,84.8,0.96695,0.73093,2.1263e-14
52.75,84.8,0.99461,0.1878,4.683e-16
57.32,84.8,0.9969,0.040176,3.6124e-09
62.55,84.8,0.99945,0.0065662,3.7938e-09
69.02,84.8,0.99944,0.0063079,1.3952e-08
28.52,87.31,0.018904,0.98573,1.6619e-09
31.53,87.31,0.0013143,0.99801,0.00088473
34.64,87.31,0.001562,0.99779,0.0020279
37.87,87.31,0,1,0
41.25,87.31,0.037281,0.99579,6.5822e-06
44.82,87.31,0.31128,0.98313,0.00020716
48.63,87.31,0.93198,0.8474,1.5216e-12
52.75,87.31,0.99048,0.30847,4.9308e-15
57.32,87.31,0.99604,0.053865,1.2059e-09
62.55,87.31,0.99915,0.0091058,4.7964e-10
69.02,87.31,0.99893,0.0092282,1.2466e-07
17.19,89.82,0.5723,0.55351,6.7138e-08
28.52,89.82,0.021832,0.99011,1.4612e-13
31.53,89.82,0.0013528,0.9983,0.00036122
34.64,89.82,0.00075852,0.9994,0.00075685
37.87,89.82,0.0071145,0.99686,1.3631e-05
41.25,89.82,0.019847,0.99767,0.00023506
44.82,89.82,0.18306,0.99049,0.00045445
48.63,89.82,0.88437,0.87413,6.8121e-11
52.75,89.82,0.98097,0.48196,7.2321e-13
57.32,89.82,0.99437,0.074028,9.6622e-09
62.55,89.82,0.99864,0.012849,4.8167e-10
69.02,89.82,0.99806,0.013101,8.7206e-07
17.19,92.33,0.42519,0.68477,3.8999e-07
28.52,92.33,0.032206,0.99238,8.881e-14
31.53,92.33,0.0015422,0.99836,0.00016892
34.64,92.33,0.0010652,0.99983,9.7633e-08
37.87,92.33,0.0025178,0.99913,0.00060115
41.25,92.33,0.010915,0.99878,0.0014211
44.82,92.33,0.10526,0.99515,0.00011155
48.63,92.33,0.7669,0.89354,5.3183e-05
52.75,92.33,0.96912,0.59014,2.1322e-11
57.32,92.33,0.99126,0.10281,1.4539e-07
62.55,92.33,0.99776,0.018357,6.6925e-09
69.02,92.33,0.99647,0.018721,5.3076e-06
17.19,94.84,0.39547,0.71367,6.0696e-07
19.94,94.84,0.38807,0.71536,5.4858e-07
25.59,94.84,0.12957,0.95654,4.6461e-15
28.52,94.84,0.026645,0.99502,1.3268e-13
31.53,94.84,0.0016005,0.99857,0.00010038
34.64,94.84,0.0015281,0.99987,1.3591e-07
37.87,94.84,0.001415,0.9997,0.0014106
41.25,94.84,0.0070881,0.99941,0.00080757
44.82,94.84,0.054377,0.99671,0.0035545
48.63,94.84,0.62636,0.93206,0.0002172
52.75,94.84,0.95542,0.62423,4.7375e-09
57.32,94.84,0.98568,0.14093,3.0302e-06
62.55,94.84,0.99619,0.026392,1.093e-07
69.02,94.84,0.99349,0.026872,2.7644e-05
25.59,97.35,0.1091,0.97164,3.4113e-15
28.52,97.35,0.017071,0.99592,3.2001e-13
31.53,97.35,0.0015581,0.99899,1.2055e-05
34.64,97.35,0.00075563,0.99988,8.4156e-08
37.87,97.35,0.0013621,0.99974,0.0022849
41.25,97.35,0.0052173,0.99967,0.0010304
44.82,97.35,0.030418,0.99775,0.011715
48.63,97.35,0.47449,0.95596,0.0011314
52.75,97.35,0.91871,0.63286,2.1304e-05
57.32,97.35,0.9766,0.1827,3.7566e-05
62.55,97.35,0.99338,0.037974,1.5881e-06
69.02,97.35,0.98815,0.038064,0.00011761
-69.02,99.86,0.98443,0.039171,0.00013782
19.94,99.86,0.37859,0.74439,8.3029e-07
22.74,99.86,0.23795,0.8576,9.4367e-08
25.59,99.86,0.13708,0.95427,1.7705e-14
28.52,99.86,0.015076,0.99108,7.0514e-08
31.53,99.86,0.0042261,0.99913,2.0339e-09
34.64,99.86,0.0010061,0.99986,9.8011e-08
37.87,99.86,0.0018425,0.99968,0.00069042
41.25,99.86,0.0035083,0.99964,0.015963
44.82,99.86,0.018275,0.9983,0.025919
48.63,99.86,0.33792,0.97043,0.0051735
52.75,99.86,0.86308,0.699,0.00036172
57.32,99.86,0.95894,0.23162,0.00028339
62.55,99.86,0.98827,0.054388,1.7518e-05
69.02,99.86,0.98322,0.044956,0.00028204
-69.02,102.37,0.98279,0.043364,0.00024949
17.19,102.37,0.50262,0.75556,1.4665e-13
19.94,102.37,0.29578,0.90659,1.8772e-15
22.74,102.37,0.1272,0.93038,1.4684e-08
25.59,102.37,0.083497,0.97022,1.8394e-11
28.52,102.37,0.012441,0.99407,1.8772e-08
31.53,102.37,0.0059172,0.99878,8.2202e-09
34.64,102.37,0.0015976,0.99981,2.2648e-07
37.87,102.37,0.0033215,0.99929,0.00056497
41.25,102.37,0.0030574,0.99951,0.035861
44.82,102.37,0.01179,0.99853,0.047076
48.63,102.37,0.23261,0.97886,0.016726
52.75,102.37,0.78226,0.74294,0.0038984
57.32,102.37,0.93227,0.30452,0.00010434
62.55,102.37,0.97869,0.076953,0.00013218
69.02,102.37,0.97482,0.054807,0.00067256
-69.02,104.88,0.98444,0.039478,0.00027084
14.48,104.88,0.63687,0.61306,5.384e-12
17.19,104.88,0.37877,0.84371,2.0745e-13
19.94,104.88,0.1443,0.92171,4.1724e-07
22.74,104.88,0,1,0
25.59,104.88,0,1,0
28.52,104.88,0.0072059,0.99792,1.6844e-10
31.53,104.88,0,1,0
34.64,104.88,0,1,0
37.87,104.88,0,1,0
41.25,104.88,0.0024627,0.99943,0.042356
44.82,104.88,0.011617,0.99877,0.016225
48.63,104.88,0.20383,0.98033,0.02785
52.75,104.88,0.78082,0.73796,0.0031175
57.32,104.88,0.90959,0.36117,6.8218e-05
62.55,104.88,0.96131,0.10656,0.00066932
69.02,104.88,1,0,0
-69.02,107.39,0.98293,0.043346,0.00046699
9.16,107.39,0.84441,0.39172,1.009e-13
11.81,107.39,0.76665,0.47891,6.6448e-12
14.48,107.39,0.56033,0.66533,4.0663e-12
17.19,107.39,0.26789,0.85754,6.5265e-08
19.94,107.39,0.097118,0.95052,3.6013e-06
22.74,107.39,0,1,0
25.59,107.39,0.015863,0.99672,3.9134e-10
28.52,107.39,0.0058778,0.99956,5.7904e-10
31.53,107.39,0,1,0
34.64,107.39,0,1,0
37.87,107.39,0.0029471,0.99978,0.0001027
41.25,107.39,0.0060446,0.99972,0.00015664
44.82,107.39,0.018306,0.99851,0.0027641
48.63,107.39,0,1,0
52.75,107.39,0.8753,0.63537,0.00086738
57.32,107.39,0.93173,0.20575,0.0011263
62.55,107.39,0.97764,0.077867,1.4918e-05
69.02,107.39,0.97576,0.052695,0.0008456
-69.02,109.9,0.98461,0.039506,0.00049863
9.16,109.9,0.8139,0.41545,4.8663e-13
11.81,109.9,0.66212,0.54067,7.762e-10
14.48,109.9,0.58156,0.63564,3.2736e-10
17.19,109.9,0.39587,0.78896,4.516e-09
19.94,109.9,0.19944,0.90923,3.43e-07
22.74,109.9,0.053525,0.97619,1.3494e-05
25.59,109.9,0.015192,0.99683,1.4852e-09
28.52,109.9,0.0043104,0.99955,7.9144e-09
31.53,109.9,0.0013105,0.99981,6.5513e-07
34.64,109.9,0.00037232,0.99971,0.0042536
37.87,109.9,0.0020628,0.99986,7.8401e-06
41.25,109.9,0.0086249,0.99961,9.9966e-06
44.82,109.9,0.055184,0.99799,4.1129e-05
48.63,109.9,1,1,0
52.75,109.9,0.93213,0.50236,0.0002529
57.32,109.9,0.95343,0.13462,0.00022606
62.55,109.9,0.98845,0.05352,5.1706e-07
69.02,109.9,0.98817,0.034299,0.00036348
-69.02,112.41,0.98894,0.029019,0.00032369
-57.32,112.41,0.99229,0.017919,7.7641e-05
-52.75,112.41,0.99395,0.015963,4.5718e-05
9.16,112.41,0.81657,0.35922,1.3766e-09
11.81,112.41,0.7913,0.41777,7.5299e-09
17.19,112.41,0.59596,0.65719,8.3078e-08
19.94,112.41,0.34047,0.85197,3.0631e-08
22.74,112.41,0.14585,0.9517,6.1595e-07
25.59,112.41,0.04671,0.98789,7.3745e-07
28.52,112.41,0.0091979,0.99819,6.6359e-08
31.53,112.41,0.0011114,0.99903,8.2638e-05
34.64,112.41,0.00048029,0.99953,0.00090528
37.87,112.41,0.00096685,0.99967,2.0615e-06
41.25,112.41,0.011516,0.99931,1.0018e-06
44.82,112.41,0.099237,0.99575,2.7726e-06
48.63,112.41,0.62871,0.88623,0.0017237
52.75,112.41,0.96134,0.36067,5.7664e-05
57.32,112.41,1,0,0
62.55,112.41,0.9936,0.030325,2.1985e-07
69.02,112.41,0.99386,0.023099,0.00022832
-69.02,114.92,0.99035,0.025738,0.00032923
-57.32,114.92,0.99064,0.021201,0.00021851
-52.75,114.92,0.98928,0.029181,0.00011369
-48.63,114.92,0.9911,0.029006,1.3364e-05
-1.3,114.92,0.94378,0.10177,4.8212e-06
1.3,114.92,0.93313,0.13228,4.1063e-07
3.91,114.92,0.88512,0.21765,8.9756e-08
6.53,114.92,0.84317,0.29767,2.6467e-08
19.94,114.92,0.50227,0.76729,2.9546e-07
22.74,114.92,0.30817,0.9053,4.2957e-07
25.59,114.92,0.15444,0.97088,1.7064e-06
28.52,114.92,0.042465,0.99434,1.2612e-06
31.53,114.92,0,1,0
34.64,114.92,0,1,0
37.87,114.92,0.0012199,0.9991,2.8338e-05
41.25,114.92,0.0063313,0.99704,6.8116e-05
44.82,114.92,0.11121,0.98826,4.9769e-07
48.63,114.92,0.73598,0.83609,3.9425e-06
52.75,114.92,0.97482,0.23824,4.4745e-06
57.32,114.92,0.9872,0.03661,3.3391e-05
62.55,114.92,0.99601,0.015785,3.0617e-06
69.02,114.92,0.99649,0.016323,0.00016209
-69.02,117.43,0.99298,0.019074,0.00023507
-57.32,117.43,0.98479,0.033165,0.0010103
-52.75,117.43,0.97986,0.051303,0.00080191
-48.63,117.43,0.98607,0.04358,9.0552e-05
-1.3,117.43,0.91816,0.14883,7.095e-07
1.3,117.43,0.83554,0.25093,1.1524e-05
3.91,117.43,0.8351,0.27332,2.3426e-06
6.53,117.43,0.871,0.26412,5.2991e-08
25.59,117.43,0.39231,0.9469,5.3813e-11
28.52,117.43,0,1,0
31.53,117.43,0,1,0
34.64,117.43,0,1,0
37.87,117.43,0.0030508,0.99705,2.0025e-05
41.25,117.43,0.011864,0.99247,0.00019355
44.82,117.43,0.14205,0.95366,0.00026866
48.63,117.43,0.80782,0.76615,4.166e-08
52.75,117.43,0.97941,0.14911,4.2134e-07
57.32,117.43,0.99497,0.023151,3.8814e-07
62.55,117.43,0.99753,0.011828,4.2844e-08
69.02,117.43,0.9977,0.012055,0.00013347
-57.32,119.94,0.97499,0.051915,0.003416
-52.75,119.94,0.96333,0.084969,0.0032892
-48.63,119.94,0.98596,0.044597,0.00014834
-3.91,119.94,0.9222,0.16422,1.3315e-07
-1.3,119.94,0.89276,0.26171,2.2177e-08
1.3,119.94,0.91161,0.19327,1.7796e-07
25.59,119.94,0.57013,0.89374,8.0348e-07
28.52,119.94,1,1,0
31.53,119.94,0,1,0
34.64,119.94,0.011256,0.99113,1.834e-05
37.87,119.94,0,1,0
41.25,119.94,0.024407,0.98293,4.2764e-05
44.82,119.94,0.26954,0.89324,4.4093e-05
48.63,119.94,0.85238,0.62408,6.9585e-09
52.75,119.94,1,0,0
57.32,119.94,0.9967,0.012127,2.6495e-06
62.55,119.94,0.9982,0.0093851,3.6681e-09
69.02,119.94,0.9983,0.0093227,0.00011548
-57.32,122.45,0.9774,0.045473,0.0036651
-52.75,122.45,0.93824,0.12981,0.0091355
-48.63,122.45,0.97919,0.062963,0.00058808
-44.82,122.45,0.99281,0.02722,5.0329e-06
-3.91,122.45,0.92958,0.14233,7.9782e-07
-1.3,122.45,0.9447,0.15429,1.3572e-08
28.52,122.45,0.64922,0.94181,1.4123e-11
31.53,122.45,0.17284,0.98153,2.5212e-10
34.64,122.45,0,1,0
37.87,122.45,0,1,0
41.25,122.45,0.042459,0.96049,0.00098181
44.82,122.45,0.44184,0.77834,6.2728e-06
48.63,122.45,0.89294,0.45523,7.6479e-09
52.75,122.45,0.99325,0.031828,1.3403e-05
57.32,122.45,0.99692,0.0079861,2.5632e-05
62.55,122.45,0.99859,0.0055684,4.7583e-08
69.02,122.45,0.99861,0.0074624,0.00010279
-69.02,124.96,0.99469,0.015442,0.0003171
-62.55,124.96,1,0,0
-57.32,124.96,0.98595,0.028067,0.0021552
-52.75,124.96,0.93709,0.13195,0.011206
-48.63,124.96,0.9704,0.084739,0.0016795
-44.82,124.96,0.98619,0.048265,5.4494e-05
-41.25,124.96,0.98587,0.046199,5.4092e-06
34.64,124.96,0.12974,0.95038,1.4165e-10
37.87,124.96,0.075193,0.93189,0.00033225
41.25,124.96,0.063444,0.93414,0.001014
44.82,124.96,0.61965,0.60167,8.633e-07
48.63,124.96,0.92439,0.26738,1.6769e-06
52.75,124.96,0.99752,0.01303,3.5124e-06
57.32,124.96,0.99641,0.0089441,3.7515e-05
62.55,124.96,0.99887,0.0041521,1.5274e-07
69.02,124.96,0.99871,0.0062956,0.00010018
-69.02,127.47,0.99586,0.015659,0.00010214
-57.32,127.47,0.98843,0.021991,0.0018975
-52.75,127.47,0.95077,0.11034,0.0096532
-48.63,127.47,0.95179,0.12391,0.0048405
-44.82,127.47,0.97186,0.085338,0.00048865
-41.25,127.47,0.97195,0.079767,4.561e-05
1.3,127.47,1,0,0
37.87,127.47,0.14254,0.88559,0.00020269
41.25,127.47,0.11909,0.87011,0.0010184
44.82,127.47,0.7627,0.40788,1.4784e-07
48.63,127.47,0.94914,0.1291,0.00018329
52.75,127.47,0.99861,0.0065274,1.7949e-06
57.32,127.47,1,0,0
62.55,127.47,0.99904,0.0048024,6.1327e-09
69.02,127.47,0.99879,0.0064494,1.8434e-05
-69.02,129.98,0.99572,0.016848,0.00012076
-57.32,129.98,1,0,0
-52.75,129.98,0.95886,0.099362,0.0094453
-48.63,129.98,0.92154,0.17793,0.011552
-44.82,129.98,0.94155,0.14658,0.0027838
-41.25,129.98,0.9652,0.094526,0.00012418
-37.87,129.98,0.97252,0.062736,1.5552e-05
41.25,129.98,0,1,0
44.82,129.98,0.84522,0.24972,9.4397e-07
48.63,129.98,1,0,0
52.75,129.98,0.99893,0.004456,1.9373e-06
57.32,129.98,0.99876,0.0037745,6.4856e-05
62.55,129.98,0.99924,0.0033329,1.5877e-07
69.02,129.98,0.99869,0.0079288,5.3792e-07
-69.02,132.49,0.99506,0.035408,0.00013119
-62.55,132.49,1,0,0
-57.32,132.49,0.9939,0.016197,0.001807
-52.75,132.49,0.96533,0.091997,0.0096335
-48.63,132.49,0.88267,0.23965,0.023279
-44.82,132.49,0.90218,0.21237,0.0078383
-41.25,132.49,0.94652,0.1304,0.00050851
-37.87,132.49,0.96026,0.090895,2.0014e-05
-25.59,132.49,0,1,0
44.82,132.49,0.92416,0.13681,4.2096e-07
48.63,132.49,1,0,0
52.75,132.49,0.99877,0.0049262,5.47e-06
62.55,132.49,0.9994,0.0020048,1.4962e-05
69.02,132.49,0.99823,0.014394,3.7589e-10
-69.02,135,0.99467,0.044701,0.00015112
-62.55,135,1,0,0
-57.32,135,0.99616,0.015536,0.0018539
-52.75,135,0.96755,0.093246,0.011306
-48.63,135,0.83567,0.30658,0.042361
-44.82,135,0.87252,0.25678,0.013729
-41.25,135,0.92076,0.17357,0.0016434
-37.87,135,0.94124,0.12337,7.4751e-05
44.82,135,1,0,0
48.63,135,0.99195,0.016425,1.0959e-05
52.75,135,0.99622,0.0099183,3.2882e-05
57.32,135,0.9995,0.0012434,5.9479e-05
62.55,135,0.99956,0.0016117,5.0029e-05
69.02,135,0.99758,0.015335,1.5973e-08
-69.02,137.51,0.9939,0.050027,0.00017619
-57.32,137.51,0.99787,0.011841,0.0011784
-52.75,137.51,0.96549,0.10332,0.015085
-48.63,137.51,0.82258,0.32759,0.054103
-44.82,137.51,0.83763,0.30429,0.023132
-41.25,137.51,0.88851,0.22034,0.0041344
-37.87,137.51,0.92101,0.15517,0.0002332
44.82,137.51,1,0,0
48.63,137.51,0.99509,0.016108,9.1368e-08
52.75,137.51,1,0,0
57.32,137.51,0.9992,0.0022599,3.9322e-05
62.55,137.51,0.99968,0.0013281,0.00020179
69.02,137.51,0.99563,0.017893,1.4306e-06
-69.02,140.02,0.99469,0.02856,0.00022119
-62.55,140.02,1,0,0
-57.32,140.02,0.99849,0.0097857,0.0008312
-52.75,140.02,0.97114,0.095666,0.014783
-48.63,140.02,0.82263,0.33274,0.062007
-44.82,140.02,0.79958,0.35115,0.037428
-41.25,140.02,0.87893,0.23118,0.0060337
-37.87,140.02,0.92951,0.14158,0.00028943
48.63,140.02,0.99414,0.021379,1.0375e-07
52.75,140.02,0.99776,0.005559,1.4975e-06
69.02,140.02,1,0,0
-69.02,142.53,0.99431,0.029204,0.00031967
-57.32,142.53,0.99871,0.0087159,0.00068676
-52.75,142.53,0.97514,0.089448,0.01449
-48.63,142.53,0.83642,0.32116,0.064066
-44.82,142.53,0.8108,0.33872,0.040185
-41.25,142.53,0.88769,0.21609,0.0066913
-37.87,142.53,0.93653,0.13023,0.00037378
57.32,142.53,1,0,0
69.02,142.53,0.99498,0.0112,0.00045423
-69.02,145.04,0.99465,0.019145,0.0016921
-57.32,145.04,0.99837,0.010189,0.00095236
-52.75,145.04,0.97554,0.090525,0.01586
-48.63,145.04,0.84309,0.318,0.068808
-44.82,145.04,0.84962,0.29213,0.033995
-41.25,145.04,0.90414,0.18942,0.0066096
-37.87,145.04,0.92768,0.14267,0.00073692
-34.64,145.04,0.92609,0.135,0.00011388
-31.53,145.04,0.88761,0.17511,5.303e-05
48.63,145.04,1,0,0
52.75,145.04,1,0,0
69.02,145.04,0.99731,0.010975,3.6106e-05
-69.02,147.55,0.99494,0.018741,0.0018299
-62.55,147.55,1,0,0
-57.32,147.55,0.99754,0.01355,0.0016019
-52.75,147.55,0.97181,0.10102,0.019958
-48.63,147.55,0.84081,0.3258,0.077561
-44.82,147.55,0.87839,0.2554,0.030171
-41.25,147.55,0.93139,0.14559,0.0052392
-37.87,147.55,0.96464,0.084405,0.00036165
-34.64,147.55,0.96742,0.071069,0.00011304
-31.53,147.55,0.9177,0.13581,8.9685e-05
69.02,147.55,0.99842,0.0064729,0.00018786
-69.02,150.06,0.99502,0.018984,0.0020759
-57.32,150.06,0.99704,0.014782,0.0019296
-52.75,150.06,0.96587,0.11582,0.025773
-48.63,150.06,0.89669,0.2509,0.053348
-44.82,150.06,0.90772,0.21464,0.025204
-41.25,150.06,0.93868,0.12889,0.0057758
-37.87,150.06,0.97293,0.070192,0.00040471
-11.81,150.06,1,0,0
-69.02,152.57,0.99511,0.020315,0.00176
-57.32,152.57,0.99532,0.020349,0.0032272
-52.75,152.57,0.96104,0.12691,0.030409
-48.63,152.57,0.94507,0.16545,0.02802
-44.82,152.57,0.92798,0.18343,0.021838
-41.25,152.57,0.95495,0.097998,0.0051365
-37.87,152.57,0.98247,0.052736,0.00041825
-69.02,155.08,0.99504,0.021366,0.0019622
-57.32,155.08,0.99311,0.026121,0.0047877
-52.75,155.08,0.97082,0.10287,0.0218
-48.63,155.08,0.97376,0.097522,0.012629
-44.82,155.08,0.96628,0.10875,0.010522
-41.25,155.08,1,0,0
-37.87,155.08,0.98796,0.041728,0.00049082
-69.02,157.59,0.99495,0.03581,0.0003338
-62.55,157.59,1,0,0
-57.32,157.59,0.99121,0.029815,0.0058492
-52.75,157.59,0.98452,0.062323,0.0098335
-48.63,157.59,0.98844,0.052263,0.0051174
-44.82,157.59,0.98624,0.057635,0.0042092
-41.25,157.59,0.97261,0.074666,0.0045088
-37.87,157.59,0.98967,0.038674,0.00056251
-69.02,160.1,0.99351,0.053831,0.00015608
-57.32,160.1,0.98989,0.031395,0.0061013
-52.75,160.1,0.99186,0.035475,0.0043454
-48.63,160.1,0.99486,0.0265,0.0020698
-44.82,160.1,0.99448,0.028424,0.001552
-41.25,160.1,0.99055,0.038507,0.0015317
-37.87,160.1,0.99138,0.035156,0.00059824
-69.02,162.61,0.99364,0.052359,0.0001521
-62.55,162.61,0.99763,0.0098917,0.003258
-57.32,162.61,0.99068,0.027383,0.0047931
-52.75,162.61,0.99577,0.019828,0.0021068
-48.63,162.61,0.99755,0.013817,0.0010005
-44.82,162.61,0.99747,0.014631,0.00071692
-41.25,162.61,0.99698,0.016608,0.00088651
-69.02,165.12,0.99448,0.045605,0.00013292
-62.55,165.12,1,0,0
-57.32,165.12,1,0,0
-52.75,165.12,0.99772,0.011575,0.0012409
-48.63,165.12,0.99861,0.0084281,0.00061499
-69.02,167.63,0.99467,0.042529,0.00016902
-62.55,167.63,0.99452,0.017192,0.0044228
-57.32,167.63,0.9971,0.010422,0.002464
-52.75,167.63,0.99903,0.0057284,0.00076545
-69.02,170.14,0.99663,0.020483,0.00062936
-62.55,170.14,0.99654,0.012012,0.003585
-69.02,172.65,0.99709,0.015425,0.0011165
-44.82,175.16,1,0,0
57.32,177.67,0.9994,0.0061943,0.005108
