6.53,44.64,0,1.5717,1.2713,1.9016
28.52,107.39,0,1.4437,1.1499,1.764
34.64,-0.54,0,0.2287,0.15255,0.3204
34.64,32.09,0,0.18979,0.12292,0.26769
37.87,-0.54,0,0.36893,0.26292,0.49252
37.87,1.97,0,0.3657,0.26019,0.48687
37.87,4.48,0,0.32267,0.23219,0.42754
41.25,-3.05,0,0.58425,0.43084,0.75661
41.25,1.97,0,0.57322,0.43061,0.72874
41.25,4.48,0,0.57642,0.43528,0.73246
44.82,-0.54,0,0.70622,0.54126,0.88811
44.82,4.48,0,0.7115,0.55469,0.88308
44.82,59.7,0,0.22909,0.14582,0.33405
48.63,9.5,0,0.89015,0.70362,1.0919
48.63,77.27,0,0.27054,0.17497,0.3881
44.82,142.53,0,1.3679,1.0428,1.7468
48.63,-105.96,0,0.92312,0.63211,1.2741
57.32,142.53,0,1.1368,0.88028,1.4523
-57.32,-63.29,0,1.663,1.213,2.1658
-52.75,152.57,0,1.0084,0.79867,1.2359
-48.63,-176.24,0,1.4511,0.77072,2.3513
-48.63,-65.8,0,1.3201,0.97859,1.6856
-48.63,-63.29,0,1.3006,0.97025,1.6523
-48.63,-60.78,0,1.3017,0.97819,1.6437
-48.63,147.55,0,1.0616,0.83989,1.2995
-48.63,150.06,0,1.0615,0.83977,1.3007
-44.82,-178.75,0,1.5456,0.71226,2.715
-44.82,-65.8,0,1.0466,0.80923,1.2899
-44.82,-63.29,0,0.9973,0.76387,1.2387
-44.82,142.53,0,0.99183,0.80851,1.1973
-44.82,145.04,0,1.0138,0.82576,1.2188
-41.25,-58.27,0,0.81817,0.62445,1.0299
-41.25,152.57,0,1.0764,0.90578,1.2544
-37.87,117.43,0,0.8421,0.68029,1.0196
-25.59,135,0,1.4328,1.209,1.6609
-11.81,-40.7,0,1.6591,1.4138,1.9336
-9.16,-40.7,0,1.811,1.5255,2.1338
-6.53,-70.82,0,2.5418,2.1401,2.9557
-3.91,-68.31,0,2.8343,2.425,3.2441
-3.91,-60.78,0,2.7174,2.4305,3.003
-1.3,-43.21,0,1.8741,1.625,2.1287
-1.3,6.99,0,1.7629,1.5184,2.0176
1.3,-65.8,0,2.1853,1.8719,2.5005
1.3,72.25,0,2.2558,1.9944,2.5392
1.3,112.41,0,2.8972,2.5414,3.2649
1.3,114.92,0,3.012,2.633,3.3979
3.91,-55.76,0,1.4661,1.2121,1.7412
3.91,9.5,0,1.9867,1.7551,2.2213
3.91,109.9,0,3.0848,2.7445,3.4343
6.53,37.11,0,1.5734,1.3522,1.8164
6.53,102.37,0,2.9879,2.6794,3.3081
6.53,117.43,0,3.1098,2.7242,3.4947
6.53,135,0,2.9816,2.4663,3.5422
9.16,102.37,0,2.8757,2.5497,3.2179
9.16,104.88,0,2.911,2.5619,3.2863
11.81,39.62,0,1.2696,1.0574,1.5076
11.81,84.8,0,2.312,2.0507,2.6023
14.48,-83.37,0,0.76532,0.58378,0.98265
14.48,-65.8,0,0.67764,0.52256,0.85863
14.48,-63.29,0,0.69089,0.53992,0.87093
14.48,69.74,0,1.9421,1.6889,2.1975
14.48,84.8,0,1.9823,1.7575,2.228
14.48,102.37,0,2.1701,1.8957,2.4728
17.19,87.31,0,1.7185,1.5386,1.9179
17.19,89.82,0,1.6375,1.4413,1.8513
17.19,94.84,0,1.6698,1.4603,1.9002
17.19,99.86,0,1.7399,1.5168,1.9784
17.19,104.88,0,1.7826,1.5616,2.0264
17.19,109.9,0,1.7964,1.5803,2.022
19.94,92.33,0,1.4258,1.2363,1.6378
19.94,94.84,0,1.4383,1.2541,1.6382
22.74,94.84,0,1.3828,1.2169,1.5583
22.74,97.35,0,1.3761,1.2032,1.5583
22.74,99.86,0,1.3057,1.1185,1.508
22.74,109.9,0,1.48,1.2756,1.7056
25.59,107.39,0,1.4629,1.2744,1.6716
25.59,112.41,0,1.4758,1.2761,1.6966
28.52,-80.86,0,0.91083,0.75638,1.0903
28.52,92.33,0,1.4209,1.2352,1.6198
28.52,94.84,0,1.4123,1.2354,1.6033
28.52,112.41,0,1.5277,1.3354,1.7391
28.52,119.94,0,1.4889,1.2851,1.7171
31.53,119.94,0,1.4537,1.246,1.684
34.64,1.97,0,0.23257,0.17332,0.30563
34.64,17.03,0,0.20129,0.14962,0.26045
34.64,19.54,0,0.2049,0.15187,0.26512
34.64,29.58,0,0.20372,0.14833,0.26866
37.87,12.01,0,0.33851,0.26399,0.42138
37.87,14.52,0,0.32287,0.24843,0.40492
37.87,17.03,0,0.33898,0.26478,0.42122
37.87,19.54,0,0.32205,0.24837,0.40513
37.87,22.05,0,0.32262,0.24447,0.41265
37.87,24.56,0,0.25174,0.188,0.32287
37.87,29.58,0,0.24356,0.1823,0.31225
37.87,37.11,0,0.21526,0.15882,0.28078
37.87,129.98,0,1.3385,1.1485,1.534
37.87,132.49,0,1.3867,1.1897,1.5916
41.25,-93.41,0,1.1869,0.98785,1.3966
41.25,6.99,0,0.60199,0.49216,0.72527
41.25,9.5,0,0.58103,0.47584,0.69584
41.25,12.01,0,0.53294,0.4359,0.6401
41.25,14.52,0,0.50876,0.41248,0.61342
41.25,17.03,0,0.4545,0.3642,0.55555
41.25,19.54,0,0.45509,0.36243,0.55799
41.25,39.62,0,0.26327,0.20136,0.33464
41.25,117.43,0,1.0114,0.87048,1.1578
41.25,129.98,0,1.2161,1.0435,1.3958
44.82,-105.96,0,1.0019,0.83514,1.188
44.82,-98.43,0,1.0414,0.88831,1.2034
44.82,-8.07,0,0.69686,0.57158,0.8357
44.82,-5.56,0,0.74635,0.61447,0.89425
44.82,-3.05,0,0.78033,0.63853,0.94457
44.82,1.97,0,0.75098,0.61979,0.88951
44.82,6.99,0,0.77909,0.64963,0.9193
44.82,9.5,0,0.77101,0.64333,0.9099
44.82,12.01,0,0.79254,0.66909,0.92673
48.63,-103.45,0,0.93946,0.77834,1.1155
48.63,-98.43,0,0.93954,0.78786,1.1053
48.63,-8.07,0,0.85049,0.71113,1.003
48.63,1.97,0,0.88818,0.73313,1.059
48.63,12.01,0,0.96144,0.82025,1.1134
48.63,14.52,0,0.95711,0.81422,1.1085
48.63,19.54,0,0.96619,0.8264,1.1196
48.63,22.05,0,0.85323,0.71871,0.99416
48.63,24.56,0,0.80311,0.67613,0.9357
48.63,34.6,0,0.68122,0.56902,0.80226
48.63,54.68,0,0.41677,0.33113,0.51026
48.63,127.47,0,1.1047,0.95725,1.26
48.63,129.98,0,1.1699,1.0088,1.3411
48.63,132.49,0,1.1625,0.99151,1.3479
48.63,142.53,0,1.2267,1.0405,1.4247
48.63,145.04,0,1.2521,1.0687,1.4489
52.75,-103.45,0,0.86865,0.72051,1.029
52.75,-10.58,0,0.84439,0.70569,0.99173
52.75,-8.07,0,0.8839,0.74155,1.0331
52.75,1.97,0,1.006,0.83586,1.1916
52.75,47.15,0,0.72941,0.61928,0.84661
52.75,49.66,0,0.69295,0.58762,0.80681
52.75,59.7,0,0.57446,0.47053,0.68535
52.75,69.74,0,0.495,0.38881,0.61119
52.75,77.27,0,0.47443,0.36938,0.59011
52.75,99.86,0,0.61638,0.4982,0.74444
52.75,137.51,0,1.2631,1.0798,1.4619
57.32,-113.49,0,0.95175,0.78266,1.1388
57.32,-0.54,0,0.86196,0.71943,1.0119
57.32,84.8,0,0.7167,0.58644,0.85628
57.32,119.94,0,0.93664,0.80887,1.0741
57.32,127.47,0,1.0132,0.86074,1.1725
62.55,-136.08,0,1.0328,0.82095,1.2655
62.55,-131.06,0,1.0748,0.8202,1.3497
62.55,-123.53,0,1.0501,0.81408,1.3161
62.55,-116,0,0.93999,0.76431,1.1271
62.55,-113.49,0,0.9057,0.74372,1.0823
62.55,49.66,0,1.0135,0.85568,1.1801
62.55,77.27,0,0.82146,0.68153,0.96849
69.02,-178.75,0,0.87895,0.55789,1.2621
69.02,-171.22,0,0.90034,0.63957,1.1949
69.02,-166.2,0,0.86553,0.65567,1.0994
69.02,-163.69,0,0.85227,0.65305,1.0717
69.02,-151.14,0,0.91566,0.69644,1.157
69.02,-128.55,0,0.96506,0.745,1.2087
69.02,-126.04,0,0.94947,0.73448,1.1853
69.02,-123.53,0,0.92885,0.72127,1.1557
69.02,4.48,0,0.73229,0.59438,0.8818
-44.82,-48.23,0,0.83998,0.64626,1.0538
-34.64,-50.74,0,0.62635,0.49812,0.76092
-31.53,-38.19,0,0.73771,0.61282,0.87546
-31.53,152.57,0,1.0931,0.87157,1.3274
-28.52,-60.78,0,0.68389,0.54383,0.83924
-28.52,-58.27,0,0.71295,0.57064,0.87048
-28.52,37.11,0,0.66579,0.52517,0.81918
-25.59,37.11,0,0.76656,0.61308,0.93583
-6.53,-68.31,0,2.3764,1.9965,2.7682
3.91,-60.78,0,1.3073,1.0488,1.5866
3.91,49.66,0,1.538,1.3065,1.7927
17.19,-68.31,0,0.48822,0.33768,0.66905
19.94,1.97,0,0.21499,0.15995,0.27781
22.74,-5.56,0,0.1521,0.10321,0.20733
22.74,47.15,0,0.42582,0.3435,0.51118
25.59,-5.56,0,0.10553,0.067712,0.14972
31.53,-98.43,0,0.99826,0.84233,1.1631
31.53,29.58,0,0.1291,0.091053,0.17182
31.53,39.62,0,0.15858,0.11621,0.20535
31.53,49.66,0,0.25717,0.1942,0.32772
34.64,-100.94,0,0.99163,0.83341,1.1591
34.64,-5.56,0,0.22767,0.16086,0.30084
34.64,22.05,0,0.13326,0.091362,0.17994
34.64,24.56,0,0.1512,0.10376,0.20579
34.64,52.17,0,0.22496,0.16658,0.29054
34.64,112.41,0,1.125,0.92988,1.3325
37.87,-98.43,0,1.0018,0.85084,1.1579
37.87,-3.05,0,0.30282,0.21729,0.39847
37.87,39.62,0,0.17878,0.12849,0.23616
37.87,49.66,0,0.15781,0.11538,0.20598
37.87,62.21,0,0.21113,0.16066,0.26833
37.87,109.9,0,0.89364,0.74388,1.052
37.87,112.41,0,0.93894,0.78008,1.1054
37.87,119.94,0,1.0834,0.87716,1.2933
41.25,-90.9,0,1.0298,0.86143,1.2092
41.25,-88.39,0,1.0802,0.91213,1.2578
41.25,34.6,0,0.22724,0.16253,0.30252
41.25,59.7,0,0.16489,0.12425,0.21284
41.25,79.78,0,0.23697,0.18146,0.29863
41.25,84.8,0,0.31419,0.24649,0.39035
41.25,99.86,0,0.53309,0.43255,0.64073
41.25,104.88,0,0.61148,0.49911,0.73099
41.25,114.92,0,0.80946,0.67062,0.9598
44.82,-103.45,0,0.85359,0.69611,1.0245
44.82,74.76,0,0.16803,0.1242,0.21691
44.82,84.8,0,0.22753,0.17465,0.28688
44.82,102.37,0,0.45177,0.36441,0.54359
44.82,104.88,0,0.50729,0.40913,0.61132
44.82,114.92,0,0.69637,0.57535,0.8245
48.63,109.9,0,0.5808,0.48045,0.68627
-69.02,-60.78,0,1.1373,0.7451,1.5981
-62.55,84.8,0,0.93281,0.72002,1.175
37.87,-93.41,0,1.1199,0.80631,1.4839
48.63,-108.47,0,0.85764,0.59952,1.1502
-69.02,-68.31,0,-1.1155e+06,-9.429e+06,3.4299e+06
-69.02,-65.8,0,-1.1155e+06,-9.4292e+06,3.4302e+06
-69.02,-63.29,0,-1.1152e+06,-9.4292e+06,3.4315e+06
-69.02,52.17,0,-1.118e+06,-9.4482e+06,3.4296e+06
-69.02,54.68,0,-1.1176e+06,-9.447e+06,3.4301e+06
-69.02,57.19,0,-1.1177e+06,-9.4468e+06,3.4299e+06
-69.02,59.7,0,-1.1175e+06,-9.4465e+06,3.4303e+06
-69.02,62.21,0,-1.1174e+06,-9.4462e+06,3.4307e+06
-69.02,64.72,0,-1.1175e+06,-9.4462e+06,3.4305e+06
-69.02,67.23,0,-1.1176e+06,-9.4462e+06,3.4304e+06
-69.02,69.74,0,-1.1175e+06,-9.4462e+06,3.4306e+06
-69.02,72.25,0,-1.1177e+06,-9.4462e+06,3.4301e+06
-69.02,74.76,0,-1.1178e+06,-9.4464e+06,3.4301e+06
-69.02,77.27,0,-1.1178e+06,-9.4463e+06,3.43e+06
-69.02,79.78,0,-1.1178e+06,-9.446e+06,3.43e+06
-69.02,82.29,0,-1.1178e+06,-9.4455e+06,3.43e+06
-69.02,84.8,0,-1.1178e+06,-9.445e+06,3.43e+06
-69.02,87.31,0,-1.1178e+06,-9.4447e+06,3.43e+06
-69.02,89.82,0,-1.1178e+06,-9.4444e+06,3.43e+06
-69.02,92.33,0,-1.1178e+06,-9.4442e+06,3.4301e+06
-69.02,94.84,0,-1.1177e+06,-9.4438e+06,3.4303e+06
-69.02,97.35,0,-1.1177e+06,-9.4433e+06,3.4305e+06
-69.02,99.86,0,-1.1176e+06,-9.4425e+06,3.4306e+06
-69.02,102.37,0,-1.1177e+06,-9.4418e+06,3.4302e+06
-69.02,104.88,0,-1.1175e+06,-9.4409e+06,3.4303e+06
-69.02,107.39,0,-1.1174e+06,-9.4398e+06,3.4304e+06
-69.02,109.9,0,-1.1174e+06,-9.4388e+06,3.4302e+06
-69.02,112.41,0,-1.1174e+06,-9.4376e+06,3.4299e+06
-69.02,114.92,0,-1.1173e+06,-9.4365e+06,3.4298e+06
-69.02,117.43,0,-1.1172e+06,-9.4353e+06,3.4298e+06
-69.02,119.94,0,-1.1171e+06,-9.4341e+06,3.4297e+06
-69.02,122.45,0,-1.117e+06,-9.433e+06,3.4296e+06
-69.02,124.96,0,-1.1169e+06,-9.432e+06,3.4295e+06
-69.02,127.47,0,-1.1168e+06,-9.431e+06,3.4295e+06
-69.02,129.98,0,-1.1167e+06,-9.43e+06,3.4295e+06
-69.02,132.49,0,-1.1165e+06,-9.4283e+06,3.4294e+06
-69.02,135,0,-1.1165e+06,-9.4278e+06,3.4293e+06
-69.02,137.51,0,-1.1164e+06,-9.4274e+06,3.4293e+06
-69.02,140.02,0,-1.1164e+06,-9.4272e+06,3.4292e+06
-69.02,142.53,0,-1.1164e+06,-9.427e+06,3.4293e+06
-69.02,145.04,0,-1.1157e+06,-9.4243e+06,3.4301e+06
-69.02,147.55,0,-1.1157e+06,-9.4242e+06,3.4301e+06
-69.02,150.06,0,-1.1156e+06,-9.4244e+06,3.4303e+06
-69.02,152.57,0,-1.1158e+06,-9.4248e+06,3.4301e+06
-69.02,155.08,0,-1.1156e+06,-9.4244e+06,3.4302e+06
-69.02,157.59,0,-1.1155e+06,-9.4239e+06,3.4305e+06
-69.02,160.1,0,-1.1161e+06,-9.4264e+06,3.4297e+06
-62.55,97.35,0,-1.1167e+06,-9.4385e+06,3.4297e+06
-62.55,99.86,0,-1.1169e+06,-9.4385e+06,3.429e+06
-62.55,102.37,0,-1.1169e+06,-9.4386e+06,3.4291e+06
-62.55,104.88,0,-1.1166e+06,-9.4383e+06,3.4299e+06
-62.55,107.39,0,-1.1168e+06,-9.4384e+06,3.4292e+06
-62.55,109.9,0,-1.1168e+06,-9.4384e+06,3.4293e+06
-62.55,112.41,0,-1.1168e+06,-9.4383e+06,3.4293e+06
-62.55,114.92,0,-1.1168e+06,-9.4383e+06,3.4293e+06
-62.55,117.43,0,-1.1168e+06,-9.4382e+06,3.4293e+06
-62.55,119.94,0,-1.1167e+06,-9.4383e+06,3.4294e+06
-62.55,122.45,0,-1.1167e+06,-9.4382e+06,3.4293e+06
-62.55,124.96,0,-1.1167e+06,-9.4381e+06,3.4293e+06
-62.55,127.47,0,-1.1167e+06,-9.4381e+06,3.4294e+06
-62.55,129.98,0,-1.1167e+06,-9.438e+06,3.4294e+06
-62.55,132.49,0,-1.1167e+06,-9.438e+06,3.4295e+06
-62.55,135,0,-1.1166e+06,-9.438e+06,3.4297e+06
-62.55,137.51,0,-1.1166e+06,-9.4377e+06,3.4295e+06
-62.55,140.02,0,-1.1166e+06,-9.4378e+06,3.4295e+06
-62.55,142.53,0,-1.1165e+06,-9.4368e+06,3.4295e+06
-62.55,145.04,0,-1.1167e+06,-9.4377e+06,3.4293e+06
-57.32,-68.31,0,-1.1095e+06,-9.4168e+06,3.4429e+06
-57.32,-65.8,0,-1.1096e+06,-9.4174e+06,3.4428e+06
-52.75,-70.82,0,-1.1105e+06,-9.42e+06,3.4406e+06
-52.75,-65.8,0,-1.111e+06,-9.4201e+06,3.4407e+06
-52.75,-63.29,0,-1.1112e+06,-9.422e+06,3.4397e+06
-52.75,-60.78,0,-1.1116e+06,-9.4217e+06,3.4396e+06
-52.75,-58.27,0,-1.1123e+06,-9.4245e+06,3.4378e+06
-52.75,150.06,0,-1.1163e+06,-9.4398e+06,3.4299e+06
-48.63,-58.27,0,-1.1139e+06,-9.4268e+06,3.4355e+06
-48.63,-55.76,0,-1.1151e+06,-9.431e+06,3.4332e+06
-44.82,-60.78,0,-1.1172e+06,-9.437e+06,3.428e+06
-44.82,-58.27,0,-1.1175e+06,-9.4361e+06,3.4282e+06
-44.82,-55.76,0,-1.1178e+06,-9.437e+06,3.4278e+06
-44.82,-50.74,0,-1.1176e+06,-9.4361e+06,3.4282e+06
-44.82,112.41,0,-1.1188e+06,-9.4445e+06,3.4234e+06
-44.82,114.92,0,-1.1181e+06,-9.4414e+06,3.425e+06
-44.82,117.43,0,-1.1185e+06,-9.4428e+06,3.4246e+06
-44.82,119.94,0,-1.1179e+06,-9.441e+06,3.4256e+06
-44.82,122.45,0,-1.1185e+06,-9.4427e+06,3.4251e+06
-44.82,135,0,-1.1172e+06,-9.4405e+06,3.4275e+06
-44.82,137.51,0,-1.1171e+06,-9.4403e+06,3.428e+06
-44.82,140.02,0,-1.1176e+06,-9.442e+06,3.4276e+06
-44.82,147.55,0,-1.1168e+06,-9.4426e+06,3.4292e+06
-44.82,150.06,0,-1.1169e+06,-9.4414e+06,3.4291e+06
-44.82,152.57,0,-1.1169e+06,-9.441e+06,3.4296e+06
-41.25,-63.29,0,-1.1198e+06,-9.4418e+06,3.423e+06
-41.25,-60.78,0,-1.1198e+06,-9.4423e+06,3.4231e+06
-41.25,-55.76,0,-1.1193e+06,-9.44e+06,3.4239e+06
-41.25,-53.25,0,-1.119e+06,-9.439e+06,3.4245e+06
-41.25,-50.74,0,-1.1191e+06,-9.4403e+06,3.4243e+06
-41.25,-48.23,0,-1.1195e+06,-9.4408e+06,3.4244e+06
-41.25,-45.72,0,-1.1191e+06,-9.4403e+06,3.4247e+06
-41.25,112.41,0,-1.1198e+06,-9.4467e+06,3.4207e+06
-41.25,114.92,0,-1.1195e+06,-9.4466e+06,3.4209e+06
-41.25,117.43,0,-1.1193e+06,-9.4464e+06,3.4212e+06
-41.25,119.94,0,-1.119e+06,-9.4437e+06,3.4228e+06
-41.25,122.45,0,-1.119e+06,-9.4437e+06,3.4232e+06
-41.25,124.96,0,-1.1183e+06,-9.4418e+06,3.4245e+06
-41.25,127.47,0,-1.1183e+06,-9.4428e+06,3.4245e+06
-41.25,129.98,0,-1.1179e+06,-9.4415e+06,3.4256e+06
-41.25,132.49,0,-1.1178e+06,-9.4422e+06,3.4258e+06
-41.25,135,0,-1.1175e+06,-9.4417e+06,3.4266e+06
-41.25,137.51,0,-1.1174e+06,-9.4413e+06,3.4274e+06
-41.25,140.02,0,-1.1169e+06,-9.4401e+06,3.4284e+06
-41.25,142.53,0,-1.1167e+06,-9.4396e+06,3.4291e+06
-41.25,145.04,0,-1.1165e+06,-9.4398e+06,3.4297e+06
-41.25,147.55,0,-1.1164e+06,-9.4402e+06,3.4305e+06
-41.25,150.06,0,-1.1166e+06,-9.4401e+06,3.4302e+06
-37.87,-60.78,0,-1.1216e+06,-9.4464e+06,3.4195e+06
-37.87,-58.27,0,-1.1215e+06,-9.4477e+06,3.42e+06
-37.87,-55.76,0,-1.1211e+06,-9.4471e+06,3.4207e+06
-37.87,-53.25,0,-1.1201e+06,-9.4426e+06,3.4221e+06
-37.87,-50.74,0,-1.1203e+06,-9.4434e+06,3.4222e+06
-37.87,-48.23,0,-1.1202e+06,-9.4431e+06,3.4227e+06
-37.87,-45.72,0,-1.12e+06,-9.4426e+06,3.4234e+06
-37.87,-43.21,0,-1.1198e+06,-9.442e+06,3.424e+06
-37.87,19.54,0,-1.119e+06,-9.4417e+06,3.4277e+06
-37.87,22.05,0,-1.1181e+06,-9.4375e+06,3.4297e+06
-37.87,24.56,0,-1.1182e+06,-9.4381e+06,3.4294e+06
-37.87,27.07,0,-1.1185e+06,-9.4386e+06,3.4291e+06
-37.87,29.58,0,-1.1186e+06,-9.4389e+06,3.4288e+06
-37.87,109.9,0,-1.1199e+06,-9.446e+06,3.4207e+06
-37.87,112.41,0,-1.1197e+06,-9.4452e+06,3.421e+06
-37.87,114.92,0,-1.1196e+06,-9.4457e+06,3.4209e+06
-37.87,119.94,0,-1.119e+06,-9.4432e+06,3.4227e+06
-37.87,122.45,0,-1.1187e+06,-9.4425e+06,3.4235e+06
-37.87,124.96,0,-1.1183e+06,-9.4414e+06,3.4245e+06
-37.87,127.47,0,-1.1181e+06,-9.4415e+06,3.4251e+06
-37.87,129.98,0,-1.1179e+06,-9.4419e+06,3.4256e+06
-37.87,132.49,0,-1.1175e+06,-9.4406e+06,3.4269e+06
-37.87,135,0,-1.1173e+06,-9.4407e+06,3.4279e+06
-37.87,137.51,0,-1.1169e+06,-9.4394e+06,3.4291e+06
-37.87,140.02,0,-1.1163e+06,-9.4381e+06,3.4306e+06
-37.87,142.53,0,-1.116e+06,-9.4375e+06,3.4317e+06
-37.87,145.04,0,-1.1158e+06,-9.4374e+06,3.4327e+06
-37.87,147.55,0,-1.1165e+06,-9.4396e+06,3.4318e+06
-37.87,150.06,0,-1.1164e+06,-9.4392e+06,3.4323e+06
-37.87,152.57,0,-1.1164e+06,-9.439e+06,3.4325e+06
-37.87,155.08,0,-1.1165e+06,-9.4396e+06,3.4326e+06
-34.64,-65.8,0,-1.123e+06,-9.4509e+06,3.4177e+06
-34.64,-60.78,0,-1.1224e+06,-9.4493e+06,3.4186e+06
-34.64,-58.27,0,-1.122e+06,-9.4496e+06,3.4186e+06
-34.64,-55.76,0,-1.1216e+06,-9.4491e+06,3.4192e+06
-34.64,-53.25,0,-1.1211e+06,-9.4482e+06,3.4202e+06
-34.64,-48.23,0,-1.1202e+06,-9.4441e+06,3.4228e+06
-34.64,-45.72,0,-1.1202e+06,-9.4444e+06,3.4232e+06
-34.64,-43.21,0,-1.1199e+06,-9.4436e+06,3.4239e+06
-34.64,-40.7,0,-1.1193e+06,-9.4415e+06,3.4252e+06
-34.64,17.03,0,-1.1191e+06,-9.4415e+06,3.428e+06
-34.64,19.54,0,-1.1189e+06,-9.4407e+06,3.4285e+06
-34.64,22.05,0,-1.1189e+06,-9.4414e+06,3.4284e+06
-34.64,24.56,0,-1.1185e+06,-9.439e+06,3.4295e+06
-34.64,27.07,0,-1.1186e+06,-9.4393e+06,3.4293e+06
-34.64,29.58,0,-1.1191e+06,-9.4408e+06,3.4283e+06
-34.64,32.09,0,-1.119e+06,-9.44e+06,3.4285e+06
-34.64,112.41,0,-1.1195e+06,-9.4446e+06,3.4224e+06
-34.64,114.92,0,-1.1194e+06,-9.4447e+06,3.4226e+06
-34.64,117.43,0,-1.1195e+06,-9.4448e+06,3.4228e+06
-34.64,119.94,0,-1.1191e+06,-9.4445e+06,3.4233e+06
-34.64,122.45,0,-1.1188e+06,-9.4441e+06,3.4243e+06
-34.64,124.96,0,-1.1185e+06,-9.4436e+06,3.4254e+06
-34.64,127.47,0,-1.1172e+06,-9.4386e+06,3.4279e+06
-34.64,129.98,0,-1.1169e+06,-9.4385e+06,3.4291e+06
-34.64,132.49,0,-1.1165e+06,-9.4374e+06,3.4305e+06
-34.64,135,0,-1.1162e+06,-9.4371e+06,3.4318e+06
-34.64,137.51,0,-1.1168e+06,-9.4396e+06,3.4313e+06
-34.64,140.02,0,-1.1166e+06,-9.4389e+06,3.4323e+06
-34.64,142.53,0,-1.1164e+06,-9.4384e+06,3.4332e+06
-34.64,145.04,0,-1.1161e+06,-9.438e+06,3.4341e+06
-34.64,147.55,0,-1.1157e+06,-9.4364e+06,3.435e+06
-34.64,150.06,0,-1.1157e+06,-9.4361e+06,3.4353e+06
-34.64,152.57,0,-1.1156e+06,-9.4355e+06,3.4355e+06
-31.53,-68.31,0,-1.1216e+06,-9.4494e+06,3.4211e+06
-31.53,-63.29,0,-1.1219e+06,-9.4501e+06,3.4205e+06
-31.53,-60.78,0,-1.121e+06,-9.4486e+06,3.4214e+06
-31.53,-58.27,0,-1.1206e+06,-9.4478e+06,3.4219e+06
-31.53,-55.76,0,-1.1202e+06,-9.4475e+06,3.4222e+06
-31.53,-53.25,0,-1.1198e+06,-9.4467e+06,3.4228e+06
-31.53,-50.74,0,-1.1195e+06,-9.4442e+06,3.4243e+06
-31.53,-48.23,0,-1.1192e+06,-9.4434e+06,3.425e+06
-31.53,-45.72,0,-1.1193e+06,-9.4439e+06,3.4251e+06
-31.53,-43.21,0,-1.1191e+06,-9.4434e+06,3.4256e+06
-31.53,-40.7,0,-1.119e+06,-9.4429e+06,3.4261e+06
-31.53,17.03,0,-1.1191e+06,-9.4426e+06,3.4285e+06
-31.53,19.54,0,-1.1188e+06,-9.4414e+06,3.4289e+06
-31.53,22.05,0,-1.1189e+06,-9.4421e+06,3.429e+06
-31.53,24.56,0,-1.1189e+06,-9.4425e+06,3.429e+06
-31.53,27.07,0,-1.1189e+06,-9.441e+06,3.4287e+06
-31.53,29.58,0,-1.1193e+06,-9.4424e+06,3.428e+06
-31.53,32.09,0,-1.1194e+06,-9.4424e+06,3.4277e+06
-31.53,34.6,0,-1.1194e+06,-9.442e+06,3.4277e+06
-31.53,117.43,0,-1.1177e+06,-9.4393e+06,3.4279e+06
-31.53,119.94,0,-1.1175e+06,-9.439e+06,3.4286e+06
-31.53,122.45,0,-1.1173e+06,-9.4387e+06,3.4293e+06
-31.53,124.96,0,-1.117e+06,-9.4382e+06,3.4304e+06
-31.53,127.47,0,-1.1166e+06,-9.4375e+06,3.4316e+06
-31.53,129.98,0,-1.1163e+06,-9.4369e+06,3.4326e+06
-31.53,132.49,0,-1.116e+06,-9.4362e+06,3.4338e+06
-31.53,135,0,-1.1158e+06,-9.4354e+06,3.4344e+06
-31.53,137.51,0,-1.1154e+06,-9.4338e+06,3.4354e+06
-31.53,140.02,0,-1.1153e+06,-9.4334e+06,3.4361e+06
-31.53,142.53,0,-1.1151e+06,-9.4329e+06,3.4368e+06
-31.53,145.04,0,-1.1149e+06,-9.4324e+06,3.4373e+06
-31.53,147.55,0,-1.1148e+06,-9.4324e+06,3.4378e+06
-31.53,150.06,0,-1.1147e+06,-9.4317e+06,3.4381e+06
-28.52,-68.31,0,-1.1201e+06,-9.4483e+06,3.4246e+06
-28.52,-55.76,0,-1.1186e+06,-9.4463e+06,3.4259e+06
-28.52,-53.25,0,-1.1182e+06,-9.4453e+06,3.4264e+06
-28.52,-50.74,0,-1.1178e+06,-9.4444e+06,3.4269e+06
-28.52,-48.23,0,-1.1176e+06,-9.442e+06,3.4283e+06
-28.52,-45.72,0,-1.1175e+06,-9.4413e+06,3.4286e+06
-28.52,-43.21,0,-1.1173e+06,-9.4405e+06,3.429e+06
-28.52,-40.7,0,-1.1173e+06,-9.4401e+06,3.4293e+06
-28.52,-38.19,0,-1.1169e+06,-9.4386e+06,3.4299e+06
-28.52,-35.68,0,-1.1168e+06,-9.4381e+06,3.4302e+06
-28.52,-33.17,0,-1.1167e+06,-9.4377e+06,3.4304e+06
-28.52,14.52,0,-1.1187e+06,-9.4422e+06,3.4285e+06
-28.52,17.03,0,-1.1188e+06,-9.4436e+06,3.4285e+06
-28.52,19.54,0,-1.1186e+06,-9.4428e+06,3.4287e+06
-28.52,22.05,0,-1.1187e+06,-9.4434e+06,3.4287e+06
-28.52,24.56,0,-1.119e+06,-9.4434e+06,3.4276e+06
-28.52,27.07,0,-1.1192e+06,-9.4437e+06,3.4273e+06
-28.52,29.58,0,-1.1193e+06,-9.4439e+06,3.4271e+06
-28.52,32.09,0,-1.1196e+06,-9.4443e+06,3.4267e+06
-28.52,34.6,0,-1.1193e+06,-9.4428e+06,3.4272e+06
-28.52,47.15,0,-1.1182e+06,-9.4405e+06,3.4282e+06
-28.52,49.66,0,-1.1187e+06,-9.4412e+06,3.4275e+06
-28.52,119.94,0,-1.1156e+06,-9.4323e+06,3.4344e+06
-28.52,122.45,0,-1.1153e+06,-9.4317e+06,3.4353e+06
-28.52,124.96,0,-1.115e+06,-9.431e+06,3.4363e+06
-28.52,127.47,0,-1.1148e+06,-9.4305e+06,3.4369e+06
-28.52,129.98,0,-1.1145e+06,-9.4299e+06,3.4378e+06
-28.52,132.49,0,-1.1143e+06,-9.4291e+06,3.4385e+06
-28.52,135,0,-1.1141e+06,-9.4285e+06,3.4391e+06
-28.52,137.51,0,-1.1138e+06,-9.428e+06,3.4399e+06
-28.52,140.02,0,-1.1137e+06,-9.4272e+06,3.4404e+06
-28.52,142.53,0,-1.1135e+06,-9.4261e+06,3.4408e+06
-28.52,145.04,0,-1.1135e+06,-9.4265e+06,3.4409e+06
-25.59,-60.78,0,-1.1176e+06,-9.4459e+06,3.429e+06
-25.59,-58.27,0,-1.1169e+06,-9.4436e+06,3.4301e+06
-25.59,-55.76,0,-1.1166e+06,-9.4433e+06,3.4303e+06
-25.59,-53.25,0,-1.1163e+06,-9.443e+06,3.4304e+06
-25.59,-50.74,0,-1.116e+06,-9.4421e+06,3.4308e+06
-25.59,-48.23,0,-1.1157e+06,-9.4395e+06,3.4319e+06
-25.59,-45.72,0,-1.1156e+06,-9.4386e+06,3.4322e+06
-25.59,-43.21,0,-1.1155e+06,-9.438e+06,3.4322e+06
-25.59,-40.7,0,-1.1154e+06,-9.437e+06,3.4325e+06
-25.59,-38.19,0,-1.1154e+06,-9.4367e+06,3.4325e+06
-25.59,-35.68,0,-1.1151e+06,-9.4352e+06,3.433e+06
-25.59,-33.17,0,-1.1159e+06,-9.4373e+06,3.432e+06
-25.59,-30.66,0,-1.1162e+06,-9.4378e+06,3.4316e+06
-25.59,14.52,0,-1.1176e+06,-9.4415e+06,3.4288e+06
-25.59,17.03,0,-1.1178e+06,-9.4429e+06,3.4287e+06
-25.59,19.54,0,-1.1178e+06,-9.4426e+06,3.4288e+06
-25.59,22.05,0,-1.1179e+06,-9.4433e+06,3.4287e+06
-25.59,24.56,0,-1.1182e+06,-9.4432e+06,3.4276e+06
-25.59,27.07,0,-1.1184e+06,-9.4433e+06,3.4273e+06
-25.59,29.58,0,-1.1185e+06,-9.4432e+06,3.4272e+06
-25.59,32.09,0,-1.1185e+06,-9.4426e+06,3.4273e+06
-25.59,34.6,0,-1.1188e+06,-9.443e+06,3.427e+06
-25.59,47.15,0,-1.1179e+06,-9.4418e+06,3.429e+06
-25.59,49.66,0,-1.1174e+06,-9.438e+06,3.4294e+06
-25.59,122.45,0,-1.1133e+06,-9.4249e+06,3.4408e+06
-25.59,124.96,0,-1.1133e+06,-9.4246e+06,3.4408e+06
-25.59,127.47,0,-1.113e+06,-9.4239e+06,3.4417e+06
-25.59,129.98,0,-1.1125e+06,-9.4231e+06,3.443e+06
-25.59,132.49,0,-1.1125e+06,-9.4226e+06,3.443e+06
-25.59,137.51,0,-1.1122e+06,-9.4217e+06,3.444e+06
-25.59,140.02,0,-1.112e+06,-9.4205e+06,3.4444e+06
-25.59,142.53,0,-1.112e+06,-9.4211e+06,3.4445e+06
-22.74,-73.33,0,-1.1173e+06,-9.4442e+06,3.4304e+06
-22.74,-70.82,0,-1.1175e+06,-9.4453e+06,3.4301e+06
-22.74,-63.29,0,-1.1166e+06,-9.4453e+06,3.4313e+06
-22.74,-60.78,0,-1.116e+06,-9.4434e+06,3.4323e+06
-22.74,-58.27,0,-1.1158e+06,-9.4438e+06,3.4322e+06
-22.74,-55.76,0,-1.1154e+06,-9.443e+06,3.4325e+06
-22.74,-53.25,0,-1.115e+06,-9.4424e+06,3.4326e+06
-22.74,-50.74,0,-1.1146e+06,-9.4409e+06,3.4333e+06
-22.74,-48.23,0,-1.1142e+06,-9.4377e+06,3.4344e+06
-22.74,-45.72,0,-1.114e+06,-9.4363e+06,3.4347e+06
-22.74,-43.21,0,-1.1139e+06,-9.4352e+06,3.4349e+06
-22.74,-40.7,0,-1.1139e+06,-9.4345e+06,3.4349e+06
-22.74,-38.19,0,-1.1138e+06,-9.4335e+06,3.4351e+06
-22.74,-35.68,0,-1.1145e+06,-9.4351e+06,3.4341e+06
-22.74,-33.17,0,-1.1146e+06,-9.4346e+06,3.4341e+06
-22.74,-30.66,0,-1.1146e+06,-9.4336e+06,3.4343e+06
-22.74,14.52,0,-1.1166e+06,-9.4415e+06,3.4296e+06
-22.74,17.03,0,-1.1166e+06,-9.442e+06,3.4295e+06
-22.74,19.54,0,-1.1166e+06,-9.4424e+06,3.4295e+06
-22.74,22.05,0,-1.1165e+06,-9.4417e+06,3.4296e+06
-22.74,24.56,0,-1.1168e+06,-9.4412e+06,3.4287e+06
-22.74,27.07,0,-1.1169e+06,-9.4411e+06,3.4286e+06
-22.74,29.58,0,-1.1169e+06,-9.4407e+06,3.4287e+06
-22.74,32.09,0,-1.117e+06,-9.4404e+06,3.4288e+06
-22.74,34.6,0,-1.117e+06,-9.4398e+06,3.4289e+06
-22.74,37.11,0,-1.1171e+06,-9.4397e+06,3.4289e+06
-22.74,47.15,0,-1.1169e+06,-9.4397e+06,3.4308e+06
-22.74,49.66,0,-1.1169e+06,-9.4379e+06,3.4302e+06
-22.74,127.47,0,-1.1116e+06,-9.4192e+06,3.4454e+06
-22.74,129.98,0,-1.1112e+06,-9.4175e+06,3.4461e+06
-22.74,132.49,0,-1.111e+06,-9.4172e+06,3.4466e+06
-22.74,135,0,-1.1106e+06,-9.4156e+06,3.4471e+06
-22.74,137.51,0,-1.1109e+06,-9.4172e+06,3.447e+06
-22.74,140.02,0,-1.1102e+06,-9.4158e+06,3.4487e+06
-19.94,-65.8,0,-1.1157e+06,-9.4432e+06,3.4324e+06
-19.94,-63.29,0,-1.1154e+06,-9.4428e+06,3.433e+06
-19.94,-60.78,0,-1.1154e+06,-9.4439e+06,3.4327e+06
-19.94,-58.27,0,-1.1151e+06,-9.4435e+06,3.4333e+06
-19.94,-55.76,0,-1.1146e+06,-9.4421e+06,3.4344e+06
-19.94,-53.25,0,-1.1141e+06,-9.4406e+06,3.4354e+06
-19.94,-50.74,0,-1.1137e+06,-9.4389e+06,3.4365e+06
-19.94,-48.23,0,-1.114e+06,-9.4385e+06,3.4357e+06
-19.94,-45.72,0,-1.1138e+06,-9.437e+06,3.4362e+06
-19.94,-43.21,0,-1.1136e+06,-9.4358e+06,3.4366e+06
-19.94,-40.7,0,-1.1135e+06,-9.4348e+06,3.4368e+06
-19.94,-38.19,0,-1.1132e+06,-9.4324e+06,3.4368e+06
-19.94,-35.68,0,-1.1133e+06,-9.4319e+06,3.4365e+06
-19.94,-33.17,0,-1.1135e+06,-9.4317e+06,3.436e+06
-19.94,-30.66,0,-1.1139e+06,-9.4318e+06,3.4355e+06
-19.94,14.52,0,-1.1154e+06,-9.4387e+06,3.4309e+06
-19.94,17.03,0,-1.1152e+06,-9.4389e+06,3.4311e+06
-19.94,19.54,0,-1.1151e+06,-9.4393e+06,3.4313e+06
-19.94,22.05,0,-1.1152e+06,-9.4395e+06,3.4314e+06
-19.94,24.56,0,-1.1152e+06,-9.4398e+06,3.4316e+06
-19.94,27.07,0,-1.1151e+06,-9.4371e+06,3.4312e+06
-19.94,29.58,0,-1.1153e+06,-9.4374e+06,3.4311e+06
-19.94,32.09,0,-1.1153e+06,-9.4367e+06,3.4314e+06
-19.94,34.6,0,-1.1154e+06,-9.4364e+06,3.4315e+06
-19.94,37.11,0,-1.1156e+06,-9.4365e+06,3.4314e+06
-19.94,39.62,0,-1.1157e+06,-9.436e+06,3.4315e+06
-19.94,49.66,0,-1.1154e+06,-9.4352e+06,3.4339e+06
-17.19,-68.31,0,-1.114e+06,-9.4352e+06,3.4353e+06
-17.19,-65.8,0,-1.1145e+06,-9.4387e+06,3.434e+06
-17.19,-63.29,0,-1.1145e+06,-9.4401e+06,3.4348e+06
-17.19,-60.78,0,-1.1143e+06,-9.4396e+06,3.4356e+06
-17.19,-58.27,0,-1.114e+06,-9.4391e+06,3.4363e+06
-17.19,-55.76,0,-1.1137e+06,-9.438e+06,3.4372e+06
-17.19,-53.25,0,-1.1132e+06,-9.4363e+06,3.4382e+06
-17.19,-50.74,0,-1.1136e+06,-9.4365e+06,3.4374e+06
-17.19,-48.23,0,-1.1133e+06,-9.4346e+06,3.438e+06
-17.19,-45.72,0,-1.113e+06,-9.4331e+06,3.4385e+06
-17.19,-43.21,0,-1.1128e+06,-9.4318e+06,3.4389e+06
-17.19,-40.7,0,-1.1126e+06,-9.4306e+06,3.4391e+06
-17.19,-38.19,0,-1.1124e+06,-9.4298e+06,3.4393e+06
-17.19,-35.68,0,-1.112e+06,-9.4267e+06,3.4395e+06
-17.19,-33.17,0,-1.1119e+06,-9.4259e+06,3.4393e+06
-17.19,-30.66,0,-1.1121e+06,-9.4257e+06,3.4388e+06
-17.19,-28.15,0,-1.1123e+06,-9.4258e+06,3.4383e+06
-17.19,14.52,0,-1.1137e+06,-9.4339e+06,3.434e+06
-17.19,17.03,0,-1.1135e+06,-9.4341e+06,3.4344e+06
-17.19,19.54,0,-1.1134e+06,-9.4344e+06,3.4346e+06
-17.19,22.05,0,-1.1134e+06,-9.4344e+06,3.4349e+06
-17.19,24.56,0,-1.1134e+06,-9.4346e+06,3.4351e+06
-17.19,27.07,0,-1.1134e+06,-9.4323e+06,3.4348e+06
-17.19,29.58,0,-1.1134e+06,-9.432e+06,3.435e+06
-17.19,32.09,0,-1.1142e+06,-9.4342e+06,3.434e+06
-17.19,34.6,0,-1.1142e+06,-9.4334e+06,3.4343e+06
-17.19,37.11,0,-1.1144e+06,-9.433e+06,3.4343e+06
-17.19,39.62,0,-1.1146e+06,-9.4328e+06,3.4342e+06
-14.48,-68.31,0,-1.112e+06,-9.4272e+06,3.4389e+06
-14.48,-65.8,0,-1.1119e+06,-9.4276e+06,3.4393e+06
-14.48,-63.29,0,-1.1121e+06,-9.4293e+06,3.4394e+06
-14.48,-60.78,0,-1.1122e+06,-9.43e+06,3.4397e+06
-14.48,-58.27,0,-1.1119e+06,-9.4288e+06,3.4403e+06
-14.48,-55.76,0,-1.1117e+06,-9.4283e+06,3.4409e+06
-14.48,-53.25,0,-1.1123e+06,-9.4293e+06,3.4398e+06
-14.48,-50.74,0,-1.1121e+06,-9.4283e+06,3.4402e+06
-14.48,-48.23,0,-1.1119e+06,-9.4271e+06,3.4405e+06
-14.48,-45.72,0,-1.1118e+06,-9.4259e+06,3.4408e+06
-14.48,-43.21,0,-1.1117e+06,-9.4252e+06,3.441e+06
-14.48,-40.7,0,-1.1115e+06,-9.4245e+06,3.4412e+06
-14.48,-38.19,0,-1.1113e+06,-9.4235e+06,3.4412e+06
-14.48,-35.68,0,-1.1114e+06,-9.4232e+06,3.4409e+06
-14.48,-33.17,0,-1.1114e+06,-9.4235e+06,3.4408e+06
-14.48,-30.66,0,-1.1114e+06,-9.423e+06,3.4404e+06
-14.48,-28.15,0,-1.1113e+06,-9.4217e+06,3.4404e+06
-14.48,14.52,0,-1.1123e+06,-9.4285e+06,3.4379e+06
-14.48,17.03,0,-1.112e+06,-9.4276e+06,3.4383e+06
-14.48,19.54,0,-1.1121e+06,-9.4283e+06,3.4385e+06
-14.48,22.05,0,-1.1121e+06,-9.4286e+06,3.4388e+06
-14.48,24.56,0,-1.1121e+06,-9.4288e+06,3.4391e+06
-14.48,27.07,0,-1.1126e+06,-9.4286e+06,3.4381e+06
-14.48,29.58,0,-1.1128e+06,-9.4286e+06,3.438e+06
-14.48,32.09,0,-1.1129e+06,-9.4287e+06,3.4379e+06
-14.48,34.6,0,-1.1132e+06,-9.4287e+06,3.4378e+06
-14.48,37.11,0,-1.1132e+06,-9.4279e+06,3.4379e+06
-14.48,39.62,0,-1.1136e+06,-9.4285e+06,3.4375e+06
-11.81,-70.82,0,-1.1085e+06,-9.4111e+06,3.4462e+06
-11.81,-68.31,0,-1.109e+06,-9.4133e+06,3.4451e+06
-11.81,-65.8,0,-1.1091e+06,-9.4147e+06,3.4442e+06
-11.81,-63.29,0,-1.1091e+06,-9.4154e+06,3.4445e+06
-11.81,-60.78,0,-1.1092e+06,-9.416e+06,3.4447e+06
-11.81,-58.27,0,-1.1092e+06,-9.4164e+06,3.4449e+06
-11.81,-55.76,0,-1.1095e+06,-9.4158e+06,3.444e+06
-11.81,-53.25,0,-1.1096e+06,-9.4161e+06,3.4439e+06
-11.81,-50.74,0,-1.1098e+06,-9.4162e+06,3.4437e+06
-11.81,-48.23,0,-1.1099e+06,-9.4164e+06,3.4435e+06
-11.81,-45.72,0,-1.11e+06,-9.4163e+06,3.4434e+06
-11.81,-43.21,0,-1.1101e+06,-9.4164e+06,3.4432e+06
-11.81,-38.19,0,-1.11e+06,-9.4161e+06,3.4432e+06
-11.81,-35.68,0,-1.1102e+06,-9.4172e+06,3.4428e+06
-11.81,-33.17,0,-1.1103e+06,-9.4177e+06,3.4426e+06
-11.81,-30.66,0,-1.1101e+06,-9.4164e+06,3.4425e+06
-11.81,-28.15,0,-1.1103e+06,-9.4185e+06,3.4427e+06
-11.81,12.01,0,-1.1117e+06,-9.4243e+06,3.4404e+06
-11.81,14.52,0,-1.1114e+06,-9.4235e+06,3.4409e+06
-11.81,17.03,0,-1.1114e+06,-9.424e+06,3.4413e+06
-11.81,19.54,0,-1.1114e+06,-9.4242e+06,3.4418e+06
-11.81,22.05,0,-1.1114e+06,-9.4242e+06,3.4422e+06
-11.81,24.56,0,-1.1112e+06,-9.4233e+06,3.4427e+06
-11.81,27.07,0,-1.1118e+06,-9.4237e+06,3.4415e+06
-11.81,29.58,0,-1.1119e+06,-9.4235e+06,3.4414e+06
-11.81,32.09,0,-1.1121e+06,-9.4233e+06,3.4413e+06
-11.81,34.6,0,-1.112e+06,-9.4221e+06,3.4414e+06
-11.81,37.11,0,-1.1122e+06,-9.4221e+06,3.4412e+06
-9.16,-68.31,0,-1.1049e+06,-9.396e+06,3.4526e+06
-9.16,-65.8,0,-1.105e+06,-9.3974e+06,3.4515e+06
-9.16,-63.29,0,-1.1052e+06,-9.3982e+06,3.4509e+06
-9.16,-60.78,0,-1.1054e+06,-9.3992e+06,3.4507e+06
-9.16,-58.27,0,-1.1062e+06,-9.4011e+06,3.4491e+06
-9.16,-55.76,0,-1.1065e+06,-9.402e+06,3.4485e+06
-9.16,-53.25,0,-1.1069e+06,-9.4035e+06,3.4479e+06
-9.16,-50.74,0,-1.1071e+06,-9.4036e+06,3.4476e+06
-9.16,-48.23,0,-1.1075e+06,-9.4049e+06,3.4468e+06
-9.16,-45.72,0,-1.108e+06,-9.4064e+06,3.446e+06
-9.16,-38.19,0,-1.1088e+06,-9.4101e+06,3.4448e+06
-9.16,9.5,0,-1.1114e+06,-9.4214e+06,3.4415e+06
-9.16,12.01,0,-1.1106e+06,-9.418e+06,3.4429e+06
-9.16,14.52,0,-1.1109e+06,-9.4197e+06,3.4431e+06
-9.16,17.03,0,-1.1108e+06,-9.4192e+06,3.4437e+06
-9.16,19.54,0,-1.1109e+06,-9.4196e+06,3.4441e+06
-9.16,22.05,0,-1.1109e+06,-9.4198e+06,3.4445e+06
-9.16,24.56,0,-1.1109e+06,-9.4198e+06,3.445e+06
-9.16,27.07,0,-1.1113e+06,-9.4192e+06,3.444e+06
-9.16,29.58,0,-1.1113e+06,-9.4183e+06,3.4439e+06
-9.16,32.09,0,-1.1113e+06,-9.4175e+06,3.4437e+06
-9.16,34.6,0,-1.1115e+06,-9.4178e+06,3.4436e+06
-9.16,37.11,0,-1.1118e+06,-9.4186e+06,3.4431e+06
-6.53,-65.8,0,-1.1022e+06,-9.3849e+06,3.4571e+06
-6.53,-63.29,0,-1.1025e+06,-9.3859e+06,3.4562e+06
-6.53,-60.78,0,-1.1028e+06,-9.3873e+06,3.4552e+06
-6.53,-58.27,0,-1.1037e+06,-9.3895e+06,3.4539e+06
-6.53,-55.76,0,-1.1042e+06,-9.3918e+06,3.4526e+06
-6.53,-53.25,0,-1.1049e+06,-9.3937e+06,3.4515e+06
-6.53,-50.74,0,-1.1055e+06,-9.3963e+06,3.4501e+06
-6.53,-48.23,0,-1.1056e+06,-9.3963e+06,3.45e+06
-6.53,-45.72,0,-1.106e+06,-9.3977e+06,3.4493e+06
-6.53,-43.21,0,-1.1067e+06,-9.4003e+06,3.4482e+06
-6.53,9.5,0,-1.1105e+06,-9.4171e+06,3.4434e+06
-6.53,12.01,0,-1.1105e+06,-9.4175e+06,3.4437e+06
-6.53,14.52,0,-1.1106e+06,-9.4177e+06,3.4442e+06
-6.53,17.03,0,-1.1104e+06,-9.4164e+06,3.4447e+06
-6.53,19.54,0,-1.1105e+06,-9.4167e+06,3.4451e+06
-6.53,22.05,0,-1.1106e+06,-9.4168e+06,3.4456e+06
-6.53,24.56,0,-1.1109e+06,-9.4164e+06,3.4449e+06
-6.53,27.07,0,-1.111e+06,-9.4161e+06,3.445e+06
-6.53,29.58,0,-1.111e+06,-9.415e+06,3.445e+06
-6.53,32.09,0,-1.1109e+06,-9.4141e+06,3.4449e+06
-6.53,34.6,0,-1.1109e+06,-9.4138e+06,3.4449e+06
-6.53,37.11,0,-1.1111e+06,-9.4141e+06,3.4448e+06
-3.91,-65.8,0,-1.1011e+06,-9.38e+06,3.4593e+06
-3.91,-63.29,0,-1.1013e+06,-9.3809e+06,3.4585e+06
-3.91,-58.27,0,-1.1029e+06,-9.3858e+06,3.4557e+06
-3.91,-55.76,0,-1.1036e+06,-9.3887e+06,3.4541e+06
-3.91,-53.25,0,-1.1043e+06,-9.3907e+06,3.453e+06
-3.91,-50.74,0,-1.1052e+06,-9.3941e+06,3.4513e+06
-3.91,-48.23,0,-1.1059e+06,-9.397e+06,3.4499e+06
-3.91,-45.72,0,-1.1064e+06,-9.3995e+06,3.4488e+06
-3.91,-43.21,0,-1.1069e+06,-9.4009e+06,3.4482e+06
-3.91,12.01,0,-1.11e+06,-9.4153e+06,3.444e+06
-3.91,14.52,0,-1.1101e+06,-9.4156e+06,3.4443e+06
-3.91,17.03,0,-1.1102e+06,-9.4157e+06,3.4446e+06
-3.91,19.54,0,-1.1103e+06,-9.4158e+06,3.445e+06
-3.91,22.05,0,-1.1101e+06,-9.4142e+06,3.4456e+06
-3.91,24.56,0,-1.1106e+06,-9.4141e+06,3.4448e+06
-3.91,27.07,0,-1.1106e+06,-9.4138e+06,3.445e+06
-3.91,29.58,0,-1.1106e+06,-9.4128e+06,3.4451e+06
-3.91,32.09,0,-1.1104e+06,-9.4115e+06,3.4452e+06
-3.91,34.6,0,-1.1104e+06,-9.4109e+06,3.4455e+06
-3.91,37.11,0,-1.1101e+06,-9.4103e+06,3.4464e+06
-3.91,39.62,0,-1.11e+06,-9.4097e+06,3.4465e+06
-1.3,-68.31,0,-1.1026e+06,-9.3857e+06,3.4569e+06
-1.3,-65.8,0,-1.1025e+06,-9.3851e+06,3.457e+06
-1.3,-63.29,0,-1.1031e+06,-9.3869e+06,3.4558e+06
-1.3,-60.78,0,-1.1035e+06,-9.3888e+06,3.4546e+06
-1.3,-58.27,0,-1.1044e+06,-9.3912e+06,3.4533e+06
-1.3,-55.76,0,-1.1051e+06,-9.3942e+06,3.4517e+06
-1.3,-53.25,0,-1.1058e+06,-9.3969e+06,3.4505e+06
-1.3,-50.74,0,-1.1063e+06,-9.3982e+06,3.4496e+06
-1.3,-8.07,0,-1.1072e+06,-9.4055e+06,3.4489e+06
-1.3,-5.56,0,-1.1073e+06,-9.4063e+06,3.4485e+06
-1.3,-3.05,0,-1.1073e+06,-9.4061e+06,3.4485e+06
-1.3,-0.54,0,-1.1081e+06,-9.4084e+06,3.4474e+06
-1.3,9.5,0,-1.1085e+06,-9.4088e+06,3.4464e+06
-1.3,12.01,0,-1.109e+06,-9.4113e+06,3.4449e+06
-1.3,14.52,0,-1.1093e+06,-9.4127e+06,3.444e+06
-1.3,17.03,0,-1.1096e+06,-9.4135e+06,3.4441e+06
-1.3,19.54,0,-1.1097e+06,-9.4139e+06,3.4443e+06
-1.3,22.05,0,-1.1098e+06,-9.414e+06,3.4446e+06
-1.3,24.56,0,-1.11e+06,-9.4125e+06,3.4441e+06
-1.3,27.07,0,-1.1101e+06,-9.4121e+06,3.4443e+06
-1.3,29.58,0,-1.1101e+06,-9.4114e+06,3.4446e+06
-1.3,32.09,0,-1.1099e+06,-9.4102e+06,3.445e+06
-1.3,34.6,0,-1.1097e+06,-9.4093e+06,3.4456e+06
-1.3,37.11,0,-1.1096e+06,-9.4087e+06,3.4459e+06
-1.3,39.62,0,-1.1096e+06,-9.4085e+06,3.4462e+06
-1.3,42.13,0,-1.1095e+06,-9.4083e+06,3.4463e+06
1.3,-63.29,0,-1.1064e+06,-9.4008e+06,3.4506e+06
1.3,-60.78,0,-1.107e+06,-9.4023e+06,3.4495e+06
1.3,-58.27,0,-1.1075e+06,-9.4033e+06,3.4484e+06
1.3,-55.76,0,-1.1084e+06,-9.4073e+06,3.4475e+06
1.3,-53.25,0,-1.1089e+06,-9.4089e+06,3.4463e+06
1.3,-50.74,0,-1.1092e+06,-9.4107e+06,3.4459e+06
1.3,-13.09,0,-1.1079e+06,-9.4101e+06,3.447e+06
1.3,-10.58,0,-1.1072e+06,-9.4071e+06,3.4487e+06
1.3,-8.07,0,-1.1069e+06,-9.4062e+06,3.4492e+06
1.3,-5.56,0,-1.1064e+06,-9.4036e+06,3.4504e+06
1.3,-3.05,0,-1.1063e+06,-9.4032e+06,3.4505e+06
1.3,-0.54,0,-1.1067e+06,-9.4048e+06,3.4495e+06
1.3,1.97,0,-1.1071e+06,-9.4056e+06,3.4489e+06
1.3,4.48,0,-1.1071e+06,-9.4058e+06,3.4486e+06
1.3,6.99,0,-1.1075e+06,-9.4071e+06,3.4476e+06
1.3,9.5,0,-1.108e+06,-9.4092e+06,3.4463e+06
1.3,12.01,0,-1.1081e+06,-9.4089e+06,3.4461e+06
1.3,14.52,0,-1.1085e+06,-9.4102e+06,3.4451e+06
1.3,17.03,0,-1.1089e+06,-9.4118e+06,3.444e+06
1.3,19.54,0,-1.1091e+06,-9.4125e+06,3.4434e+06
1.3,22.05,0,-1.1093e+06,-9.413e+06,3.4435e+06
1.3,24.56,0,-1.1095e+06,-9.4119e+06,3.4434e+06
1.3,27.07,0,-1.1097e+06,-9.4116e+06,3.4434e+06
1.3,29.58,0,-1.1097e+06,-9.4111e+06,3.4437e+06
1.3,32.09,0,-1.1096e+06,-9.4102e+06,3.4442e+06
1.3,34.6,0,-1.1093e+06,-9.4086e+06,3.4449e+06
1.3,37.11,0,-1.1101e+06,-9.4113e+06,3.4439e+06
1.3,39.62,0,-1.1099e+06,-9.4107e+06,3.4444e+06
1.3,42.13,0,-1.1091e+06,-9.4073e+06,3.4461e+06
1.3,44.64,0,-1.1094e+06,-9.4081e+06,3.4456e+06
1.3,74.76,0,-1.1052e+06,-9.3933e+06,3.453e+06
1.3,109.9,0,-1.1015e+06,-9.3865e+06,3.4608e+06
1.3,132.49,0,-1.1005e+06,-9.3821e+06,3.4628e+06
3.91,-63.29,0,-1.1101e+06,-9.4167e+06,3.4451e+06
3.91,-13.09,0,-1.1077e+06,-9.409e+06,3.4482e+06
3.91,-10.58,0,-1.1072e+06,-9.4086e+06,3.4486e+06
3.91,-8.07,0,-1.1065e+06,-9.406e+06,3.4499e+06
3.91,-5.56,0,-1.1058e+06,-9.4031e+06,3.4513e+06
3.91,-3.05,0,-1.1061e+06,-9.4038e+06,3.4509e+06
3.91,-0.54,0,-1.1059e+06,-9.403e+06,3.451e+06
3.91,1.97,0,-1.1063e+06,-9.4038e+06,3.4503e+06
3.91,4.48,0,-1.1064e+06,-9.4041e+06,3.4498e+06
3.91,6.99,0,-1.1068e+06,-9.4054e+06,3.4488e+06
3.91,12.01,0,-1.1076e+06,-9.4082e+06,3.4466e+06
3.91,14.52,0,-1.1082e+06,-9.4101e+06,3.4453e+06
3.91,17.03,0,-1.1086e+06,-9.4117e+06,3.4442e+06
3.91,19.54,0,-1.109e+06,-9.4129e+06,3.4433e+06
3.91,22.05,0,-1.1093e+06,-9.4138e+06,3.4427e+06
3.91,24.56,0,-1.1099e+06,-9.4145e+06,3.4423e+06
3.91,27.07,0,-1.1102e+06,-9.4147e+06,3.4421e+06
3.91,29.58,0,-1.1103e+06,-9.4146e+06,3.4421e+06
3.91,32.09,0,-1.1104e+06,-9.4143e+06,3.4423e+06
3.91,34.6,0,-1.1102e+06,-9.4127e+06,3.4432e+06
3.91,37.11,0,-1.1103e+06,-9.4127e+06,3.4432e+06
3.91,39.62,0,-1.1103e+06,-9.4124e+06,3.4433e+06
3.91,42.13,0,-1.1101e+06,-9.4118e+06,3.4436e+06
3.91,44.64,0,-1.1099e+06,-9.4111e+06,3.444e+06
3.91,47.15,0,-1.1086e+06,-9.4061e+06,3.4461e+06
3.91,72.25,0,-1.1045e+06,-9.3918e+06,3.4539e+06
3.91,74.76,0,-1.1046e+06,-9.3904e+06,3.4534e+06
3.91,104.88,0,-1.1003e+06,-9.3772e+06,3.4613e+06
3.91,107.39,0,-1.0999e+06,-9.3761e+06,3.4617e+06
3.91,112.41,0,-1.0994e+06,-9.3753e+06,3.4626e+06
3.91,114.92,0,-1.0995e+06,-9.3756e+06,3.4625e+06
3.91,117.43,0,-1.0993e+06,-9.3752e+06,3.4632e+06
6.53,-63.29,0,-1.1143e+06,-9.4329e+06,3.438e+06
6.53,-15.6,0,-1.1094e+06,-9.4149e+06,3.4452e+06
6.53,-13.09,0,-1.1083e+06,-9.4111e+06,3.4474e+06
6.53,-10.58,0,-1.1077e+06,-9.4096e+06,3.4484e+06
6.53,-8.07,0,-1.1072e+06,-9.4088e+06,3.4489e+06
6.53,-5.56,0,-1.1067e+06,-9.4071e+06,3.4497e+06
6.53,-3.05,0,-1.1065e+06,-9.4051e+06,3.4505e+06
6.53,-0.54,0,-1.1066e+06,-9.4053e+06,3.4501e+06
6.53,1.97,0,-1.1066e+06,-9.4052e+06,3.4498e+06
6.53,4.48,0,-1.1068e+06,-9.4057e+06,3.4492e+06
6.53,6.99,0,-1.1073e+06,-9.4072e+06,3.448e+06
6.53,9.5,0,-1.1079e+06,-9.4094e+06,3.4466e+06
6.53,12.01,0,-1.1085e+06,-9.4115e+06,3.4451e+06
6.53,14.52,0,-1.1089e+06,-9.4126e+06,3.4442e+06
6.53,17.03,0,-1.1094e+06,-9.4145e+06,3.443e+06
6.53,19.54,0,-1.1107e+06,-9.4186e+06,3.441e+06
6.53,22.05,0,-1.111e+06,-9.4196e+06,3.4403e+06
6.53,24.56,0,-1.1112e+06,-9.4203e+06,3.4398e+06
6.53,27.07,0,-1.1111e+06,-9.4188e+06,3.4405e+06
6.53,29.58,0,-1.1113e+06,-9.4188e+06,3.4405e+06
6.53,32.09,0,-1.1113e+06,-9.4185e+06,3.4407e+06
6.53,34.6,0,-1.1113e+06,-9.4176e+06,3.4412e+06
6.53,39.62,0,-1.111e+06,-9.4151e+06,3.4425e+06
6.53,47.15,0,-1.1104e+06,-9.4133e+06,3.4432e+06
6.53,72.25,0,-1.1044e+06,-9.3911e+06,3.4538e+06
6.53,74.76,0,-1.104e+06,-9.3875e+06,3.4534e+06
6.53,104.88,0,-1.1001e+06,-9.3748e+06,3.4611e+06
6.53,107.39,0,-1.0993e+06,-9.3717e+06,3.4621e+06
6.53,109.9,0,-1.0993e+06,-9.3727e+06,3.4623e+06
6.53,112.41,0,-1.1002e+06,-9.3758e+06,3.461e+06
9.16,-13.09,0,-1.1108e+06,-9.4198e+06,3.4429e+06
9.16,-10.58,0,-1.1101e+06,-9.4178e+06,3.444e+06
9.16,-8.07,0,-1.1095e+06,-9.4163e+06,3.4448e+06
9.16,-5.56,0,-1.1089e+06,-9.4136e+06,3.446e+06
9.16,-3.05,0,-1.1085e+06,-9.411e+06,3.4471e+06
9.16,-0.54,0,-1.1086e+06,-9.4111e+06,3.4468e+06
9.16,1.97,0,-1.1087e+06,-9.4112e+06,3.4464e+06
9.16,4.48,0,-1.1089e+06,-9.4118e+06,3.4457e+06
9.16,6.99,0,-1.1093e+06,-9.4131e+06,3.4447e+06
9.16,9.5,0,-1.11e+06,-9.4156e+06,3.4431e+06
9.16,12.01,0,-1.1106e+06,-9.4178e+06,3.4417e+06
9.16,14.52,0,-1.1121e+06,-9.4227e+06,3.4392e+06
9.16,17.03,0,-1.1126e+06,-9.4245e+06,3.4381e+06
9.16,19.54,0,-1.113e+06,-9.426e+06,3.4373e+06
9.16,22.05,0,-1.1133e+06,-9.4273e+06,3.4366e+06
9.16,24.56,0,-1.1135e+06,-9.4281e+06,3.4363e+06
9.16,27.07,0,-1.1136e+06,-9.4281e+06,3.4364e+06
9.16,29.58,0,-1.1136e+06,-9.4282e+06,3.4364e+06
9.16,32.09,0,-1.1131e+06,-9.4256e+06,3.4377e+06
9.16,34.6,0,-1.1129e+06,-9.4242e+06,3.4386e+06
9.16,37.11,0,-1.1124e+06,-9.4217e+06,3.4399e+06
9.16,39.62,0,-1.1119e+06,-9.4199e+06,3.4407e+06
9.16,42.13,0,-1.1111e+06,-9.4171e+06,3.442e+06
9.16,44.64,0,-1.1114e+06,-9.4173e+06,3.442e+06
9.16,47.15,0,-1.1104e+06,-9.4141e+06,3.4433e+06
9.16,69.74,0,-1.1055e+06,-9.3945e+06,3.4508e+06
9.16,72.25,0,-1.1046e+06,-9.3917e+06,3.4526e+06
9.16,74.76,0,-1.1038e+06,-9.3868e+06,3.4534e+06
9.16,77.27,0,-1.1038e+06,-9.3859e+06,3.4533e+06
9.16,79.78,0,-1.1039e+06,-9.3858e+06,3.4531e+06
9.16,99.86,0,-1.1015e+06,-9.377e+06,3.4581e+06
9.16,107.39,0,-1.1013e+06,-9.3767e+06,3.4585e+06
9.16,109.9,0,-1.1013e+06,-9.3771e+06,3.4585e+06
9.16,112.41,0,-1.1013e+06,-9.3772e+06,3.4587e+06
9.16,114.92,0,-1.1012e+06,-9.3782e+06,3.4592e+06
9.16,117.43,0,-1.1014e+06,-9.3784e+06,3.4589e+06
11.81,-90.9,0,-1.1172e+06,-9.4501e+06,3.4312e+06
11.81,-88.39,0,-1.1175e+06,-9.4503e+06,3.4312e+06
11.81,-85.88,0,-1.1176e+06,-9.4511e+06,3.4307e+06
11.81,-83.37,0,-1.1173e+06,-9.4504e+06,3.431e+06
11.81,-80.86,0,-1.1184e+06,-9.4533e+06,3.4295e+06
11.81,-13.09,0,-1.1141e+06,-9.4297e+06,3.4371e+06
11.81,-10.58,0,-1.1136e+06,-9.4282e+06,3.4378e+06
11.81,-8.07,0,-1.1132e+06,-9.427e+06,3.4383e+06
11.81,-5.56,0,-1.1129e+06,-9.4262e+06,3.4386e+06
11.81,-3.05,0,-1.1132e+06,-9.4264e+06,3.4383e+06
11.81,-0.54,0,-1.1123e+06,-9.4222e+06,3.44e+06
11.81,1.97,0,-1.1124e+06,-9.4222e+06,3.4396e+06
11.81,4.48,0,-1.1127e+06,-9.4232e+06,3.4388e+06
11.81,6.99,0,-1.1131e+06,-9.4245e+06,3.4379e+06
11.81,9.5,0,-1.1148e+06,-9.4303e+06,3.435e+06
11.81,12.01,0,-1.1154e+06,-9.4323e+06,3.4338e+06
11.81,14.52,0,-1.1159e+06,-9.4343e+06,3.4328e+06
11.81,17.03,0,-1.1163e+06,-9.4361e+06,3.4318e+06
11.81,19.54,0,-1.1166e+06,-9.4376e+06,3.4312e+06
11.81,22.05,0,-1.1168e+06,-9.4388e+06,3.4307e+06
11.81,24.56,0,-1.1168e+06,-9.4395e+06,3.4305e+06
11.81,27.07,0,-1.1168e+06,-9.4392e+06,3.4309e+06
11.81,29.58,0,-1.1168e+06,-9.4392e+06,3.4312e+06
11.81,32.09,0,-1.1165e+06,-9.4386e+06,3.4317e+06
11.81,34.6,0,-1.1161e+06,-9.4375e+06,3.4325e+06
11.81,37.11,0,-1.1148e+06,-9.4319e+06,3.4353e+06
11.81,42.13,0,-1.1137e+06,-9.4279e+06,3.4375e+06
11.81,44.64,0,-1.1129e+06,-9.4249e+06,3.4388e+06
11.81,47.15,0,-1.113e+06,-9.4247e+06,3.4389e+06
11.81,49.66,0,-1.112e+06,-9.4207e+06,3.4405e+06
11.81,69.74,0,-1.1067e+06,-9.399e+06,3.4483e+06
11.81,72.25,0,-1.1056e+06,-9.3954e+06,3.4497e+06
11.81,74.76,0,-1.1048e+06,-9.391e+06,3.4512e+06
11.81,77.27,0,-1.1044e+06,-9.3892e+06,3.4517e+06
11.81,79.78,0,-1.1046e+06,-9.3892e+06,3.4514e+06
11.81,82.29,0,-1.1051e+06,-9.3901e+06,3.4505e+06
11.81,99.86,0,-1.1034e+06,-9.3835e+06,3.4548e+06
11.81,102.37,0,-1.1031e+06,-9.3838e+06,3.4557e+06
11.81,104.88,0,-1.1026e+06,-9.3814e+06,3.4565e+06
11.81,107.39,0,-1.1031e+06,-9.3825e+06,3.4552e+06
11.81,109.9,0,-1.1032e+06,-9.3829e+06,3.4551e+06
11.81,112.41,0,-1.1035e+06,-9.3849e+06,3.4553e+06
11.81,114.92,0,-1.1034e+06,-9.3848e+06,3.4554e+06
14.48,-93.41,0,-1.1188e+06,-9.4556e+06,3.4292e+06
14.48,-88.39,0,-1.119e+06,-9.458e+06,3.4282e+06
14.48,-85.88,0,-1.1195e+06,-9.4587e+06,3.4281e+06
14.48,-15.6,0,-1.1178e+06,-9.4396e+06,3.4307e+06
14.48,-13.09,0,-1.1181e+06,-9.4416e+06,3.4297e+06
14.48,-10.58,0,-1.1185e+06,-9.4426e+06,3.4291e+06
14.48,-8.07,0,-1.1183e+06,-9.442e+06,3.4292e+06
14.48,-5.56,0,-1.1184e+06,-9.4419e+06,3.429e+06
14.48,-3.05,0,-1.1184e+06,-9.4419e+06,3.4287e+06
14.48,-0.54,0,-1.1185e+06,-9.4423e+06,3.4282e+06
14.48,1.97,0,-1.1187e+06,-9.4429e+06,3.4276e+06
14.48,4.48,0,-1.1192e+06,-9.4437e+06,3.427e+06
14.48,6.99,0,-1.1195e+06,-9.4446e+06,3.4264e+06
14.48,9.5,0,-1.1199e+06,-9.4462e+06,3.4255e+06
14.48,12.01,0,-1.1204e+06,-9.4478e+06,3.4247e+06
14.48,14.52,0,-1.1208e+06,-9.4497e+06,3.4239e+06
14.48,17.03,0,-1.121e+06,-9.4511e+06,3.4234e+06
14.48,19.54,0,-1.1212e+06,-9.4527e+06,3.4228e+06
14.48,22.05,0,-1.1212e+06,-9.4536e+06,3.4227e+06
14.48,24.56,0,-1.121e+06,-9.4539e+06,3.4229e+06
14.48,27.07,0,-1.1208e+06,-9.4532e+06,3.4238e+06
14.48,29.58,0,-1.1206e+06,-9.4528e+06,3.4244e+06
14.48,32.09,0,-1.1201e+06,-9.4519e+06,3.4252e+06
14.48,34.6,0,-1.1195e+06,-9.4503e+06,3.4264e+06
14.48,37.11,0,-1.1187e+06,-9.4482e+06,3.4277e+06
14.48,39.62,0,-1.1179e+06,-9.4451e+06,3.4295e+06
14.48,42.13,0,-1.1172e+06,-9.4422e+06,3.4311e+06
14.48,44.64,0,-1.1165e+06,-9.4392e+06,3.4325e+06
14.48,47.15,0,-1.1158e+06,-9.4362e+06,3.4339e+06
14.48,67.23,0,-1.1089e+06,-9.4093e+06,3.4443e+06
14.48,72.25,0,-1.1074e+06,-9.4032e+06,3.4463e+06
14.48,74.76,0,-1.107e+06,-9.4021e+06,3.4473e+06
14.48,77.27,0,-1.1069e+06,-9.3996e+06,3.447e+06
14.48,79.78,0,-1.1067e+06,-9.3984e+06,3.4472e+06
14.48,82.29,0,-1.1064e+06,-9.3965e+06,3.4479e+06
14.48,99.86,0,-1.1062e+06,-9.395e+06,3.4502e+06
14.48,104.88,0,-1.1061e+06,-9.3942e+06,3.4504e+06
14.48,107.39,0,-1.1059e+06,-9.3935e+06,3.4507e+06
14.48,109.9,0,-1.106e+06,-9.3938e+06,3.4508e+06
17.19,-98.43,0,-1.1185e+06,-9.4534e+06,3.4298e+06
17.19,-93.41,0,-1.1193e+06,-9.4591e+06,3.4279e+06
17.19,-90.9,0,-1.119e+06,-9.458e+06,3.4287e+06
17.19,-88.39,0,-1.1201e+06,-9.4617e+06,3.427e+06
17.19,-13.09,0,-1.1235e+06,-9.458e+06,3.4199e+06
17.19,-10.58,0,-1.1234e+06,-9.4581e+06,3.4194e+06
17.19,-8.07,0,-1.1239e+06,-9.459e+06,3.4187e+06
17.19,-5.56,0,-1.124e+06,-9.4594e+06,3.4181e+06
17.19,-3.05,0,-1.1242e+06,-9.4601e+06,3.4175e+06
17.19,-0.54,0,-1.1244e+06,-9.4608e+06,3.4168e+06
17.19,1.97,0,-1.1248e+06,-9.4618e+06,3.4162e+06
17.19,4.48,0,-1.125e+06,-9.4625e+06,3.4157e+06
17.19,6.99,0,-1.1253e+06,-9.4636e+06,3.4151e+06
17.19,9.5,0,-1.1256e+06,-9.4648e+06,3.4146e+06
17.19,12.01,0,-1.1259e+06,-9.4662e+06,3.414e+06
17.19,14.52,0,-1.1261e+06,-9.4675e+06,3.4137e+06
17.19,17.03,0,-1.1263e+06,-9.4691e+06,3.4133e+06
17.19,19.54,0,-1.1263e+06,-9.47e+06,3.4133e+06
17.19,22.05,0,-1.126e+06,-9.4705e+06,3.4136e+06
17.19,24.56,0,-1.1255e+06,-9.4703e+06,3.4142e+06
17.19,27.07,0,-1.1252e+06,-9.4696e+06,3.4152e+06
17.19,29.58,0,-1.1246e+06,-9.4679e+06,3.4167e+06
17.19,32.09,0,-1.1241e+06,-9.4667e+06,3.4178e+06
17.19,34.6,0,-1.1233e+06,-9.4646e+06,3.4193e+06
17.19,37.11,0,-1.1221e+06,-9.4617e+06,3.4212e+06
17.19,39.62,0,-1.1212e+06,-9.4581e+06,3.4233e+06
17.19,42.13,0,-1.1204e+06,-9.4548e+06,3.4252e+06
17.19,44.64,0,-1.1195e+06,-9.4514e+06,3.4269e+06
17.19,47.15,0,-1.1185e+06,-9.4468e+06,3.4291e+06
17.19,52.17,0,-1.1165e+06,-9.4404e+06,3.4322e+06
17.19,67.23,0,-1.1112e+06,-9.4195e+06,3.4402e+06
17.19,69.74,0,-1.1101e+06,-9.4153e+06,3.4418e+06
17.19,72.25,0,-1.1093e+06,-9.412e+06,3.4429e+06
17.19,74.76,0,-1.1092e+06,-9.4119e+06,3.443e+06
17.19,77.27,0,-1.1091e+06,-9.41e+06,3.4429e+06
17.19,79.78,0,-1.1091e+06,-9.4093e+06,3.4429e+06
17.19,82.29,0,-1.1092e+06,-9.4089e+06,3.4429e+06
17.19,84.8,0,-1.1093e+06,-9.4086e+06,3.443e+06
17.19,97.35,0,-1.1096e+06,-9.4085e+06,3.4445e+06
17.19,102.37,0,-1.1089e+06,-9.4079e+06,3.4464e+06
17.19,107.39,0,-1.1089e+06,-9.4059e+06,3.4462e+06
19.94,-100.94,0,-1.1171e+06,-9.4477e+06,3.4317e+06
19.94,-98.43,0,-1.1178e+06,-9.452e+06,3.4302e+06
19.94,-95.92,0,-1.1186e+06,-9.4562e+06,3.4286e+06
19.94,-93.41,0,-1.1184e+06,-9.4546e+06,3.4298e+06
19.94,-90.9,0,-1.1185e+06,-9.4555e+06,3.4295e+06
19.94,-88.39,0,-1.1204e+06,-9.4622e+06,3.4262e+06
19.94,-10.58,0,-1.1285e+06,-9.4736e+06,3.4102e+06
19.94,-8.07,0,-1.1289e+06,-9.4751e+06,3.4089e+06
19.94,-5.56,0,-1.1293e+06,-9.4765e+06,3.4079e+06
19.94,-3.05,0,-1.1295e+06,-9.4777e+06,3.4069e+06
19.94,-0.54,0,-1.1299e+06,-9.4791e+06,3.406e+06
19.94,4.48,0,-1.1305e+06,-9.4816e+06,3.4047e+06
19.94,6.99,0,-1.1308e+06,-9.4825e+06,3.4043e+06
19.94,9.5,0,-1.1309e+06,-9.4834e+06,3.404e+06
19.94,12.01,0,-1.131e+06,-9.4846e+06,3.4038e+06
19.94,14.52,0,-1.1311e+06,-9.4858e+06,3.4037e+06
19.94,17.03,0,-1.131e+06,-9.4855e+06,3.4043e+06
19.94,22.05,0,-1.1304e+06,-9.4871e+06,3.4048e+06
19.94,24.56,0,-1.1299e+06,-9.4863e+06,3.4059e+06
19.94,27.07,0,-1.1293e+06,-9.4852e+06,3.4071e+06
19.94,29.58,0,-1.1285e+06,-9.4826e+06,3.4091e+06
19.94,32.09,0,-1.1277e+06,-9.4802e+06,3.4109e+06
19.94,34.6,0,-1.1266e+06,-9.4783e+06,3.4125e+06
19.94,37.11,0,-1.1252e+06,-9.4747e+06,3.4155e+06
19.94,39.62,0,-1.1245e+06,-9.4709e+06,3.417e+06
19.94,42.13,0,-1.1235e+06,-9.467e+06,3.4192e+06
19.94,67.23,0,-1.113e+06,-9.428e+06,3.437e+06
19.94,69.74,0,-1.1126e+06,-9.4259e+06,3.4378e+06
19.94,72.25,0,-1.112e+06,-9.4243e+06,3.4381e+06
19.94,74.76,0,-1.1116e+06,-9.4233e+06,3.4388e+06
19.94,77.27,0,-1.1111e+06,-9.4198e+06,3.4394e+06
19.94,84.8,0,-1.1119e+06,-9.4211e+06,3.4386e+06
19.94,87.31,0,-1.1122e+06,-9.4212e+06,3.4384e+06
19.94,97.35,0,-1.1117e+06,-9.4192e+06,3.4411e+06
19.94,99.86,0,-1.1117e+06,-9.4202e+06,3.4418e+06
19.94,102.37,0,-1.1122e+06,-9.4211e+06,3.441e+06
19.94,104.88,0,-1.1119e+06,-9.42e+06,3.4416e+06
19.94,107.39,0,-1.1113e+06,-9.4171e+06,3.4426e+06
22.74,-103.45,0,-1.1166e+06,-9.4443e+06,3.4322e+06
22.74,-100.94,0,-1.1172e+06,-9.4479e+06,3.431e+06
22.74,-98.43,0,-1.1176e+06,-9.4505e+06,3.4301e+06
22.74,-95.92,0,-1.1177e+06,-9.4502e+06,3.4309e+06
22.74,-93.41,0,-1.118e+06,-9.4523e+06,3.4301e+06
22.74,-90.9,0,-1.1189e+06,-9.4552e+06,3.4288e+06
22.74,-88.39,0,-1.1198e+06,-9.4589e+06,3.427e+06
22.74,-8.07,0,-1.1326e+06,-9.4877e+06,3.4017e+06
22.74,-3.05,0,-1.1337e+06,-9.492e+06,3.399e+06
22.74,-0.54,0,-1.1342e+06,-9.4937e+06,3.398e+06
22.74,1.97,0,-1.1345e+06,-9.4953e+06,3.3972e+06
22.74,4.48,0,-1.1348e+06,-9.4968e+06,3.3965e+06
22.74,6.99,0,-1.1349e+06,-9.4975e+06,3.3964e+06
22.74,9.5,0,-1.135e+06,-9.499e+06,3.3959e+06
22.74,12.01,0,-1.135e+06,-9.4995e+06,3.3961e+06
22.74,14.52,0,-1.135e+06,-9.5004e+06,3.3962e+06
22.74,29.58,0,-1.1318e+06,-9.4964e+06,3.4023e+06
22.74,32.09,0,-1.1309e+06,-9.4932e+06,3.4045e+06
22.74,34.6,0,-1.1297e+06,-9.4908e+06,3.4064e+06
22.74,37.11,0,-1.1282e+06,-9.4867e+06,3.4097e+06
22.74,39.62,0,-1.1276e+06,-9.4827e+06,3.4111e+06
22.74,67.23,0,-1.115e+06,-9.4353e+06,3.434e+06
22.74,69.74,0,-1.1141e+06,-9.4326e+06,3.4352e+06
22.74,72.25,0,-1.1136e+06,-9.4309e+06,3.4358e+06
22.74,74.76,0,-1.1131e+06,-9.4294e+06,3.4363e+06
22.74,77.27,0,-1.1127e+06,-9.4279e+06,3.437e+06
22.74,79.78,0,-1.1126e+06,-9.4254e+06,3.4379e+06
22.74,82.29,0,-1.1128e+06,-9.4259e+06,3.4373e+06
22.74,84.8,0,-1.113e+06,-9.4262e+06,3.437e+06
22.74,87.31,0,-1.1132e+06,-9.4265e+06,3.4368e+06
22.74,89.82,0,-1.1138e+06,-9.4285e+06,3.4367e+06
22.74,92.33,0,-1.1138e+06,-9.4298e+06,3.4373e+06
22.74,102.37,0,-1.1136e+06,-9.4285e+06,3.4388e+06
22.74,104.88,0,-1.1135e+06,-9.4276e+06,3.4393e+06
22.74,107.39,0,-1.1133e+06,-9.4269e+06,3.4399e+06
25.59,-103.45,0,-1.1162e+06,-9.4413e+06,3.4327e+06
25.59,-100.94,0,-1.1167e+06,-9.4445e+06,3.4315e+06
25.59,-98.43,0,-1.1166e+06,-9.4438e+06,3.4325e+06
25.59,-95.92,0,-1.1168e+06,-9.4453e+06,3.432e+06
25.59,-93.41,0,-1.1175e+06,-9.4476e+06,3.4313e+06
25.59,-90.9,0,-1.1184e+06,-9.4518e+06,3.4292e+06
25.59,-88.39,0,-1.119e+06,-9.454e+06,3.4283e+06
25.59,-3.05,0,-1.1358e+06,-9.4996e+06,3.3955e+06
25.59,-0.54,0,-1.1364e+06,-9.5018e+06,3.3944e+06
25.59,1.97,0,-1.1368e+06,-9.5039e+06,3.3933e+06
25.59,4.48,0,-1.137e+06,-9.5054e+06,3.3928e+06
25.59,6.99,0,-1.1371e+06,-9.5065e+06,3.3925e+06
25.59,9.5,0,-1.1372e+06,-9.5076e+06,3.3923e+06
25.59,12.01,0,-1.1374e+06,-9.5098e+06,3.3916e+06
25.59,34.6,0,-1.1322e+06,-9.4998e+06,3.402e+06
25.59,37.11,0,-1.1312e+06,-9.4965e+06,3.4039e+06
25.59,69.74,0,-1.1155e+06,-9.437e+06,3.4335e+06
25.59,72.25,0,-1.1147e+06,-9.4344e+06,3.4347e+06
25.59,74.76,0,-1.1141e+06,-9.4324e+06,3.4355e+06
25.59,79.78,0,-1.1134e+06,-9.4285e+06,3.4373e+06
25.59,82.29,0,-1.1133e+06,-9.4277e+06,3.4376e+06
25.59,84.8,0,-1.1133e+06,-9.4276e+06,3.4376e+06
25.59,87.31,0,-1.1133e+06,-9.4275e+06,3.4376e+06
25.59,89.82,0,-1.113e+06,-9.4268e+06,3.4379e+06
25.59,92.33,0,-1.1128e+06,-9.4254e+06,3.4389e+06
25.59,94.84,0,-1.1129e+06,-9.4269e+06,3.4383e+06
25.59,97.35,0,-1.113e+06,-9.4288e+06,3.4389e+06
25.59,99.86,0,-1.1133e+06,-9.4283e+06,3.4382e+06
25.59,102.37,0,-1.1135e+06,-9.4291e+06,3.4387e+06
25.59,109.9,0,-1.1122e+06,-9.4255e+06,3.4417e+06
25.59,114.92,0,-1.1115e+06,-9.4224e+06,3.4429e+06
28.52,-100.94,0,-1.116e+06,-9.439e+06,3.4327e+06
28.52,-98.43,0,-1.1158e+06,-9.4383e+06,3.4336e+06
28.52,-95.92,0,-1.116e+06,-9.4405e+06,3.4329e+06
28.52,-93.41,0,-1.1164e+06,-9.4417e+06,3.4327e+06
28.52,-90.9,0,-1.117e+06,-9.4451e+06,3.4311e+06
28.52,-88.39,0,-1.1176e+06,-9.4478e+06,3.4301e+06
28.52,-85.88,0,-1.1182e+06,-9.4503e+06,3.4292e+06
28.52,6.99,0,-1.1376e+06,-9.5096e+06,3.3924e+06
28.52,9.5,0,-1.137e+06,-9.5082e+06,3.3934e+06
28.52,67.23,0,-1.118e+06,-9.4433e+06,3.4296e+06
28.52,69.74,0,-1.117e+06,-9.4402e+06,3.4312e+06
28.52,72.25,0,-1.116e+06,-9.4363e+06,3.4331e+06
28.52,74.76,0,-1.1151e+06,-9.4332e+06,3.4349e+06
28.52,77.27,0,-1.1144e+06,-9.4308e+06,3.4364e+06
28.52,79.78,0,-1.114e+06,-9.428e+06,3.4377e+06
28.52,82.29,0,-1.1137e+06,-9.4272e+06,3.4382e+06
28.52,84.8,0,-1.1133e+06,-9.4261e+06,3.4389e+06
28.52,87.31,0,-1.1132e+06,-9.4259e+06,3.4391e+06
28.52,89.82,0,-1.1127e+06,-9.4242e+06,3.4402e+06
28.52,97.35,0,-1.1124e+06,-9.4256e+06,3.4402e+06
28.52,99.86,0,-1.1126e+06,-9.4257e+06,3.4405e+06
28.52,102.37,0,-1.1122e+06,-9.4248e+06,3.4411e+06
28.52,104.88,0,-1.1118e+06,-9.4243e+06,3.4414e+06
28.52,109.9,0,-1.1116e+06,-9.4243e+06,3.4417e+06
28.52,114.92,0,-1.1116e+06,-9.4229e+06,3.4426e+06
28.52,117.43,0,-1.112e+06,-9.424e+06,3.442e+06
31.53,-100.94,0,-1.1147e+06,-9.4296e+06,3.4358e+06
31.53,-95.92,0,-1.1154e+06,-9.4365e+06,3.4331e+06
31.53,-93.41,0,-1.1156e+06,-9.4377e+06,3.4329e+06
31.53,-90.9,0,-1.1159e+06,-9.4395e+06,3.4325e+06
31.53,-88.39,0,-1.1162e+06,-9.4412e+06,3.4321e+06
31.53,-85.88,0,-1.1162e+06,-9.442e+06,3.4321e+06
31.53,-83.37,0,-1.1166e+06,-9.4442e+06,3.4314e+06
31.53,-80.86,0,-1.1166e+06,-9.4446e+06,3.4314e+06
31.53,-78.35,0,-1.1169e+06,-9.4465e+06,3.4307e+06
31.53,-75.84,0,-1.1173e+06,-9.4481e+06,3.4301e+06
31.53,-73.33,0,-1.1174e+06,-9.4482e+06,3.43e+06
31.53,-70.82,0,-1.1177e+06,-9.4487e+06,3.4298e+06
31.53,-68.31,0,-1.1182e+06,-9.4496e+06,3.4294e+06
31.53,-8.07,0,-1.1326e+06,-9.489e+06,3.4035e+06
31.53,62.21,0,-1.1233e+06,-9.4614e+06,3.4199e+06
31.53,64.72,0,-1.1215e+06,-9.4535e+06,3.4238e+06
31.53,67.23,0,-1.1202e+06,-9.4486e+06,3.4262e+06
31.53,69.74,0,-1.1192e+06,-9.4451e+06,3.428e+06
31.53,72.25,0,-1.1182e+06,-9.4414e+06,3.4299e+06
31.53,74.76,0,-1.1174e+06,-9.4395e+06,3.431e+06
31.53,77.27,0,-1.1167e+06,-9.4375e+06,3.4322e+06
31.53,79.78,0,-1.116e+06,-9.4344e+06,3.4339e+06
31.53,82.29,0,-1.1155e+06,-9.4327e+06,3.4349e+06
31.53,84.8,0,-1.115e+06,-9.431e+06,3.436e+06
31.53,87.31,0,-1.1144e+06,-9.4295e+06,3.4371e+06
31.53,89.82,0,-1.1139e+06,-9.428e+06,3.438e+06
31.53,92.33,0,-1.1135e+06,-9.4277e+06,3.4384e+06
31.53,94.84,0,-1.1134e+06,-9.4287e+06,3.4381e+06
31.53,97.35,0,-1.1129e+06,-9.4267e+06,3.4395e+06
31.53,99.86,0,-1.1127e+06,-9.427e+06,3.4396e+06
31.53,102.37,0,-1.1123e+06,-9.4252e+06,3.4407e+06
31.53,104.88,0,-1.1118e+06,-9.4234e+06,3.4418e+06
31.53,107.39,0,-1.1117e+06,-9.4242e+06,3.4415e+06
31.53,109.9,0,-1.1124e+06,-9.4262e+06,3.4408e+06
31.53,112.41,0,-1.1122e+06,-9.4257e+06,3.4411e+06
31.53,114.92,0,-1.112e+06,-9.424e+06,3.442e+06
31.53,117.43,0,-1.1118e+06,-9.4233e+06,3.4423e+06
34.64,-103.45,0,-1.1152e+06,-9.4304e+06,3.4336e+06
34.64,-98.43,0,-1.1147e+06,-9.4307e+06,3.4338e+06
34.64,-95.92,0,-1.1148e+06,-9.4325e+06,3.4335e+06
34.64,-93.41,0,-1.1148e+06,-9.4342e+06,3.4334e+06
34.64,-90.9,0,-1.1148e+06,-9.4341e+06,3.4338e+06
34.64,-88.39,0,-1.1148e+06,-9.4353e+06,3.4339e+06
34.64,-85.88,0,-1.1151e+06,-9.4372e+06,3.4336e+06
34.64,-83.37,0,-1.1151e+06,-9.4381e+06,3.4336e+06
34.64,-80.86,0,-1.1151e+06,-9.4391e+06,3.4335e+06
34.64,-78.35,0,-1.1154e+06,-9.4406e+06,3.4332e+06
34.64,-75.84,0,-1.1157e+06,-9.4422e+06,3.4326e+06
34.64,-73.33,0,-1.1162e+06,-9.4439e+06,3.432e+06
34.64,-70.82,0,-1.117e+06,-9.4464e+06,3.4308e+06
34.64,-68.31,0,-1.1172e+06,-9.4459e+06,3.4311e+06
34.64,-65.8,0,-1.1176e+06,-9.4465e+06,3.4307e+06
34.64,-8.07,0,-1.1296e+06,-9.4812e+06,3.4087e+06
34.64,-3.05,0,-1.1299e+06,-9.4809e+06,3.4091e+06
34.64,57.19,0,-1.1285e+06,-9.4807e+06,3.4108e+06
34.64,59.7,0,-1.1271e+06,-9.4745e+06,3.4135e+06
34.64,62.21,0,-1.1261e+06,-9.47e+06,3.4155e+06
34.64,64.72,0,-1.1252e+06,-9.4668e+06,3.417e+06
34.64,67.23,0,-1.1242e+06,-9.4627e+06,3.419e+06
34.64,69.74,0,-1.1232e+06,-9.4595e+06,3.4205e+06
34.64,72.25,0,-1.1223e+06,-9.456e+06,3.4224e+06
34.64,74.76,0,-1.1215e+06,-9.4536e+06,3.4238e+06
34.64,77.27,0,-1.1205e+06,-9.4504e+06,3.4254e+06
34.64,79.78,0,-1.1197e+06,-9.4471e+06,3.4271e+06
34.64,82.29,0,-1.1189e+06,-9.4442e+06,3.4287e+06
34.64,84.8,0,-1.1182e+06,-9.4421e+06,3.4298e+06
34.64,87.31,0,-1.1174e+06,-9.4397e+06,3.4311e+06
34.64,89.82,0,-1.1167e+06,-9.4378e+06,3.4322e+06
34.64,92.33,0,-1.1165e+06,-9.4385e+06,3.4318e+06
34.64,94.84,0,-1.1156e+06,-9.4349e+06,3.434e+06
34.64,97.35,0,-1.1151e+06,-9.4341e+06,3.4347e+06
34.64,99.86,0,-1.1148e+06,-9.4345e+06,3.4346e+06
34.64,102.37,0,-1.1141e+06,-9.4315e+06,3.4363e+06
34.64,104.88,0,-1.1136e+06,-9.43e+06,3.4371e+06
34.64,107.39,0,-1.1139e+06,-9.4312e+06,3.4369e+06
34.64,109.9,0,-1.1138e+06,-9.4312e+06,3.4369e+06
34.64,114.92,0,-1.1132e+06,-9.4289e+06,3.4382e+06
34.64,117.43,0,-1.1127e+06,-9.4264e+06,3.4395e+06
34.64,119.94,0,-1.1126e+06,-9.4258e+06,3.4396e+06
37.87,-103.45,0,-1.1152e+06,-9.4289e+06,3.4333e+06
37.87,-100.94,0,-1.115e+06,-9.4297e+06,3.4329e+06
37.87,-95.92,0,-1.1148e+06,-9.4319e+06,3.4329e+06
37.87,-90.9,0,-1.1141e+06,-9.4309e+06,3.4344e+06
37.87,-88.39,0,-1.114e+06,-9.4317e+06,3.4348e+06
37.87,-85.88,0,-1.114e+06,-9.4331e+06,3.4349e+06
37.87,-83.37,0,-1.1139e+06,-9.4339e+06,3.4352e+06
37.87,-80.86,0,-1.1139e+06,-9.4349e+06,3.4353e+06
37.87,-78.35,0,-1.1141e+06,-9.4362e+06,3.4351e+06
37.87,-75.84,0,-1.1144e+06,-9.4377e+06,3.4347e+06
37.87,-73.33,0,-1.1153e+06,-9.4403e+06,3.4337e+06
37.87,-70.82,0,-1.1156e+06,-9.4413e+06,3.4333e+06
37.87,-68.31,0,-1.1158e+06,-9.4417e+06,3.4331e+06
37.87,-65.8,0,-1.1162e+06,-9.4424e+06,3.4326e+06
37.87,-63.29,0,-1.1161e+06,-9.4415e+06,3.4328e+06
37.87,-60.78,0,-1.1167e+06,-9.4424e+06,3.4321e+06
37.87,-58.27,0,-1.1176e+06,-9.4453e+06,3.4304e+06
37.87,-55.76,0,-1.1177e+06,-9.4456e+06,3.4307e+06
37.87,-53.25,0,-1.1182e+06,-9.4463e+06,3.4298e+06
37.87,-50.74,0,-1.1197e+06,-9.451e+06,3.4274e+06
37.87,-8.07,0,-1.1271e+06,-9.4711e+06,3.415e+06
37.87,-5.56,0,-1.1273e+06,-9.4723e+06,3.4146e+06
37.87,27.07,0,-1.1309e+06,-9.4938e+06,3.4061e+06
37.87,32.09,0,-1.132e+06,-9.4968e+06,3.4045e+06
37.87,34.6,0,-1.1323e+06,-9.4976e+06,3.4039e+06
37.87,42.13,0,-1.1316e+06,-9.4941e+06,3.4048e+06
37.87,52.17,0,-1.132e+06,-9.4936e+06,3.4045e+06
37.87,54.68,0,-1.1316e+06,-9.491e+06,3.4056e+06
37.87,57.19,0,-1.1317e+06,-9.4915e+06,3.4051e+06
37.87,59.7,0,-1.1306e+06,-9.4875e+06,3.4067e+06
37.87,64.72,0,-1.1295e+06,-9.4834e+06,3.4087e+06
37.87,67.23,0,-1.1287e+06,-9.4804e+06,3.4102e+06
37.87,69.74,0,-1.1278e+06,-9.477e+06,3.4119e+06
37.87,72.25,0,-1.1273e+06,-9.4761e+06,3.4121e+06
37.87,74.76,0,-1.1267e+06,-9.4735e+06,3.4135e+06
37.87,77.27,0,-1.1259e+06,-9.4714e+06,3.4145e+06
37.87,79.78,0,-1.125e+06,-9.4684e+06,3.416e+06
37.87,82.29,0,-1.1236e+06,-9.4623e+06,3.419e+06
37.87,84.8,0,-1.1227e+06,-9.4594e+06,3.4204e+06
37.87,87.31,0,-1.1219e+06,-9.457e+06,3.4216e+06
37.87,89.82,0,-1.1209e+06,-9.4535e+06,3.4234e+06
37.87,92.33,0,-1.1202e+06,-9.4516e+06,3.4244e+06
37.87,94.84,0,-1.1196e+06,-9.4499e+06,3.4253e+06
37.87,97.35,0,-1.1189e+06,-9.4483e+06,3.4261e+06
37.87,99.86,0,-1.1182e+06,-9.446e+06,3.4274e+06
37.87,102.37,0,-1.1174e+06,-9.4431e+06,3.4288e+06
37.87,104.88,0,-1.1175e+06,-9.4439e+06,3.4286e+06
37.87,107.39,0,-1.117e+06,-9.442e+06,3.4296e+06
37.87,114.92,0,-1.1153e+06,-9.4358e+06,3.4328e+06
37.87,117.43,0,-1.1148e+06,-9.4338e+06,3.4339e+06
37.87,122.45,0,-1.1144e+06,-9.432e+06,3.4348e+06
37.87,124.96,0,-1.1144e+06,-9.4314e+06,3.4352e+06
41.25,-105.96,0,-1.116e+06,-9.4318e+06,3.4316e+06
41.25,-103.45,0,-1.1154e+06,-9.4296e+06,3.4324e+06
41.25,-100.94,0,-1.1152e+06,-9.4293e+06,3.4326e+06
41.25,-98.43,0,-1.115e+06,-9.4297e+06,3.4326e+06
41.25,-95.92,0,-1.115e+06,-9.4321e+06,3.4318e+06
41.25,-85.88,0,-1.1137e+06,-9.4321e+06,3.435e+06
41.25,-83.37,0,-1.1135e+06,-9.4325e+06,3.4356e+06
41.25,-80.86,0,-1.1133e+06,-9.4328e+06,3.4361e+06
41.25,-78.35,0,-1.1133e+06,-9.4335e+06,3.4363e+06
41.25,-75.84,0,-1.1141e+06,-9.4361e+06,3.4356e+06
41.25,-73.33,0,-1.1142e+06,-9.4365e+06,3.4356e+06
41.25,-70.82,0,-1.1143e+06,-9.4368e+06,3.4355e+06
41.25,-68.31,0,-1.1146e+06,-9.4375e+06,3.4354e+06
41.25,-65.8,0,-1.1148e+06,-9.4376e+06,3.4355e+06
41.25,-63.29,0,-1.1152e+06,-9.4385e+06,3.435e+06
41.25,-60.78,0,-1.1158e+06,-9.4397e+06,3.4342e+06
41.25,-58.27,0,-1.116e+06,-9.4398e+06,3.4339e+06
41.25,-55.76,0,-1.1162e+06,-9.4403e+06,3.4335e+06
41.25,-53.25,0,-1.1172e+06,-9.4427e+06,3.4319e+06
41.25,-50.74,0,-1.1178e+06,-9.444e+06,3.4308e+06
41.25,-48.23,0,-1.1178e+06,-9.4436e+06,3.4307e+06
41.25,-45.72,0,-1.1183e+06,-9.4452e+06,3.4297e+06
41.25,-43.21,0,-1.1187e+06,-9.4459e+06,3.4289e+06
41.25,-0.54,0,-1.1233e+06,-9.4602e+06,3.4217e+06
41.25,22.05,0,-1.1268e+06,-9.4755e+06,3.4154e+06
41.25,62.21,0,-1.1322e+06,-9.4945e+06,3.4033e+06
41.25,64.72,0,-1.1322e+06,-9.4944e+06,3.4034e+06
41.25,67.23,0,-1.132e+06,-9.4943e+06,3.4034e+06
41.25,69.74,0,-1.1317e+06,-9.4936e+06,3.4037e+06
41.25,72.25,0,-1.1311e+06,-9.4912e+06,3.4049e+06
41.25,74.76,0,-1.1306e+06,-9.4902e+06,3.4053e+06
41.25,77.27,0,-1.1301e+06,-9.4891e+06,3.4059e+06
41.25,82.29,0,-1.1286e+06,-9.4839e+06,3.4083e+06
41.25,87.31,0,-1.1262e+06,-9.474e+06,3.413e+06
41.25,89.82,0,-1.1252e+06,-9.4705e+06,3.4146e+06
41.25,92.33,0,-1.1243e+06,-9.4677e+06,3.4159e+06
41.25,94.84,0,-1.1236e+06,-9.4655e+06,3.4169e+06
41.25,97.35,0,-1.1228e+06,-9.463e+06,3.4181e+06
41.25,102.37,0,-1.1217e+06,-9.4589e+06,3.4199e+06
41.25,107.39,0,-1.1197e+06,-9.4505e+06,3.4242e+06
41.25,109.9,0,-1.119e+06,-9.4481e+06,3.4253e+06
41.25,112.41,0,-1.1183e+06,-9.4457e+06,3.4264e+06
41.25,119.94,0,-1.1165e+06,-9.4393e+06,3.4296e+06
41.25,122.45,0,-1.1159e+06,-9.4367e+06,3.431e+06
41.25,124.96,0,-1.1157e+06,-9.4353e+06,3.4319e+06
44.82,-100.94,0,-1.1167e+06,-9.4354e+06,3.4295e+06
44.82,-95.92,0,-1.1164e+06,-9.4371e+06,3.4292e+06
44.82,-93.41,0,-1.1162e+06,-9.4381e+06,3.4293e+06
44.82,-90.9,0,-1.1158e+06,-9.4381e+06,3.4301e+06
44.82,-88.39,0,-1.1154e+06,-9.438e+06,3.431e+06
44.82,-85.88,0,-1.115e+06,-9.4379e+06,3.432e+06
44.82,-83.37,0,-1.1137e+06,-9.4333e+06,3.4351e+06
44.82,-80.86,0,-1.1135e+06,-9.4331e+06,3.4359e+06
44.82,-78.35,0,-1.1138e+06,-9.4347e+06,3.4358e+06
44.82,-75.84,0,-1.1136e+06,-9.4343e+06,3.4365e+06
44.82,-73.33,0,-1.1135e+06,-9.4339e+06,3.4369e+06
44.82,-70.82,0,-1.1136e+06,-9.4339e+06,3.4371e+06
44.82,-68.31,0,-1.1136e+06,-9.4336e+06,3.4376e+06
44.82,-65.8,0,-1.1139e+06,-9.4339e+06,3.4376e+06
44.82,-63.29,0,-1.1142e+06,-9.4346e+06,3.4373e+06
44.82,-60.78,0,-1.1145e+06,-9.4348e+06,3.4371e+06
44.82,-58.27,0,-1.1147e+06,-9.4351e+06,3.4367e+06
44.82,-55.76,0,-1.1151e+06,-9.4359e+06,3.4361e+06
44.82,-53.25,0,-1.1161e+06,-9.4383e+06,3.4343e+06
44.82,-50.74,0,-1.1174e+06,-9.4424e+06,3.432e+06
44.82,-48.23,0,-1.118e+06,-9.4439e+06,3.4308e+06
44.82,-45.72,0,-1.1184e+06,-9.4442e+06,3.4299e+06
44.82,-43.21,0,-1.1191e+06,-9.4458e+06,3.4285e+06
44.82,14.52,0,-1.1211e+06,-9.4524e+06,3.4267e+06
44.82,22.05,0,-1.1218e+06,-9.4559e+06,3.4244e+06
44.82,24.56,0,-1.1229e+06,-9.4596e+06,3.4225e+06
44.82,27.07,0,-1.1231e+06,-9.4607e+06,3.4216e+06
44.82,64.72,0,-1.1322e+06,-9.4961e+06,3.4027e+06
44.82,67.23,0,-1.1323e+06,-9.4973e+06,3.4024e+06
44.82,69.74,0,-1.1323e+06,-9.4979e+06,3.4022e+06
44.82,72.25,0,-1.1322e+06,-9.4979e+06,3.4022e+06
44.82,77.27,0,-1.1315e+06,-9.4957e+06,3.4032e+06
44.82,79.78,0,-1.1309e+06,-9.4936e+06,3.4043e+06
44.82,82.29,0,-1.1305e+06,-9.4926e+06,3.4046e+06
44.82,87.31,0,-1.1289e+06,-9.4867e+06,3.4075e+06
44.82,89.82,0,-1.1275e+06,-9.4805e+06,3.4101e+06
44.82,92.33,0,-1.1267e+06,-9.4779e+06,3.4112e+06
44.82,94.84,0,-1.126e+06,-9.4754e+06,3.4123e+06
44.82,97.35,0,-1.1251e+06,-9.4722e+06,3.4139e+06
44.82,99.86,0,-1.1247e+06,-9.4697e+06,3.4149e+06
44.82,107.39,0,-1.1215e+06,-9.4566e+06,3.421e+06
44.82,109.9,0,-1.1205e+06,-9.4526e+06,3.4229e+06
44.82,112.41,0,-1.12e+06,-9.4502e+06,3.4241e+06
44.82,117.43,0,-1.1184e+06,-9.4443e+06,3.4269e+06
44.82,119.94,0,-1.1175e+06,-9.4408e+06,3.4286e+06
44.82,122.45,0,-1.1171e+06,-9.4387e+06,3.4298e+06
44.82,124.96,0,-1.1165e+06,-9.4359e+06,3.4314e+06
44.82,127.47,0,-1.116e+06,-9.4337e+06,3.4325e+06
44.82,132.49,0,-1.1153e+06,-9.4316e+06,3.4339e+06
44.82,135,0,-1.1141e+06,-9.4272e+06,3.4361e+06
44.82,137.51,0,-1.1134e+06,-9.4246e+06,3.4375e+06
44.82,140.02,0,-1.1139e+06,-9.4261e+06,3.437e+06
48.63,-100.94,0,-1.1179e+06,-9.4407e+06,3.4271e+06
48.63,-95.92,0,-1.1179e+06,-9.443e+06,3.4263e+06
48.63,-93.41,0,-1.1176e+06,-9.4435e+06,3.4266e+06
48.63,-90.9,0,-1.1173e+06,-9.4431e+06,3.4275e+06
48.63,-88.39,0,-1.1168e+06,-9.4425e+06,3.4287e+06
48.63,-85.88,0,-1.1163e+06,-9.4417e+06,3.4299e+06
48.63,-83.37,0,-1.1157e+06,-9.4407e+06,3.4312e+06
48.63,-80.86,0,-1.1152e+06,-9.4397e+06,3.4325e+06
48.63,-78.35,0,-1.1144e+06,-9.4355e+06,3.4351e+06
48.63,-75.84,0,-1.1141e+06,-9.4344e+06,3.436e+06
48.63,-73.33,0,-1.1138e+06,-9.4332e+06,3.4369e+06
48.63,-70.82,0,-1.1135e+06,-9.432e+06,3.4378e+06
48.63,-68.31,0,-1.1143e+06,-9.4342e+06,3.4371e+06
48.63,-65.8,0,-1.1143e+06,-9.4339e+06,3.4374e+06
48.63,-63.29,0,-1.1145e+06,-9.4339e+06,3.4374e+06
48.63,-60.78,0,-1.1148e+06,-9.434e+06,3.4371e+06
48.63,-58.27,0,-1.1152e+06,-9.4348e+06,3.4364e+06
48.63,-55.76,0,-1.1157e+06,-9.4359e+06,3.4355e+06
48.63,-53.25,0,-1.1163e+06,-9.4373e+06,3.4344e+06
48.63,-50.74,0,-1.1168e+06,-9.4385e+06,3.4332e+06
48.63,-48.23,0,-1.1175e+06,-9.4404e+06,3.4318e+06
48.63,-45.72,0,-1.1182e+06,-9.442e+06,3.4304e+06
48.63,-10.58,0,-1.1199e+06,-9.4483e+06,3.4268e+06
48.63,-5.56,0,-1.1191e+06,-9.4451e+06,3.4289e+06
48.63,-3.05,0,-1.1191e+06,-9.4449e+06,3.4292e+06
48.63,17.03,0,-1.1174e+06,-9.4397e+06,3.4322e+06
48.63,47.15,0,-1.1254e+06,-9.4681e+06,3.4157e+06
48.63,49.66,0,-1.1259e+06,-9.4702e+06,3.4147e+06
48.63,52.17,0,-1.1261e+06,-9.4703e+06,3.4147e+06
48.63,57.19,0,-1.1275e+06,-9.4764e+06,3.4118e+06
48.63,59.7,0,-1.1284e+06,-9.4807e+06,3.4098e+06
48.63,62.21,0,-1.1284e+06,-9.481e+06,3.4098e+06
48.63,64.72,0,-1.1291e+06,-9.4845e+06,3.4084e+06
48.63,67.23,0,-1.1296e+06,-9.487e+06,3.4074e+06
48.63,69.74,0,-1.1299e+06,-9.4888e+06,3.4067e+06
48.63,72.25,0,-1.13e+06,-9.49e+06,3.4063e+06
48.63,74.76,0,-1.13e+06,-9.4906e+06,3.4062e+06
48.63,79.78,0,-1.1296e+06,-9.4898e+06,3.4068e+06
48.63,82.29,0,-1.1293e+06,-9.4888e+06,3.4073e+06
48.63,84.8,0,-1.1288e+06,-9.487e+06,3.4082e+06
48.63,87.31,0,-1.1282e+06,-9.4852e+06,3.409e+06
48.63,89.82,0,-1.1276e+06,-9.4831e+06,3.4103e+06
48.63,92.33,0,-1.1269e+06,-9.4804e+06,3.4118e+06
48.63,94.84,0,-1.1261e+06,-9.4774e+06,3.4134e+06
48.63,97.35,0,-1.1256e+06,-9.4731e+06,3.4145e+06
48.63,99.86,0,-1.1248e+06,-9.4696e+06,3.416e+06
48.63,102.37,0,-1.1239e+06,-9.4659e+06,3.4177e+06
48.63,104.88,0,-1.1231e+06,-9.4622e+06,3.4193e+06
48.63,107.39,0,-1.1222e+06,-9.4584e+06,3.4211e+06
48.63,112.41,0,-1.1202e+06,-9.4495e+06,3.4254e+06
48.63,114.92,0,-1.1194e+06,-9.4461e+06,3.4269e+06
48.63,117.43,0,-1.1187e+06,-9.4436e+06,3.4281e+06
48.63,119.94,0,-1.1178e+06,-9.44e+06,3.4299e+06
48.63,122.45,0,-1.1172e+06,-9.4375e+06,3.4312e+06
48.63,124.96,0,-1.1166e+06,-9.4348e+06,3.4326e+06
48.63,140.02,0,-1.1144e+06,-9.4266e+06,3.4372e+06
52.75,-108.47,0,-1.1186e+06,-9.4444e+06,3.4269e+06
52.75,-105.96,0,-1.1186e+06,-9.4436e+06,3.4267e+06
52.75,-100.94,0,-1.1192e+06,-9.4456e+06,3.4249e+06
52.75,-98.43,0,-1.1194e+06,-9.4472e+06,3.424e+06
52.75,-95.92,0,-1.1195e+06,-9.4485e+06,3.4235e+06
52.75,-93.41,0,-1.1193e+06,-9.4481e+06,3.4241e+06
52.75,-90.9,0,-1.1189e+06,-9.4477e+06,3.425e+06
52.75,-88.39,0,-1.1185e+06,-9.4468e+06,3.4261e+06
52.75,-85.88,0,-1.118e+06,-9.4455e+06,3.4275e+06
52.75,-83.37,0,-1.1174e+06,-9.444e+06,3.4289e+06
52.75,-80.86,0,-1.1167e+06,-9.4423e+06,3.4304e+06
52.75,-78.35,0,-1.1165e+06,-9.44e+06,3.4322e+06
52.75,-75.84,0,-1.116e+06,-9.4381e+06,3.4334e+06
52.75,-73.33,0,-1.1156e+06,-9.4362e+06,3.4344e+06
52.75,-70.82,0,-1.1153e+06,-9.4346e+06,3.435e+06
52.75,-68.31,0,-1.115e+06,-9.4332e+06,3.4358e+06
52.75,-65.8,0,-1.1149e+06,-9.4323e+06,3.4363e+06
52.75,-63.29,0,-1.1149e+06,-9.4319e+06,3.4365e+06
52.75,-60.78,0,-1.1151e+06,-9.4317e+06,3.4365e+06
52.75,-58.27,0,-1.1153e+06,-9.4321e+06,3.4361e+06
52.75,-55.76,0,-1.1157e+06,-9.433e+06,3.4354e+06
52.75,-53.25,0,-1.1162e+06,-9.4342e+06,3.4344e+06
52.75,-50.74,0,-1.1168e+06,-9.4358e+06,3.4332e+06
52.75,-33.17,0,-1.1185e+06,-9.4425e+06,3.4288e+06
52.75,-5.56,0,-1.1182e+06,-9.4422e+06,3.4299e+06
52.75,6.99,0,-1.1171e+06,-9.4395e+06,3.4322e+06
52.75,9.5,0,-1.1166e+06,-9.438e+06,3.433e+06
52.75,12.01,0,-1.1167e+06,-9.4387e+06,3.4327e+06
52.75,14.52,0,-1.1166e+06,-9.4383e+06,3.4329e+06
52.75,17.03,0,-1.1166e+06,-9.4383e+06,3.4328e+06
52.75,19.54,0,-1.117e+06,-9.4379e+06,3.4329e+06
52.75,22.05,0,-1.1172e+06,-9.4379e+06,3.4326e+06
52.75,24.56,0,-1.1173e+06,-9.4378e+06,3.4324e+06
52.75,27.07,0,-1.1174e+06,-9.438e+06,3.4319e+06
52.75,29.58,0,-1.1178e+06,-9.4393e+06,3.431e+06
52.75,32.09,0,-1.1184e+06,-9.4416e+06,3.4295e+06
52.75,34.6,0,-1.1188e+06,-9.4418e+06,3.4291e+06
52.75,37.11,0,-1.1191e+06,-9.4426e+06,3.4283e+06
52.75,39.62,0,-1.1198e+06,-9.4456e+06,3.4266e+06
52.75,42.13,0,-1.12e+06,-9.4463e+06,3.4259e+06
52.75,44.64,0,-1.1207e+06,-9.4492e+06,3.4243e+06
52.75,52.17,0,-1.1221e+06,-9.4553e+06,3.4215e+06
52.75,54.68,0,-1.1224e+06,-9.4562e+06,3.421e+06
52.75,57.19,0,-1.1229e+06,-9.4586e+06,3.4199e+06
52.75,62.21,0,-1.1241e+06,-9.4646e+06,3.4174e+06
52.75,64.72,0,-1.1246e+06,-9.4671e+06,3.4165e+06
52.75,67.23,0,-1.1247e+06,-9.4681e+06,3.4163e+06
52.75,72.25,0,-1.1253e+06,-9.4716e+06,3.4151e+06
52.75,74.76,0,-1.1255e+06,-9.4726e+06,3.4148e+06
52.75,79.78,0,-1.1254e+06,-9.4729e+06,3.4152e+06
52.75,82.29,0,-1.1253e+06,-9.4729e+06,3.4153e+06
52.75,84.8,0,-1.1252e+06,-9.4725e+06,3.4156e+06
52.75,87.31,0,-1.1249e+06,-9.4716e+06,3.4162e+06
52.75,89.82,0,-1.1245e+06,-9.4701e+06,3.4169e+06
52.75,92.33,0,-1.124e+06,-9.4683e+06,3.4178e+06
52.75,94.84,0,-1.1235e+06,-9.4664e+06,3.4188e+06
52.75,97.35,0,-1.1233e+06,-9.4633e+06,3.4204e+06
52.75,102.37,0,-1.1221e+06,-9.4579e+06,3.4229e+06
52.75,104.88,0,-1.1215e+06,-9.4551e+06,3.4242e+06
52.75,107.39,0,-1.1208e+06,-9.4521e+06,3.4256e+06
52.75,109.9,0,-1.1201e+06,-9.4491e+06,3.427e+06
52.75,112.41,0,-1.1194e+06,-9.4462e+06,3.4284e+06
52.75,114.92,0,-1.1187e+06,-9.4428e+06,3.4301e+06
52.75,117.43,0,-1.118e+06,-9.4401e+06,3.4314e+06
52.75,119.94,0,-1.1174e+06,-9.4378e+06,3.4324e+06
52.75,122.45,0,-1.1167e+06,-9.4353e+06,3.4337e+06
52.75,124.96,0,-1.1161e+06,-9.4329e+06,3.4349e+06
52.75,127.47,0,-1.1157e+06,-9.4312e+06,3.4357e+06
52.75,129.98,0,-1.1154e+06,-9.4299e+06,3.4364e+06
52.75,132.49,0,-1.1148e+06,-9.428e+06,3.4372e+06
52.75,135,0,-1.1149e+06,-9.428e+06,3.4371e+06
57.32,-110.98,0,-1.1186e+06,-9.4457e+06,3.4275e+06
57.32,-108.47,0,-1.119e+06,-9.4463e+06,3.4263e+06
57.32,-105.96,0,-1.1197e+06,-9.448e+06,3.4247e+06
57.32,-103.45,0,-1.1202e+06,-9.4498e+06,3.4231e+06
57.32,-100.94,0,-1.1209e+06,-9.4524e+06,3.4213e+06
57.32,-98.43,0,-1.121e+06,-9.4527e+06,3.421e+06
57.32,-95.92,0,-1.1211e+06,-9.453e+06,3.421e+06
57.32,-93.41,0,-1.1211e+06,-9.4528e+06,3.4213e+06
57.32,-90.9,0,-1.1208e+06,-9.4518e+06,3.4222e+06
57.32,-88.39,0,-1.1204e+06,-9.4506e+06,3.4233e+06
57.32,-85.88,0,-1.1199e+06,-9.4491e+06,3.4247e+06
57.32,-83.37,0,-1.1193e+06,-9.4469e+06,3.4262e+06
57.32,-80.86,0,-1.1192e+06,-9.4458e+06,3.4274e+06
57.32,-78.35,0,-1.1186e+06,-9.4428e+06,3.4292e+06
57.32,-75.84,0,-1.118e+06,-9.4405e+06,3.4306e+06
57.32,-73.33,0,-1.1173e+06,-9.4372e+06,3.4322e+06
57.32,-70.82,0,-1.1168e+06,-9.4352e+06,3.433e+06
57.32,-68.31,0,-1.1165e+06,-9.4336e+06,3.4336e+06
57.32,-65.8,0,-1.1162e+06,-9.4324e+06,3.4342e+06
57.32,-63.29,0,-1.1161e+06,-9.4317e+06,3.4346e+06
57.32,-60.78,0,-1.1162e+06,-9.4315e+06,3.4347e+06
57.32,-58.27,0,-1.1163e+06,-9.4318e+06,3.4344e+06
57.32,-55.76,0,-1.1165e+06,-9.4325e+06,3.4338e+06
57.32,-53.25,0,-1.1168e+06,-9.4335e+06,3.433e+06
57.32,-50.74,0,-1.1171e+06,-9.4344e+06,3.4322e+06
57.32,-48.23,0,-1.1177e+06,-9.4365e+06,3.4307e+06
57.32,-38.19,0,-1.1187e+06,-9.4424e+06,3.4283e+06
57.32,-35.68,0,-1.1187e+06,-9.4426e+06,3.4282e+06
57.32,-33.17,0,-1.119e+06,-9.4434e+06,3.4269e+06
57.32,-30.66,0,-1.1194e+06,-9.4447e+06,3.4261e+06
57.32,-28.15,0,-1.1195e+06,-9.4451e+06,3.4261e+06
57.32,1.97,0,-1.1186e+06,-9.4459e+06,3.4286e+06
57.32,4.48,0,-1.1185e+06,-9.4456e+06,3.4291e+06
57.32,6.99,0,-1.1182e+06,-9.4454e+06,3.4294e+06
57.32,9.5,0,-1.118e+06,-9.4449e+06,3.4298e+06
57.32,12.01,0,-1.118e+06,-9.4446e+06,3.4301e+06
57.32,14.52,0,-1.1178e+06,-9.4442e+06,3.4303e+06
57.32,17.03,0,-1.1177e+06,-9.4437e+06,3.4305e+06
57.32,19.54,0,-1.1177e+06,-9.4432e+06,3.4307e+06
57.32,22.05,0,-1.1171e+06,-9.439e+06,3.4325e+06
57.32,24.56,0,-1.117e+06,-9.438e+06,3.4327e+06
57.32,27.07,0,-1.1169e+06,-9.4373e+06,3.4327e+06
57.32,29.58,0,-1.117e+06,-9.4369e+06,3.4325e+06
57.32,32.09,0,-1.1172e+06,-9.4374e+06,3.4319e+06
57.32,34.6,0,-1.1172e+06,-9.4366e+06,3.4319e+06
57.32,37.11,0,-1.1172e+06,-9.4362e+06,3.4317e+06
57.32,39.62,0,-1.1175e+06,-9.437e+06,3.431e+06
57.32,42.13,0,-1.1177e+06,-9.4377e+06,3.4309e+06
57.32,44.64,0,-1.1178e+06,-9.4377e+06,3.4309e+06
57.32,47.15,0,-1.118e+06,-9.4388e+06,3.4305e+06
57.32,49.66,0,-1.118e+06,-9.4386e+06,3.4302e+06
57.32,52.17,0,-1.1183e+06,-9.4399e+06,3.4296e+06
57.32,54.68,0,-1.1187e+06,-9.4419e+06,3.4289e+06
57.32,57.19,0,-1.1187e+06,-9.4417e+06,3.4285e+06
57.32,59.7,0,-1.1191e+06,-9.4437e+06,3.4276e+06
57.32,62.21,0,-1.1194e+06,-9.4455e+06,3.4266e+06
57.32,64.72,0,-1.1198e+06,-9.4474e+06,3.4257e+06
57.32,67.23,0,-1.1201e+06,-9.4492e+06,3.4248e+06
57.32,69.74,0,-1.1204e+06,-9.4508e+06,3.4239e+06
57.32,72.25,0,-1.1205e+06,-9.4516e+06,3.4237e+06
57.32,74.76,0,-1.1207e+06,-9.4529e+06,3.4233e+06
57.32,77.27,0,-1.1209e+06,-9.4541e+06,3.423e+06
57.32,79.78,0,-1.1211e+06,-9.4549e+06,3.4229e+06
57.32,82.29,0,-1.1211e+06,-9.4552e+06,3.423e+06
57.32,87.31,0,-1.1212e+06,-9.4557e+06,3.4232e+06
57.32,89.82,0,-1.1211e+06,-9.4556e+06,3.4235e+06
57.32,92.33,0,-1.1216e+06,-9.4567e+06,3.4233e+06
57.32,94.84,0,-1.1215e+06,-9.456e+06,3.4238e+06
57.32,97.35,0,-1.1209e+06,-9.4533e+06,3.4252e+06
57.32,99.86,0,-1.1207e+06,-9.4523e+06,3.4258e+06
57.32,102.37,0,-1.1204e+06,-9.451e+06,3.4266e+06
57.32,104.88,0,-1.1201e+06,-9.4493e+06,3.4275e+06
57.32,107.39,0,-1.1198e+06,-9.448e+06,3.4282e+06
57.32,109.9,0,-1.1194e+06,-9.4464e+06,3.4291e+06
57.32,112.41,0,-1.1189e+06,-9.4447e+06,3.43e+06
57.32,114.92,0,-1.1184e+06,-9.4425e+06,3.4311e+06
57.32,117.43,0,-1.1178e+06,-9.4398e+06,3.4326e+06
57.32,122.45,0,-1.1178e+06,-9.44e+06,3.4326e+06
57.32,124.96,0,-1.1174e+06,-9.4387e+06,3.4332e+06
57.32,129.98,0,-1.1167e+06,-9.4355e+06,3.4348e+06
57.32,132.49,0,-1.1164e+06,-9.4347e+06,3.4352e+06
57.32,135,0,-1.1163e+06,-9.4341e+06,3.4354e+06
57.32,137.51,0,-1.1161e+06,-9.4335e+06,3.4356e+06
57.32,140.02,0,-1.1159e+06,-9.4326e+06,3.4357e+06
62.55,-143.61,0,-1.1176e+06,-9.4432e+06,3.4302e+06
62.55,-141.1,0,-1.1171e+06,-9.4411e+06,3.432e+06
62.55,-138.59,0,-1.1165e+06,-9.4401e+06,3.4329e+06
62.55,-126.04,0,-1.1164e+06,-9.4426e+06,3.4336e+06
62.55,-121.02,0,-1.117e+06,-9.4434e+06,3.4321e+06
62.55,-118.51,0,-1.1173e+06,-9.4435e+06,3.4314e+06
62.55,-110.98,0,-1.1192e+06,-9.4475e+06,3.4266e+06
62.55,-108.47,0,-1.1199e+06,-9.4491e+06,3.4248e+06
62.55,-105.96,0,-1.1205e+06,-9.4505e+06,3.4233e+06
62.55,-103.45,0,-1.1212e+06,-9.4521e+06,3.4218e+06
62.55,-100.94,0,-1.1219e+06,-9.4544e+06,3.42e+06
62.55,-98.43,0,-1.1228e+06,-9.4563e+06,3.4189e+06
62.55,-95.92,0,-1.123e+06,-9.4563e+06,3.4188e+06
62.55,-93.41,0,-1.123e+06,-9.4558e+06,3.4191e+06
62.55,-90.9,0,-1.1229e+06,-9.4549e+06,3.4197e+06
62.55,-88.39,0,-1.1227e+06,-9.4536e+06,3.4207e+06
62.55,-85.88,0,-1.1223e+06,-9.4518e+06,3.4219e+06
62.55,-83.37,0,-1.1218e+06,-9.4498e+06,3.4232e+06
62.55,-80.86,0,-1.1213e+06,-9.4475e+06,3.4246e+06
62.55,-78.35,0,-1.1207e+06,-9.4445e+06,3.4263e+06
62.55,-75.84,0,-1.1201e+06,-9.4422e+06,3.4275e+06
62.55,-73.33,0,-1.1196e+06,-9.4401e+06,3.4285e+06
62.55,-70.82,0,-1.1192e+06,-9.4383e+06,3.4293e+06
62.55,-68.31,0,-1.1188e+06,-9.4366e+06,3.4299e+06
62.55,-65.8,0,-1.1185e+06,-9.4357e+06,3.4301e+06
62.55,-63.29,0,-1.1184e+06,-9.4353e+06,3.4303e+06
62.55,-60.78,0,-1.1183e+06,-9.4354e+06,3.4303e+06
62.55,-58.27,0,-1.1182e+06,-9.4349e+06,3.4303e+06
62.55,-55.76,0,-1.1184e+06,-9.4359e+06,3.4297e+06
62.55,-53.25,0,-1.1186e+06,-9.4371e+06,3.429e+06
62.55,-50.74,0,-1.1189e+06,-9.4385e+06,3.4281e+06
62.55,-48.23,0,-1.1194e+06,-9.4404e+06,3.427e+06
62.55,-35.68,0,-1.1201e+06,-9.4468e+06,3.4249e+06
62.55,-33.17,0,-1.12e+06,-9.4474e+06,3.425e+06
62.55,-30.66,0,-1.1199e+06,-9.448e+06,3.425e+06
62.55,-28.15,0,-1.1195e+06,-9.4453e+06,3.425e+06
62.55,-25.64,0,-1.1197e+06,-9.4462e+06,3.4246e+06
62.55,-23.13,0,-1.1195e+06,-9.4458e+06,3.4248e+06
62.55,-20.62,0,-1.1197e+06,-9.4467e+06,3.4244e+06
62.55,-18.11,0,-1.1192e+06,-9.4454e+06,3.4252e+06
62.55,-15.6,0,-1.1198e+06,-9.4476e+06,3.4245e+06
62.55,6.99,0,-1.1201e+06,-9.4524e+06,3.4258e+06
62.55,9.5,0,-1.1199e+06,-9.4523e+06,3.4262e+06
62.55,12.01,0,-1.1198e+06,-9.4525e+06,3.4264e+06
62.55,14.52,0,-1.1199e+06,-9.4528e+06,3.4264e+06
62.55,17.03,0,-1.12e+06,-9.4528e+06,3.4265e+06
62.55,19.54,0,-1.12e+06,-9.4523e+06,3.4268e+06
62.55,22.05,0,-1.1198e+06,-9.4515e+06,3.4271e+06
62.55,24.56,0,-1.1197e+06,-9.4506e+06,3.4273e+06
62.55,27.07,0,-1.1196e+06,-9.4494e+06,3.4276e+06
62.55,29.58,0,-1.1194e+06,-9.4482e+06,3.4283e+06
62.55,32.09,0,-1.1192e+06,-9.4468e+06,3.4291e+06
62.55,34.6,0,-1.1189e+06,-9.4454e+06,3.4298e+06
62.55,37.11,0,-1.1177e+06,-9.4392e+06,3.4319e+06
62.55,39.62,0,-1.1175e+06,-9.4383e+06,3.4323e+06
62.55,42.13,0,-1.1174e+06,-9.4375e+06,3.4327e+06
62.55,44.64,0,-1.1173e+06,-9.4368e+06,3.4329e+06
62.55,47.15,0,-1.1172e+06,-9.436e+06,3.433e+06
62.55,52.17,0,-1.1169e+06,-9.4347e+06,3.4331e+06
62.55,54.68,0,-1.117e+06,-9.4352e+06,3.4329e+06
62.55,57.19,0,-1.1171e+06,-9.4358e+06,3.4324e+06
62.55,59.7,0,-1.117e+06,-9.4351e+06,3.4321e+06
62.55,62.21,0,-1.1171e+06,-9.4361e+06,3.4314e+06
62.55,64.72,0,-1.1174e+06,-9.4372e+06,3.4305e+06
62.55,67.23,0,-1.1176e+06,-9.4385e+06,3.4297e+06
62.55,69.74,0,-1.1179e+06,-9.4399e+06,3.4287e+06
62.55,72.25,0,-1.1182e+06,-9.4414e+06,3.4278e+06
62.55,74.76,0,-1.1194e+06,-9.4457e+06,3.4252e+06
62.55,79.78,0,-1.1199e+06,-9.4484e+06,3.4239e+06
62.55,82.29,0,-1.1202e+06,-9.4496e+06,3.4235e+06
62.55,84.8,0,-1.1205e+06,-9.4507e+06,3.4233e+06
62.55,87.31,0,-1.1207e+06,-9.4518e+06,3.423e+06
62.55,89.82,0,-1.121e+06,-9.4532e+06,3.4226e+06
62.55,92.33,0,-1.1212e+06,-9.4541e+06,3.4225e+06
62.55,94.84,0,-1.1213e+06,-9.4548e+06,3.4224e+06
62.55,97.35,0,-1.1214e+06,-9.4554e+06,3.4224e+06
62.55,99.86,0,-1.1215e+06,-9.4558e+06,3.4225e+06
62.55,102.37,0,-1.1215e+06,-9.4561e+06,3.4226e+06
62.55,104.88,0,-1.1213e+06,-9.4547e+06,3.4236e+06
62.55,107.39,0,-1.1212e+06,-9.4544e+06,3.424e+06
62.55,109.9,0,-1.1211e+06,-9.4539e+06,3.4246e+06
62.55,112.41,0,-1.121e+06,-9.4533e+06,3.4251e+06
62.55,114.92,0,-1.1208e+06,-9.4528e+06,3.4255e+06
62.55,117.43,0,-1.1207e+06,-9.4526e+06,3.4258e+06
62.55,119.94,0,-1.1205e+06,-9.4519e+06,3.4263e+06
62.55,122.45,0,-1.1203e+06,-9.4511e+06,3.4268e+06
62.55,124.96,0,-1.12e+06,-9.45e+06,3.4275e+06
62.55,127.47,0,-1.1197e+06,-9.4488e+06,3.4282e+06
62.55,129.98,0,-1.1194e+06,-9.4478e+06,3.4287e+06
62.55,132.49,0,-1.1192e+06,-9.447e+06,3.4291e+06
62.55,135,0,-1.119e+06,-9.4463e+06,3.4294e+06
62.55,137.51,0,-1.1187e+06,-9.4452e+06,3.4298e+06
62.55,140.02,0,-1.1184e+06,-9.4439e+06,3.4304e+06
62.55,142.53,0,-1.1188e+06,-9.4451e+06,3.4297e+06
62.55,152.57,0,-1.1176e+06,-9.4411e+06,3.4311e+06
62.55,162.61,0,-1.1175e+06,-9.4411e+06,3.4303e+06
69.02,-153.65,0,-1.1183e+06,-9.4417e+06,3.4278e+06
69.02,-148.63,0,-1.1184e+06,-9.445e+06,3.4275e+06
69.02,-146.12,0,-1.118e+06,-9.4444e+06,3.4286e+06
69.02,-143.61,0,-1.1178e+06,-9.445e+06,3.4292e+06
69.02,-141.1,0,-1.1173e+06,-9.4435e+06,3.4305e+06
69.02,-138.59,0,-1.1172e+06,-9.4442e+06,3.4313e+06
69.02,-136.08,0,-1.1171e+06,-9.4449e+06,3.4321e+06
69.02,-133.57,0,-1.1178e+06,-9.4471e+06,3.4312e+06
69.02,-131.06,0,-1.1177e+06,-9.447e+06,3.4314e+06
69.02,-121.02,0,-1.1186e+06,-9.4485e+06,3.4291e+06
69.02,-118.51,0,-1.1189e+06,-9.4487e+06,3.4282e+06
69.02,-116,0,-1.1193e+06,-9.4482e+06,3.4278e+06
69.02,-113.49,0,-1.1199e+06,-9.4487e+06,3.4266e+06
69.02,-110.98,0,-1.1207e+06,-9.4504e+06,3.4249e+06
69.02,-108.47,0,-1.1216e+06,-9.453e+06,3.4226e+06
69.02,-105.96,0,-1.1223e+06,-9.4546e+06,3.4209e+06
69.02,-103.45,0,-1.1228e+06,-9.4554e+06,3.4199e+06
69.02,-100.94,0,-1.1232e+06,-9.4558e+06,3.4191e+06
69.02,-98.43,0,-1.1234e+06,-9.4558e+06,3.4187e+06
69.02,-95.92,0,-1.1238e+06,-9.4558e+06,3.4185e+06
69.02,-93.41,0,-1.1239e+06,-9.4553e+06,3.4186e+06
69.02,-90.9,0,-1.1239e+06,-9.4545e+06,3.419e+06
69.02,-88.39,0,-1.1237e+06,-9.4533e+06,3.4196e+06
69.02,-85.88,0,-1.1234e+06,-9.4519e+06,3.4204e+06
69.02,-83.37,0,-1.1231e+06,-9.4502e+06,3.4213e+06
69.02,-80.86,0,-1.1226e+06,-9.4484e+06,3.4223e+06
69.02,-78.35,0,-1.1223e+06,-9.4467e+06,3.4232e+06
69.02,-75.84,0,-1.1218e+06,-9.4449e+06,3.424e+06
69.02,-73.33,0,-1.1213e+06,-9.4418e+06,3.4255e+06
69.02,-70.82,0,-1.121e+06,-9.4404e+06,3.426e+06
69.02,-68.31,0,-1.1207e+06,-9.4394e+06,3.4263e+06
69.02,-65.8,0,-1.1205e+06,-9.4387e+06,3.4264e+06
69.02,-63.29,0,-1.1203e+06,-9.4384e+06,3.4263e+06
69.02,-60.78,0,-1.1203e+06,-9.4385e+06,3.4261e+06
69.02,-58.27,0,-1.1203e+06,-9.4389e+06,3.4256e+06
69.02,-55.76,0,-1.1204e+06,-9.4397e+06,3.4251e+06
69.02,-40.7,0,-1.1209e+06,-9.4479e+06,3.4228e+06
69.02,-38.19,0,-1.1207e+06,-9.4472e+06,3.4226e+06
69.02,-35.68,0,-1.1209e+06,-9.449e+06,3.4223e+06
69.02,-33.17,0,-1.1209e+06,-9.4502e+06,3.4221e+06
69.02,-30.66,0,-1.1209e+06,-9.4511e+06,3.4221e+06
69.02,-28.15,0,-1.1209e+06,-9.4517e+06,3.4222e+06
69.02,-25.64,0,-1.1212e+06,-9.4516e+06,3.4211e+06
69.02,-23.13,0,-1.1211e+06,-9.4513e+06,3.4214e+06
69.02,-20.62,0,-1.1211e+06,-9.4514e+06,3.4216e+06
69.02,-18.11,0,-1.1211e+06,-9.4515e+06,3.4216e+06
69.02,-15.6,0,-1.1211e+06,-9.4518e+06,3.4216e+06
69.02,-13.09,0,-1.1213e+06,-9.4523e+06,3.4217e+06
69.02,6.99,0,-1.1212e+06,-9.4554e+06,3.4233e+06
69.02,9.5,0,-1.1207e+06,-9.4533e+06,3.4246e+06
69.02,12.01,0,-1.1212e+06,-9.4559e+06,3.4237e+06
69.02,14.52,0,-1.1215e+06,-9.4577e+06,3.4232e+06
69.02,17.03,0,-1.1218e+06,-9.4589e+06,3.4231e+06
69.02,19.54,0,-1.1219e+06,-9.4595e+06,3.4233e+06
69.02,22.05,0,-1.1219e+06,-9.4596e+06,3.4237e+06
69.02,24.56,0,-1.1218e+06,-9.4591e+06,3.4242e+06
69.02,27.07,0,-1.1216e+06,-9.4583e+06,3.4249e+06
69.02,29.58,0,-1.1214e+06,-9.4572e+06,3.4255e+06
69.02,32.09,0,-1.1212e+06,-9.4558e+06,3.4262e+06
69.02,34.6,0,-1.1209e+06,-9.4544e+06,3.4269e+06
69.02,37.11,0,-1.1206e+06,-9.4528e+06,3.4275e+06
69.02,39.62,0,-1.1203e+06,-9.4511e+06,3.428e+06
69.02,42.13,0,-1.1204e+06,-9.4499e+06,3.4273e+06
69.02,44.64,0,-1.1201e+06,-9.4485e+06,3.4276e+06
69.02,47.15,0,-1.1199e+06,-9.4471e+06,3.4278e+06
69.02,49.66,0,-1.1196e+06,-9.4458e+06,3.4279e+06
69.02,52.17,0,-1.1195e+06,-9.4453e+06,3.428e+06
69.02,54.68,0,-1.1195e+06,-9.445e+06,3.428e+06
69.02,57.19,0,-1.1195e+06,-9.4449e+06,3.4279e+06
69.02,59.7,0,-1.1195e+06,-9.4449e+06,3.4276e+06
69.02,62.21,0,-1.1195e+06,-9.445e+06,3.4272e+06
69.02,64.72,0,-1.1196e+06,-9.4455e+06,3.4266e+06
69.02,67.23,0,-1.1198e+06,-9.4459e+06,3.4257e+06
69.02,69.74,0,-1.12e+06,-9.4468e+06,3.4248e+06
69.02,72.25,0,-1.1203e+06,-9.448e+06,3.4238e+06
69.02,74.76,0,-1.1206e+06,-9.4494e+06,3.4228e+06
69.02,77.27,0,-1.1209e+06,-9.4509e+06,3.4218e+06
69.02,79.78,0,-1.1213e+06,-9.4525e+06,3.4208e+06
69.02,82.29,0,-1.1217e+06,-9.4542e+06,3.4198e+06
69.02,84.8,0,-1.122e+06,-9.4559e+06,3.4189e+06
69.02,87.31,0,-1.1224e+06,-9.4577e+06,3.418e+06
69.02,89.82,0,-1.1227e+06,-9.4594e+06,3.4172e+06
69.02,92.33,0,-1.1231e+06,-9.461e+06,3.4166e+06
69.02,94.84,0,-1.1234e+06,-9.4626e+06,3.4161e+06
69.02,97.35,0,-1.1237e+06,-9.464e+06,3.4157e+06
69.02,99.86,0,-1.1239e+06,-9.4654e+06,3.4153e+06
69.02,102.37,0,-1.1241e+06,-9.4665e+06,3.415e+06
69.02,104.88,0,-1.1243e+06,-9.4674e+06,3.415e+06
69.02,107.39,0,-1.1244e+06,-9.4682e+06,3.415e+06
69.02,109.9,0,-1.1244e+06,-9.4688e+06,3.4152e+06
69.02,112.41,0,-1.1244e+06,-9.4692e+06,3.4155e+06
69.02,114.92,0,-1.1244e+06,-9.4694e+06,3.4158e+06
69.02,117.43,0,-1.1243e+06,-9.4693e+06,3.4163e+06
69.02,119.94,0,-1.1237e+06,-9.4665e+06,3.4172e+06
69.02,122.45,0,-1.1235e+06,-9.4659e+06,3.4178e+06
69.02,124.96,0,-1.1233e+06,-9.4652e+06,3.4184e+06
69.02,127.47,0,-1.123e+06,-9.4642e+06,3.4191e+06
69.02,129.98,0,-1.1227e+06,-9.4632e+06,3.4197e+06
69.02,132.49,0,-1.1223e+06,-9.4618e+06,3.4205e+06
69.02,135,0,-1.1219e+06,-9.4601e+06,3.4213e+06
69.02,137.51,0,-1.1215e+06,-9.4585e+06,3.4221e+06
69.02,140.02,0,-1.1209e+06,-9.4564e+06,3.4229e+06
69.02,142.53,0,-1.1204e+06,-9.4546e+06,3.4239e+06
69.02,145.04,0,-1.121e+06,-9.4564e+06,3.4228e+06
69.02,147.55,0,-1.1206e+06,-9.4548e+06,3.4234e+06
69.02,150.06,0,-1.1203e+06,-9.4531e+06,3.4241e+06
69.02,152.57,0,-1.1199e+06,-9.4512e+06,3.425e+06
69.02,155.08,0,-1.1195e+06,-9.4493e+06,3.4258e+06
69.02,157.59,0,-1.1191e+06,-9.4476e+06,3.4264e+06
69.02,160.1,0,-1.1184e+06,-9.4453e+06,3.4274e+06
69.02,162.61,0,-1.1182e+06,-9.4451e+06,3.4273e+06
69.02,165.12,0,-1.1179e+06,-9.4437e+06,3.4279e+06
69.02,167.63,0,-1.1176e+06,-9.4421e+06,3.4285e+06
69.02,170.14,0,-1.1182e+06,-9.4439e+06,3.4276e+06
69.02,177.67,0,-1.1183e+06,-9.445e+06,3.427e+06
