37.27,-109.5,1,1,1
16.83,-70.5,1,1,0
26.59,-7.5,1,1,0
37.27,-1.5,1,1,0
45.32,4.5,1,1,0
45.32,10.5,1,1,0
45.32,13.5,1,1,0
45.32,16.5,1,1,0
41.17,19.5,1,1,0
45.32,19.5,1,1,0
41.17,22.5,1,1,0
45.32,22.5,1,1,0
33.57,25.5,1,1,0
37.27,25.5,1,1,0
37.27,28.5,1,1,0
-4.53,40.5,1,1,0
67.4,-142.5,1,0,1
37.27,-112.5,1,0,1
45.32,142.5,1,0,1
54.75,142.5,1,0,1
-45.32,-178.5,1,0,0
-13.71,-178.5,1,0,0
67.4,-175.5,1,0,0
67.4,-172.5,1,0,0
60.42,-151.5,1,0,0
67.4,-145.5,1,0,0
67.4,-139.5,1,0,0
67.4,-136.5,1,0,0
67.4,-133.5,1,0,0
60.42,-124.5,1,0,0
54.75,-121.5,1,0,0
41.17,-115.5,1,0,0
49.8,-115.5,1,0,0
45.32,-112.5,1,0,0
54.75,-112.5,1,0,0
41.17,-106.5,1,0,0
45.32,-106.5,1,0,0
45.32,-100.5,1,0,0
16.83,-94.5,1,0,0
20.01,-94.5,1,0,0
13.71,-85.5,1,0,0
30.02,-85.5,1,0,0
10.62,-82.5,1,0,0
20.01,-76.5,1,0,0
-7.56,-73.5,1,0,0
16.83,-73.5,1,0,0
-54.75,-70.5,1,0,0
-45.32,-70.5,1,0,0
1.51,-70.5,1,0,0
-54.75,-67.5,1,0,0
-4.53,-67.5,1,0,0
16.83,-67.5,1,0,0
37.27,-67.5,1,0,0
-7.56,-64.5,1,0,0
-4.53,-64.5,1,0,0
13.71,-64.5,1,0,0
41.17,-64.5,1,0,0
7.56,-61.5,1,0,0
1.51,-55.5,1,0,0
7.56,-55.5,1,0,0
-41.17,-52.5,1,0,0
10.62,-13.5,1,0,0
30.02,-7.5,1,0,0
37.27,-7.5,1,0,0
54.75,-7.5,1,0,0
30.02,-4.5,1,0,0
33.57,-4.5,1,0,0
41.17,-1.5,1,0,0
60.42,-1.5,1,0,0
30.02,1.5,1,0,0
45.32,1.5,1,0,0
1.51,4.5,1,0,0
41.17,4.5,1,0,0
49.8,4.5,1,0,0
45.32,7.5,1,0,0
49.8,7.5,1,0,0
54.75,7.5,1,0,0
-1.51,10.5,1,0,0
23.26,10.5,1,0,0
33.57,10.5,1,0,0
37.27,10.5,1,0,0
41.17,10.5,1,0,0
49.8,10.5,1,0,0
33.57,13.5,1,0,0
37.27,13.5,1,0,0
41.17,13.5,1,0,0
49.8,13.5,1,0,0
37.27,16.5,1,0,0
41.17,16.5,1,0,0
49.8,16.5,1,0,0
-37.27,19.5,1,0,0
-33.57,19.5,1,0,0
26.59,19.5,1,0,0
37.27,19.5,1,0,0
33.57,22.5,1,0,0
37.27,22.5,1,0,0
41.17,25.5,1,0,0
49.8,25.5,1,0,0
37.27,31.5,1,0,0
45.32,31.5,1,0,0
37.27,34.5,1,0,0
-10.62,37.5,1,0,0
7.56,37.5,1,0,0
10.62,37.5,1,0,0
37.27,37.5,1,0,0
41.17,37.5,1,0,0
37.27,40.5,1,0,0
41.17,43.5,1,0,0
54.75,49.5,1,0,0
54.75,52.5,1,0,0
45.32,55.5,1,0,0
13.71,70.5,1,0,0
4.53,73.5,1,0,0
7.56,73.5,1,0,0
7.56,76.5,1,0,0
26.59,76.5,1,0,0
30.02,85.5,1,0,0
20.01,91.5,1,0,0
23.26,91.5,1,0,0
26.59,94.5,1,0,0
20.01,97.5,1,0,0
26.59,97.5,1,0,0
30.02,97.5,1,0,0
4.53,100.5,1,0,0
7.56,100.5,1,0,0
10.62,100.5,1,0,0
13.71,100.5,1,0,0
16.83,100.5,1,0,0
23.26,100.5,1,0,0
26.59,100.5,1,0,0
30.02,100.5,1,0,0
-1.51,103.5,1,0,0
4.53,103.5,1,0,0
7.56,103.5,1,0,0
10.62,103.5,1,0,0
23.26,103.5,1,0,0
26.59,103.5,1,0,0
30.02,103.5,1,0,0
-1.51,106.5,1,0,0
1.51,106.5,1,0,0
7.56,106.5,1,0,0
13.71,106.5,1,0,0
23.26,106.5,1,0,0
26.59,106.5,1,0,0
30.02,106.5,1,0,0
54.75,106.5,1,0,0
60.42,106.5,1,0,0
-4.53,109.5,1,0,0
10.62,109.5,1,0,0
23.26,109.5,1,0,0
26.59,109.5,1,0,0
60.42,109.5,1,0,0
-4.53,112.5,1,0,0
4.53,112.5,1,0,0
-1.51,115.5,1,0,0
4.53,115.5,1,0,0
7.56,115.5,1,0,0
26.59,115.5,1,0,0
30.02,115.5,1,0,0
1.51,118.5,1,0,0
4.53,118.5,1,0,0
7.56,118.5,1,0,0
33.57,118.5,1,0,0
10.62,121.5,1,0,0
16.83,121.5,1,0,0
26.59,121.5,1,0,0
30.02,121.5,1,0,0
33.57,121.5,1,0,0
37.27,121.5,1,0,0
-1.51,124.5,1,0,0
30.02,124.5,1,0,0
-1.51,127.5,1,0,0
7.56,127.5,1,0,0
37.27,127.5,1,0,0
41.17,127.5,1,0,0
45.32,127.5,1,0,0
49.8,127.5,1,0,0
54.75,127.5,1,0,0
60.42,127.5,1,0,0
-13.71,130.5,1,0,0
4.53,130.5,1,0,0
7.56,130.5,1,0,0
37.27,130.5,1,0,0
49.8,130.5,1,0,0
67.4,130.5,1,0,0
4.53,133.5,1,0,0
7.56,133.5,1,0,0
41.17,133.5,1,0,0
45.32,133.5,1,0,0
4.53,136.5,1,0,0
37.27,136.5,1,0,0
41.17,136.5,1,0,0
49.8,136.5,1,0,0
67.4,136.5,1,0,0
-30.02,139.5,1,0,0
41.17,139.5,1,0,0
45.32,139.5,1,0,0
-41.17,142.5,1,0,0
-10.62,142.5,1,0,0
49.8,142.5,1,0,0
-41.17,145.5,1,0,0
-10.62,145.5,1,0,0
7.56,145.5,1,0,0
-41.17,148.5,1,0,0
-13.71,148.5,1,0,0
-41.17,151.5,1,0,0
67.4,151.5,1,0,0
67.4,154.5,1,0,0
-1.51,157.5,1,0,0
60.42,157.5,1,0,0
-1.51,163.5,1,0,0
-7.56,169.5,1,0,0
-45.32,175.5,1,0,0
-45.32,178.5,1,0,0
-41.17,178.5,1,0,0
33.57,-112.5,0,1,0
33.57,-109.5,0,1,0
45.32,-109.5,0,1,0
33.57,-106.5,0,1,0
37.27,-106.5,0,1,0
30.02,-103.5,0,1,0
33.57,-103.5,0,1,0
37.27,-100.5,0,1,0
37.27,-97.5,0,1,0
41.17,-97.5,0,1,0
45.32,-94.5,0,1,0
-4.53,-73.5,0,1,0
20.01,-73.5,0,1,0
-26.59,-67.5,0,1,0
-20.01,-67.5,0,1,0
4.53,-67.5,0,1,0
-30.02,-64.5,0,1,0
-26.59,-64.5,0,1,0
-20.01,-64.5,0,1,0
7.56,-64.5,0,1,0
-30.02,-61.5,0,1,0
-26.59,-61.5,0,1,0
-20.01,-61.5,0,1,0
-41.17,-55.5,0,1,0
26.59,-4.5,0,1,0
37.27,-4.5,0,1,0
33.57,-1.5,0,1,0
41.17,1.5,0,1,0
30.02,4.5,0,1,0
37.27,4.5,0,1,0
30.02,13.5,0,1,0
30.02,22.5,0,1,0
45.32,25.5,0,1,0
23.26,31.5,0,1,0
30.02,31.5,0,1,0
23.26,34.5,0,1,0
-26.59,37.5,0,1,0
-1.51,37.5,0,1,0
10.62,40.5,0,1,0
13.71,40.5,0,1,0
30.02,40.5,0,1,0
33.57,40.5,0,1,0
30.02,43.5,0,1,0
10.62,46.5,0,1,0
33.57,46.5,0,1,0
7.56,49.5,0,1,0
23.26,49.5,0,1,0
33.57,49.5,0,1,0
13.71,52.5,0,1,0
16.83,52.5,0,1,0
20.01,52.5,0,1,0
33.57,52.5,0,1,0
16.83,55.5,0,1,0
26.59,55.5,0,1,0
49.8,58.5,0,1,0
20.01,64.5,0,1,0
33.57,67.5,0,1,0
41.17,67.5,0,1,0
41.17,73.5,0,1,0
45.32,76.5,0,1,0
49.8,76.5,0,1,0
41.17,82.5,0,1,0
60.42,82.5,0,1,0
45.32,85.5,0,1,0
37.27,88.5,0,1,0
41.17,88.5,0,1,0
41.17,94.5,0,1,0
10.62,97.5,0,1,0
37.27,100.5,0,1,0
41.17,100.5,0,1,0
37.27,103.5,0,1,0
41.17,103.5,0,1,0
-33.57,136.5,0,1,0
60.42,-130.5,0,0,1
67.4,-130.5,0,0,1
41.17,-112.5,0,0,1
-49.8,-70.5,0,0,1
-67.4,-61.5,0,0,1
-67.4,76.5,0,0,1
-67.4,79.5,0,0,1
60.42,142.5,0,0,1
54.75,157.5,0,0,1
60.42,166.5,0,0,1
67.4,-178.5,0.95786,0.010987,0.043192
67.4,-169.5,0.96762,0.0054522,0.055026
67.4,-166.5,0.9731,0.0035131,0.061476
67.4,-163.5,0.97644,0.0025715,0.073253
67.4,-160.5,0.97773,0.0021823,0.089611
67.4,-157.5,0.97535,0.0024854,0.095723
60.42,-154.5,0.91951,0.0097078,0.074354
67.4,-154.5,0.96946,0.003511,0.10398
67.4,-151.5,0.96923,0.0040271,0.097165
67.4,-148.5,0.96343,0.0061164,0.11121
60.42,-127.5,0.64602,0.0038661,0.38632
67.4,-127.5,0.6652,0.0067936,0.26335
54.75,-124.5,0.94489,0.0019166,0.09962
67.4,-124.5,0.71784,0.0044169,0.18554
60.42,-121.5,0.57299,0.010578,0.22964
67.4,-121.5,0.6669,0.0069235,0.19433
45.32,-118.5,0.84545,0.021547,0.088658
49.8,-118.5,0.9337,0.014191,0.070414
54.75,-118.5,0.95525,0.0042016,0.041342
60.42,-118.5,0.56098,0.018618,0.18406
67.4,-118.5,0.6433,0.010104,0.18355
45.32,-115.5,0.74658,0.072583,0.064806
54.75,-115.5,0.94742,0.0075032,0.026703
60.42,-115.5,0.60852,0.02151,0.11148
67.4,-115.5,0.6629,0.011146,0.1375
49.8,-112.5,0.92518,0.032135,0.015423
60.42,-112.5,0.63653,0.027023,0.068997
67.4,-112.5,0.68805,0.012089,0.095337
30.02,-109.5,0.13344,0.8769,0.041321
41.17,-109.5,0.60796,0.1321,0.12906
49.8,-109.5,0.88132,0.052751,0.0054338
54.75,-109.5,0.86157,0.03631,0.020162
60.42,-109.5,0.66064,0.032142,0.045279
67.4,-109.5,0.70882,0.013705,0.065177
26.59,-106.5,0.38604,0.55432,0.01537
30.02,-106.5,0.21283,0.83467,0.012448
49.8,-106.5,0.78578,0.10949,0.0064033
54.75,-106.5,0.83591,0.043785,0.011573
60.42,-106.5,0.67354,0.039189,0.030435
67.4,-106.5,0.72865,0.015445,0.04497
26.59,-103.5,0.59235,0.39503,0.0047818
37.27,-103.5,0.11378,0.96888,0.066777
41.17,-103.5,0.27125,0.69162,0.031584
45.32,-103.5,0.47197,0.55606,0.0098245
49.8,-103.5,0.74302,0.14377,0.0041399
54.75,-103.5,0.80469,0.05677,0.0075257
60.42,-103.5,0.67588,0.049381,0.021115
67.4,-103.5,0.74398,0.017886,0.03104
23.26,-100.5,0.87767,0.089144,0.0049716
26.59,-100.5,0.62133,0.3762,0.0027881
30.02,-100.5,0.25163,0.80218,0.0071882
33.57,-100.5,0.051399,0.97567,0.011313
41.17,-100.5,0.20034,0.83174,0.017306
49.8,-100.5,0.69227,0.19001,0.0031163
54.75,-100.5,0.76892,0.076189,0.0054303
60.42,-100.5,0.67052,0.0633,0.01529
67.4,-100.5,0.755,0.021189,0.021619
20.01,-97.5,0.94661,0.031318,0.0089077
23.26,-97.5,0.89049,0.083161,0.0035608
26.59,-97.5,0.68359,0.28366,0.0046431
30.02,-97.5,0.2619,0.76188,0.01446
33.57,-97.5,0.10924,0.93211,0.010409
45.32,-97.5,0.42765,0.58126,0.0074815
49.8,-97.5,0.64051,0.24497,0.0026303
54.75,-97.5,0.7301,0.10329,0.0042724
60.42,-97.5,0.65966,0.081546,0.011626
67.4,-97.5,0.7623,0.025503,0.015335
33.57,-94.5,0.22525,0.82224,0.01358
37.27,-94.5,0.15082,0.89749,0.012535
41.17,-94.5,0.26219,0.78567,0.0086015
49.8,-94.5,0.59219,0.30563,0.0023952
54.75,-94.5,0.69012,0.13871,0.0036281
60.42,-94.5,0.64511,0.10441,0.009305
67.4,-94.5,0.76891,0.030189,0.011138
16.83,-91.5,0.9246,0.057628,0.0034297
33.57,-91.5,0.37765,0.65294,0.017435
37.27,-91.5,0.25211,0.80471,0.0080369
41.17,-91.5,0.32922,0.71743,0.0044866
45.32,-91.5,0.49847,0.4624,0.0042884
49.8,-91.5,0.58176,0.32378,0.0020329
54.75,-91.5,0.65118,0.18149,0.0033023
60.42,-91.5,0.66274,0.10634,0.0068995
67.4,-91.5,0.80659,0.024664,0.0079234
16.83,-88.5,0.94359,0.051434,0.00095115
33.57,-88.5,0.50961,0.49597,0.013313
37.27,-88.5,0.36667,0.69035,0.0045079
41.17,-88.5,0.41073,0.63046,0.0024432
45.32,-88.5,0.53786,0.42488,0.0020843
49.8,-88.5,0.63742,0.25906,0.0014055
54.75,-88.5,0.64387,0.19824,0.0027315
60.42,-88.5,0.71405,0.084947,0.0044613
67.4,-88.5,0.8389,0.020134,0.005651
16.83,-85.5,0.93758,0.069288,0.00058967
23.26,-85.5,0.83774,0.1225,0.0022146
33.57,-85.5,0.60802,0.38163,0.0068194
37.27,-85.5,0.48092,0.56648,0.0026056
41.17,-85.5,0.49778,0.53487,0.0014949
45.32,-85.5,0.61435,0.33591,0.0013746
49.8,-85.5,0.69484,0.19926,0.0010096
54.75,-85.5,0.68987,0.16241,0.0017334
60.42,-85.5,0.76443,0.064923,0.0028343
67.4,-85.5,0.86592,0.016529,0.0040881
33.57,-82.5,0.75383,0.21542,0.0069117
37.27,-82.5,0.60895,0.40853,0.0024411
41.17,-82.5,0.62184,0.37992,0.0015481
45.32,-82.5,0.70615,0.23127,0.0011688
49.8,-82.5,0.74731,0.15118,0.00077184
54.75,-82.5,0.73738,0.12802,0.0011281
60.42,-82.5,0.81165,0.047298,0.0018354
67.4,-82.5,0.88991,0.013247,0.003044
37.27,-79.5,0.78026,0.20447,0.0032587
41.17,-79.5,0.73756,0.23769,0.002192
45.32,-79.5,0.78107,0.15573,0.00122
49.8,-79.5,0.79489,0.11238,0.00063237
54.75,-79.5,0.78359,0.097139,0.00078598
60.42,-79.5,0.85399,0.032723,0.0012744
67.4,-79.5,0.91219,0.010032,0.0024005
-4.53,-76.5,0.78691,0.20838,0.0070289
-1.51,-76.5,0.81754,0.15947,0.0028878
37.27,-76.5,0.87454,0.10671,0.0059644
41.17,-76.5,0.82259,0.14358,0.0037299
45.32,-76.5,0.83383,0.10955,0.0014284
49.8,-76.5,0.8409,0.077981,0.00057331
54.75,-76.5,0.82594,0.071346,0.00059289
60.42,-76.5,0.89025,0.021493,0.00098764
67.4,-76.5,0.93051,0.0075146,0.0020478
-10.62,-73.5,0.77907,0.19271,0.002894
-1.51,-73.5,0.71399,0.26557,0.0010644
1.51,-73.5,0.70171,0.2832,0.0022606
4.53,-73.5,0.68403,0.32168,0.00091631
41.17,-73.5,0.90707,0.070938,0.0060743
45.32,-73.5,0.87126,0.08028,0.0018294
49.8,-73.5,0.875,0.056313,0.00056104
54.75,-73.5,0.86286,0.051096,0.00048067
60.42,-73.5,0.91924,0.013677,0.00087429
67.4,-73.5,0.94484,0.0056877,0.0018968
-67.4,-70.5,0.33056,0.00841,0.55175
-37.27,-70.5,0.2967,0.52614,0.0036632
-13.71,-70.5,0.63982,0.36246,0.0012555
-10.62,-70.5,0.67358,0.29825,0.0015558
-7.56,-70.5,0.79717,0.17452,0.0036909
-4.53,-70.5,0.74112,0.26483,0.0025867
-1.51,-70.5,0.72199,0.26791,0.00056647
4.53,-70.5,0.63778,0.38838,0.0012271
45.32,-70.5,0.90267,0.056948,0.0029986
49.8,-70.5,0.90203,0.041057,0.00059445
54.75,-70.5,0.89776,0.033409,0.0004236
60.42,-70.5,0.94161,0.0085003,0.00092173
67.4,-70.5,0.95745,0.0040647,0.0020255
-67.4,-67.5,0.30811,0.010581,0.54617
-49.8,-67.5,0.41013,0.032088,0.4266
-41.17,-67.5,0.49715,0.28127,0.0078387
-37.27,-67.5,0.26876,0.62248,0.0014575
-33.57,-67.5,0.14224,0.82316,0.002096
-30.02,-67.5,0.099286,0.90509,0.0032402
-16.83,-67.5,0.31861,0.68191,0.0010553
-13.71,-67.5,0.5828,0.42677,0.00059674
-10.62,-67.5,0.68214,0.30006,0.0011511
-7.56,-67.5,0.83861,0.13063,0.0029619
-1.51,-67.5,0.80958,0.15412,0.00046063
1.51,-67.5,0.72504,0.2333,0.001626
45.32,-67.5,0.94521,0.033406,0.0037891
49.8,-67.5,0.91975,0.0327,0.00061659
54.75,-67.5,0.92477,0.021611,0.0004191
60.42,-67.5,0.95779,0.0053395,0.001212
67.4,-67.5,0.96672,0.0029918,0.0023784
-67.4,-64.5,0.2381,0.01706,0.65465
-41.17,-64.5,0.48659,0.31086,0.0079362
-37.27,-64.5,0.2474,0.67073,0.002167
-33.57,-64.5,0.10074,0.8916,0.0017114
-23.26,-64.5,0.055078,0.96509,0.0007607
-16.83,-64.5,0.30952,0.71877,0.0006149
-13.71,-64.5,0.40217,0.61741,0.00046878
-10.62,-64.5,0.67895,0.31468,0.00088889
-1.51,-64.5,0.85017,0.11388,0.00025691
1.51,-64.5,0.83457,0.1356,0.0003516
4.53,-64.5,0.75709,0.24357,0.00056485
45.32,-64.5,0.93594,0.035811,0.0054639
49.8,-64.5,0.92843,0.030307,0.00054506
54.75,-64.5,0.94458,0.014219,0.00048163
60.42,-64.5,0.96913,0.0034703,0.001994
67.4,-64.5,0.97337,0.0023073,0.0029605
-33.57,-61.5,0.10981,0.88835,0.0019226
-23.26,-61.5,0.019808,0.98911,0.00070694
-16.83,-61.5,0.14032,0.88915,0.00069958
-13.71,-61.5,0.37553,0.66701,0.00043574
-10.62,-61.5,0.64821,0.36635,0.00072717
-7.56,-61.5,0.82348,0.15888,0.0017653
-4.53,-61.5,0.86536,0.11048,0.00099424
-1.51,-61.5,0.85643,0.11766,0.00019275
1.51,-61.5,0.88646,0.098453,0.00012581
4.53,-61.5,0.83533,0.15658,0.00013999
45.32,-61.5,0.94293,0.032243,0.004257
49.8,-61.5,0.93879,0.02616,0.0005239
54.75,-61.5,0.95886,0.0096275,0.0006684
60.42,-61.5,0.9769,0.0024019,0.0039063
67.4,-61.5,0.97852,0.0018069,0.0040296
-37.27,-58.5,0.25484,0.70256,0.0039652
-33.57,-58.5,0.13651,0.85709,0.0029786
-23.26,-58.5,0.028882,0.98182,0.00062688
-20.01,-58.5,0.047507,0.97117,0.0010161
-16.83,-58.5,0.13008,0.90713,0.00072471
-13.71,-58.5,0.3451,0.71582,0.00049064
-10.62,-58.5,0.69136,0.35093,0.0004074
-7.56,-58.5,0.82371,0.1568,0.00081483
-4.53,-58.5,0.88492,0.085861,0.00046326
-1.51,-58.5,0.87172,0.10574,0.0001827
1.51,-58.5,0.90108,0.079113,0.00018742
4.53,-58.5,0.86905,0.10657,7.848e-05
7.56,-58.5,0.81191,0.16588,0.00060735
45.32,-58.5,0.95026,0.027,0.0055677
49.8,-58.5,0.95232,0.019343,0.00064494
54.75,-58.5,0.96918,0.0067314,0.0011346
60.42,-58.5,0.98199,0.0018564,0.0080073
67.4,-58.5,0.98234,0.0014714,0.0057487
-23.26,-55.5,0.036779,0.97611,0.00036509
-20.01,-55.5,0.0608,0.96168,0.00053956
-16.83,-55.5,0.14973,0.89234,0.00052102
-13.71,-55.5,0.41126,0.67848,0.00028354
-10.62,-55.5,0.70849,0.32486,0.00022623
-7.56,-55.5,0.85582,0.11152,0.00033764
-4.53,-55.5,0.92152,0.044045,0.0002319
-1.51,-55.5,0.92129,0.048608,0.00014381
4.53,-55.5,0.88828,0.077044,0.0001216
49.8,-55.5,0.96151,0.015255,0.00078032
54.75,-55.5,0.97674,0.0048919,0.0023479
67.4,-55.5,0.98544,0.0012094,0.0091178
-33.57,-52.5,0.1508,0.84948,0.0012285
-30.02,-52.5,0.07162,0.94224,0.00061366
-26.59,-52.5,0.043463,0.97004,0.00026702
-23.26,-52.5,0.041349,0.97478,0.00018999
-20.01,-52.5,0.10604,0.93415,0.00016795
-16.83,-52.5,0.21511,0.84911,0.00021718
-13.71,-52.5,0.44164,0.65055,0.00018323
-10.62,-52.5,0.6663,0.3504,0.00016021
-7.56,-52.5,0.87824,0.084029,0.00015627
-4.53,-52.5,0.94305,0.025728,0.00017911
-1.51,-52.5,0.95068,0.02258,0.000188
1.51,-52.5,0.93128,0.04364,0.00036804
4.53,-52.5,0.95116,0.02679,0.0003116
49.8,-52.5,0.96674,0.013459,0.00077913
54.75,-52.5,0.98095,0.0041575,0.0038785
-30.02,-49.5,0.10076,0.90683,0.00056378
-26.59,-49.5,0.061038,0.95418,0.00015971
-23.26,-49.5,0.067662,0.9519,0.00012257
-20.01,-49.5,0.11011,0.9223,0.00015926
-16.83,-49.5,0.26044,0.8004,0.00010331
-13.71,-49.5,0.44502,0.63281,0.00011149
-10.62,-49.5,0.68419,0.32789,8.026e-05
-7.56,-49.5,0.88584,0.076363,7.7989e-05
-4.53,-49.5,0.9521,0.019938,0.00017517
1.51,-49.5,0.95627,0.020597,0.00037306
4.53,-49.5,0.94402,0.028577,0.00021467
49.8,-49.5,0.97425,0.010099,0.0013555
-23.26,-46.5,0.15763,0.86296,0.00011963
-20.01,-46.5,0.17149,0.85987,8.3901e-05
-16.83,-46.5,0.28372,0.76566,7.6456e-05
-13.71,-46.5,0.44936,0.61267,7.8462e-05
-10.62,-46.5,0.71652,0.28454,3.6586e-05
-7.56,-46.5,0.88963,0.073512,4.2254e-05
-4.53,-46.5,0.95062,0.021307,9.5688e-05
-20.01,-43.5,0.33206,0.70717,3.344e-05
-16.83,-43.5,0.51616,0.55308,2.1186e-05
-13.71,-43.5,0.71538,0.32782,2.1925e-05
-10.62,-43.5,0.85308,0.1445,2.624e-05
-7.56,-43.5,0.90409,0.059937,3.415e-05
-4.53,-43.5,0.95858,0.01677,0.0001561
67.4,-43.5,0.98769,0.0016938,0.0054246
-20.01,-40.5,0.46256,0.57297,4.9364e-05
-16.83,-40.5,0.63469,0.4025,2.5948e-05
-13.71,-40.5,0.79132,0.22151,2.0972e-05
-10.62,-40.5,0.88148,0.1056,1.6585e-05
-7.56,-40.5,0.89377,0.072184,1.784e-05
-4.53,-40.5,0.9538,0.020069,6.4765e-05
67.4,-40.5,0.986,0.0024481,0.0026986
-13.71,-37.5,0.77141,0.21267,1.7705e-05
-10.62,-37.5,0.90028,0.079382,1.4603e-05
-7.56,-37.5,0.93907,0.036611,1.1421e-05
-4.53,-37.5,0.96335,0.015631,2.6559e-05
60.42,-37.5,0.98776,0.002911,0.0046623
67.4,-37.5,0.98367,0.0036471,0.0015146
-7.56,-34.5,0.95264,0.027778,1.6021e-05
67.4,-34.5,0.98494,0.0035207,0.0017869
67.4,-31.5,0.98658,0.0031879,0.0024603
67.4,-28.5,0.98781,0.0029809,0.0034228
67.4,-25.5,0.98863,0.0029132,0.0046413
13.71,-16.5,0.93299,0.074729,0.00025448
13.71,-13.5,0.91593,0.10235,5.75e-05
16.83,-13.5,0.9133,0.13813,3.2302e-06
20.01,-13.5,0.9045,0.2096,3.2311e-06
23.26,-13.5,0.88402,0.34072,3.2144e-05
4.53,-10.5,0.9699,0.015825,0.00011736
7.56,-10.5,0.96464,0.02472,4.9136e-05
10.62,-10.5,0.9136,0.092845,0.00038281
13.71,-10.5,0.88742,0.14981,6.9106e-06
16.83,-10.5,0.87157,0.21631,4.1727e-07
20.01,-10.5,0.85879,0.3088,4.5916e-07
23.26,-10.5,0.84662,0.43688,1.5854e-05
26.59,-10.5,0.82154,0.51842,0.0010012
4.53,-7.5,0.96876,0.016937,0.0001173
7.56,-7.5,0.96176,0.028775,1.9798e-05
10.62,-7.5,0.8739,0.15206,6.0119e-05
13.71,-7.5,0.85335,0.20412,2.87e-06
16.83,-7.5,0.81478,0.30848,2.3091e-07
20.01,-7.5,0.81412,0.38203,1.4038e-07
23.26,-7.5,0.79081,0.54018,5.6811e-06
41.17,-7.5,0.83915,0.26038,0.00044161
4.53,-4.5,0.95758,0.026294,0.00025497
7.56,-4.5,0.94289,0.050147,1.3005e-05
10.62,-4.5,0.87279,0.1538,9.0535e-06
13.71,-4.5,0.80802,0.27231,1.8502e-06
16.83,-4.5,0.75403,0.39006,2.02e-07
20.01,-4.5,0.76255,0.44486,6.7151e-08
23.26,-4.5,0.7348,0.59817,2.3725e-06
41.17,-4.5,0.76335,0.35864,0.00052181
49.8,-4.5,0.98941,0.017481,0.00049607
54.75,-4.5,0.98318,0.017453,0.0058358
4.53,-1.5,0.95442,0.029428,0.00023445
7.56,-1.5,0.92562,0.068567,2.1109e-05
10.62,-1.5,0.8773,0.14461,1.4851e-06
13.71,-1.5,0.81111,0.26177,3.4998e-07
16.83,-1.5,0.72743,0.41455,1.0721e-07
20.01,-1.5,0.70765,0.49324,7.2078e-08
23.26,-1.5,0.6877,0.60734,1.27e-06
26.59,-1.5,0.57745,0.79371,3.9278e-05
30.02,-1.5,0.78298,0.22997,8.1397e-05
49.8,-1.5,0.98969,0.019261,0.00048306
7.56,1.5,0.93052,0.059028,1.6752e-05
10.62,1.5,0.87832,0.139,2.9638e-07
13.71,1.5,0.80375,0.26509,8.1795e-08
16.83,1.5,0.71494,0.41687,7.3569e-08
20.01,1.5,0.65206,0.52944,1.5404e-07
23.26,1.5,0.66157,0.57298,9.7575e-07
26.59,1.5,0.57498,0.71289,1.1418e-05
33.57,1.5,0.5869,0.46703,0.00012934
49.8,1.5,0.98912,0.022496,0.0010057
4.53,4.5,0.94618,0.03784,0.00019167
7.56,4.5,0.91551,0.07897,2.1587e-06
10.62,4.5,0.8527,0.17457,3.9524e-08
13.71,4.5,0.76991,0.30624,3.8003e-08
16.83,4.5,0.67851,0.44789,9.917e-08
20.01,4.5,0.68764,0.4552,1.8474e-07
23.26,4.5,0.72399,0.42477,2.0946e-06
26.59,4.5,0.58679,0.61362,8.1371e-06
33.57,4.5,0.64216,0.38514,3.1796e-05
4.53,7.5,0.95547,0.032331,6.0315e-05
7.56,7.5,0.92606,0.068532,5.3106e-07
10.62,7.5,0.86745,0.15827,2.031e-08
13.71,7.5,0.73067,0.35104,2.8648e-08
16.83,7.5,0.63401,0.4858,1.5366e-07
20.01,7.5,0.70341,0.39992,3.5832e-07
23.26,7.5,0.78729,0.26588,3.2056e-05
26.59,7.5,0.63393,0.4691,1.151e-05
30.02,7.5,0.47692,0.56903,2.8449e-05
33.57,7.5,0.72839,0.26399,5.954e-05
60.42,7.5,0.98868,0.0090341,0.004051
-16.83,10.5,0.85591,0.16236,1.832e-05
-4.53,10.5,0.91967,0.087819,0.00022688
1.51,10.5,0.94787,0.042052,0.00012591
4.53,10.5,0.955,0.037103,1.8396e-05
7.56,10.5,0.86449,0.15186,2.7905e-08
10.62,10.5,0.78392,0.26439,5.7365e-09
13.71,10.5,0.67092,0.41929,3.567e-08
16.83,10.5,0.62996,0.47225,1.1941e-07
20.01,10.5,0.70654,0.36055,7.7722e-07
26.59,10.5,0.66176,0.35863,2.3585e-05
30.02,10.5,0.51754,0.50388,2.0497e-05
60.42,10.5,0.98941,0.0080765,0.0021197
-30.02,13.5,0.82017,0.11513,0.0018703
-26.59,13.5,0.82953,0.14386,0.00054483
-23.26,13.5,0.84186,0.16584,0.00034426
-20.01,13.5,0.76219,0.28001,1.2696e-05
-16.83,13.5,0.88148,0.1551,2.2921e-05
-13.71,13.5,0.90947,0.12074,9.1787e-06
-10.62,13.5,0.90292,0.13498,3.1349e-05
-7.56,13.5,0.90639,0.13618,3.7298e-05
-4.53,13.5,0.88683,0.15874,5.568e-05
-1.51,13.5,0.87038,0.15568,0.00019393
1.51,13.5,0.89185,0.12525,1.9002e-05
4.53,13.5,0.92687,0.080974,1.2769e-06
7.56,13.5,0.83285,0.20368,8.7246e-09
10.62,13.5,0.70895,0.36175,9.4483e-09
13.71,13.5,0.58372,0.51472,6.2124e-08
16.83,13.5,0.60049,0.48861,9.9742e-08
20.01,13.5,0.68117,0.36098,1.2825e-06
23.26,13.5,0.77267,0.20319,0.00019736
26.59,13.5,0.6381,0.33768,6.028e-05
54.75,13.5,0.99116,0.0081237,0.0023611
60.42,13.5,0.98731,0.0092908,0.0012717
-33.57,16.5,0.90758,0.039706,0.0093615
-30.02,16.5,0.78152,0.1602,0.0010827
-26.59,16.5,0.6821,0.30328,0.00013564
-23.26,16.5,0.71802,0.32186,5.4083e-05
-20.01,16.5,0.69432,0.39128,1.2283e-05
-16.83,16.5,0.75978,0.34054,9.7222e-06
-13.71,16.5,0.83272,0.25539,9.0146e-06
-10.62,16.5,0.86374,0.22673,9.6356e-06
-7.56,16.5,0.85841,0.25217,7.7528e-06
-4.53,16.5,0.83498,0.28076,9.8551e-06
-1.51,16.5,0.81337,0.28273,1.7137e-05
1.51,16.5,0.82422,0.25266,3.3023e-06
4.53,16.5,0.8527,0.20652,1.4974e-07
7.56,16.5,0.74047,0.32827,1.6203e-08
10.62,16.5,0.62323,0.46189,2.3273e-08
13.71,16.5,0.52229,0.57359,6.5405e-08
16.83,16.5,0.53778,0.54625,9.3679e-08
20.01,16.5,0.60735,0.42963,1.2175e-06
23.26,16.5,0.68443,0.28372,9.8887e-05
26.59,16.5,0.56038,0.38485,0.00031467
54.75,16.5,0.98982,0.01016,0.00086828
60.42,16.5,0.98577,0.010494,0.0007441
67.4,16.5,0.99197,0.0032013,0.0056533
-30.02,19.5,0.71902,0.23219,0.00068044
-26.59,19.5,0.58315,0.43316,0.0001107
-23.26,19.5,0.57149,0.50525,3.3866e-05
-20.01,19.5,0.60972,0.51553,2.0771e-05
-16.83,19.5,0.68765,0.45957,1.9164e-05
-13.71,19.5,0.77316,0.3707,1.4339e-05
-10.62,19.5,0.80767,0.34797,9.9888e-06
-7.56,19.5,0.79305,0.3962,5.9635e-06
-4.53,19.5,0.76562,0.43195,4.0843e-06
-1.51,19.5,0.72798,0.44995,5.8302e-06
1.51,19.5,0.72881,0.41512,1.7662e-06
4.53,19.5,0.7089,0.40226,2.4925e-07
7.56,19.5,0.64073,0.45163,8.2452e-08
10.62,19.5,0.52293,0.56832,1.4027e-07
13.71,19.5,0.45537,0.63632,7.1837e-08
16.83,19.5,0.44791,0.63649,9.7062e-08
20.01,19.5,0.48939,0.55874,8.5893e-07
23.26,19.5,0.5368,0.45104,2.4014e-05
49.8,19.5,0.98323,0.052756,0.00068704
54.75,19.5,0.98612,0.015357,0.00039593
60.42,19.5,0.98352,0.012399,0.00046894
67.4,19.5,0.9932,0.0030096,0.0037311
-33.57,22.5,0.89623,0.049571,0.0062275
-30.02,22.5,0.67852,0.27293,0.00067936
-26.59,22.5,0.51771,0.51427,0.00013724
-23.26,22.5,0.51093,0.58284,4.6284e-05
-20.01,22.5,0.55336,0.59002,3.373e-05
-16.83,22.5,0.61584,0.55939,4.1196e-05
-13.71,22.5,0.70819,0.47742,3.1614e-05
-10.62,22.5,0.74406,0.46283,2.0617e-05
-7.56,22.5,0.72021,0.5273,9.5883e-06
-4.53,22.5,0.67633,0.58633,4.0455e-06
-1.51,22.5,0.63244,0.60522,4.0726e-06
1.51,22.5,0.6155,0.57669,2.2844e-06
4.53,22.5,0.5985,0.54154,8.1299e-07
7.56,22.5,0.53683,0.5651,7.7171e-07
10.62,22.5,0.45739,0.62873,5.743e-07
13.71,22.5,0.37975,0.70632,1.3517e-07
16.83,22.5,0.34669,0.73777,1.1068e-07
20.01,22.5,0.35408,0.70883,9.9131e-07
23.26,22.5,0.36094,0.66525,9.8953e-06
26.59,22.5,0.31932,0.7093,0.00022691
49.8,22.5,0.97393,0.049765,0.00083209
54.75,22.5,0.98122,0.020929,0.00025012
60.42,22.5,0.98,0.0157,0.00030464
67.4,22.5,0.99211,0.0033241,0.0022633
-33.57,25.5,0.88496,0.048647,0.0069119
-30.02,25.5,0.7413,0.20809,0.0015278
-26.59,25.5,0.52597,0.49011,0.00029593
-23.26,25.5,0.53507,0.54744,7.1027e-05
-20.01,25.5,0.60239,0.53204,2.5553e-05
-16.83,25.5,0.67242,0.49428,2.6048e-05
-13.71,25.5,0.70023,0.49554,3.9715e-05
-10.62,25.5,0.79648,0.41662,9.217e-06
-7.56,25.5,0.81488,0.4437,2.6453e-06
-4.53,25.5,0.80395,0.49728,3.0152e-06
-1.51,25.5,0.71008,0.59165,4.2068e-07
1.51,25.5,0.61141,0.61556,7.9962e-07
4.53,25.5,0.57209,0.57855,7.4173e-07
7.56,25.5,0.53048,0.56324,4.2804e-07
10.62,25.5,0.57546,0.51934,2.7148e-06
13.71,25.5,0.39904,0.69413,1.0685e-07
16.83,25.5,0.26024,0.82027,1.2357e-07
20.01,25.5,0.22483,0.84378,2.0252e-06
23.26,25.5,0.21353,0.83604,1.3041e-05
26.59,25.5,0.20074,0.86041,9.2091e-05
54.75,25.5,0.97836,0.021268,0.00022786
60.42,25.5,0.98314,0.010601,0.00049344
67.4,25.5,0.99092,0.0038762,0.0013998
-30.02,28.5,0.70001,0.22756,0.0029283
-26.59,28.5,0.56926,0.43417,0.0013861
-23.26,28.5,0.54596,0.52323,0.00018169
-20.01,28.5,0.65342,0.45919,3.5873e-05
-16.83,28.5,0.7205,0.42844,2.0308e-05
-13.71,28.5,0.74811,0.4333,2.938e-05
-10.62,28.5,0.87559,0.2838,2.2215e-05
-7.56,28.5,0.8828,0.33876,1.1065e-05
-4.53,28.5,0.84602,0.47436,5.099e-06
-1.51,28.5,0.78951,0.55035,2.13e-06
1.51,28.5,0.73274,0.5377,3.9762e-07
4.53,28.5,0.58072,0.57641,9.7965e-07
7.56,28.5,0.55435,0.52027,6.1668e-07
10.62,28.5,0.58158,0.48749,2.4882e-06
13.71,28.5,0.33568,0.7462,1.1347e-07
16.83,28.5,0.21422,0.86183,1.2488e-07
20.01,28.5,0.17063,0.88996,3.3578e-06
23.26,28.5,0.14982,0.89474,4.4935e-05
26.59,28.5,0.11956,0.93631,5.6682e-05
45.32,28.5,0.80521,0.44191,0.0010216
49.8,28.5,0.94569,0.052838,0.00099453
54.75,28.5,0.97299,0.024834,0.00019772
60.42,28.5,0.98518,0.0074884,0.00091315
67.4,28.5,0.98855,0.004501,0.0016958
-23.26,31.5,0.55572,0.49665,0.00063813
-20.01,31.5,0.69212,0.39504,0.00010132
-16.83,31.5,0.83343,0.26928,6.1059e-05
-13.71,31.5,0.85009,0.28288,2.1429e-05
-10.62,31.5,0.90408,0.21728,7.3976e-05
-7.56,31.5,0.908,0.293,6.4624e-05
-4.53,31.5,0.86303,0.481,3.8425e-05
-1.51,31.5,0.78526,0.60093,6.8689e-06
1.51,31.5,0.75344,0.53912,2.9811e-07
4.53,31.5,0.59389,0.5645,1.557e-06
7.56,31.5,0.59469,0.44361,2.3809e-06
10.62,31.5,0.46175,0.56239,3.3092e-06
13.71,31.5,0.26409,0.80888,1.3443e-06
16.83,31.5,0.17434,0.89308,9.7134e-07
20.01,31.5,0.12634,0.92466,8.6818e-06
49.8,31.5,0.94103,0.051375,0.00047513
54.75,31.5,0.96404,0.0333,0.00016281
60.42,31.5,0.98571,0.0062687,0.0015872
67.4,31.5,0.98597,0.0052585,0.0025453
-20.01,34.5,0.70944,0.36094,0.00024465
-16.83,34.5,0.83457,0.25668,7.2023e-05
-13.71,34.5,0.88345,0.20724,6.5426e-05
-10.62,34.5,0.90245,0.1961,0.00032584
-7.56,34.5,0.90425,0.31564,0.00012909
-4.53,34.5,0.81295,0.61502,0.00028166
-1.51,34.5,0.70763,0.73162,8.5935e-05
1.51,34.5,0.69981,0.62317,1.1094e-06
4.53,34.5,0.6432,0.5102,6.0817e-07
7.56,34.5,0.73135,0.25733,2.0071e-05
10.62,34.5,0.60304,0.38798,5.4699e-05
13.71,34.5,0.23229,0.8341,4.5961e-05
16.83,34.5,0.13999,0.91584,2.8079e-05
26.59,34.5,0.094452,0.95535,0.00010787
49.8,34.5,0.93515,0.050134,0.00028892
54.75,34.5,0.95389,0.043088,0.00015331
60.42,34.5,0.98454,0.0065052,0.002292
67.4,34.5,0.98469,0.0058045,0.0028022
-16.83,37.5,0.81651,0.26084,0.00013351
-13.71,37.5,0.88183,0.18599,0.0005049
-7.56,37.5,0.87559,0.3801,0.00071812
1.51,37.5,0.62339,0.69616,4.2466e-05
4.53,37.5,0.6006,0.54505,2.9287e-06
20.01,37.5,0.12518,0.92854,6.0215e-05
23.26,37.5,0.10515,0.94587,0.0003159
26.59,37.5,0.066609,0.97468,5.5124e-05
30.02,37.5,0.066809,0.9714,0.00013094
49.8,37.5,0.9252,0.054176,0.00020998
54.75,37.5,0.94405,0.051861,0.00018429
60.42,37.5,0.98161,0.0079188,0.0027249
67.4,37.5,0.98386,0.0061819,0.0041691
1.51,40.5,0.606,0.71042,5.5989e-05
4.53,40.5,0.53889,0.61809,3.5097e-06
16.83,40.5,0.064405,0.97657,1.8786e-05
20.01,40.5,0.090525,0.96167,3.3171e-05
23.26,40.5,0.045875,0.9796,0.00010276
26.59,40.5,0.024152,0.98992,0.00011545
49.8,40.5,0.91368,0.059605,0.00023149
54.75,40.5,0.93536,0.058185,0.00030954
60.42,40.5,0.97727,0.010308,0.0031554
67.4,40.5,0.98297,0.0068173,0.0077401
-26.59,43.5,0.46768,0.52105,0.0039937
-23.26,43.5,0.6026,0.4309,0.0014316
1.51,43.5,0.61921,0.68025,8.0935e-05
4.53,43.5,0.50097,0.65754,9.9034e-06
10.62,43.5,0.17759,0.88684,9.1302e-05
13.71,43.5,0.078357,0.9666,0.00068029
16.83,43.5,0.033724,0.99061,4.9024e-05
20.01,43.5,0.02441,0.99221,2.7671e-05
23.26,43.5,0.023137,0.98947,0.00020688
33.57,43.5,0.15614,0.91026,0.00014221
37.27,43.5,0.77205,0.17319,4.7035e-05
49.8,43.5,0.89736,0.069458,0.00038442
54.75,43.5,0.92601,0.064783,0.00066734
60.42,43.5,0.96928,0.015444,0.0027775
-67.4,46.5,0.26974,0.017085,0.4309
-23.26,46.5,0.61342,0.39043,0.001206
-20.01,46.5,0.78364,0.25963,0.00047207
16.83,46.5,0.034189,0.98894,6.843e-05
30.02,46.5,0.021212,0.98849,0.00057454
37.27,46.5,0.59321,0.36287,0.00010969
49.8,46.5,0.85849,0.10516,0.00060557
54.75,46.5,0.91274,0.07683,0.0015916
60.42,46.5,0.95698,0.02475,0.0022746
-67.4,49.5,0.25952,0.015526,0.40887
30.02,49.5,0.018061,0.99179,0.00028617
49.8,49.5,0.78891,0.17753,0.0010495
60.42,49.5,0.9394,0.040027,0.0018905
-67.4,52.5,0.25338,0.012767,0.45123
30.02,52.5,0.035939,0.98136,0.00032858
49.8,52.5,0.6691,0.31217,0.0019113
60.42,52.5,0.91474,0.063993,0.0015719
30.02,55.5,0.026888,0.98806,0.00013312
33.57,55.5,0.033268,0.98483,0.00086147
37.27,55.5,0.26285,0.74254,0.00070204
49.8,55.5,0.51618,0.50796,0.0026647
54.75,55.5,0.81694,0.19978,0.00085838
60.42,55.5,0.88554,0.093527,0.0015614
26.59,58.5,0.093895,0.92314,0.0011725
30.02,58.5,0.035943,0.98273,7.6137e-05
33.57,58.5,0.05605,0.97185,0.00019616
37.27,58.5,0.13601,0.87041,0.0017261
45.32,58.5,0.55732,0.43025,0.006685
54.75,58.5,0.70076,0.35239,0.00034049
60.42,58.5,0.87552,0.10969,0.0013189
67.4,58.5,0.94911,0.02655,0.015438
26.59,61.5,0.16683,0.85622,0.00049331
30.02,61.5,0.079021,0.95519,2.4086e-05
33.57,61.5,0.048019,0.9747,0.00031715
37.27,61.5,0.10484,0.91025,0.0011625
45.32,61.5,0.35923,0.66725,0.0020348
49.8,61.5,0.24088,0.81816,0.0028351
54.75,61.5,0.56787,0.51765,0.00017133
60.42,61.5,0.82328,0.17079,0.0011754
67.4,61.5,0.9351,0.036177,0.010349
26.59,64.5,0.23877,0.76831,0.00047886
30.02,64.5,0.10166,0.92823,2.0634e-05
33.57,64.5,0.080227,0.94957,0.00025447
37.27,64.5,0.072672,0.94647,0.00085622
41.17,64.5,0.1698,0.84425,0.0038135
45.32,64.5,0.19466,0.84372,0.00067401
49.8,64.5,0.18058,0.87263,0.0011302
54.75,64.5,0.40787,0.6844,0.00019535
60.42,64.5,0.72681,0.28509,0.0011331
67.4,64.5,0.92388,0.044619,0.012379
20.01,67.5,0.25035,0.78192,0.00062028
23.26,67.5,0.27749,0.72994,0.00015559
26.59,67.5,0.42071,0.57634,0.00046936
30.02,67.5,0.20026,0.82808,1.3503e-05
37.27,67.5,0.058602,0.96292,0.00030216
45.32,67.5,0.10358,0.92869,0.00035843
49.8,67.5,0.12789,0.9134,0.00055729
54.75,67.5,0.30724,0.77873,0.00013533
60.42,67.5,0.64553,0.38661,0.00098004
67.4,67.5,0.91232,0.053806,0.014589
10.62,70.5,0.86604,0.10939,0.00050255
20.01,70.5,0.39295,0.61686,0.00024301
23.26,70.5,0.37997,0.61948,5.5963e-05
26.59,70.5,0.40207,0.58094,0.00028598
30.02,70.5,0.38644,0.63666,4.1603e-05
33.57,70.5,0.15711,0.88468,0.00024146
37.27,70.5,0.051928,0.97084,0.00011396
41.17,70.5,0.056149,0.96466,0.0023411
45.32,70.5,0.059378,0.96332,0.00031735
49.8,70.5,0.092904,0.93681,0.00042679
54.75,70.5,0.23132,0.84147,0.00010084
60.42,70.5,0.55569,0.49268,0.00097579
67.4,70.5,0.90101,0.062983,0.016358
10.62,73.5,0.82703,0.15768,0.00023461
13.71,73.5,0.81115,0.16954,0.0007915
16.83,73.5,0.64374,0.34015,0.00039027
20.01,73.5,0.53668,0.45179,0.00014592
23.26,73.5,0.51844,0.4628,6.1599e-05
26.59,73.5,0.68167,0.30717,0.00033229
30.02,73.5,0.47866,0.53698,2.2552e-05
33.57,73.5,0.1796,0.87141,0.00010482
37.27,73.5,0.066638,0.96548,0.00021356
45.32,73.5,0.039854,0.97597,0.00051924
49.8,73.5,0.074038,0.94655,0.00077531
54.75,73.5,0.18041,0.87866,8.5016e-05
60.42,73.5,0.48763,0.56331,0.0015595
67.4,73.5,0.89018,0.071634,0.016344
10.62,76.5,0.8918,0.077604,0.00032027
13.71,76.5,0.80215,0.1812,0.00035131
16.83,76.5,0.68203,0.32081,0.00020296
20.01,76.5,0.62722,0.36368,9.5063e-05
23.26,76.5,0.72307,0.25987,1.8703e-05
30.02,76.5,0.56664,0.44425,2.4911e-05
33.57,76.5,0.20902,0.84997,5.5544e-05
37.27,76.5,0.03032,0.9852,2.0233e-05
41.17,76.5,0.018137,0.99185,0.00034554
54.75,76.5,0.15968,0.88899,7.7065e-05
60.42,76.5,0.42055,0.6338,0.002572
67.4,76.5,0.87906,0.08036,0.012797
10.62,79.5,0.9098,0.056373,0.00021512
13.71,79.5,0.86933,0.099958,0.00020863
16.83,79.5,0.78893,0.19512,0.00019441
20.01,79.5,0.72587,0.26199,0.00010046
23.26,79.5,0.86303,0.12727,1.5048e-05
26.59,79.5,0.85804,0.12397,0.00023769
30.02,79.5,0.63993,0.37076,5.0285e-05
33.57,79.5,0.24353,0.8223,4.1128e-05
37.27,79.5,0.028631,0.98625,3.7317e-05
41.17,79.5,0.018987,0.99154,0.0001053
45.32,79.5,0.027093,0.9839,0.0010976
49.8,79.5,0.054791,0.96002,0.00066269
54.75,79.5,0.15797,0.88228,7.44e-05
60.42,79.5,0.35534,0.70473,0.0044526
67.4,79.5,0.87403,0.082939,0.010932
13.71,82.5,0.91409,0.053878,0.00014662
16.83,82.5,0.88159,0.090323,0.00023208
20.01,82.5,0.83955,0.13925,0.00017381
23.26,82.5,0.94145,0.041577,3.562e-05
26.59,82.5,0.93227,0.041574,0.00017557
30.02,82.5,0.77656,0.20202,0.00023934
33.57,82.5,0.30881,0.76092,6.591e-05
37.27,82.5,0.030114,0.98538,0.00013197
45.32,82.5,0.028163,0.98252,0.0013524
49.8,82.5,0.051536,0.96212,0.00021882
54.75,82.5,0.17085,0.86103,7.4912e-05
67.4,82.5,0.87274,0.081705,0.0079794
16.83,85.5,0.92375,0.052436,0.00022981
20.01,85.5,0.91361,0.063995,0.00044352
23.26,85.5,0.97355,0.013684,0.00021378
26.59,85.5,0.96725,0.014087,0.00024424
33.57,85.5,0.39783,0.67001,0.00012535
37.27,85.5,0.047863,0.97784,0.000297
41.17,85.5,0.016789,0.99311,0.00045205
49.8,85.5,0.057964,0.95369,9.752e-05
54.75,85.5,0.20094,0.82253,7.6342e-05
60.42,85.5,0.38303,0.65062,0.0032745
67.4,85.5,0.87559,0.076438,0.0050027
20.01,88.5,0.94705,0.034178,0.0019128
23.26,88.5,0.98448,0.0066494,0.00075979
26.59,88.5,0.98102,0.0068184,0.00042137
30.02,88.5,0.91063,0.05952,0.00057944
33.57,88.5,0.47493,0.59064,0.00017235
45.32,88.5,0.040572,0.97484,0.00019527
49.8,88.5,0.078798,0.93215,5.4454e-05
54.75,88.5,0.25177,0.76402,8.0952e-05
60.42,88.5,0.48917,0.52124,0.0017293
67.4,88.5,0.8832,0.066903,0.0030337
16.83,91.5,0.97473,0.016313,0.0002213
26.59,91.5,0.98493,0.0057644,0.00069966
30.02,91.5,0.93795,0.041458,0.0004717
33.57,91.5,0.53788,0.52955,0.0001883
37.27,91.5,0.097743,0.95611,0.00043878
41.17,91.5,0.017475,0.99446,0.00043708
45.32,91.5,0.029529,0.98219,0.00034277
49.8,91.5,0.097065,0.90569,0.00011382
54.75,91.5,0.36136,0.65656,7.7593e-05
60.42,91.5,0.59638,0.40303,0.0011422
67.4,91.5,0.89362,0.055319,0.00188
-67.4,94.5,0.2239,0.0080743,0.46354
16.83,94.5,0.96994,0.018555,0.00050493
20.01,94.5,0.98258,0.010906,0.0010261
23.26,94.5,0.99098,0.0036731,0.00060612
30.02,94.5,0.94987,0.038436,0.0005022
33.57,94.5,0.52541,0.54613,0.00013593
37.27,94.5,0.078109,0.96734,0.00024213
45.32,94.5,0.046822,0.97118,0.00013668
49.8,94.5,0.13835,0.8594,0.00014153
54.75,94.5,0.42133,0.58352,0.00014337
60.42,94.5,0.69302,0.2978,0.00090172
67.4,94.5,0.90912,0.040575,0.0015647
-67.4,97.5,0.26819,0.0065514,0.37161
13.71,97.5,0.94746,0.046591,0.00031354
16.83,97.5,0.97163,0.020344,0.00058467
23.26,97.5,0.99295,0.0035669,0.00045629
33.57,97.5,0.61445,0.46332,0.0001638
37.27,97.5,0.066481,0.96881,0.00027171
41.17,97.5,0.023868,0.99014,0.0003441
45.32,97.5,0.090123,0.93504,6.4538e-05
49.8,97.5,0.28026,0.72855,2.6666e-05
54.75,97.5,0.52331,0.47427,0.00027904
60.42,97.5,0.77884,0.19807,0.00090616
67.4,97.5,0.92935,0.024855,0.0019628
-67.4,100.5,0.28959,0.0063216,0.32193
1.51,100.5,0.99148,0.0031249,0.0001053
20.01,100.5,0.99524,0.001908,0.001389
33.57,100.5,0.6721,0.39848,0.0001589
45.32,100.5,0.1188,0.89291,0.00015535
49.8,100.5,0.38219,0.6105,3.6164e-05
54.75,100.5,0.63549,0.34332,0.00065533
60.42,100.5,0.85209,0.11326,0.0012552
67.4,100.5,0.94468,0.015144,0.0023751
-67.4,103.5,0.32029,0.0057598,0.27348
1.51,103.5,0.99192,0.0039486,0.00012959
13.71,103.5,0.97752,0.016429,0.00068247
16.83,103.5,0.99134,0.0032907,0.00099278
20.01,103.5,0.99525,0.0012155,0.0011826
33.57,103.5,0.78697,0.25787,0.00017436
45.32,103.5,0.21546,0.77841,0.00011335
49.8,103.5,0.45949,0.5074,8.014e-05
54.75,103.5,0.73452,0.21925,0.0017248
60.42,103.5,0.89818,0.067381,0.0024263
67.4,103.5,0.95562,0.0095216,0.0027071
-67.4,106.5,0.33632,0.0059681,0.23693
10.62,106.5,0.98706,0.0072714,0.0011316
20.01,106.5,0.99698,0.00067723,0.0010094
33.57,106.5,0.90413,0.10999,0.000355
37.27,106.5,0.36966,0.63472,0.00077288
41.17,106.5,0.27972,0.7193,0.00068443
45.32,106.5,0.35434,0.60617,0.00010908
49.8,106.5,0.57448,0.36945,0.0001389
67.4,106.5,0.96299,0.0062771,0.0029009
-67.4,109.5,0.36727,0.0055581,0.20004
-1.51,109.5,0.99303,0.0013485,0.00029872
20.01,109.5,0.99699,0.00065405,0.00071347
30.02,109.5,0.97998,0.016913,0.00047486
33.57,109.5,0.95129,0.046855,0.00048898
37.27,109.5,0.71301,0.27633,0.0023295
41.17,109.5,0.54243,0.42942,0.0011254
45.32,109.5,0.51411,0.41558,0.00013648
49.8,109.5,0.7108,0.2163,0.00018827
54.75,109.5,0.8874,0.051431,0.0023751
67.4,109.5,0.96793,0.0043218,0.0031232
-67.4,112.5,0.39828,0.0052256,0.16895
-41.17,112.5,0.76831,0.013124,0.0026766
-37.27,112.5,0.76867,0.028109,0.00097706
-33.57,112.5,0.80286,0.036592,0.00045531
-7.56,112.5,0.99183,0.0012887,0.00035597
-1.51,112.5,0.99378,0.0012341,0.00028496
23.26,112.5,0.99677,0.0012325,0.0017272
26.59,112.5,0.99423,0.0043369,0.0014127
30.02,112.5,0.98991,0.0079364,0.00024493
33.57,112.5,0.95612,0.034269,0.00035124
37.27,112.5,0.85679,0.11004,0.0021757
41.17,112.5,0.70393,0.24542,0.00063576
45.32,112.5,0.66707,0.25606,0.00019946
49.8,112.5,0.79974,0.12179,0.00033527
54.75,112.5,0.91493,0.028019,0.0020468
60.42,112.5,0.94513,0.016023,0.0048394
67.4,112.5,0.97079,0.0031814,0.003398
-67.4,115.5,0.42912,0.0049549,0.14303
-41.17,115.5,0.74796,0.020539,0.0019023
-37.27,115.5,0.72373,0.052792,0.00075141
-33.57,115.5,0.76488,0.062492,0.00035436
-30.02,115.5,0.8649,0.03156,0.00044244
1.51,115.5,0.99649,0.0013134,8.7767e-05
23.26,115.5,0.99782,0.00052442,0.0015251
33.57,115.5,0.97311,0.018221,0.0010904
37.27,115.5,0.89653,0.05845,0.0011015
41.17,115.5,0.82627,0.12677,0.0004582
45.32,115.5,0.8247,0.12197,0.00024567
49.8,115.5,0.86455,0.064573,0.000572
54.75,115.5,0.94177,0.013897,0.0019897
60.42,115.5,0.94867,0.0095706,0.0040465
67.4,115.5,0.97134,0.0026452,0.003581
-67.4,118.5,0.45953,0.0047338,0.12157
-41.17,118.5,0.78186,0.017318,0.0025567
-37.27,118.5,0.75259,0.046865,0.0010363
-33.57,118.5,0.74276,0.087961,0.00042296
-30.02,118.5,0.85645,0.039975,0.00045698
26.59,118.5,0.99493,0.0030054,0.0023774
30.02,118.5,0.99523,0.0034791,0.00071864
37.27,118.5,0.94317,0.027701,0.0019748
41.17,118.5,0.8968,0.065765,0.0005221
45.32,118.5,0.88463,0.069428,0.00054839
49.8,118.5,0.93878,0.021088,0.00065671
54.75,118.5,0.94566,0.011539,0.0035795
60.42,118.5,0.95016,0.0060224,0.0047541
67.4,118.5,0.96947,0.0025849,0.0037961
-67.4,121.5,0.48927,0.0045528,0.10386
-41.17,121.5,0.80817,0.015698,0.0042201
-37.27,121.5,0.78092,0.042484,0.0016999
-33.57,121.5,0.71597,0.12486,0.00053264
-30.02,121.5,0.82333,0.068238,0.00031039
-26.59,121.5,0.91394,0.023435,0.00030448
-4.53,121.5,0.99611,0.00037015,0.00024815
41.17,121.5,0.94818,0.028842,0.00092402
45.32,121.5,0.93661,0.032664,0.0010623
49.8,121.5,0.93633,0.017655,0.001542
54.75,121.5,0.95358,0.0092556,0.0067365
60.42,121.5,0.94287,0.0053824,0.0075886
67.4,121.5,0.97092,0.0022621,0.00367
-67.4,124.5,0.51809,0.0044046,0.089289
-37.27,124.5,0.79004,0.047416,0.002255
-33.57,124.5,0.70703,0.14984,0.00070842
-30.02,124.5,0.77504,0.12534,0.0003424
-26.59,124.5,0.89708,0.036353,0.00019263
41.17,124.5,0.97363,0.012626,0.0022179
45.32,124.5,0.9614,0.017651,0.0025332
49.8,124.5,0.9463,0.012255,0.0030497
54.75,124.5,0.95584,0.0097807,0.017797
60.42,124.5,0.92197,0.0072354,0.018562
67.4,124.5,0.96519,0.0030566,0.005796
-67.4,127.5,0.56124,0.0038597,0.076056
-37.27,127.5,0.79528,0.055169,0.0026828
-33.57,127.5,0.68943,0.18928,0.00098541
-30.02,127.5,0.74297,0.17791,0.00047518
-26.59,127.5,0.89877,0.038213,0.00025664
67.4,127.5,0.94985,0.0057234,0.011466
-67.4,130.5,0.5873,0.0037789,0.066456
-37.27,130.5,0.789,0.07159,0.0024251
-33.57,130.5,0.64767,0.26738,0.0013357
-30.02,130.5,0.7208,0.22361,0.00066682
-26.59,130.5,0.88798,0.05058,0.00025832
-23.26,130.5,0.95444,0.013362,0.00018697
1.51,130.5,0.99841,0.0011984,8.4628e-05
33.57,130.5,0.9965,0.00067266,0.001014
45.32,130.5,0.98372,0.006089,0.012839
54.75,130.5,0.97431,0.0019998,0.068558
60.42,130.5,0.89493,0.0033546,0.092559
-67.4,133.5,0.61182,0.0037154,0.058555
-41.17,133.5,0.86985,0.023758,0.0045097
-37.27,133.5,0.78865,0.087613,0.0021211
-33.57,133.5,0.58904,0.38149,0.0018529
-30.02,133.5,0.74452,0.2049,0.0010466
-26.59,133.5,0.90839,0.036312,0.00049199
-23.26,133.5,0.96027,0.011017,0.00025049
1.51,133.5,0.99873,0.00068124,0.000174
33.57,133.5,0.99669,0.00048637,0.0013141
49.8,133.5,0.98389,0.0012348,0.024503
54.75,133.5,0.96492,0.0012528,0.13896
60.42,133.5,0.90918,0.00085615,0.14014
67.4,133.5,0.93673,0.0062013,0.026575
-67.4,136.5,0.63473,0.0036669,0.052042
-41.17,136.5,0.8735,0.033771,0.0040491
-37.27,136.5,0.78562,0.1111,0.0016808
-30.02,136.5,0.76163,0.19425,0.0020707
-26.59,136.5,0.92189,0.028473,0.00081584
54.75,136.5,0.95267,0.00089121,0.29851
60.42,136.5,0.89631,0.00042006,0.23898
-67.4,139.5,0.65599,0.0036319,0.046659
-41.17,139.5,0.90078,0.030865,0.0060163
-37.27,139.5,0.84617,0.071743,0.0016342
-33.57,139.5,0.63406,0.35172,0.0016339
-26.59,139.5,0.937,0.020147,0.001279
-13.71,139.5,0.99242,0.0034566,0.0010597
60.42,139.5,0.82757,0.00070087,0.3644
67.4,139.5,0.93853,0.0025059,0.029002
-67.4,142.5,0.67559,0.0036089,0.042196
-37.27,142.5,0.89125,0.048553,0.0013186
-33.57,142.5,0.78476,0.14952,0.0011468
-30.02,142.5,0.8445,0.096253,0.002159
-26.59,142.5,0.94306,0.016892,0.00082661
67.4,142.5,0.93704,0.0019228,0.026608
-67.4,145.5,0.68055,0.0039493,0.038774
-45.32,145.5,0.95949,0.003495,0.0031782
-37.27,145.5,0.91636,0.040171,0.00092721
-33.57,145.5,0.88406,0.05218,0.00093282
-30.02,145.5,0.91104,0.034864,0.0018597
-16.83,145.5,0.99059,0.0023562,0.0014122
60.42,145.5,0.68006,0.00067924,0.49387
67.4,145.5,0.92935,0.0026649,0.026975
-67.4,148.5,0.71083,0.0032626,0.040673
-49.8,148.5,0.94385,0.0015527,0.0046048
-45.32,148.5,0.96914,0.0025993,0.0026471
-37.27,148.5,0.95368,0.017281,0.00072988
-33.57,148.5,0.93956,0.017369,0.0009855
60.42,148.5,0.6364,0.00031887,0.48971
67.4,148.5,0.92126,0.0051736,0.035186
-37.27,151.5,0.97653,0.0057522,0.00087599
-33.57,151.5,0.9668,0.006584,0.0012592
60.42,151.5,0.58133,0.0002668,0.56764
67.4,157.5,0.90917,0.0060028,0.039214
67.4,160.5,0.88739,0.0052109,0.040009
67.4,163.5,0.89261,0.0033839,0.03487
67.4,166.5,0.92357,0.0012426,0.041714
67.4,169.5,0.90195,0.0020986,0.044039
67.4,172.5,0.92213,0.001171,0.040957
67.4,175.5,0.92844,0.0010416,0.048637
-49.8,178.5,0.96288,0.0024372,0.0064331
-23.26,178.5,0.99062,0.00050876,0.0002831
67.4,178.5,0.92327,0.0015009,0.049987
