1,1,0,0,0.59019,0.19025,0.77648,0.19328
1,1,0,0,0,0,0.62485,0.30252
1,0.95139,0.027268,0.023751,0.095238,0.1453,0.69726,0.47899
1,1,0,0,0,0,0.77648,0.4958
1,1,0,0,0.095238,0.098275,0.8362,0.51261
1,0.96296,0.015687,0.031783,0,0,0.8362,0.52941
1,0.96871,0.011279,0.036201,0,0,0.8362,0.53782
1,0.97221,0.0089286,0.044878,0,0,0.8362,0.54622
1,0.97367,0.0078388,0.058405,0.23165,0.050763,0.80542,0.55462
1,0.97167,0.0085465,0.067828,0,0,0.8362,0.55462
1,0.92234,0.018931,0.054112,0.095238,0.040413,0.80542,0.56303
1,0.96659,0.010809,0.08187,0,0,0.8362,0.56303
1,1,0,0,0,0,0.74904,0.57143
1,0.96758,0.011207,0.07649,0.4286,0.059204,0.77648,0.57143
1,0.96354,0.014712,0.095,0.80952,0.10244,0.77648,0.57983
1,1,0,0,0,0,0.46639,0.61345
1,1,0,1,0.49828,0.24001,1,0.10084
1,1,0,0,0.19048,0.089307,0.77648,0.18487
1,1,0,0,0,0,0.8362,0.89916
1,1,0,0,0,0,0.90616,0.89916
1,0,0,1,0,0,0.1638,0
1,0,0,1,0,0,0.39829,0
1,0.66127,0.010349,0.39496,0.095238,0.071451,1,0.0084034
1,0.67404,0.011717,0.24976,0.095238,0.067565,1,0.016807
1,0.94054,0.0055995,0.074304,0,0,0.94822,0.07563
1,1,0,0,0.45714,0.24001,1,0.092437
1,0.72302,0.0087067,0.15557,0.9044,0.24001,1,0.10924
1,1,0,0,0.90476,0.24149,1,0.11765
1,0.60974,0.024983,0.24131,0.78028,0.24869,1,0.12605
1,0.67922,0.014714,0.17733,0.89439,0.18252,0.94822,0.15126
1,0.83137,0.039463,0.069835,0.89812,0.087043,0.90616,0.15966
1,0.91636,0.025255,0.050796,0.19048,0.084,0.80542,0.17647
1,0.95258,0.0082652,0.027231,0.90476,0.12899,0.86944,0.17647
1,0.60301,0.040455,0.1939,0.32148,0.26158,0.8362,0.18487
1,0.65927,0.021734,0.17251,0.34178,0.23299,0.90616,0.18487
1,1,0,0,0.90476,0.3463,0.80542,0.20168
1,0.74024,0.1068,0.061549,0.56692,0.41837,0.8362,0.20168
1,1,0,0,0.095238,0.5969,0.8362,0.21849
1,0.94662,0.013083,0.018062,0,0,0.62485,0.23529
1,0.64719,0.045053,0.11104,0.36394,0.076222,0.64844,0.23529
1,0.67812,0.024413,0.12293,0,0,0.60171,0.2605
1,0,1,0,0,0,0.7227,0.2605
1,1,0,1,0.40169,0.0276,0.57878,0.26891
1,0,0,1,0,0,0.64844,0.28571
1,1,0,0,0.095238,0.12701,0.44392,0.29412
1,0.90855,0.045166,0.011461,0,0,0.62485,0.29412
1,1,0,0,0,0,0.093843,0.30252
1,0.67301,0.054429,0.066477,0,0,0.1638,0.30252
1,0.70164,0.026732,0.078693,0.095238,0.15661,0.5112,0.30252
1,0.1418,0.85734,0.029674,0,0,0.093843,0.31092
1,0,1,0,0.095238,0.37937,0.46639,0.31092
1,1,1,1,0,0,0.62485,0.31092
1,0.60297,0.16676,0.10967,0,0,0.77648,0.31092
1,0,1,0,0.095238,0.44423,0.44392,0.31933
1,0.86763,0.078784,0.0053792,0.095238,0.40931,0.46639,0.31933
1,0.87144,0.059651,0.019718,0,0,0.60171,0.31933
1,0.69432,0.063182,0.04284,0,0,0.80542,0.31933
1,0.72098,0.03024,0.049534,0.58174,0.067458,0.55608,0.32773
1,0.36626,0.60112,0.010417,0.095238,0.2281,0.5112,0.34454
1,0.223,0.79195,0.010201,0,0,0.55608,0.34454
1,0,1,0,0,0,0.19458,0.35294
1,0,1,0,0.55427,0.035102,0.57878,0.46218
1,1,0,0,0.17886,0.10499,0.7227,0.47899
1,1,0,0,0.095238,0.054444,0.77648,0.47899
1,0.7801,0.16157,0.0078605,0.095238,0.064822,0.90616,0.47899
1,0.84711,0.074339,0.011215,0.29481,0.16283,0.7227,0.48739
1,0.7055,0.075467,0.028369,0.01901,0.058601,0.74904,0.48739
1,0.7391,0.033923,0.031734,0.11693,0.082898,0.80542,0.4958
1,0.55845,0.42294,0.0024698,0,0,0.94822,0.4958
1,0,1,0,0.10432,0.22056,0.7227,0.5042
1,0,1,0,0.095238,0.055523,0.8362,0.5042
1,0.11951,0.96059,0.05017,0,0,0.5112,0.51261
1,0.28585,0.71084,0.027058,0,0,0.80542,0.51261
1,0.4924,0.56504,0.011751,0.095238,0.043811,0.86944,0.51261
1,0.74549,0.20729,0.0047119,0,0,0.8362,0.52101
1,0.81856,0.097131,0.0069298,0.095238,0.043811,0.86944,0.52101
1,0.70728,0.093012,0.019331,0,0,0.90616,0.52101
1,0.75321,0.038838,0.020657,0.095238,0.070053,0.4888,0.52941
1,0.82237,0.14383,0.0021636,0.095238,0.27364,0.67255,0.52941
1,0.58782,0.41238,0.0014968,0,0,0.74904,0.52941
1,0.26517,0.76519,0.0047988,0,0,0.77648,0.52941
1,0.048862,0.97204,0.0046144,0,0,0.80542,0.52941
1,0,1,0,0.095238,0.088572,0.86944,0.52941
1,0.2167,0.8275,0.014513,0,0,0.74904,0.53782
1,1,0,0,0,0,0.77648,0.53782
1,0.70391,0.26544,0.0032591,0,0,0.80542,0.53782
1,0.78656,0.12876,0.0048319,0.095238,0.1082,0.86944,0.53782
1,0.70224,0.11603,0.013889,0,0,0.77648,0.54622
1,0.76353,0.045226,0.013793,0,0,0.80542,0.54622
1,0.90892,0.071346,0.0056238,0.095238,0.080487,0.86944,0.54622
1,0.83798,0.13931,0.0015355,0,0,0.22352,0.55462
1,0.64366,0.33024,0.0019531,0.095238,0.15351,0.25096,0.55462
1,0.26891,0.74438,0.0064872,0,0,0.69726,0.55462
1,0.10678,0.92225,0.003987,0,0,0.77648,0.55462
1,0,1,0,0,0,0.74904,0.56303
1,0,1,0,0.57704,0.089307,0.77648,0.56303
1,0.44859,0.59323,0.0095833,0.095238,0.061959,0.80542,0.57143
1,0.66136,0.32947,0.0026738,0.095238,0.038333,0.86944,0.57143
1,0.75227,0.16918,0.0039054,0.77922,0.059204,0.77648,0.58824
1,0.69232,0.14447,0.010755,0,0,0.8362,0.58824
1,0.77058,0.053232,0.0095825,0.80952,0.10244,0.77648,0.59664
1,1,0,0,0.095238,0.067569,0.42122,0.60504
1,1,0,0,0.31971,0.068775,0.55608,0.60504
1,0.21944,0.80382,0.0055125,0.49873,0.065066,0.57878,0.60504
1,0.15635,0.88069,0.0061043,0.68861,0.059204,0.77648,0.60504
1,0.27677,0.76626,0.0047233,0,0,0.80542,0.60504
1,0,1,0,0.53172,0.059204,0.77648,0.61345
1,0.62143,0.3945,0.0025443,0,0,0.80542,0.62185
1,0.71725,0.21706,0.0035892,0.095238,0.34437,0.90616,0.63866
1,0.67906,0.1779,0.008952,0.37743,0.34662,0.90616,0.64706
1,0.77689,0.061599,0.0069418,0,0,0.8362,0.65546
1,0.92821,0.075674,0.0040749,0.53952,0.065972,0.60171,0.69748
1,0.37397,0.62771,0.0075408,0.26624,0.069578,0.53361,0.70588
1,0.25837,0.78146,0.0036551,0.22049,0.070644,0.55608,0.70588
1,0.34704,0.69592,0.0021485,0,0,0.55608,0.71429
1,0.51647,0.48922,0.0036853,1,0.44303,0.69726,0.71429
1,0.61297,0.4116,0.0021714,1,0.50901,0.7227,0.7395
1,0.68315,0.27,0.00358,0.10012,0.10934,0.64844,0.7563
1,0.69319,0.17976,0.0065549,1,0.2156,0.67255,0.7563
1,0.8089,0.052103,0.004367,1,0.40503,0.69726,0.76471
1,0.94271,0.069989,0.0011999,1,0.2071,0.64844,0.77311
1,0.51598,0.47756,0.0056151,1,0.42908,0.69726,0.77311
1,0.37686,0.66487,0.001832,1,0.5548,0.7227,0.77311
1,0.43063,0.61393,0.0010305,0.095238,0.070456,0.53361,0.78151
1,0.55695,0.46146,0.0012488,0.095238,0.09588,0.55608,0.78151
1,0.65997,0.34125,0.0012411,0.095238,0.15358,0.57878,0.78151
1,0.6758,0.28859,0.0030966,0.095238,0.19356,0.60171,0.78151
1,0.73573,0.14795,0.0039136,0.095238,0.15706,0.62485,0.78151
1,0.83672,0.044077,0.0027244,1,0.23826,0.67255,0.78151
1,1,0,0,0.97069,0.36601,0.69726,0.78151
1,0.9336,0.093613,0.00096334,0.56951,0.50901,0.7227,0.78151
1,0.79692,0.20111,0.0013624,0,0,0.4888,0.78992
1,1,0,0,0,0,0.53361,0.78992
1,0.62253,0.38133,0.0025494,0.095238,0.029317,0.55608,0.78992
1,0.49565,0.54921,0.00087594,0.095238,0.097333,0.57878,0.78992
1,0.51804,0.53005,0.00056969,0.86264,0.19026,0.67255,0.78992
1,0.62702,0.37862,0.00067601,0.68929,0.3375,0.69726,0.78992
1,0.7084,0.27435,0.00071422,0.99445,0.48949,0.7227,0.78992
1,0.71376,0.24389,0.0019053,0.095238,0.11282,0.4888,0.79832
1,0.77733,0.11767,0.0022467,0.095238,0.069841,0.5112,0.79832
1,0.86043,0.037472,0.0017165,0,0,0.55608,0.79832
1,1,0,0,0.095238,0.061372,0.60171,0.79832
1,0.76041,0.21987,0.0023998,0.40989,0.19026,0.67255,0.79832
1,0.62248,0.40769,0.00070131,0.93139,0.3375,0.69726,0.79832
1,0.6342,0.38768,0.00051807,0.57863,0.4773,0.7227,0.79832
1,0.70901,0.27386,0.00050902,0.095238,0.80215,0.90616,0.79832
1,0.75319,0.21838,0.00044336,0.095238,0.55867,0.94822,0.79832
1,0.75301,0.20005,0.0011129,0,0,0.46639,0.80672
1,0.81656,0.090245,0.0012544,0,0,0.57878,0.80672
1,0.88194,0.031219,0.0010977,0.095238,0.17545,0.67255,0.80672
1,0.78112,0.20624,0.0010204,0.095238,0.28589,0.69726,0.80672
1,0.74046,0.25248,0.00067305,0.095238,0.55867,0.94822,0.80672
1,0.77692,0.19346,0.00047511,0.095238,0.069578,0.46639,0.81513
1,0.79454,0.17095,0.00030196,0,0,0.53361,0.81513
1,0.79147,0.15947,0.00061973,0.095238,0.069841,0.4888,0.82353
1,0.85235,0.066494,0.0006931,0,0,0.53361,0.82353
1,0.90239,0.024806,0.00072967,0,0,0.55608,0.82353
1,0.76775,0.1858,0.0018324,0.095238,0.15253,0.69726,0.82353
1,0.78411,0.16645,0.00042783,0.095238,0.21723,0.7227,0.82353
1,1,0,0,0,0,0.5112,0.83193
1,0.86646,0.10865,0.0021292,0,0,0.53361,0.83193
1,0.81834,0.1592,0.001238,0,0,0.55608,0.83193
1,0.82616,0.14142,0.0004989,0.095238,0.058601,0.74904,0.83193
1,0.83526,0.1261,0.00022792,0,0,0.57878,0.84034
1,0.82723,0.124,0.00034369,0,0,0.62485,0.84034
1,0.88385,0.046925,0.00040014,0,0,0.69726,0.84034
1,0.91975,0.019501,0.00053666,0,0,0.7227,0.84034
1,0.72691,0.19067,0.00056934,0,0,0.74904,0.84034
1,1,0,0,0.095238,0.054444,0.77648,0.84034
1,0,1,0,0,0,0.4888,0.84874
1,0.69518,0.29361,0.00052988,0,0,0.7227,0.84874
1,0.66299,0.31653,0.0010586,0,0,0.4888,0.85714
1,0.66609,0.33415,0.00062396,0,0,0.55608,0.85714
1,1,0,0,0,0,0.77648,0.85714
1,0,1,0,0.23196,0.01836,0.80542,0.85714
1,0.89596,0.075892,0.0027353,0.095238,0.155,0.8362,0.85714
1,0.86202,0.10638,0.00058349,0.095238,0.30018,0.86944,0.85714
1,0.86646,0.095322,0.00018772,0.23498,0.29366,0.90616,0.85714
1,0.8591,0.09429,0.00020208,0.095238,0.26476,0.94822,0.85714
1,0.91002,0.032107,0.00026628,0,0,0.39829,0.86555
1,0.9338,0.015424,0.0004524,0,0,0.53361,0.86555
1,0.33595,0.01638,0.54623,0,0,0.55608,0.86555
1,1,0,0,0,0,0.77648,0.86555
1,0,0,1,0.24496,0.21459,0.86944,0.86555
1,1,0,0,0.095238,0.30121,1,0.86555
1,0.29952,0.55532,0.0026468,0,0,0.53361,0.87395
1,0.57589,0.33081,0.00012178,0,0,0.55608,0.87395
1,0.62373,0.3238,0.00049367,0,0,0.80542,0.87395
1,0.76423,0.21049,0.00078974,0.51133,0.060626,0.8362,0.87395
1,0.74027,0.27511,0.00036806,0,0,0.53361,0.88235
1,0.71147,0.30959,0.00051954,0,0,0.77648,0.88235
1,1,0,0,0,0,0.80542,0.88235
1,0.64146,0.36845,0.0012645,0.22542,0.043811,0.86944,0.88235
1,1,1,0,0.095238,0.24205,1,0.88235
1,0.89217,0.076116,0.00096759,0.095238,0.22355,0.2773,0.89076
1,0.89187,0.071903,0.0001659,0,0,0.80542,0.89076
1,0.8901,0.06612,0.00013076,0,0,0.8362,0.89076
1,0.93114,0.021353,0.00023097,0.095238,0.061959,0.19458,0.89916
1,0.94655,0.011628,0.00048919,0,0,0.42122,0.89916
1,0.31439,0.020037,0.54577,0,0,0.86944,0.89916
1,1,0,0,0.095238,0.11569,0.19458,0.90756
1,0.42186,0.049582,0.48077,0,0,0.42122,0.90756
1,0.48908,0.33694,0.0049155,0,0,0.55608,0.90756
1,0.27754,0.63859,0.0013329,0.095238,0.14105,0.19458,0.91597
1,0.14512,0.81709,0.0017904,0,0,0.39829,0.91597
1,0.098918,0.89235,0.0030047,0.095238,0.050763,0.19458,0.92437
1,0,1,0,0.28771,0.16453,1,0.92437
1,0,1,0,0.35992,0.15997,1,0.93277
1,0.27675,0.6672,0.00027518,0,0,0.4888,0.94118
1,0.52108,0.40936,2.3685e-05,0,0,0.94822,0.94118
1,0.63424,0.33641,0.00019208,0,0,0.4888,0.95798
1,0.8091,0.17885,0.00059769,0,0,0.44392,0.97479
1,1,0,0,0,0,0.1638,0.9916
1,0.79512,0.19857,0.00079296,0,0,0.1638,1
1,0.70037,0.28453,0.001739,0,0,0.19458,1
1,0,1,0,0,0.026657,0.74904,0.18487
1,1,0,0,0.90455,0.13058,0.74904,0.19328
1,1,0,0,0.76638,0.3352,0.8362,0.19328
1,0.93433,0.039756,0.0013629,0.90476,0.2406,0.74904,0.20168
1,0.90921,0.058159,0.00014545,0.90476,0.27579,0.77648,0.20168
1,0.9151,0.045273,0.00010071,0.90476,0.26184,0.7227,0.21008
1,0.94718,0.014174,0.00030759,0.5081,0.34925,0.74904,0.21008
1,0.95629,0.0089625,0.00064647,0.095238,0.36012,0.77648,0.21849
1,0.2441,0.028512,0.6613,0.095238,0.28593,0.77648,0.22689
1,0.48133,0.36405,0.005236,0.095238,0.42934,0.80542,0.22689
1,0.25772,0.67826,0.0016845,0.095238,0.5599,0.8362,0.23529
1,0.10693,0.89054,0.0013664,0.095238,0.18956,0.46639,0.29412
1,0,1,0,0,0,0.64844,0.29412
1,0,1,0,0.63315,0.032806,0.30274,0.31092
1,0.057582,0.95819,0.00036588,0,0,0.35156,0.31092
1,0,1,0,0,0,0.53361,0.31092
1,0.27132,0.70735,9.33e-05,0.28675,0.17301,0.2773,0.31933
1,0.36024,0.63805,1.1492e-05,0.62916,0.14174,0.30274,0.31933
1,0.63538,0.36074,6.7733e-05,0.90476,0.14602,0.35156,0.31933
1,1,0,0,0,0,0.55608,0.31933
1,1,0,0,0.095238,0.073427,0.2773,0.32773
1,0.84136,0.15492,0.00063891,0.095238,0.086233,0.30274,0.32773
1,0.81821,0.16736,0.00069104,0.095238,0.27117,0.35156,0.32773
1,0.76209,0.23557,0.0016536,0,0,0.19458,0.34454
1,0,1,0,0.095238,0.24108,0.69726,0.48739
1,1,0,0,0,0,0.77648,0.48739
1,1,0,0,0,0,0.74904,0.4958
1,0.9255,0.048075,0.0019219,0.16348,0.05462,0.80542,0.5042
1,0.9184,0.053844,0.00011061,0.10238,0.18571,0.7227,0.51261
1,0.93428,0.030861,9.4885e-05,0,0,0.77648,0.51261
1,0.95898,0.0095668,0.00064071,0,0,0.7227,0.53782
1,0.96352,0.0071523,0.00093537,0,0,0.7227,0.56303
1,0,0,1,0,0,0.8362,0.57143
1,0.11523,0.88324,0.0014501,0.095238,0.062323,0.67255,0.58824
1,0,1,0,0,0,0.7227,0.58824
1,0,1,0,0,0,0.67255,0.59664
1,0.0257,0.98663,0.0001682,0,0,0.30274,0.60504
1,0,1,0,0,0,0.4888,0.60504
1,0.13365,0.89359,1.3965e-05,0,0,0.57878,0.61345
1,0.3402,0.69425,3.7782e-06,0.44803,0.07197,0.60171,0.61345
1,0.61225,0.42182,2.3065e-05,0,0,0.7227,0.61345
1,0.80412,0.22157,0.00040606,0.095238,0.058601,0.74904,0.61345
1,0.86143,0.15424,0.00011477,0,0,0.7227,0.62185
1,0.85653,0.1577,0.00029172,0.25884,0.035102,0.57878,0.63025
1,0.87891,0.1163,0.00066385,0.80952,0.089295,0.74904,0.63025
1,0.82785,0.17475,0.0010703,0,0,0.55608,0.63866
1,1,0,0,0,0,0.67255,0.63866
1,0.93313,0.044596,0.0011951,0.52844,0.066228,0.74904,0.63866
1,0.92902,0.046609,9.0175e-05,0,0,0.60171,0.64706
1,0.94871,0.021141,0.00011921,0,0,0.62485,0.64706
1,0.96746,0.0066904,0.0015951,0.12577,0.020867,0.64844,0.64706
1,0.9693,0.0057661,0.0014836,0.095238,0.066228,0.74904,0.64706
1,0.26588,0.69461,0.0027396,0,0,0.62485,0.65546
1,0.1401,0.84494,0.0020374,0,0,0.69726,0.65546
1,0.03455,0.97821,0.00017111,0.30915,0.21364,0.86944,0.66387
1,0.052112,0.96708,6.8302e-05,0,0,0.64844,0.68067
1,0.12802,0.91542,1.2552e-05,0.77162,0.36066,0.74904,0.68908
1,0.31888,0.74869,7.6765e-06,0.095238,0.21761,0.80542,0.68908
1,0.66117,0.39362,1.921e-05,0.095238,0.41803,0.80542,0.70588
1,0.80616,0.21723,0.00013536,0.095238,0.53631,0.8362,0.71429
1,0.87945,0.12759,2.9165e-05,0.095238,0.59351,0.86944,0.71429
1,0.8751,0.14135,0.000156,0.39183,0.71772,0.80542,0.73109
1,0.90058,0.095005,0.00096637,0.095238,0.43741,0.94822,0.73109
1,0.85563,0.14312,0.00083529,0.16289,0.8129,0.8362,0.7395
1,0.77756,0.24449,0.0025694,0.85647,0.8115,0.77648,0.7479
1,0.94033,0.038299,0.0016138,0.60994,0.91648,0.80542,0.7479
1,0.94261,0.034639,9.4794e-05,0.41432,0.89545,0.80542,0.76471
1,0.95961,0.014571,0.00022022,0,0,0.57878,0.77311
1,0.97333,0.0049871,0.0035565,0.28571,0.6699,0.77648,0.78151
1,0.97374,0.0047734,0.0023439,0.22091,0.70036,0.80542,0.78151
1,0,1,0,0.28571,0.56421,0.77648,0.78992
1,0.043154,0.97225,9.7185e-05,0.095238,0.60579,0.80542,0.78992
1,0.06591,0.95855,3.1358e-05,0.095238,0.36721,0.25096,0.88235
1,0.14614,0.90343,1.0258e-05,0.8992,0.079405,0.94822,0.13445
1,0.38655,0.70927,7.8572e-06,0.55742,0.24869,1,0.13445
1,0.67856,0.36586,1.0477e-05,0.19048,0.18418,0.80542,0.18487
1,0.83608,0.16105,2.4359e-05,0.47153,0.043811,0.13056,0.30252
1,0.91208,0.072604,2.2376e-05,0.095238,0.031365,0,0.32773
1,0.919,0.071533,0.00019432,0,0,0,0.71429
1,1,0,0,0,0,0,0.72269
1,0.87179,0.12108,0.0011096,0.26066,0.071391,0.94822,0.89916
1,1,0,0,0,0,0.90616,0.94118
1,0.95227,0.027092,0.00010075,0,0,0.94822,0.96639
1,0.96793,0.010066,0.00058546,0.095238,0.062842,1,0
1,0.97745,0.0039567,0.0039586,0.095238,0.062842,1,0.02521
1,1,0,0,0.095238,0.062842,1,0.033613
1,0.15841,0.83623,0.00094553,0.095238,0.062842,1,0.042017
1,0.076931,0.93472,0.00054015,0.095238,0.067565,1,0.05042
1,0.049836,0.96564,0.00020832,0.095238,0.10054,1,0.058824
1,0.049507,0.97196,4.3949e-05,0.22544,0.063984,0.94822,0.067227
1,0.1083,0.93167,2.0833e-05,0.095238,0.14555,1,0.067227
1,0.20544,0.86281,8.1913e-06,0.25126,0.19433,1,0.07563
1,0.41747,0.6827,5.9158e-06,0.36625,0.24442,1,0.084034
1,0.6374,0.40627,7.64e-06,0.90476,0.13361,0.94822,0.14286
1,0.85757,0.12351,6.6887e-06,0.60086,0.24869,1,0.14286
1,0.93179,0.043806,3.6317e-05,0.67333,0.035709,0.90616,0.15126
1,0.94468,0.035978,0.00031335,0.6421,0.25135,1,0.15126
1,0.92855,0.059711,0.0014166,0.4053,0.24086,0.94822,0.15966
1,0.9361,0.04823,0.0019075,0.32264,0.26172,1,0.15966
1,0.9581,0.023608,8.707e-05,0.4031,0.10716,0.8362,0.16807
1,0.97287,0.0079296,0.0010568,0.72273,0.043811,0.86944,0.16807
1,0.10658,0.8969,0.00055614,0.90476,0.12838,0.90616,0.16807
1,0.068521,0.94919,0.00015647,0.095238,0.29593,0.94822,0.16807
1,0.075159,0.94811,5.0682e-05,0.1279,0.27891,1,0.16807
1,0.11298,0.92227,1.9318e-05,0.19048,0.18484,0.8362,0.17647
1,0.24466,0.81661,7.7029e-06,0.76415,0.17056,0.90616,0.17647
1,0.42032,0.67086,4.0598e-06,0.095238,0.35123,0.94822,0.17647
1,0.65636,0.38217,4.0446e-06,0.095238,0.30173,1,0.17647
1,0.8658,0.11128,5.3026e-06,0.90293,0.21459,0.86944,0.18487
1,0.94031,0.033194,5.3512e-05,0.095238,0.41084,0.94822,0.18487
1,0.94953,0.03314,0.0011938,0.095238,0.32895,1,0.18487
1,0.92864,0.055986,0.0011474,0,0.073427,0.7227,0.19328
1,0.96623,0.016935,0.00015027,0.59299,0.2631,0.80542,0.19328
1,0.15508,0.85412,0.00010485,0.48292,0.30018,0.86944,0.19328
1,0.16666,0.86074,2.4594e-05,0.095238,0.30336,0.90616,0.19328
1,0.26618,0.7862,8.8265e-06,0.095238,0.45375,0.94822,0.19328
1,0.42525,0.65682,4.2872e-06,0.095238,0.35952,1,0.19328
1,0.6884,0.33483,3.1363e-06,0,0.073259,0.69726,0.20168
1,0.87058,0.10594,5.923e-06,0.90476,0.17962,0.7227,0.20168
1,0.93933,0.035539,3.8565e-05,0.095238,0.38522,0.86944,0.20168
1,0.30582,0.70248,4.0586e-05,0.095238,0.37714,0.90616,0.20168
1,0.47688,0.55186,1.4852e-05,0.095238,0.49896,0.94822,0.20168
1,0.6757,0.32479,8.242e-06,0.095238,0.38663,1,0.20168
1,0.82801,0.15914,5.1941e-06,0.90476,0.15253,0.69726,0.21008
1,0.88508,0.085572,8.7423e-06,0.19279,0.37209,0.77648,0.21008
1,0.94672,0.026842,6.4608e-05,0.1892,0.43697,0.80542,0.21008
1,0.98064,0.0042877,0.0017132,0.095238,0.50634,0.8362,0.21008
1,0.42415,0.5576,7.3964e-05,0.095238,0.46901,0.86944,0.21008
1,0.58737,0.38477,3.9827e-05,0.095238,0.45259,0.90616,0.21008
1,0.75143,0.21079,2.2181e-05,0.095238,0.55013,0.94822,0.21008
1,0.85751,0.11599,9.0643e-06,0.095238,0.41587,1,0.21008
1,0.8771,0.10259,7.7184e-06,0.89628,0.10242,0.67255,0.21849
1,0.94278,0.033192,3.6676e-05,0.90476,0.18829,0.69726,0.21849
1,0.97877,0.0056221,0.00058106,0.77727,0.19629,0.7227,0.21849
1,0.72933,0.21622,1.9636e-05,0.095238,0.26102,0.74904,0.21849
1,0.87597,0.085786,1.8241e-05,0.095238,0.48665,0.80542,0.21849
1,0.92568,0.050472,1.1364e-05,0.095238,0.55282,0.86944,0.21849
1,0.95432,0.025884,2.946e-05,0.095238,0.52887,0.90616,0.21849
1,0.9813,0.0050455,0.00088257,0.095238,0.60567,0.94822,0.21849
1,0.97619,0.0076887,0.00022316,0.095238,0.44717,1,0.21849
1,0.94175,0.036493,2.5454e-05,0.56553,0.049621,0.64844,0.22689
1,0.97765,0.0071782,0.00028422,0.90476,0.1274,0.67255,0.22689
1,0.97953,0.0062991,0.00045778,0.65848,0.086233,0.69726,0.22689
1,0.98095,0.0056554,0.00073674,0.095238,0.096123,0.7227,0.22689
1,0.98191,0.005252,0.0011209,0.095238,0.17389,0.74904,0.22689
1,0.92538,0.098033,0.00049951,0.095238,0.59044,0.8362,0.22689
1,1,0,0,0.095238,0.63495,0.86944,0.22689
1,0.90988,0.12703,0.0003485,0.095238,0.60557,0.90616,0.22689
1,0.9043,0.17631,5.3023e-05,0.095238,0.66439,0.94822,0.22689
1,0.89097,0.25822,3.8798e-05,0.095238,0.48007,1,0.22689
1,0.86523,0.3749,0.00031591,0.095238,0.089295,0.74904,0.23529
1,0.967,0.027669,0.00012955,0.095238,0.22826,0.77648,0.23529
1,0.9642,0.035874,0.00026325,0.095238,0.38326,0.80542,0.23529
1,0.91237,0.10907,0.0006845,0.095238,0.71693,0.86944,0.23529
1,0.88435,0.17922,0.00015862,0.095238,0.68243,0.90616,0.23529
1,0.8654,0.2629,1.6821e-05,0.095238,0.72542,0.94822,0.23529
1,0.84735,0.36259,1.2028e-05,0.095238,0.50988,1,0.23529
1,0.82721,0.46535,0.00030996,0.03249,0.042677,0.62485,0.2437
1,0.80338,0.52413,0.0019362,0.095238,0.031265,0.74904,0.2437
1,0.96576,0.028933,0.00012939,0.095238,0.19053,0.77648,0.2437
1,0.96186,0.040079,0.00015756,0.095238,0.36319,0.80542,0.2437
1,0.87625,0.17857,0.00022907,0.095238,0.5472,0.8362,0.2437
1,0.85342,0.24107,6.0882e-05,0.095238,0.74609,0.86944,0.2437
1,0.81314,0.36452,7.0889e-06,0.095238,0.75928,0.90616,0.2437
1,0.80572,0.43898,8.8457e-06,0.095238,0.72585,0.94822,0.2437
1,0.77434,0.56638,0.00021561,0.095238,0.47984,1,0.2437
1,1,1,0,0.29053,0.073818,0.62485,0.2521
1,1,0,0,0.095238,0.031265,0.74904,0.2521
1,1,0,0,0.095238,0.19053,0.77648,0.2521
1,0.8274,0.27438,1.1741e-05,0.095238,0.36319,0.80542,0.2521
1,1,0,0,0.095238,0.5472,0.8362,0.2521
1,0.95347,0.042272,0.00012463,0.095238,0.67458,0.86944,0.2521
1,0.94235,0.067229,6.3964e-05,0.095238,0.78453,0.90616,0.2521
1,0.87492,0.18318,9.0974e-05,0.095238,0.66567,0.94822,0.2521
1,0.81165,0.31939,1.9965e-05,0.095238,0.4514,1,0.2521
1,0.75753,0.45397,6.1869e-06,0.14873,0.055978,0.62485,0.2605
1,0.75876,0.5057,9.3908e-06,0,0.038656,0.67255,0.2605
1,0.72433,0.62921,0.00013271,0.095238,0.072022,0.74904,0.2605
1,0,1,0,0.095238,0.21024,0.77648,0.2605
1,1,0,0,0.095238,0.37336,0.80542,0.2605
1,1,0,0,0.095238,0.49706,0.8362,0.2605
1,0,1,0,0.095238,0.60615,0.86944,0.2605
1,0.76058,0.36556,8.0215e-06,0.095238,0.72061,0.90616,0.2605
1,0.98531,0.018867,0.0001068,0.095238,0.60529,0.94822,0.2605
1,0.97765,0.019476,0.00036008,0.095238,0.42497,1,0.2605
1,0.94965,0.046245,0.00012991,0.25488,0.031265,0.74904,0.26891
1,0.92427,0.090599,5.306e-05,0.095238,0.19025,0.77648,0.26891
1,0.87796,0.17476,3.9717e-05,0.095238,0.31577,0.80542,0.26891
1,0.81275,0.30885,9.3673e-06,0.095238,0.41575,0.8362,0.26891
1,0.73166,0.48036,6.0043e-06,0.095238,0.54512,0.86944,0.26891
1,0.70909,0.55806,1.1531e-05,0.095238,0.65737,0.90616,0.26891
1,0.68416,0.64996,7.6368e-05,0.095238,0.54483,0.94822,0.26891
1,0.57735,0.7893,0.0001279,0.095238,0.39611,1,0.26891
1,0.76278,0.27116,3.489e-05,0.32067,0.1143,0.77648,0.27731
1,0,1,0,0.095238,0.23493,0.80542,0.27731
1,1,1,0,0.095238,0.33991,0.8362,0.27731
1,1,0,0,0.095238,0.48641,0.86944,0.27731
1,0.9854,0.021286,7.7955e-05,0.095238,0.59517,0.90616,0.27731
1,1,0,0,0.095238,0.4837,0.94822,0.27731
1,0.92732,0.080501,4.1731e-05,0.095238,0.36061,1,0.27731
1,0.87721,0.17002,1.7653e-05,0.58013,0.069578,0.46639,0.28571
1,0.80372,0.31361,4.2248e-06,0.5665,0.070053,0.4888,0.28571
1,0.71773,0.48239,4.4231e-06,0.49786,0.054444,0.77648,0.28571
1,0.65862,0.59791,1.9097e-05,0.095238,0.15301,0.80542,0.28571
1,0.66254,0.62764,5.5099e-05,0.095238,0.27801,0.8362,0.28571
1,0.57162,0.72568,4.4498e-05,0.095238,0.4186,0.86944,0.28571
1,1,0,0,0.095238,0.53453,0.90616,0.28571
1,0.58419,0.45892,1.0134e-05,0.095238,0.42118,0.94822,0.28571
1,0,1,0,0.095238,0.32419,1,0.28571
1,1,0,0,0.59223,0.067569,0.42122,0.29412
1,0.98423,0.024753,0.00013792,0.095238,0.1692,0.4888,0.29412
1,1,0,0,0.29239,0.093883,0.5112,0.29412
1,0.94001,0.05685,0.00013312,0.20798,0.069578,0.53361,0.29412
1,0.91222,0.10432,1.7587e-05,0.38591,0.072505,0.80542,0.29412
1,0.85155,0.21168,5.1839e-06,0.095238,0.22268,0.8362,0.29412
1,0.77005,0.35979,1.906e-06,0.095238,0.3613,0.86944,0.29412
1,0.68185,0.51471,4.5298e-06,0.095238,0.47544,0.90616,0.29412
1,0.68766,0.51976,1.206e-05,0.095238,0.35839,0.94822,0.29412
1,0.7176,0.47934,6.4265e-05,0.095238,0.28888,1,0.29412
1,0.5773,0.6386,3.8999e-05,0.44337,0.046554,0,0.30252
1,0,1,0,0.11131,0.021418,0.22352,0.30252
1,0.63561,0.38984,4.8057e-06,0.89005,0.086412,0.39829,0.30252
1,0,1,0,0.095238,0.18518,0.42122,0.30252
1,1,0,0,0.095238,0.2493,0.44392,0.30252
1,1,1,0,0.095238,0.30735,0.46639,0.30252
1,1,0,0,0.095238,0.26856,0.4888,0.30252
1,0.95165,0.047167,0.00016137,0.26198,0.069578,0.53361,0.30252
1,0.9228,0.090405,9.8661e-06,0.095238,0.15171,0.8362,0.30252
1,0.86502,0.1885,2.1261e-06,0.095238,0.30665,0.86944,0.30252
1,0.73072,0.4085,1.1125e-06,0.095238,0.40638,0.90616,0.30252
1,0.63808,0.55349,5.0263e-06,0.095238,0.29386,0.94822,0.30252
1,0.69848,0.46006,9.8803e-06,0.095238,0.24568,1,0.30252
1,0.77574,0.31407,0.00020749,0.58302,0.087438,0,0.31092
1,0.61271,0.50005,4.7211e-05,0.095238,0.043811,0.13056,0.31092
1,0.46465,0.55088,2.2922e-05,0.095238,0.082898,0.19458,0.31092
1,0.71788,0.2839,1.5738e-05,0.2289,0.11623,0.22352,0.31092
1,1,0,0,0.25282,0.061097,0.25096,0.31092
1,1,0,0,0.6359,0.057675,0.2773,0.31092
1,1,0,0,0.68293,0.055978,0.37515,0.31092
1,0.98226,0.0091025,0.0003681,0.68817,0.14795,0.39829,0.31092
1,0.84474,0.19073,7.181e-05,0.095238,0.26218,0.42122,0.31092
1,0.9178,0.10885,0.00030214,0.095238,0.36228,0.44392,0.31092
1,1,0,0,0.095238,0.24558,0.4888,0.31092
1,0.9453,0.059093,0.00036534,0.095238,0.11282,0.5112,0.31092
1,0.95353,0.049904,0.00026634,0.44244,0.098275,0.8362,0.31092
1,0.86115,0.18805,2.5221e-06,0.095238,0.2684,0.86944,0.31092
1,0.78219,0.31391,7.4847e-07,0.095238,0.33886,0.90616,0.31092
1,0.67247,0.48109,8.4767e-07,0.095238,0.22929,0.94822,0.31092
1,0.62867,0.53583,1.5549e-06,0.095238,0.20449,1,0.31092
1,0.69616,0.4152,9.2214e-06,0.34453,0.079429,0,0.31933
1,1,0,0,0.095238,0.084,0.19458,0.31933
1,0.63158,0.39187,6.2674e-05,0.095238,0.089307,0.22352,0.31933
1,0.50148,0.49316,2.4563e-05,0.095238,0.14135,0.25096,0.31933
1,1,0,0,0.76378,0.14337,0.32745,0.31933
1,1,0,0,0.82621,0.15706,0.37515,0.31933
1,1,0,0,0.095238,0.24188,0.39829,0.31933
1,1,1,0,0.095238,0.3369,0.42122,0.31933
1,1,0,0,0.095238,0.28972,0.4888,0.31933
1,0.98356,0.0090598,0.00017628,0.38718,0.19055,0.5112,0.31933
1,0.81127,0.15716,0.0014827,0.64665,0.11257,0.53361,0.31933
1,0.81749,0.16783,0.00059881,0.095238,0.060626,0.8362,0.31933
1,0.83048,0.17809,0.00039593,0.095238,0.25795,0.86944,0.31933
1,0.75881,0.31358,4.8206e-05,0.095238,0.27419,0.90616,0.31933
1,0.87533,0.17271,5.4347e-05,0.095238,0.16485,0.94822,0.31933
1,0.90484,0.14236,6.2027e-05,0.095238,0.16695,1,0.31933
1,0.8994,0.16461,7.6376e-05,0.095238,0.10957,0.25096,0.32773
1,0.90511,0.16371,8.7051e-05,0.095238,0.18642,0.32745,0.32773
1,0.889,0.18309,0.00014367,0.095238,0.28018,0.37515,0.32773
1,0.87445,0.17633,0.00043804,0.095238,0.33672,0.39829,0.32773
1,0.89212,0.153,5.6974e-05,0.095238,0.42977,0.42122,0.32773
1,0.92613,0.10032,6.3007e-05,0.095238,0.52584,0.44392,0.32773
1,0.83087,0.24286,7.7002e-07,0.095238,0.47598,0.46639,0.32773
1,0.71112,0.41999,5.0947e-07,0.095238,0.37816,0.4888,0.32773
1,0.58973,0.58125,1.1024e-06,0.63086,0.28888,0.5112,0.32773
1,0.595,0.54831,8.3435e-07,0.78788,0.18951,0.53361,0.32773
1,0.665,0.41052,8.1608e-06,0.095238,0.060626,0.8362,0.32773
1,0.75261,0.24199,0.00025127,0.095238,0.23497,0.86944,0.32773
1,0.60452,0.36972,7.6081e-05,0.095238,0.21169,0.90616,0.32773
1,0,1,0,0.095238,0.10107,0.94822,0.32773
1,1,0,0,0.095238,0.12845,1,0.32773
1,1,0,0,0,0.036807,0.22352,0.33613
1,1,0,0,0.095238,0.031265,0.25096,0.33613
1,1,1,0,0.095238,0.12333,0.32745,0.33613
1,1,0,0,0.095238,0.26659,0.35156,0.33613
1,0.98585,0.010904,4.6766e-05,0.095238,0.40574,0.37515,0.33613
1,0.98116,0.011922,7.1029e-05,0.095238,0.44819,0.39829,0.33613
1,0.90331,0.063876,0.0079392,0.49797,0.52359,0.42122,0.33613
1,0.77903,0.21287,0.0010785,0.095238,0.4874,0.44392,0.33613
1,0.68726,0.35466,0.00023976,0.095238,0.4358,0.46639,0.33613
1,0.72045,0.3494,6.3313e-05,0.095238,0.40837,0.4888,0.33613
1,0.70476,0.4251,3.0215e-05,0.38202,0.28887,0.5112,0.33613
1,0.76764,0.37726,2.716e-05,0.44433,0.1677,0.53361,0.33613
1,0.83584,0.29255,3.7668e-05,0.32756,0.067458,0.55608,0.33613
1,0.86689,0.26126,4.2897e-05,0.026019,0.021091,0.8362,0.33613
1,0.86424,0.282,3.9134e-05,0.095238,0.18436,0.86944,0.33613
1,0.84339,0.30475,4.9431e-05,0.095238,0.1494,0.90616,0.33613
1,0.8231,0.30648,6.6348e-05,0.095238,0.041559,0.94822,0.33613
1,0.83022,0.28343,1.035e-05,0.095238,0.091447,1,0.33613
1,0.85471,0.23329,4.6406e-06,0.095238,0.1359,0.32745,0.34454
1,0.7442,0.38222,2.8273e-07,0.095238,0.27277,0.35156,0.34454
1,0.63127,0.52733,6.9757e-07,0.095238,0.4117,0.37515,0.34454
1,0.5295,0.63915,1.0257e-06,0.51182,0.54945,0.39829,0.34454
1,0.53058,0.60169,6.0543e-07,0.45369,0.47809,0.42122,0.34454
1,0.58665,0.47476,5.1667e-06,0.095238,0.37903,0.44392,0.34454
1,0.65478,0.3209,7.3398e-05,0.095238,0.30923,0.46639,0.34454
1,0.52762,0.41404,0.00013997,0.095238,0.28929,0.4888,0.34454
1,1,0,0,0.095238,0.11188,0.53361,0.34454
1,1,0,0,0.095238,0.14449,0.86944,0.34454
1,1,1,0,0.095238,0.084012,0.90616,0.34454
1,1,0,0,0.095238,0.049797,1,0.34454
1,0.98471,0.014154,5.1552e-06,0.095238,0.058601,0.25096,0.35294
1,0.97965,0.014344,3.618e-05,0.095238,0.096123,0.2773,0.35294
1,0.98628,0.0046619,0.0010159,0.095238,0.11689,0.30274,0.35294
1,1,0,0,0.095238,0.21763,0.32745,0.35294
1,1,0,0,0.44207,0.32315,0.35156,0.35294
1,0.72687,0.29679,0.00085126,0.40505,0.44549,0.37515,0.35294
1,0.60556,0.48333,0.00022996,0.53621,0.54196,0.39829,0.35294
1,0.59664,0.53839,6.6038e-05,0.095238,0.41262,0.42122,0.35294
1,0.63641,0.54719,2.5042e-05,0.095238,0.29152,0.44392,0.35294
1,0.71024,0.49512,1.9759e-05,0.095238,0.19152,0.46639,0.35294
1,0.78841,0.40895,2.6078e-05,0.095238,0.15685,0.4888,0.35294
1,0.82129,0.38373,2.7047e-05,0.095238,0.19118,0.5112,0.35294
1,0.8092,0.42499,2.0773e-05,0.47393,0.068923,0.53361,0.35294
1,0.78264,0.45369,1.9886e-05,0.095238,0.12518,0.86944,0.35294
1,0.74702,0.47565,1.2029e-05,0.095238,0.039898,0.90616,0.35294
1,0.7443,0.45263,2.0945e-06,0.08941,0.04772,0.2773,0.36134
1,0.72139,0.45297,4.3851e-07,0.095238,0.11689,0.30274,0.36134
1,0.65423,0.51549,4.0717e-07,0.095238,0.1615,0.32745,0.36134
1,0.53936,0.63773,1.4612e-06,0.095238,0.25617,0.35156,0.36134
1,0.46442,0.69782,1.0357e-06,0.30062,0.35723,0.37515,0.36134
1,0.44191,0.68488,5.1821e-07,0.30698,0.47315,0.39829,0.36134
1,0.46755,0.59631,2.6663e-06,0.095238,0.38331,0.42122,0.36134
1,0.50381,0.48098,2.3804e-05,0.095238,0.24801,0.44392,0.36134
1,1,0,0,0.095238,0.11448,0.46639,0.36134
1,1,0,0,0.095238,0.070309,0.5112,0.36134
1,1,1,0,0.045686,0.030423,0.53361,0.36134
1,1,1,0,0.095238,0.068132,0.86944,0.36134
1,0.97662,0.064503,3.9639e-05,0.33625,0.069306,0.32745,0.36975
1,0.98073,0.021055,2.4096e-06,0.095238,0.16806,0.35156,0.36975
1,0.97731,0.017587,2.1765e-05,0.095238,0.29301,0.37515,0.36975
1,0.98822,0.0039347,0.0008001,0.095238,0.41262,0.39829,0.36975
1,0.8951,0.074991,0.0062905,0.095238,0.33181,0.42122,0.36975
1,0.691,0.33833,0.00089474,0.095238,0.2212,0.44392,0.36975
1,0.54814,0.55485,0.00034094,0.095238,0.11448,0.46639,0.36975
1,0.54441,0.60929,0.00010015,0.51763,0.1342,0.35156,0.37815
1,0.58957,0.61906,3.7061e-05,0.78811,0.27098,0.37515,0.37815
1,0.65174,0.59486,2.2611e-05,0.80952,0.28542,0.39829,0.37815
1,0.73644,0.51539,2.4502e-05,0.78171,0.29471,0.42122,0.37815
1,0.76968,0.49897,2.7497e-05,0.095238,0.15976,0.44392,0.37815
1,0.74763,0.55688,1.6525e-05,0.095238,0.032299,0.46639,0.37815
1,0.7042,0.60833,1.1909e-05,0.095238,0.06279,1,0.37815
1,0.66113,0.6295,5.5318e-06,0.70392,0.1043,0.35156,0.38655
1,0.64242,0.61588,1.0857e-06,0.80952,0.14886,0.37515,0.38655
1,0.62254,0.59723,7.2212e-07,0.80952,0.16115,0.39829,0.38655
1,0.56109,0.63243,1.0145e-06,0.73618,0.20528,0.42122,0.38655
1,0.47836,0.69603,2.9573e-06,0.095238,0.19294,0.44392,0.38655
1,0.39193,0.76066,1.3116e-06,0.095238,0.071439,0.46639,0.38655
1,0.34409,0.77483,5.7354e-07,0.095238,0.11263,1,0.38655
1,0.33576,0.7331,1.932e-06,0.30786,0.061372,0.39829,0.39496
1,0.33485,0.67983,1.0833e-05,0.55201,0.089579,0.42122,0.39496
1,0.30623,0.69867,6.4638e-05,0.45873,0.13167,0.44392,0.39496
1,0,1,0,0.29263,0.069578,0.46639,0.39496
1,1,0,0,0.095238,0.037957,0.94822,0.39496
1,1,0,0,0.095238,0.16207,1,0.39496
1,1,1,0,0.64921,0.091711,0.44392,0.40336
1,1,1,0,0.095238,0.14509,1,0.40336
1,0.96635,0.064053,0.00041196,0.095238,0.11563,1,0.41176
1,0.97538,0.028792,4.0556e-06,0.095238,0.087438,1,0.42017
1,0.97351,0.022547,1.4732e-05,0.095238,0.06279,1,0.42857
1,0.98674,0.0048973,0.0005674,0.095238,0.038045,0.60171,0.45378
1,0.88161,0.073821,0.0057432,0.095238,0.11245,0.60171,0.46218
1,0.74208,0.24765,0.00145,0.095238,0.14886,0.62485,0.46218
1,0.54889,0.51692,0.00048421,0.095238,0.14602,0.64844,0.46218
1,0.56053,0.562,0.00013023,0.095238,0.10272,0.67255,0.46218
1,0.62961,0.55193,3.8469e-05,0.30233,0.032299,0.53361,0.47059
1,0.70006,0.52353,2.7146e-05,0.80461,0.13026,0.55608,0.47059
1,0.73139,0.53202,3.761e-05,0.27064,0.15534,0.57878,0.47059
1,0.81821,0.43631,1.9843e-05,0.095238,0.22403,0.60171,0.47059
1,0.83085,0.44764,1.2483e-05,0.095238,0.2762,0.62485,0.47059
1,0.81544,0.48055,1.4922e-05,0.095238,0.26302,0.64844,0.47059
1,0.72606,0.58642,4.4895e-06,0.095238,0.15805,0.67255,0.47059
1,0.63422,0.64094,8.6136e-07,0.095238,0.062207,0.69726,0.47059
1,0.59664,0.62828,1.2063e-06,0.31146,0.032299,0.53361,0.47899
1,0.55359,0.62708,1.7746e-06,0.80241,0.15976,0.55608,0.47899
1,0.58583,0.56297,2.7694e-06,0.095238,0.28526,0.57878,0.47899
1,0.40532,0.73047,4.7959e-07,0.095238,0.32681,0.60171,0.47899
1,0.2598,0.84201,7.2651e-07,0.095238,0.40235,0.62485,0.47899
1,0.21422,0.85521,3.5219e-06,0.095238,0.348,0.64844,0.47899
1,0.19726,0.83722,2.7824e-05,0.095238,0.24552,0.67255,0.47899
1,0.19522,0.8379,2.658e-05,0.095238,0.050763,0.80542,0.47899
1,1,1,0,0.095238,0.032299,0.53361,0.48739
1,1,1,0,0.31944,0.15976,0.55608,0.48739
1,1,0,0,0.095238,0.29471,0.57878,0.48739
1,0,1,0,0.095238,0.43147,0.60171,0.48739
1,1,0,0,0.095238,0.51002,0.62485,0.48739
1,0.97205,0.030587,1.2525e-05,0.095238,0.43506,0.64844,0.48739
1,0.97664,0.016694,3.4017e-05,0.095238,0.33455,0.67255,0.48739
1,0.98518,0.0060239,0.00042987,0.095238,0.082898,0.80542,0.48739
1,0.70039,0.2626,0.0019996,0.095238,0.038333,0.86944,0.48739
1,0.57965,0.43706,0.0011534,0.095238,0.084012,0.90616,0.48739
1,0.56487,0.52608,0.00023584,0.095238,0.032299,0.53361,0.4958
1,0.66967,0.47155,6.2649e-05,0.095238,0.15851,0.55608,0.4958
1,0.74028,0.45347,4.0896e-05,0.095238,0.27263,0.57878,0.4958
1,0.77267,0.46656,5.6687e-05,0.095238,0.40171,0.60171,0.4958
1,0.88583,0.29197,5.0897e-05,0.095238,0.53653,0.62485,0.4958
1,0.88804,0.3279,2.9967e-05,0.095238,0.52323,0.64844,0.4958
1,0.84745,0.43684,2.182e-05,0.095238,0.42374,0.67255,0.4958
1,0.79038,0.50876,9.1516e-06,0.095238,0.32968,0.69726,0.4958
1,0.73939,0.52493,3.3707e-06,0.28333,0.17792,0.7227,0.4958
1,0.60095,0.61588,1.8889e-06,0.095238,0.05603,0.86944,0.4958
1,0.57211,0.57895,3.4173e-06,0.095238,0.11594,0.55608,0.5042
1,0.5844,0.52457,4.8948e-06,0.095238,0.25045,0.57878,0.5042
1,0.3396,0.76505,1.8274e-06,0.095238,0.38714,0.60171,0.5042
1,0.21033,0.86134,2.1307e-06,0.095238,0.52584,0.62485,0.5042
1,0.15836,0.88329,5.2794e-06,0.095238,0.61173,0.64844,0.5042
1,0.13492,0.88525,0.00013399,0.095238,0.49589,0.67255,0.5042
1,0.11852,0.91707,4.6118e-05,0.095238,0.35535,0.69726,0.5042
1,1,1,0,0.095238,0.066228,0.74904,0.5042
1,0.81292,0.45934,0.00089298,0.095238,0.055139,0.86944,0.5042
1,0.93566,0.073119,0.0013269,0.095238,0.032299,0.53361,0.51261
1,0.96602,0.03653,3.0579e-05,0.095238,0.15976,0.55608,0.51261
1,0.97846,0.012818,8.2324e-05,0.095238,0.29313,0.57878,0.51261
1,0.98164,0.0078605,0.00036278,0.095238,0.41576,0.60171,0.51261
1,0.56844,0.48763,0.00054039,0.095238,0.54701,0.62485,0.51261
1,0.69972,0.4014,0.00012296,0.095238,0.52602,0.64844,0.51261
1,0.83829,0.27663,5.1294e-05,0.095238,0.42374,0.67255,0.51261
1,0.8621,0.30013,5.4676e-05,0.095238,0.33326,0.69726,0.51261
1,0.91042,0.22667,0.0001655,0.095238,0.058601,0.74904,0.51261
1,0.90811,0.27841,9.5291e-05,0.45363,0.070456,0.53361,0.52101
1,0.85657,0.42589,7.8995e-05,0.33732,0.17153,0.55608,0.52101
1,0.77737,0.53819,3.6797e-05,0.33864,0.30121,0.57878,0.52101
1,0.75124,0.50513,9.2071e-06,0.095238,0.4359,0.60171,0.52101
1,0.60857,0.59156,2.9424e-06,0.095238,0.56509,0.62485,0.52101
1,0.60402,0.49669,1.1652e-05,0.095238,0.45652,0.64844,0.52101
1,0.46958,0.60949,3.9483e-05,0.095238,0.33608,0.67255,0.52101
1,0.26767,0.80703,1e-05,0.095238,0.24108,0.69726,0.52101
1,0.16799,0.87422,8.6235e-06,0.095238,0.14417,0.7227,0.52101
1,0.11501,0.90663,9.7486e-06,0.091762,0.026657,0.74904,0.52101
1,0,1,0,0.1595,0.058194,0.94822,0.52101
1,0,1,0,0.095238,0.042677,0.37515,0.52941
1,1,0,0,0.095238,0.068923,0.46639,0.52941
1,1,0,0,0.35065,0.070053,0.5112,0.52941
1,0.93026,0.074823,0.00080013,0.78837,0.13052,0.53361,0.52941
1,0.95616,0.048587,6.0298e-05,0.095238,0.25404,0.55608,0.52941
1,0.97849,0.011134,0.00018355,0.095238,0.35439,0.57878,0.52941
1,0.97758,0.0096281,0.00044769,0.095238,0.47388,0.60171,0.52941
1,0.71344,0.36336,0.00020739,0.095238,0.48745,0.62485,0.52941
1,0.83887,0.26605,7.5745e-05,0.095238,0.37564,0.64844,0.52941
1,0.88988,0.2252,0.00014751,0.095238,0.1453,0.69726,0.52941
1,0.90861,0.21609,0.00069279,0.095238,0.090154,0.7227,0.52941
1,0.90124,0.30254,0.00023175,0.19322,0.10259,0.94822,0.52941
1,0.79814,0.55448,0.0002671,0.08941,0.04772,0.2773,0.53782
1,0.69421,0.66182,0.00015898,0.53738,0.062207,0.30274,0.53782
1,0.69533,0.58153,1.4027e-05,0.78158,0.098307,0.32745,0.53782
1,0.64792,0.51884,7.0926e-06,0.095238,0.13607,0.35156,0.53782
1,0.72399,0.28676,0.00010321,0.58347,0.13422,0.37515,0.53782
1,0.59218,0.40904,0.00013135,0.42603,0.099745,0.39829,0.53782
1,0.2308,0.8099,8.1674e-05,0.095238,0.089579,0.42122,0.53782
1,0.13207,0.88699,2.6811e-05,0.095238,0.11167,0.44392,0.53782
1,0,1,0,0.095238,0.16795,0.46639,0.53782
1,0.094479,0.93253,0.00026811,0.095238,0.2009,0.4888,0.53782
1,1,0,0,0.095238,0.2009,0.5112,0.53782
1,0.92355,0.075472,0.00065039,0.6473,0.22891,0.53361,0.53782
1,0.94488,0.06201,0.00011199,0.18471,0.31722,0.55608,0.53782
1,0.97643,0.011447,0.0003359,0.095238,0.43105,0.57878,0.53782
1,0.97554,0.010469,0.00051071,0.095238,0.54192,0.60171,0.53782
1,0,1,0,0.095238,0.43189,0.62485,0.53782
1,0.82116,0.27749,0.00016086,0.095238,0.3018,0.64844,0.53782
1,0.88607,0.2095,0.00041185,0.095238,0.18642,0.67255,0.53782
1,1,0,0,0.095238,0.086233,0.69726,0.53782
1,0.87133,0.37182,0.00053151,0.095238,0.064822,0.90616,0.53782
1,0,1,0,0.095238,0.14859,0.94822,0.53782
1,0.61947,0.65674,3.8946e-05,0.36043,0.058601,0.25096,0.54622
1,0.60449,0.54442,1.7552e-05,0.095238,0.12967,0.2773,0.54622
1,1,0,0,0.095238,0.17928,0.30274,0.54622
1,1,0,0,0.33215,0.19802,0.32745,0.54622
1,0.11266,0.88753,1.789e-05,0.10238,0.24441,0.35156,0.54622
1,0.096899,0.91312,8.3595e-05,0.095238,0.24852,0.37515,0.54622
1,0.068236,0.95822,4.957e-05,0.095238,0.20898,0.39829,0.54622
1,0.075962,0.96474,0.00048882,0.095238,0.20528,0.42122,0.54622
1,1,0,0,0.095238,0.24273,0.44392,0.54622
1,1,0,0,0.095238,0.28748,0.46639,0.54622
1,0.91266,0.081757,0.00063236,0.095238,0.33356,0.4888,0.54622
1,0.93371,0.073859,0.00020451,0.095238,0.33356,0.5112,0.54622
1,0.97218,0.013532,0.00049725,0.40072,0.35089,0.53361,0.54622
1,0.97389,0.01063,0.00078127,0.095238,0.41358,0.55608,0.54622
1,1,1,0,0.095238,0.50575,0.57878,0.54622
1,0.60272,0.66929,4.3384e-05,0.095238,0.54628,0.60171,0.54622
1,0.5461,0.60604,1.6346e-05,0.095238,0.40754,0.62485,0.54622
1,0,1,0,0.095238,0.26659,0.64844,0.54622
1,0,1,0,0.095238,0.12333,0.67255,0.54622
1,0.062463,0.95719,1.433e-05,0,0.026989,0.69726,0.54622
1,0.084212,0.93172,1.9538e-06,0.095238,0.1409,0.90616,0.54622
1,0.041844,0.96544,1.9783e-05,0.095238,0.19485,0.94822,0.54622
1,0.024317,0.985,0.0001149,0.23283,0.027879,1,0.54622
1,0,1,0,0.095238,0.22706,0.2773,0.55462
1,0,1,0,0.095238,0.29777,0.30274,0.55462
1,1,0,0,0.095238,0.31352,0.32745,0.55462
1,0.89961,0.088076,0.00071472,0.095238,0.36313,0.35156,0.55462
1,0.9235,0.082404,0.00038695,0.095238,0.3719,0.37515,0.55462
1,0.96605,0.016804,0.0006966,0.095238,0.33335,0.39829,0.55462
1,0.97203,0.010619,0.0015265,0.095238,0.33222,0.42122,0.55462
1,0.49301,0.48613,0.0032145,0.095238,0.37442,0.44392,0.55462
1,0.61603,0.40686,0.00093723,0.095238,0.4055,0.46639,0.55462
1,0.61377,0.63973,4.2152e-05,0.095238,0.46565,0.4888,0.55462
1,0.50654,0.63505,1.5287e-05,0.095238,0.46649,0.5112,0.55462
1,0.18257,0.84075,0.0005863,0.095238,0.47876,0.53361,0.55462
1,0.07896,0.94052,0.00099201,0.095238,0.526,0.55608,0.55462
1,0.032714,0.98138,6.1743e-06,0.095238,0.60061,0.57878,0.55462
1,0.022792,0.98633,2.3769e-05,0.095238,0.54628,0.60171,0.55462
1,0.021815,0.98364,9.9342e-05,0.095238,0.40754,0.62485,0.55462
1,0,1,0,0.095238,0.26659,0.64844,0.55462
1,0.15111,0.89116,0.0019013,0.095238,0.12333,0.67255,0.55462
1,0.75223,0.20353,0.0020536,0.095238,0.038333,0.86944,0.55462
1,1,0,0,0.095238,0.211,0.90616,0.55462
1,0.88089,0.097158,0.00093015,0.095238,0.23681,0.94822,0.55462
1,0.91248,0.090753,0.00076854,0.46021,0.064666,1,0.55462
1,0.95549,0.023926,0.00074396,0.549,0.12109,0.25096,0.56303
1,0.29295,0.02761,0.40412,0.095238,0.2449,0.2773,0.56303
1,0.62826,0.37814,0.00070583,0.095238,0.33732,0.30274,0.56303
1,0.78754,0.25498,0.00021569,0.095238,0.3639,0.32745,0.56303
1,0,1,0,0.095238,0.43718,0.35156,0.56303
1,0.031901,0.97782,2.7975e-05,0.095238,0.4957,0.37515,0.56303
1,0.02099,0.98619,0.00037866,0.095238,0.46073,0.39829,0.56303
1,0,1,0,0.095238,0.46121,0.42122,0.56303
1,0.56872,0.37557,0.0013954,0.095238,0.49974,0.44392,0.56303
1,0.83935,0.13227,0.0011193,0.095238,0.53034,0.46639,0.56303
1,0.89763,0.10463,0.0017153,0.095238,0.5753,0.4888,0.56303
1,0.93976,0.035798,0.00072805,0.095238,0.59952,0.5112,0.56303
1,0.28495,0.025541,0.3873,0.095238,0.60882,0.53361,0.56303
1,0,1,0,0.095238,0.64615,0.55608,0.56303
1,0,1,0,0.095238,0.62933,0.57878,0.56303
1,0.01723,0.9896,0.00013353,0.095238,0.55572,0.60171,0.56303
1,0,1,0,0.095238,0.41989,0.62485,0.56303
1,0.76773,0.19897,0.0013683,0.095238,0.28474,0.64844,0.56303
1,1,0,0,0.095238,0.15805,0.67255,0.56303
1,0.91789,0.053568,0.00069787,0.095238,0.065749,0.69726,0.56303
1,0.27853,0.021569,0.42213,0.095238,0.038333,0.86944,0.56303
1,0,1,0,0.095238,0.25566,0.90616,0.56303
1,0,1,0,0.095238,0.28011,0.94822,0.56303
1,0,1,0,0.41027,0.10263,1,0.56303
1,0.032425,0.9755,9.6379e-05,0.47128,0.058601,0.25096,0.57143
1,0,1,0,0.44082,0.15969,0.2773,0.57143
1,0.64948,0.31944,0.0017252,0.095238,0.21873,0.30274,0.57143
1,1,0,0,0.095238,0.2531,0.32745,0.57143
1,0.88806,0.079335,0.00064545,0.095238,0.32309,0.35156,0.57143
1,0,1,0,0.095238,0.38879,0.37515,0.57143
1,0,1,0,0.095238,0.48416,0.39829,0.57143
1,0.025032,0.98442,4.4037e-05,0.4837,0.48653,0.42122,0.57143
1,0.032906,0.9796,0.0015718,0.5372,0.4344,0.44392,0.57143
1,0.24813,0.70296,0.0030685,0.69202,0.42086,0.46639,0.57143
1,1,0,0,0.39735,0.44868,0.4888,0.57143
1,0.50445,0.48152,0.0015442,0.095238,0.50721,0.5112,0.57143
1,0.79197,0.21102,0.0017694,0.095238,0.57337,0.53361,0.57143
1,0.85307,0.10824,0.00066137,0.095238,0.57701,0.55608,0.57143
1,0.084863,0.91148,0.00018804,0.629,0.52085,0.57878,0.57143
1,0.033428,0.97739,3.5178e-05,0.33371,0.44819,0.60171,0.57143
1,0.054878,0.95955,0.00074994,0.095238,0.40574,0.62485,0.57143
1,0.13369,0.84381,0.0046942,0.095238,0.33693,0.64844,0.57143
1,0.57047,0.41566,0.0053006,0.095238,0.21142,0.67255,0.57143
1,0,1,0,0.095238,0.065749,0.69726,0.57143
1,0.6701,0.34908,0.00073319,0.095238,0.25566,0.90616,0.57143
1,0.84107,0.11603,0.00064098,0.095238,0.23011,0.94822,0.57143
1,0.92511,0.03254,0.0032848,0.41015,0.14245,1,0.57143
1,0.14693,0.83012,3.6834e-05,0.26923,0.072137,0.2773,0.57983
1,0.071535,0.93917,2.7941e-05,0.31534,0.10076,0.30274,0.57983
1,0.049134,0.96272,0.0013779,0.095238,0.15805,0.32745,0.57983
1,0.10756,0.88171,0.0040563,0.095238,0.20631,0.35156,0.57983
1,0.38332,0.61701,0.0016804,0.095238,0.29591,0.37515,0.57983
1,0.2513,0.75887,0.0025603,0.095238,0.39891,0.39829,0.57983
1,0.53827,0.50017,0.00032264,0.80952,0.37937,0.42122,0.57983
1,0.78174,0.17092,0.00053721,0.80952,0.3086,0.44392,0.57983
1,0.90736,0.044301,0.0020389,0.80952,0.28836,0.46639,0.57983
1,0,1,0,0.80952,0.32715,0.4888,0.57983
1,0.20974,0.74704,0.00015569,0.61846,0.38844,0.5112,0.57983
1,0.09262,0.91198,9.6842e-05,0.095238,0.47168,0.53361,0.57983
1,0.081384,0.93136,0.0013464,0.095238,0.45986,0.55608,0.57983
1,0.078789,0.92293,0.0029699,0.58744,0.39804,0.57878,0.57983
1,0.17476,0.81247,0.0043996,0.21491,0.33672,0.60171,0.57983
1,0.22185,0.79203,0.00085842,0.095238,0.28018,0.62485,0.57983
1,0.197,0.8177,0.001114,0.095238,0.22831,0.64844,0.57983
1,0.38888,0.66287,0.00026296,0.095238,0.15805,0.67255,0.57983
1,0.67776,0.27874,0.0004501,0.095238,0.065749,0.69726,0.57983
1,0.89323,0.052026,0.002501,0,0.034012,0.8362,0.57983
1,0.25454,0.7611,0.00017022,0.095238,0.081229,0.86944,0.57983
1,0.26127,0.72043,2.1625e-05,0.095238,0.27263,0.90616,0.57983
1,0.37098,0.56376,0.00031445,0.095238,0.1783,0.94822,0.57983
1,0.17959,0.80456,0.00012311,0.23516,0.13361,1,0.57983
1,0,1,0,0.095238,0.062323,0.32745,0.58824
1,0.066366,0.94198,0.00098803,0.095238,0.10791,0.35156,0.58824
1,0,1,0,0.57637,0.21272,0.37515,0.58824
1,0.12628,0.88831,0.00049795,0.55907,0.32357,0.39829,0.58824
1,0.14746,0.87044,0.00073776,0.80952,0.28482,0.42122,0.58824
1,0.30031,0.75613,0.00017121,0.80952,0.19186,0.44392,0.58824
1,0.59655,0.37276,0.00038737,0.80952,0.15627,0.46639,0.58824
1,0.87901,0.059879,0.0030905,0.80952,0.21034,0.4888,0.58824
1,0.85096,0.13314,6.4523e-07,0.70584,0.28278,0.5112,0.58824
1,1,0,0,0.095238,0.36507,0.53361,0.58824
1,0.38806,0.61176,2.1315e-05,0.095238,0.3305,0.55608,0.58824
1,0.36243,0.63644,1.727e-05,0.095238,0.28185,0.57878,0.58824
1,0.36523,0.61154,0.00054596,0.095238,0.23745,0.60171,0.58824
1,0.34896,0.6159,7.0764e-05,0.095238,0.15706,0.62485,0.58824
1,0.15488,0.85826,0.00013313,0.095238,0.13607,0.64844,0.58824
1,0.060143,0.95164,0.00011104,0.095238,0.1082,0.86944,0.58824
1,0.063101,0.94844,0.0018903,0.095238,0.30754,0.90616,0.58824
1,0.07723,0.93494,0.00028151,0.095238,0.13618,0.94822,0.58824
1,0.11341,0.90516,0.00069796,0.095238,0.10995,1,0.58824
1,0.2349,0.823,0.00017551,0.090133,0.048491,0.35156,0.59664
1,0.51229,0.47716,0.00042684,0.42557,0.15416,0.37515,0.59664
1,0.86547,0.067526,0.00368,0.46388,0.19443,0.39829,0.59664
1,1,0,0,0.34495,0.16915,0.42122,0.59664
1,1,0,0,0.49075,0.09588,0.44392,0.59664
1,0.81888,0.19182,4.6737e-07,0.28599,0.030423,0.46639,0.59664
1,0.79382,0.20609,6.9418e-06,0.47195,0.093883,0.4888,0.59664
1,0.6296,0.36317,1.166e-06,0.44108,0.19118,0.5112,0.59664
1,0.52447,0.46878,4.0274e-06,0.22437,0.25134,0.53361,0.59664
1,0.49576,0.50488,2.1064e-05,0.48775,0.19891,0.55608,0.59664
1,0.63969,0.34048,0.00047415,0.59454,0.16425,0.57878,0.59664
1,0.4414,0.53469,1.0465e-05,0.095238,0.10856,0.60171,0.59664
1,0.17525,0.84029,9.4578e-06,0.095238,0.055978,0.62485,0.59664
1,0.075368,0.93864,6.2145e-06,0.59086,0.062207,0.69726,0.59664
1,0,1,0,0.095238,0.12518,0.86944,0.59664
1,0.054298,0.95578,0.00024893,0.095238,0.33599,0.90616,0.59664
1,0.094991,0.92313,0.0011711,0.095238,0.11508,0.94822,0.59664
1,0.19135,0.86611,0.00022122,0.095238,0.107,1,0.59664
1,0.45064,0.54537,0.00078349,0.095238,0.073818,0.37515,0.60504
1,0.85297,0.075168,0.0038569,0.095238,0.065972,0.39829,0.60504
1,0,0,1,0.095238,0.029317,0.44392,0.60504
1,1,0,0,0.095238,0.094446,0.5112,0.60504
1,0.8813,0.10396,5.2476e-07,0.095238,0.1677,0.53361,0.60504
1,0.78952,0.22055,3.4425e-07,0.63041,0.049621,0.64844,0.60504
1,0.67549,0.35283,2.0497e-07,0.80952,0.11672,0.67255,0.60504
1,0.61827,0.39724,1.6099e-06,0.71543,0.14174,0.69726,0.60504
1,0.69642,0.29724,1.0702e-06,0.32065,0.072137,0.7227,0.60504
1,1,0,0,0.095238,0.14449,0.86944,0.60504
1,0.53595,0.45657,5.2299e-07,0.095238,0.35108,0.90616,0.60504
1,0.20355,0.81922,1.1305e-06,0.095238,0.11508,0.94822,0.60504
1,0.036263,0.97731,4.8752e-06,0.095238,0.080315,1,0.60504
1,0.021528,0.9858,1.155e-05,0.095238,0.070309,0.5112,0.61345
1,0,1,0,0.095238,0.15565,0.53361,0.61345
1,0,1,0,0.28226,0.11271,0.62485,0.61345
1,0.17408,0.87882,0.00022531,0.79893,0.15323,0.64844,0.61345
1,0.3921,0.61385,0.0017386,0.40523,0.069306,0.67255,0.61345
1,0.84088,0.084259,0.0030809,0.095238,0.032806,0.69726,0.61345
1,0,0,1,0.095238,0.14449,0.86944,0.61345
1,0.89964,0.079442,1.4703e-06,0.095238,0.35108,0.90616,0.61345
1,0.85432,0.12985,2.2777e-07,0.095238,0.11886,0.94822,0.61345
1,0.77629,0.22484,2.3222e-07,0.095238,0.036672,1,0.61345
1,0.7163,0.29792,6.06e-07,0.40818,0.062207,0.30274,0.62185
1,0.84886,0.14874,1.345e-07,0.42527,0.059563,0.32745,0.62185
1,0.83927,0.15741,2.0768e-05,0.095238,0.03166,0.5112,0.62185
1,0.62008,0.39037,4.01e-07,0.095238,0.11257,0.53361,0.62185
1,0.23776,0.79693,2.4209e-07,0.29439,0.075136,0.57878,0.62185
1,0.034011,0.98074,2.2764e-06,0.095238,0.038045,0.60171,0.62185
1,0.02185,0.98417,2.6534e-07,0.095238,0.14122,0.62485,0.62185
1,0.037643,0.97152,0.00011255,0.095238,0.13607,0.64844,0.62185
1,0.076126,0.94723,0.00027348,0,0.038656,0.67255,0.62185
1,0.17428,0.87432,0.00018809,0.42985,0.031265,0.74904,0.62185
1,0.33609,0.68175,0.004343,0.63953,0.078702,0.77648,0.62185
1,0.83606,0.087494,0.0028282,0.095238,0.12518,0.86944,0.62185
1,0.8991,0.074172,4.6152e-07,0.095238,0.34437,0.90616,0.62185
1,0.86428,0.10983,9.3985e-07,0.095238,0.14859,0.94822,0.62185
1,0.82381,0.16079,1.342e-06,0.095238,0.031365,0,0.63025
1,0.93102,0.057507,4.4315e-07,0.23914,0.023447,0.32745,0.63025
1,0.91983,0.065554,1.7659e-06,0.48844,0.062582,0.35156,0.63025
1,0.75734,0.22337,2.7256e-06,0.095238,0.073818,0.62485,0.63025
1,0.29917,0.73026,2.0628e-07,0,0.019238,0.7227,0.63025
1,0.03526,0.9818,2.5372e-06,0.4522,0.061867,0.77648,0.63025
1,0,1,0,0.095238,0.12518,0.86944,0.63025
1,0.038484,0.97127,6.3625e-05,0.095238,0.34437,0.90616,0.63025
1,0.073264,0.95386,2.0058e-05,0.095238,0.18418,0.94822,0.63025
1,0.18867,0.85714,0.00014081,0.20818,0.062842,0,0.63866
1,0,1,0,0,0.049046,0.7227,0.63866
1,0.83601,0.08812,0.0023005,0.095238,0.12518,0.86944,0.63866
1,0.90913,0.065386,4.0793e-06,0.095238,0.21544,0.94822,0.63866
1,0.89777,0.075671,2.6612e-05,0.24078,0.046554,0,0.64706
1,0.96674,0.024659,7.4007e-06,0.35941,0.049046,0.7227,0.64706
1,0.96003,0.02871,7.2574e-07,0.095238,0.13193,0.86944,0.64706
1,1,0,0,0.095238,0.24239,0.94822,0.64706
1,0.38038,0.62654,3.7652e-07,0.095238,0.13202,0.7227,0.65546
1,0.053496,0.97117,3.0995e-07,0.095238,0.14329,0.74904,0.65546
1,0.018653,0.98802,3.25e-07,0.46558,0.036807,0.77648,0.65546
1,0,1,0,0.26827,0.18173,0.86944,0.65546
1,0.081364,0.95018,2.0055e-06,0.36991,0.36627,0.90616,0.65546
1,0.21994,0.82331,0.00010327,0.095238,0.248,0.94822,0.65546
1,0.36764,0.64157,0.0036504,0.095238,0.032806,0.69726,0.66387
1,0.84112,0.085643,0.0017245,0.095238,0.17935,0.7227,0.66387
1,0.93445,0.040896,0.00069911,0.53116,0.19766,0.74904,0.66387
1,0.9804,0.014384,0.00014383,0,0.036807,0.77648,0.66387
1,0.97716,0.016336,1.3198e-06,0.026019,0.021091,0.8362,0.66387
1,0.8966,0.078607,6.9849e-06,0.30845,0.40266,0.90616,0.66387
1,0.45098,0.54066,3.2037e-07,0.3162,0.25275,0.94822,0.66387
1,0,1,0,0.095238,0.031365,1,0.66387
1,0,1,0,0.46651,0.073259,0.69726,0.67227
1,0.056062,0.96234,5.2456e-07,0.49773,0.22355,0.7227,0.67227
1,0.10525,0.93401,2.5551e-07,0.2603,0.2337,0.74904,0.67227
1,0.27138,0.76857,8.1753e-05,0.095238,0.092913,0.77648,0.67227
1,0.46725,0.51689,0.0014148,0.095238,0.11048,0.8362,0.67227
1,0.8518,0.079105,0.0012998,0.095238,0.23759,0.86944,0.67227
1,0.96997,0.020715,3.3032e-05,0.2764,0.44418,0.90616,0.67227
1,1,0,0,0.27474,0.27091,0.94822,0.67227
1,1,0,0,0.095238,0.079429,1,0.67227
1,0.98309,0.013543,1.0386e-05,0.39352,0.073259,0.69726,0.68067
1,0.92619,0.057159,9.7404e-07,0.28913,0.22355,0.7227,0.68067
1,0.51008,0.47721,9.1087e-08,0.55404,0.28997,0.74904,0.68067
1,0.10718,0.92613,1.1212e-06,0.095238,0.17486,0.77648,0.68067
1,0.021647,0.99003,4.2087e-08,0.095238,0.11737,0.80542,0.68067
1,0.042945,0.97616,1.8783e-07,0.095238,0.20394,0.8362,0.68067
1,0.12485,0.91597,3.1796e-07,0.095238,0.28888,0.86944,0.68067
1,0.37889,0.65438,3.1578e-05,0.095238,0.47067,0.90616,0.68067
1,0.57068,0.39763,0.00073966,0.095238,0.30001,0.94822,0.68067
1,0.86579,0.070315,0.00096907,0.095238,0.075156,1,0.68067
1,0.25385,0.013692,0.46264,0.095238,0.076222,0.64844,0.68908
1,0.96416,0.025947,0.00015297,0.095238,0.083106,0.67255,0.68908
1,0.98189,0.013636,0.00036037,0.6768,0.12229,0.69726,0.68908
1,0.99155,0.007693,0.00010942,0.53876,0.24345,0.7227,0.68908
1,1,0,0,0.24564,0.27284,0.77648,0.68908
1,0.94054,0.050938,5.3587e-07,0.095238,0.28458,0.8362,0.68908
1,0.50009,0.5028,1.5367e-08,0.095238,0.35582,0.86944,0.68908
1,0.091548,0.94427,3.1069e-07,0.095238,0.51015,0.90616,0.68908
1,0,1,0,0.095238,0.33719,0.94822,0.68908
1,0.063573,0.95864,2.5317e-08,0.095238,0.071451,1,0.68908
1,0.16816,0.8773,7.4945e-07,0.48128,0.067569,0.57878,0.69748
1,0.43948,0.58961,9.1066e-05,0.095238,0.091827,0.64844,0.69748
1,0.66828,0.29621,0.00048657,0.095238,0.1927,0.67255,0.69748
1,0.8848,0.056671,0.00090813,0.095238,0.23086,0.69726,0.69748
1,0.29841,0.01137,0.38042,1,0.31054,0.7227,0.69748
1,0,1,0,1,0.43574,0.74904,0.69748
1,0.93955,0.055109,2.5123e-05,0.40527,0.36638,0.77648,0.69748
1,0.9672,0.028662,0.00022666,0.095238,0.31786,0.80542,0.69748
1,1,0,0,0.095238,0.36217,0.8362,0.69748
1,0.99409,0.0053666,4.9454e-05,0.095238,0.43112,0.86944,0.69748
1,1,0,0,0.095238,0.55983,0.90616,0.69748
1,1,0,0,0.095238,0.38,0.94822,0.69748
1,0.58453,0.42174,1.5807e-08,0.095238,0.071451,1,0.69748
1,0.081907,0.94785,4.7095e-06,0.095238,0.15974,0.57878,0.70588
1,0.031983,0.98112,2.4427e-06,0.327,0.14795,0.60171,0.70588
1,0.11078,0.90982,4.7513e-08,0.095238,0.11271,0.62485,0.70588
1,0.31265,0.731,1.5855e-07,0.095238,0.13785,0.64844,0.70588
1,0.54019,0.48306,0.00015738,0.095238,0.25557,0.67255,0.70588
1,0.75686,0.20658,0.00044746,0.79425,0.34695,0.69726,0.70588
1,0.90822,0.039201,0.0012798,1,0.40182,0.7227,0.70588
1,0.32035,0.010983,0.33797,1,0.50258,0.74904,0.70588
1,0.98916,0.0057671,3.3758e-05,0.76891,0.46069,0.77648,0.70588
1,1,0,0,0.095238,0.4473,0.8362,0.70588
1,1,0,0,0.095238,0.51099,0.86944,0.70588
1,1,0,0,0.095238,0.61718,0.90616,0.70588
1,1,0,0,0.095238,0.38386,0.94822,0.70588
1,1,0,0,0.095238,0.082064,1,0.70588
1,0.99407,0.0041956,0.00022602,0.095238,0.071055,0.57878,0.71429
1,1,0,0,0.095238,0.17695,0.60171,0.71429
1,1,0,0,0.095238,0.23714,0.62485,0.71429
1,1,0,0,0.095238,0.24757,0.64844,0.71429
1,0.63551,0.36908,1.2693e-07,0.46631,0.32667,0.67255,0.71429
1,0,1,0,1,0.50428,0.7227,0.71429
1,0,1,0,1,0.58492,0.74904,0.71429
1,0.13818,0.86896,1.7596e-06,0.28571,0.55799,0.77648,0.71429
1,0.41417,0.60626,5.5369e-07,0.095238,0.51809,0.80542,0.71429
1,0.64857,0.35859,0.0004155,0.095238,0.64248,0.90616,0.71429
1,0.83247,0.12988,0.00067709,0.095238,0.39465,0.94822,0.71429
1,0.92661,0.027326,0.0016972,0.095238,0.11509,1,0.71429
1,0.35056,0.010048,0.29571,0,0.0276,0.57878,0.72269
1,1,0,0,0.095238,0.099745,0.60171,0.72269
1,0.99048,0.0059131,5.2874e-05,0.095238,0.1956,0.62485,0.72269
1,1,0,0,0.095238,0.29296,0.64844,0.72269
1,1,0,0,0.94624,0.41236,0.67255,0.72269
1,1,0,0,1,0.51411,0.69726,0.72269
1,0.97182,0.026367,0.00011776,1,0.61229,0.7227,0.72269
1,0.98867,0.0082034,0.00023698,0.99848,0.67708,0.74904,0.72269
1,0.99318,0.0037717,0.00035026,0.28571,0.65688,0.77648,0.72269
1,1,0,0,0.3822,0.61799,0.80542,0.72269
1,1,0,0,0.095238,0.62745,0.8362,0.72269
1,1,0,0,0.095238,0.67761,0.86944,0.72269
1,0.7417,0.24641,3.399e-07,0.095238,0.65578,0.90616,0.72269
1,0,1,0,0.095238,0.41282,0.94822,0.72269
1,0,1,0,0.095238,0.13622,1,0.72269
1,0.23125,0.74373,3.1354e-06,0.095238,0.025212,0.60171,0.73109
1,0.48914,0.50646,2.9196e-06,0.095238,0.10356,0.62485,0.73109
1,0.74336,0.24475,0.0015961,0.095238,0.23147,0.64844,0.73109
1,0.88136,0.08504,0.0014114,1,0.32667,0.67255,0.73109
1,0.9402,0.019697,0.0020833,1,0.42908,0.69726,0.73109
1,0.36718,0.010326,0.26598,1,0.5548,0.7227,0.73109
1,1,0,0,1,0.69615,0.74904,0.73109
1,1,0,0,0.28571,0.75664,0.77648,0.73109
1,1,0,0,0.095238,0.71982,0.8362,0.73109
1,0.9806,0.013434,0.00019586,0.095238,0.76264,0.86944,0.73109
1,1,0,0,0.095238,0.67429,0.90616,0.73109
1,0.99543,0.0024009,0.00012724,0.095238,0.16695,1,0.73109
1,1,0,0,0.095238,0.064147,0.62485,0.7395
1,1,0,0,0.10372,0.13785,0.64844,0.7395
1,1,0,0,1,0.23826,0.67255,0.7395
1,0.86615,0.11341,1.0186e-06,1,0.36601,0.69726,0.7395
1,0.35894,0.56755,9.3442e-05,1,0.66146,0.74904,0.7395
1,0.28594,0.64986,3.7905e-05,0.54916,0.82257,0.77648,0.7395
1,0.3649,0.56744,3.4813e-06,0.38335,0.81722,0.80542,0.7395
1,0.60316,0.36908,9.2888e-06,0.12236,0.84823,0.86944,0.7395
1,1,0,0,0.095238,0.69755,0.90616,0.7395
1,1,0,0,0.095238,0.46664,0.94822,0.7395
1,0.94972,0.01495,0.0023598,0.095238,0.20449,1,0.7395
1,0.39707,0.0095966,0.23303,0.10396,0.049621,0.64844,0.7479
1,1,0,0,1,0.19026,0.67255,0.7479
1,0.99245,0.0084744,0.00017793,1,0.3375,0.69726,0.7479
1,1,0,0,1,0.48949,0.7227,0.7479
1,0.99559,0.0023903,4.4473e-05,1,0.64707,0.74904,0.7479
1,1,0,0,0.43645,0.90636,0.8362,0.7479
1,1,0,0,0.2228,0.93177,0.86944,0.7479
1,0.96695,0.024526,9.2816e-05,0.095238,0.72506,0.90616,0.7479
1,0.92492,0.055738,4.1434e-06,0.095238,0.49161,0.94822,0.7479
1,0.67045,0.24262,5.676e-05,0.095238,0.24098,1,0.7479
1,0.52906,0.36604,2.6254e-05,0.4979,0.064147,0.62485,0.7563
1,0.52352,0.38637,3.3253e-06,1,0.35205,0.69726,0.7563
1,0.73801,0.21613,1.3334e-05,1,0.49935,0.7227,0.7563
1,0.89225,0.069868,0.0014321,1,0.6543,0.74904,0.7563
1,1,0,0,0.95732,0.81705,0.77648,0.7563
1,0.95631,0.011865,0.0026284,0.5033,0.98891,0.80542,0.7563
1,0.42671,0.0089773,0.20433,0.1965,1,0.8362,0.7563
1,0.78466,0.023994,0.0058539,0.095238,0.95939,0.86944,0.7563
1,0.78361,0.044197,0.0024216,0.25156,0.75173,0.90616,0.7563
1,0.81814,0.050745,0.0014784,0.095238,0.52105,0.94822,0.7563
1,0.99221,0.0057251,0.00022976,0.095238,0.2778,1,0.7563
1,1,0,0,0.095238,0.046554,0,0.76471
1,0.99336,0.0073804,0.00028011,0.095238,0.042677,0.62485,0.76471
1,1,0,0,0.82538,0.17944,0.64844,0.76471
1,0.99488,0.0023215,0.0005512,1,0.296,0.67255,0.76471
1,0.98959,0.0045135,0.00069652,1,0.53695,0.7227,0.76471
1,0.98072,0.010728,4.0996e-05,0.73003,0.68249,0.74904,0.76471
1,0.93156,0.044457,4.3915e-05,0.82804,0.83891,0.77648,0.76471
1,0.82446,0.12159,0.00012465,0.30043,0.9438,0.8362,0.76471
1,0.68603,0.22325,2.5193e-05,0.095238,0.98596,0.86944,0.76471
1,0.67698,0.24418,4.1521e-06,0.095238,0.77914,0.90616,0.76471
1,0.82363,0.12857,3.2518e-05,0.095238,0.55417,0.94822,0.76471
1,0.92222,0.041154,0.00096278,0.095238,0.29358,1,0.76471
1,0.93992,0.025986,0.0020702,0.2131,0.062842,0,0.77311
1,0.9604,0.0099795,0.0029059,0.095238,0.065972,0.60171,0.77311
1,0.45591,0.0084485,0.17949,0.095238,0.11271,0.62485,0.77311
1,0.7694,0.03547,0.004058,1,0.32891,0.67255,0.77311
1,0.74669,0.076221,0.0016311,0.82899,0.69615,0.74904,0.77311
1,0.78566,0.081199,0.0010757,0.54894,0.77582,0.77648,0.77311
1,0.88144,0.038507,0.0013655,0.22091,0.79719,0.80542,0.77311
1,1,0,0,0.40882,0.85733,0.8362,0.77311
1,0.99517,0.0021071,0.00023302,0.54388,0.95726,0.86944,0.77311
1,1,0,0,0.095238,0.80981,0.90616,0.77311
1,1,0,0,0.095238,0.57285,0.94822,0.77311
1,0.9968,0.0012663,0.00037744,0.095238,0.27249,1,0.77311
1,1,0,0,0.1674,0.062842,0,0.78151
1,1,0,0,0.095238,0.031121,0.5112,0.78151
1,0.95892,0.022545,0.00039356,0.76419,0.15323,0.64844,0.78151
1,0.87696,0.079235,0.00035841,0.64494,0.66146,0.74904,0.78151
1,0.81227,0.12951,4.0261e-05,0.095238,0.77408,0.8362,0.78151
1,0.8299,0.12407,5.2199e-06,0.47519,0.88942,0.86944,0.78151
1,0.88353,0.07571,7.6395e-05,0.095238,0.81453,0.90616,0.78151
1,0.94938,0.021828,0.00057256,0.095238,0.56377,0.94822,0.78151
1,0.94652,0.01798,0.0015256,0.095238,0.25745,1,0.78151
1,0.96184,0.0092333,0.0030614,0.16739,0.062842,0,0.78992
1,0.48449,0.0079948,0.15809,0.095238,0.069841,0.5112,0.78992
1,0.7961,0.029766,0.0050921,0.095238,0.12051,0.60171,0.78992
1,0.76413,0.068385,0.0021457,0.095238,0.055978,0.62485,0.78992
1,0.76376,0.10761,0.0010675,0.095238,0.049621,0.64844,0.78992
1,0.87432,0.046223,0.0013495,0.5813,0.5716,0.74904,0.78992
1,1,0,0,0.095238,0.69532,0.8362,0.78992
1,1,0,0,0.23723,0.82722,0.86944,0.78992
1,1,0,0,0.095238,0.81078,0.90616,0.78992
1,0.99168,0.0027248,0.0018107,0.095238,0.55918,0.94822,0.78992
1,0.99087,0.0034341,0.00018055,0.095238,0.24958,1,0.78992
1,1,0,0,0.095238,0.062842,0,0.79832
1,0.93236,0.041367,0.0010404,0.095238,0.035102,0.57878,0.79832
1,0.88727,0.073888,9.9835e-05,0.095238,0.049621,0.64844,0.79832
1,0.88594,0.077698,2.7031e-05,0.71652,0.46266,0.74904,0.79832
1,0.94731,0.029553,4.9803e-05,0.28571,0.45906,0.77648,0.79832
1,0.954,0.017702,0.0017578,0.40624,0.51484,0.80542,0.79832
1,0.94914,0.012919,0.0019884,0.095238,0.62288,0.8362,0.79832
1,0.96064,0.0094768,0.003201,0.1777,0.77033,0.86944,0.79832
1,0.51227,0.0076041,0.13973,0.095238,0.24869,1,0.79832
1,0.81779,0.025342,0.0078279,0.095238,0.062842,0,0.80672
1,0.7812,0.06165,0.0031662,0.095238,0.11357,0.4888,0.80672
1,0.73632,0.14406,0.001108,0,0.077236,0.64844,0.80672
1,0.84956,0.072909,0.00092633,0.095238,0.41863,0.7227,0.80672
1,0.93422,0.026088,0.0009365,0.60803,0.35413,0.74904,0.80672
1,0.99715,0.0022956,0.00024993,0.6916,0.35509,0.77648,0.80672
1,1,0,0,0.6135,0.42997,0.80542,0.80672
1,1,0,0,0.095238,0.55931,0.8362,0.80672
1,1,0,0,0.21919,0.69195,0.86944,0.80672
1,1,0,0,0.2826,0.73331,0.90616,0.80672
1,1,0,0,0.095238,0.24869,1,0.80672
1,1,0,0,0.095238,0.062842,0,0.81513
1,0.94048,0.035103,0.00029495,0.095238,0.050763,0.19458,0.81513
1,0.93243,0.041578,0.00013423,0.095238,0.09366,0.22352,0.81513
1,0.94575,0.028249,0.00036938,0.095238,0.089295,0.25096,0.81513
1,0.96118,0.013371,0.0039885,0.095238,0.033329,0.44392,0.81513
1,0.94195,0.011167,0.0041749,0.095238,0.11357,0.4888,0.81513
1,0.96358,0.0087136,0.00302,0.095238,0.10242,0.67255,0.81513
1,0.53909,0.0072667,0.12402,0.095238,0.24135,0.69726,0.81513
1,0.78301,0.066992,0.003805,0.095238,0.32881,0.7227,0.81513
1,0.71861,0.1685,0.0013618,0.095238,0.24675,0.74904,0.81513
1,0.81593,0.1194,0.00073843,0.57262,0.25389,0.77648,0.81513
1,0.92497,0.037323,0.0006317,0.40893,0.35565,0.80542,0.81513
1,1,0,0,0.095238,0.50249,0.8362,0.81513
1,1,0,0,0.14847,0.6142,0.86944,0.81513
1,0.96723,0.01614,0.0012211,0.19159,0.66273,0.90616,0.81513
1,0.95396,0.024658,0.0009034,0.095238,0.55918,0.94822,0.81513
1,0.95413,0.021889,0.0013454,0.095238,0.24958,1,0.81513
1,0.96264,0.012283,0.014674,0.095238,0.062842,0,0.82353
1,0.9203,0.011744,0.014032,0.095238,0.12671,0.19458,0.82353
1,0.95807,0.010171,0.0049064,0.095238,0.19604,0.22352,0.82353
1,0.57812,0.0062516,0.10668,0.095238,0.17389,0.25096,0.82353
1,0.78149,0.076167,0.0041819,0.095238,0.049046,0.2773,0.82353
1,0.68938,0.20804,0.0017457,0.26449,0.070053,0.5112,0.82353
1,0.79608,0.15433,0.00079173,0.095238,0.059563,0.67255,0.82353
1,0.9284,0.036629,0.00073573,0.095238,0.14329,0.74904,0.82353
1,1,0,0,0.095238,0.16099,0.77648,0.82353
1,1,0,0,0.2603,0.29841,0.80542,0.82353
1,1,0,0,0.28229,0.44292,0.8362,0.82353
1,1,0,0,0.095238,0.54073,0.86944,0.82353
1,1,0,0,0.24593,0.59075,0.90616,0.82353
1,1,0,0,0.095238,0.52717,0.94822,0.82353
1,1,0,0,0.095238,0.25745,1,0.82353
1,1,0,0,0.095238,0.062842,0,0.83193
1,0.94361,0.014864,0.010614,0.095238,0.082898,0.19458,0.83193
1,0.6023,0.0060256,0.095647,0.095238,0.14896,0.22352,0.83193
1,0.77106,0.096781,0.0034843,0.095238,0.21059,0.25096,0.83193
1,0.63359,0.28797,0.0022152,0.095238,0.073427,0.2773,0.83193
1,0.78712,0.17626,0.00095316,0.095238,0.065158,0.69726,0.83193
1,0.9245,0.044428,0.00067715,0.095238,0.1066,0.7227,0.83193
1,0.97022,0.014464,0.00055222,0.095238,0.10244,0.77648,0.83193
1,1,0,0,0.095238,0.24145,0.80542,0.83193
1,0.9978,0.0006728,4.7563e-05,0.095238,0.36217,0.8362,0.83193
1,1,0,0,0.42887,0.47366,0.86944,0.83193
1,1,0,0,0.095238,0.51821,0.90616,0.83193
1,0.99597,0.0015782,0.0010153,0.095238,0.46147,0.94822,0.83193
1,1,0,0,0.095238,0.27249,1,0.83193
1,0.97628,0.0093271,0.010506,0.095238,0.062842,0,0.84034
1,1,0,0,0.030438,0.01836,0.19458,0.84034
1,0.9763,0.0029385,0.060535,0.095238,0.092913,0.22352,0.84034
1,0.89235,0.0057381,0.08521,0.095238,0.24713,0.25096,0.84034
1,1,0,0,0.095238,0.1627,0.2773,0.84034
1,0.62507,0.0058306,0.086249,0.095238,0.073259,0.30274,0.84034
1,0.87861,0.028828,0.0066417,0,0.032299,0.46639,0.84034
1,0.76814,0.11624,0.0027129,0.095238,0.18066,0.80542,0.84034
1,0.54981,0.41194,0.0032673,0.095238,0.28222,0.8362,0.84034
1,0.81466,0.14284,0.0015647,0.095238,0.41623,0.86944,0.84034
1,0.93967,0.030885,0.0011024,0.095238,0.44375,0.90616,0.84034
1,0.97431,0.011809,0.00066168,0.095238,0.39572,0.94822,0.84034
1,0.99832,0.00039349,0.00010654,0.24985,0.29307,1,0.84034
1,1,0,0,0.095238,0.062842,0,0.84874
1,1,0,0,0.095238,0.078702,0.22352,0.84874
1,0.9963,0.0014295,0.00087993,0.095238,0.2419,0.25096,0.84874
1,1,0,0,0.095238,0.26184,0.2773,0.84874
1,1,0,0,0.095238,0.15666,0.30274,0.84874
1,0.98061,0.003456,0.018169,0.095238,0.099014,0.80542,0.84874
1,0.96442,0.0020176,0.15021,0.095238,0.20633,0.8362,0.84874
1,0.90648,0.0020726,0.12172,0.095238,0.37301,0.86944,0.84874
1,0.93464,0.014172,0.025308,0.095238,0.36929,0.90616,0.84874
1,0.64639,0.0056628,0.078241,0.095238,0.33006,0.94822,0.84874
1,0.88662,0.035625,0.0054594,0.21972,0.29378,1,0.84874
1,0.76798,0.14204,0.001741,0.16732,0.062842,0,0.85714
1,0,1,0,0.095238,0.078702,0.22352,0.85714
1,0.84385,0.11453,0.003214,0.095238,0.2419,0.25096,0.85714
1,0.94976,0.023614,0.0015796,0.095238,0.31211,0.2773,0.85714
1,1,0,0,0.095238,0.16055,0.30274,0.85714
1,1,0,0,0.095238,0.30012,1,0.85714
1,1,0,0,0.16731,0.062842,0,0.86555
1,1,0,0,0.095238,0.12237,0.22352,0.86555
1,0.9484,0.0016043,0.33672,0.095238,0.27176,0.25096,0.86555
1,0.89255,0.001254,0.20522,0.095238,0.34105,0.2773,0.86555
1,1,0,0,0.095238,0.21275,0.30274,0.86555
1,0.66619,0.0055191,0.071408,0.095238,0.11778,0.32745,0.86555
1,0.91417,0.028137,0.0085667,0.25652,0.069841,0.5112,0.86555
1,0.82333,0.099444,0.00153,0.095238,0.026657,0.74904,0.86555
1,0.60862,0.38269,0.0021048,0.095238,0.12506,0.8362,0.86555
1,1,0,0,0.59616,0.21729,0.90616,0.86555
1,0.95966,0.016899,0.0022075,0.095238,0.20034,0.94822,0.86555
1,0.99517,0.0047065,0.00073473,0.1673,0.062842,0,0.87395
1,1,0,0,0.095238,0.061959,0.19458,0.87395
1,1,0,0,0.095238,0.17146,0.22352,0.87395
1,0.82322,0.0016745,0.32991,0.095238,0.3115,0.25096,0.87395
1,0.93837,0.0070103,0.022141,0.095238,0.28477,0.2773,0.87395
1,0.68447,0.0053971,0.065558,0.095238,0.15253,0.30274,0.87395
1,1,0,0,0.095238,0.10242,0.32745,0.87395
1,0.8688,0.070766,0.0010858,0.31925,0.03166,0.5112,0.87395
1,0.77012,0.17851,0.0011813,0.095238,0.031265,0.74904,0.87395
1,0.9003,0.060934,0.0035826,0.095238,0.12899,0.86944,0.87395
1,0.96326,0.015342,0.0016433,0.19226,0.1409,0.90616,0.87395
1,1,0,0,0.29318,0.13829,0.94822,0.87395
1,1,0,1,0.095238,0.26942,1,0.87395
1,1,0,0,0.16729,0.062842,0,0.88235
1,1,0,1,0.095238,0.11569,0.19458,0.88235
1,0,0,1,0.095238,0.25583,0.22352,0.88235
1,0.93726,0.0055819,0.018381,0.095238,0.24345,0.2773,0.88235
1,0.68989,0.0059053,0.062638,0.095238,0.11662,0.30274,0.88235
1,0.95488,0.0071215,0.0059883,0.095238,0.064822,0.90616,0.88235
1,1,0,0,0.47915,0.084268,0.94822,0.88235
1,0.89725,0.058466,0.0006838,0.16727,0.062842,0,0.89076
1,0.8703,0.07289,0.00091357,0.095238,0.061959,0.19458,0.89076
1,0.93552,0.029024,0.0025917,0.095238,0.2161,0.22352,0.89076
1,0.99357,0.0039095,0.00098094,0.095238,0.37785,0.25096,0.89076
1,1,0,0,0.095238,0.073259,0.30274,0.89076
1,1,0,0,0.14435,0.025212,0.39829,0.89076
1,0.68014,0.001476,0.49051,0.51037,0.063984,0.94822,0.89076
1,0.93049,0.0059946,0.018136,0.095238,0.22084,1,0.89076
1,0.71578,0.0048514,0.063529,0.16725,0.062842,0,0.89916
1,0.93796,0.003996,0.011897,0.095238,0.2161,0.22352,0.89916
1,0.96245,0.0062159,0.0052898,0.095238,0.2919,0.25096,0.89916
1,1,0,0,0.095238,0.19121,0.2773,0.89916
1,0.93717,0.028472,0.00064875,0.095238,0.10288,0.30274,0.89916
1,0.92866,0.028023,0.00096461,0.095238,0.20773,1,0.89916
1,1,0,0,0.095238,0.062842,0,0.90756
1,0.64007,0.00094658,0.49562,0.095238,0.076234,0.1638,0.90756
1,0.92237,0.0074093,0.025776,0.095238,0.2602,0.22352,0.90756
1,1,0,0,0.095238,0.20619,0.25096,0.90756
1,0.964,0.011764,0.00098721,0.095238,0.10676,0.2773,0.90756
1,0.95917,0.011632,0.0013043,0.31918,0.022496,0.37515,0.90756
1,0.58645,0.00082282,0.57703,0.43414,0.063984,0.94822,0.90756
1,1,0,0,0.095238,0.20432,1,0.90756
1,1,0,0,0.095238,0.031365,0,0.91597
1,1,0,0,0.095238,0.038333,0.13056,0.91597
1,0,0,1,0.095238,0.076234,0.1638,0.91597
1,1,0,0,0.095238,0.19503,0.22352,0.91597
1,0.90592,0.0060588,0.030424,0.095238,0.11639,0.25096,0.91597
1,0.88441,0.0054915,0.031011,0.34602,0.071391,0.94822,0.91597
1,1,0,0,0.095238,0.18163,1,0.91597
1,0.88789,0.0039368,0.024953,0.095238,0.089307,0.22352,0.92437
1,0,0,1,0.095238,0.031265,0.25096,0.92437
1,0.91603,0.0019941,0.026157,0.24251,0.037957,0.94822,0.92437
1,1,0,0,0.31267,0.15997,1,0.94118
1,0.89325,0.0026763,0.028479,0.1636,0.15997,1,0.94958
1,0.9129,0.0019167,0.024697,0.24772,0.15775,1,0.95798
1,1,0,0,0.54702,0.12365,1,0.96639
1,0.91795,0.0017431,0.027939,0.22815,0.107,1,0.97479
1,0.95598,0.004044,0.0081809,0.44836,0.107,1,0.98319
1,1,0,0,0.40498,0.076142,1,0.9916
1,1,0,0,0.3198,0.043811,0.13056,1
1,0.99065,0.0016533,0.00050895,0,0.038656,0.32745,1
1,0.91165,0.0020474,0.028988,0.23692,0.062842,1,1
