-45.32,-178.5,0,0,0
-13.71,-178.5,0,0,0
67.4,-178.5,0.50009,0.49864,0.50107
67.4,-175.5,0,0,0
67.4,-172.5,0,0,0
67.4,-169.5,0.50008,0.49867,0.50095
67.4,-166.5,0.50006,0.4987,0.50092
67.4,-163.5,0.50002,0.49875,0.5009
67.4,-160.5,0.49996,0.49883,0.5009
67.4,-157.5,0.49988,0.49897,0.50092
60.42,-154.5,0.49995,0.49877,0.50096
67.4,-154.5,0.4998,0.49913,0.50096
60.42,-151.5,0,0,0
67.4,-151.5,0.49982,0.49902,0.50091
67.4,-148.5,0.49983,0.49896,0.50087
67.4,-145.5,0,0,0
67.4,-142.5,0,0,0
67.4,-139.5,0,0,0
67.4,-136.5,0,0,0
67.4,-133.5,0,0,0
60.42,-130.5,0,0,0
67.4,-130.5,0,0,0
60.42,-127.5,0.50043,0.4981,0.50011
67.4,-127.5,0.49972,0.49888,0.50031
54.75,-124.5,0.50038,0.49845,0.50009
60.42,-124.5,0,0,0
67.4,-124.5,0.49972,0.49885,0.50022
54.75,-121.5,0,0,0
60.42,-121.5,0.50021,0.49922,0.50024
67.4,-121.5,0.49953,0.49945,0.50026
45.32,-118.5,0.49972,0.49877,0.50059
49.8,-118.5,0.50018,0.4984,0.50015
54.75,-118.5,0.50056,0.49836,0.49992
60.42,-118.5,0.50007,0.49989,0.50031
67.4,-118.5,0.49944,0.49984,0.50025
41.17,-115.5,0,0,0
45.32,-115.5,0.49956,0.4993,0.50073
49.8,-115.5,0,0,0
54.75,-115.5,0.50049,0.49876,0.49993
60.42,-115.5,0.5001,0.50002,0.50025
67.4,-115.5,0.49947,0.49996,0.50017
33.57,-112.5,0,0,0
37.27,-112.5,0,0,0
41.17,-112.5,0,0,0
45.32,-112.5,0,0,0
49.8,-112.5,0.50027,0.49855,0.5002
54.75,-112.5,0,0,0
60.42,-112.5,0.50011,0.50016,0.50019
67.4,-112.5,0.49954,0.50003,0.50007
30.02,-109.5,0.50028,0.50021,0.50098
33.57,-109.5,0,0,0
37.27,-109.5,0,0,0
41.17,-109.5,0.49978,0.49857,0.50081
45.32,-109.5,0,0,0
49.8,-109.5,0.50001,0.49953,0.50045
54.75,-109.5,0.50005,0.50035,0.50018
60.42,-109.5,0.5001,0.50029,0.50012
67.4,-109.5,0.4996,0.50011,0.49998
26.59,-106.5,0.50047,0.50038,0.50084
30.02,-106.5,0.50084,0.49889,0.50069
33.57,-106.5,0,0,0
37.27,-106.5,0,0,0
41.17,-106.5,0,0,0
45.32,-106.5,0,0,0
49.8,-106.5,0.49979,0.50044,0.50069
54.75,-106.5,0.50001,0.50058,0.50019
60.42,-106.5,0.50006,0.50043,0.50005
67.4,-106.5,0.49965,0.50021,0.4999
26.59,-103.5,0.50105,0.49899,0.50049
30.02,-103.5,0,0,0
33.57,-103.5,0,0,0
37.27,-103.5,0.4997,0.49972,0.50122
41.17,-103.5,0.49949,0.49956,0.50115
45.32,-103.5,0.49956,0.50015,0.50111
49.8,-103.5,0.4998,0.50066,0.50078
54.75,-103.5,0.49993,0.50079,0.50021
60.42,-103.5,0.49998,0.5006,0.50001
67.4,-103.5,0.49969,0.50032,0.49983
23.26,-100.5,0.50105,0.49872,0.50034
26.59,-100.5,0.50106,0.49908,0.50048
30.02,-100.5,0.50081,0.49922,0.5007
33.57,-100.5,0.50004,0.50019,0.50118
37.27,-100.5,0,0,0
41.17,-100.5,0.49946,0.49982,0.50123
45.32,-100.5,0,0,0
49.8,-100.5,0.49981,0.50085,0.50086
54.75,-100.5,0.49982,0.50099,0.50024
60.42,-100.5,0.49986,0.50078,0.5
67.4,-100.5,0.49971,0.50044,0.49978
20.01,-97.5,0.50078,0.49892,0.50042
23.26,-97.5,0.50105,0.49874,0.5003
26.59,-97.5,0.50094,0.4993,0.50041
30.02,-97.5,0.50043,0.50024,0.50082
33.57,-97.5,0.5001,0.50005,0.50106
37.27,-97.5,0,0,0
41.17,-97.5,0,0,0
45.32,-97.5,0.4997,0.50033,0.50117
49.8,-97.5,0.49982,0.50102,0.50093
54.75,-97.5,0.49969,0.50117,0.50029
60.42,-97.5,0.49971,0.50098,0.50002
67.4,-97.5,0.49971,0.50057,0.49975
16.83,-94.5,0,0,0
20.01,-94.5,0,0,0
33.57,-94.5,0.50014,0.49992,0.50093
37.27,-94.5,0.49979,0.4997,0.50102
41.17,-94.5,0.49967,0.49969,0.50105
45.32,-94.5,0,0,0
49.8,-94.5,0.49981,0.50117,0.501
54.75,-94.5,0.49954,0.50134,0.50034
60.42,-94.5,0.49954,0.50117,0.50007
67.4,-94.5,0.49969,0.5007,0.49974
16.83,-91.5,0.50036,0.4996,0.50063
33.57,-91.5,0.50018,0.49982,0.50082
37.27,-91.5,0.49984,0.49967,0.50094
41.17,-91.5,0.49977,0.4997,0.50097
45.32,-91.5,0.49994,0.50028,0.50104
49.8,-91.5,0.49981,0.5012,0.50098
54.75,-91.5,0.49939,0.50148,0.50041
60.42,-91.5,0.4994,0.50125,0.50007
67.4,-91.5,0.49967,0.5007,0.49966
16.83,-88.5,0.5005,0.49919,0.50052
33.57,-88.5,0.50018,0.49983,0.50077
37.27,-88.5,0.49989,0.49973,0.50088
41.17,-88.5,0.49987,0.49976,0.5009
45.32,-88.5,0.50004,0.50029,0.50097
49.8,-88.5,0.49985,0.50103,0.50083
54.75,-88.5,0.49926,0.50151,0.50042
60.42,-88.5,0.4993,0.50121,0.50002
67.4,-88.5,0.49965,0.50069,0.49959
13.71,-85.5,0,0,0
16.83,-85.5,0.50041,0.49942,0.50053
23.26,-85.5,0.50042,0.50002,0.50046
30.02,-85.5,0,0,0
33.57,-85.5,0.50017,0.49991,0.50075
37.27,-85.5,0.49994,0.49982,0.50083
41.17,-85.5,0.49996,0.49985,0.50083
45.32,-85.5,0.50015,0.50021,0.50083
49.8,-85.5,0.49988,0.50086,0.50067
54.75,-85.5,0.4992,0.50137,0.50034
60.42,-85.5,0.49922,0.50114,0.49999
67.4,-85.5,0.49963,0.50065,0.49954
10.62,-82.5,0,0,0
33.57,-82.5,0.5003,0.49953,0.50055
37.27,-82.5,0.5,0.49983,0.50072
41.17,-82.5,0.50008,0.49982,0.50067
45.32,-82.5,0.50025,0.50008,0.50062
49.8,-82.5,0.4999,0.5007,0.50052
54.75,-82.5,0.49916,0.50123,0.50027
60.42,-82.5,0.49918,0.50106,0.49997
67.4,-82.5,0.49961,0.50058,0.49948
37.27,-79.5,0.50023,0.49933,0.50044
41.17,-79.5,0.50018,0.49974,0.50047
45.32,-79.5,0.50033,0.49997,0.50042
49.8,-79.5,0.49993,0.50056,0.50038
54.75,-79.5,0.49916,0.50109,0.50021
60.42,-79.5,0.49917,0.50096,0.49996
67.4,-79.5,0.4996,0.50046,0.49941
-4.53,-76.5,0.50031,0.49835,0.50111
-1.51,-76.5,0.50051,0.49839,0.50117
20.01,-76.5,0,0,0
37.27,-76.5,0.50041,0.49893,0.5002
41.17,-76.5,0.50028,0.49965,0.50028
45.32,-76.5,0.50039,0.49989,0.50024
49.8,-76.5,0.49996,0.50042,0.50023
54.75,-76.5,0.4992,0.50095,0.50017
60.42,-76.5,0.4992,0.50083,0.49994
67.4,-76.5,0.4996,0.50032,0.49934
-10.62,-73.5,0.5001,0.4984,0.50125
-7.56,-73.5,0,0,0
-4.53,-73.5,0,0,0
-1.51,-73.5,0.50018,0.49946,0.50143
1.51,-73.5,0.50046,0.49913,0.5013
4.53,-73.5,0.50045,0.49939,0.50125
16.83,-73.5,0,0,0
20.01,-73.5,0,0,0
41.17,-73.5,0.50052,0.49904,0.49998
45.32,-73.5,0.50042,0.49983,0.50009
49.8,-73.5,0.49999,0.50032,0.50011
54.75,-73.5,0.49927,0.50084,0.50014
60.42,-73.5,0.49927,0.50069,0.49992
67.4,-73.5,0.49961,0.50015,0.49926
-67.4,-70.5,0.49948,0.4971,0.50584
-54.75,-70.5,0,0,0
-49.8,-70.5,0,0,0
-45.32,-70.5,0,0,0
-37.27,-70.5,0.49934,0.49872,0.5032
-13.71,-70.5,0.50038,0.4979,0.50145
-10.62,-70.5,0.49976,0.49961,0.50154
-7.56,-70.5,0.49976,0.49979,0.50141
-4.53,-70.5,0.49989,0.49984,0.50146
-1.51,-70.5,0.50012,0.49973,0.5015
1.51,-70.5,0,0,0
4.53,-70.5,0.50047,0.49938,0.5012
16.83,-70.5,0,0,0
45.32,-70.5,0.50045,0.49975,0.49992
49.8,-70.5,0.50003,0.50024,0.50002
54.75,-70.5,0.49937,0.50071,0.5001
60.42,-70.5,0.49937,0.50052,0.49988
67.4,-70.5,0.49964,0.49996,0.49916
-67.4,-67.5,0.49954,0.49691,0.50579
-54.75,-67.5,0,0,0
-49.8,-67.5,0.49906,0.4985,0.50427
-41.17,-67.5,0.49912,0.49883,0.50355
-37.27,-67.5,0.49936,0.49871,0.50317
-33.57,-67.5,0.49961,0.49863,0.50268
-30.02,-67.5,0.49992,0.49811,0.5021
-26.59,-67.5,0,0,0
-20.01,-67.5,0,0,0
-16.83,-67.5,0.5003,0.49819,0.50169
-13.71,-67.5,0.50028,0.49846,0.50162
-10.62,-67.5,0.49978,0.49991,0.50163
-7.56,-67.5,0.49973,0.50016,0.50151
-4.53,-67.5,0,0,0
-1.51,-67.5,0.5001,0.49981,0.50141
1.51,-67.5,0.50028,0.4997,0.50133
4.53,-67.5,0,0,0
16.83,-67.5,0,0,0
37.27,-67.5,0,0,0
45.32,-67.5,0.50067,0.49911,0.49966
49.8,-67.5,0.50006,0.50022,0.49995
54.75,-67.5,0.49949,0.5006,0.50006
60.42,-67.5,0.49948,0.50035,0.49981
67.4,-67.5,0.49967,0.49977,0.49906
-67.4,-64.5,0.49936,0.49734,0.50579
-41.17,-64.5,0.49911,0.49885,0.50345
-37.27,-64.5,0.4993,0.49892,0.50308
-33.57,-64.5,0.49949,0.49908,0.50273
-30.02,-64.5,0,0,0
-26.59,-64.5,0,0,0
-23.26,-64.5,0.50002,0.49836,0.50152
-20.01,-64.5,0,0,0
-16.83,-64.5,0.50037,0.49821,0.50173
-13.71,-64.5,0.49995,0.49982,0.50201
-10.62,-64.5,0.49983,0.50024,0.50175
-7.56,-64.5,0,0,0
-4.53,-64.5,0,0,0
-1.51,-64.5,0.50002,0.50003,0.50141
1.51,-64.5,0.50036,0.49944,0.50125
4.53,-64.5,0.50057,0.49898,0.50099
7.56,-64.5,0,0,0
13.71,-64.5,0,0,0
41.17,-64.5,0,0,0
45.32,-64.5,0.50045,0.49971,0.49972
49.8,-64.5,0.50009,0.50027,0.49994
54.75,-64.5,0.49962,0.5005,0.50001
60.42,-64.5,0.49959,0.50018,0.49972
67.4,-64.5,0.49971,0.49959,0.49895
-67.4,-61.5,0,0,0
-33.57,-61.5,0.4995,0.49906,0.50255
-30.02,-61.5,0,0,0
-26.59,-61.5,0,0,0
-23.26,-61.5,0.49955,0.49971,0.50169
-20.01,-61.5,0,0,0
-16.83,-61.5,0.49989,0.49983,0.50216
-13.71,-61.5,0.49999,0.50016,0.50217
-10.62,-61.5,0.49987,0.50064,0.50192
-7.56,-61.5,0.49972,0.5009,0.50172
-4.53,-61.5,0.49975,0.50067,0.50154
-1.51,-61.5,0.4999,0.50036,0.50146
1.51,-61.5,0.50037,0.49932,0.5012
4.53,-61.5,0.50053,0.49897,0.50097
7.56,-61.5,0,0,0
45.32,-61.5,0.50042,0.49978,0.4997
49.8,-61.5,0.50012,0.5003,0.49991
54.75,-61.5,0.49974,0.50041,0.49994
60.42,-61.5,0.49968,0.5,0.49961
67.4,-61.5,0.49974,0.49942,0.49885
-37.27,-58.5,0.49927,0.49905,0.50281
-33.57,-58.5,0.49952,0.49897,0.50231
-23.26,-58.5,0.49951,0.49969,0.50142
-20.01,-58.5,0.4996,0.49991,0.50178
-16.83,-58.5,0.49983,0.50019,0.50225
-13.71,-58.5,0.49999,0.50055,0.50232
-10.62,-58.5,0.50015,0.50033,0.50193
-7.56,-58.5,0.49977,0.50107,0.5017
-4.53,-58.5,0.49972,0.5008,0.50146
-1.51,-58.5,0.4998,0.50058,0.50144
1.51,-58.5,0.50011,0.49989,0.50122
4.53,-58.5,0.50022,0.49963,0.501
7.56,-58.5,0.50022,0.49956,0.5008
45.32,-58.5,0.50035,0.49988,0.49967
49.8,-58.5,0.50015,0.50027,0.49985
54.75,-58.5,0.49985,0.50031,0.49986
60.42,-58.5,0.49976,0.49984,0.49946
67.4,-58.5,0.49977,0.49929,0.49874
-41.17,-55.5,0,0,0
-23.26,-55.5,0.49943,0.49979,0.50124
-20.01,-55.5,0.49952,0.50002,0.50162
-16.83,-55.5,0.49979,0.50033,0.50216
-13.71,-55.5,0.50022,0.50019,0.50227
-10.62,-55.5,0.50019,0.50055,0.50194
-7.56,-55.5,0.49983,0.5011,0.50159
-4.53,-55.5,0.49973,0.50077,0.50129
-1.51,-55.5,0.49976,0.50054,0.50123
1.51,-55.5,0,0,0
4.53,-55.5,0.49993,0.50022,0.50099
7.56,-55.5,0,0,0
49.8,-55.5,0.50017,0.50025,0.49979
54.75,-55.5,0.49993,0.50019,0.49974
67.4,-55.5,0.49979,0.49918,0.49863
-41.17,-52.5,0,0,0
-33.57,-52.5,0.49946,0.49913,0.50207
-30.02,-52.5,0.49948,0.49941,0.50161
-26.59,-52.5,0.49941,0.49969,0.50123
-23.26,-52.5,0.49932,0.50002,0.50117
-20.01,-52.5,0.49962,0.49959,0.50137
-16.83,-52.5,0.4999,0.49998,0.50195
-13.71,-52.5,0.50023,0.50031,0.5022
-10.62,-52.5,0.50002,0.50127,0.50203
-7.56,-52.5,0.49986,0.50115,0.50151
-4.53,-52.5,0.49974,0.50075,0.50112
-1.51,-52.5,0.49974,0.50045,0.50101
1.51,-52.5,0.49977,0.50045,0.50105
4.53,-52.5,0.5001,0.49952,0.5007
49.8,-52.5,0.50016,0.50024,0.49975
54.75,-52.5,0.49997,0.50009,0.49962
-30.02,-49.5,0.49947,0.49939,0.50144
-26.59,-49.5,0.49937,0.49974,0.50112
-23.26,-49.5,0.49928,0.49998,0.50097
-20.01,-49.5,0.49936,0.50018,0.50127
-16.83,-49.5,0.4998,0.50014,0.50174
-13.71,-49.5,0.50007,0.50074,0.50213
-10.62,-49.5,0.50001,0.50139,0.50197
-7.56,-49.5,0.49985,0.50125,0.50146
-4.53,-49.5,0.49972,0.50078,0.50101
1.51,-49.5,0.49975,0.50031,0.50083
4.53,-49.5,0.49979,0.50024,0.50075
49.8,-49.5,0.50016,0.50014,0.49964
-23.26,-46.5,0.49943,0.49943,0.50067
-20.01,-46.5,0.49932,0.5001,0.50102
-16.83,-46.5,0.49961,0.5005,0.50159
-13.71,-46.5,0.4999,0.50114,0.50202
-10.62,-46.5,0.49998,0.50142,0.50185
-7.56,-46.5,0.49981,0.50133,0.5014
-4.53,-46.5,0.49966,0.50092,0.50099
-20.01,-43.5,0.49956,0.49937,0.5007
-16.83,-43.5,0.49997,0.49934,0.50113
-13.71,-43.5,0.50029,0.49974,0.50143
-10.62,-43.5,0.50033,0.50022,0.50143
-7.56,-43.5,0.49978,0.5013,0.50127
-4.53,-43.5,0.49965,0.50086,0.50085
67.4,-43.5,0.49977,0.49913,0.49838
-20.01,-40.5,0.49968,0.49905,0.50052
-16.83,-40.5,0.49999,0.49917,0.50084
-13.71,-40.5,0.50026,0.49958,0.50112
-10.62,-40.5,0.50025,0.50017,0.50122
-7.56,-40.5,0.4997,0.5014,0.50124
-4.53,-40.5,0.4996,0.50099,0.50085
67.4,-40.5,0.49974,0.49921,0.49837
-13.71,-37.5,0.49992,0.50032,0.50106
-10.62,-37.5,0.50011,0.50028,0.50101
-7.56,-37.5,0.4999,0.50064,0.50093
-4.53,-37.5,0.49971,0.50065,0.50072
60.42,-37.5,0.4998,0.49964,0.49886
67.4,-37.5,0.49971,0.49932,0.49837
-7.56,-34.5,0.49999,0.50019,0.50071
67.4,-34.5,0.4997,0.49933,0.4983
67.4,-31.5,0.4997,0.49933,0.49823
67.4,-28.5,0.4997,0.49935,0.49817
67.4,-25.5,0.49971,0.49938,0.49813
13.71,-16.5,0.49983,0.49912,0.50027
10.62,-13.5,0,0,0
13.71,-13.5,0.49982,0.49923,0.50038
16.83,-13.5,0.49982,0.49888,0.5002
20.01,-13.5,0.49973,0.49868,0.49995
23.26,-13.5,0.49966,0.4987,0.49982
4.53,-10.5,0.4997,0.4999,0.49995
7.56,-10.5,0.50004,0.49892,0.49999
10.62,-10.5,0.49983,0.49951,0.50037
13.71,-10.5,0.49981,0.49944,0.50052
16.83,-10.5,0.49981,0.4991,0.50035
20.01,-10.5,0.49971,0.49887,0.50007
23.26,-10.5,0.49963,0.4988,0.49987
26.59,-10.5,0.4997,0.49896,0.49987
4.53,-7.5,0.49968,0.49988,0.49988
7.56,-7.5,0.50001,0.49898,0.49998
10.62,-7.5,0.49966,0.50007,0.50059
13.71,-7.5,0.49981,0.49966,0.50064
16.83,-7.5,0.49982,0.49938,0.50051
20.01,-7.5,0.49971,0.49909,0.50018
23.26,-7.5,0.49961,0.49904,0.5
26.59,-7.5,0,0,0
30.02,-7.5,0,0,0
37.27,-7.5,0,0,0
41.17,-7.5,0.49984,0.49981,0.49946
54.75,-7.5,0,0,0
4.53,-4.5,0.49952,0.50023,0.49989
7.56,-4.5,0.49967,0.49981,0.50011
10.62,-4.5,0.49965,0.50009,0.50056
13.71,-4.5,0.4998,0.4999,0.50076
16.83,-4.5,0.49983,0.49966,0.50065
20.01,-4.5,0.49973,0.49937,0.50032
23.26,-4.5,0.4996,0.49932,0.50016
26.59,-4.5,0,0,0
30.02,-4.5,0,0,0
33.57,-4.5,0,0,0
37.27,-4.5,0,0,0
41.17,-4.5,0.49983,0.49984,0.49949
49.8,-4.5,0.49953,0.50018,0.49888
54.75,-4.5,0.49943,0.50016,0.49872
4.53,-1.5,0.4995,0.50019,0.49983
7.56,-1.5,0.49949,0.50015,0.50012
10.62,-1.5,0.49964,0.50002,0.50047
13.71,-1.5,0.49983,0.49988,0.50069
16.83,-1.5,0.49987,0.49981,0.50069
20.01,-1.5,0.49974,0.49968,0.50047
23.26,-1.5,0.4996,0.49963,0.50034
26.59,-1.5,0.49963,0.49967,0.50037
30.02,-1.5,0.49991,0.49918,0.50015
33.57,-1.5,0,0,0
37.27,-1.5,0,0,0
41.17,-1.5,0,0,0
49.8,-1.5,0.49951,0.5002,0.49887
60.42,-1.5,0,0,0
7.56,1.5,0.49946,0.5,0.5
10.62,1.5,0.49961,0.49993,0.50038
13.71,1.5,0.49982,0.49986,0.50063
16.83,1.5,0.49989,0.49988,0.50068
20.01,1.5,0.49973,0.49998,0.50063
23.26,1.5,0.49961,0.49989,0.5005
26.59,1.5,0.49965,0.4998,0.50048
30.02,1.5,0,0,0
33.57,1.5,0.49996,0.49939,0.50003
41.17,1.5,0,0,0
45.32,1.5,0,0,0
49.8,1.5,0.49952,0.50013,0.49886
1.51,4.5,0,0,0
4.53,4.5,0.49944,0.50007,0.49971
7.56,4.5,0.49939,0.5,0.49999
10.62,4.5,0.49953,0.49994,0.50037
13.71,4.5,0.49977,0.4999,0.50062
16.83,4.5,0.49985,0.49998,0.50071
20.01,4.5,0.49978,0.49992,0.50057
23.26,4.5,0.49968,0.49984,0.50048
26.59,4.5,0.49971,0.4998,0.50051
30.02,4.5,0,0,0
33.57,4.5,0.5,0.49934,0.50004
37.27,4.5,0,0,0
41.17,4.5,0,0,0
45.32,4.5,0,0,0
49.8,4.5,0,0,0
4.53,7.5,0.49964,0.49944,0.49958
7.56,7.5,0.49949,0.4995,0.49987
10.62,7.5,0.49961,0.49944,0.50023
13.71,7.5,0.49968,0.49989,0.50061
16.83,7.5,0.49979,0.50003,0.50073
20.01,7.5,0.49979,0.49984,0.50052
23.26,7.5,0.49975,0.4997,0.50041
26.59,7.5,0.49981,0.49962,0.50043
30.02,7.5,0.49995,0.49943,0.5003
33.57,7.5,0.50005,0.49924,0.5
45.32,7.5,0,0,0
49.8,7.5,0,0,0
54.75,7.5,0,0,0
60.42,7.5,0.49945,0.49978,0.49838
-16.83,10.5,0.49955,0.50028,0.49973
-4.53,10.5,0.49956,0.50087,0.49982
-1.51,10.5,0,0,0
1.51,10.5,0.49972,0.49994,0.49964
4.53,10.5,0.49983,0.4989,0.49953
7.56,10.5,0.49926,0.49999,0.50006
10.62,10.5,0.49936,0.49988,0.50037
13.71,10.5,0.49957,0.4999,0.50064
16.83,10.5,0.49974,0.49986,0.50064
20.01,10.5,0.49979,0.49968,0.50044
23.26,10.5,0,0,0
26.59,10.5,0.49991,0.49938,0.50032
30.02,10.5,0.50002,0.49927,0.50023
33.57,10.5,0,0,0
37.27,10.5,0,0,0
41.17,10.5,0,0,0
45.32,10.5,0,0,0
49.8,10.5,0,0,0
60.42,10.5,0.49944,0.49978,0.49842
-30.02,13.5,0.4993,0.49992,0.4999
-26.59,13.5,0.49941,0.49931,0.49924
-23.26,13.5,0.49951,0.49903,0.49901
-20.01,13.5,0.49926,0.50034,0.49952
-16.83,13.5,0.49981,0.49954,0.49963
-13.71,13.5,0.4998,0.49993,0.49987
-10.62,13.5,0.49954,0.50075,0.50001
-7.56,13.5,0.49949,0.50098,0.49994
-4.53,13.5,0.49952,0.5011,0.49993
-1.51,13.5,0.49959,0.50097,0.49995
1.51,13.5,0.49956,0.50062,0.49994
4.53,13.5,0.49973,0.49928,0.49975
7.56,13.5,0.49928,0.49987,0.50013
10.62,13.5,0.49926,0.49994,0.50047
13.71,13.5,0.49944,0.49996,0.50072
16.83,13.5,0.49966,0.4997,0.50058
20.01,13.5,0.49977,0.49948,0.50037
23.26,13.5,0.49987,0.49931,0.50026
26.59,13.5,0.50001,0.49918,0.50023
30.02,13.5,0,0,0
33.57,13.5,0,0,0
37.27,13.5,0,0,0
41.17,13.5,0,0,0
45.32,13.5,0,0,0
49.8,13.5,0,0,0
54.75,13.5,0.4994,0.49979,0.4987
60.42,13.5,0.49938,0.5,0.49853
-33.57,16.5,0.49949,0.49927,0.50033
-30.02,16.5,0.49925,0.50007,0.49996
-26.59,16.5,0.49901,0.50032,0.4995
-23.26,16.5,0.49909,0.5,0.49924
-20.01,16.5,0.49914,0.50048,0.49962
-16.83,16.5,0.49943,0.50055,0.5
-13.71,16.5,0.49955,0.50067,0.50019
-10.62,16.5,0.49947,0.50096,0.50018
-7.56,16.5,0.4994,0.50127,0.50011
-4.53,16.5,0.49947,0.50137,0.50009
-1.51,16.5,0.49957,0.50124,0.50015
1.51,16.5,0.49957,0.50084,0.50016
4.53,16.5,0.49958,0.49989,0.50008
7.56,16.5,0.4992,0.50014,0.50035
10.62,16.5,0.49919,0.50001,0.5006
13.71,16.5,0.49936,0.49991,0.50074
16.83,16.5,0.49959,0.4996,0.50056
20.01,16.5,0.49975,0.49934,0.50033
23.26,16.5,0.49993,0.49909,0.50017
26.59,16.5,0.50005,0.49912,0.50015
37.27,16.5,0,0,0
41.17,16.5,0,0,0
45.32,16.5,0,0,0
49.8,16.5,0,0,0
54.75,16.5,0.49941,0.49986,0.49882
60.42,16.5,0.4994,0.50005,0.49862
67.4,16.5,0.50007,0.49995,0.49818
-37.27,19.5,0,0,0
-33.57,19.5,0,0,0
-30.02,19.5,0.49916,0.50025,0.50008
-26.59,19.5,0.49888,0.50053,0.49963
-23.26,19.5,0.49879,0.50061,0.49948
-20.01,19.5,0.499,0.50066,0.49979
-16.83,19.5,0.49932,0.50071,0.5002
-13.71,19.5,0.49946,0.50085,0.5004
-10.62,19.5,0.49938,0.5012,0.50038
-7.56,19.5,0.49931,0.50155,0.5003
-4.53,19.5,0.49942,0.50163,0.50026
-1.51,19.5,0.49956,0.50149,0.50037
1.51,19.5,0.49959,0.50105,0.50042
4.53,19.5,0.49942,0.50061,0.50047
7.56,19.5,0.49921,0.5003,0.50059
10.62,19.5,0.49915,0.50015,0.50078
13.71,19.5,0.4993,0.49988,0.50078
16.83,19.5,0.49952,0.49956,0.50058
20.01,19.5,0.49974,0.49927,0.50034
23.26,19.5,0.49999,0.49899,0.50014
26.59,19.5,0,0,0
37.27,19.5,0,0,0
41.17,19.5,0,0,0
45.32,19.5,0,0,0
49.8,19.5,0.49988,0.49945,0.49884
54.75,19.5,0.49946,0.49992,0.49893
60.42,19.5,0.49945,0.50009,0.4987
67.4,19.5,0.50027,0.49967,0.49816
-33.57,22.5,0.49954,0.49904,0.50033
-30.02,22.5,0.49909,0.50027,0.50012
-26.59,22.5,0.49877,0.50059,0.49972
-23.26,22.5,0.49866,0.50066,0.49959
-20.01,22.5,0.49887,0.50074,0.49994
-16.83,22.5,0.49919,0.50086,0.50042
-13.71,22.5,0.49935,0.50103,0.50061
-10.62,22.5,0.49929,0.50143,0.50058
-7.56,22.5,0.49923,0.50181,0.50049
-4.53,22.5,0.49936,0.50189,0.50046
-1.51,22.5,0.49956,0.50168,0.50058
1.51,22.5,0.49962,0.50125,0.5007
4.53,22.5,0.49947,0.50079,0.50076
7.56,22.5,0.49925,0.50048,0.50086
10.62,22.5,0.49918,0.5002,0.5009
13.71,22.5,0.49929,0.49991,0.50085
16.83,22.5,0.4995,0.49958,0.50063
20.01,22.5,0.49975,0.49927,0.50036
23.26,22.5,0.50005,0.49897,0.50016
26.59,22.5,0.50028,0.49879,0.50006
30.02,22.5,0,0,0
33.57,22.5,0,0,0
37.27,22.5,0,0,0
41.17,22.5,0,0,0
45.32,22.5,0,0,0
49.8,22.5,0.5,0.49936,0.49883
54.75,22.5,0.49955,0.49994,0.49901
60.42,22.5,0.49952,0.50014,0.49879
67.4,22.5,0.50029,0.49987,0.49825
-33.57,25.5,0.49947,0.49906,0.50029
-30.02,25.5,0.49927,0.49948,0.49991
-26.59,25.5,0.49874,0.50034,0.49965
-23.26,25.5,0.49861,0.50041,0.49954
-20.01,25.5,0.49882,0.50046,0.49988
-16.83,25.5,0.49915,0.50059,0.50037
-13.71,25.5,0.49928,0.50102,0.5007
-10.62,25.5,0.49947,0.50076,0.50049
-7.56,25.5,0.49951,0.50091,0.50026
-4.53,25.5,0.49979,0.50063,0.50014
-1.51,25.5,0.49985,0.50088,0.50038
1.51,25.5,0.49975,0.50101,0.50069
4.53,25.5,0.4996,0.50065,0.50085
7.56,25.5,0.49939,0.50033,0.50089
10.62,25.5,0.49963,0.49908,0.50064
13.71,25.5,0.49952,0.49934,0.50068
16.83,25.5,0.49953,0.49961,0.50065
20.01,25.5,0.49979,0.49938,0.50044
23.26,25.5,0.50012,0.49904,0.5002
26.59,25.5,0.50038,0.49871,0.50001
33.57,25.5,0,0,0
37.27,25.5,0,0,0
41.17,25.5,0,0,0
45.32,25.5,0,0,0
49.8,25.5,0,0,0
54.75,25.5,0.4997,0.4999,0.49903
60.42,25.5,0.49965,0.50003,0.49874
67.4,25.5,0.50033,0.49997,0.4983
-30.02,28.5,0.49913,0.4996,0.49993
-26.59,28.5,0.49886,0.49969,0.49952
-23.26,28.5,0.49858,0.50019,0.49955
-20.01,28.5,0.49877,0.50019,0.49985
-16.83,28.5,0.49909,0.50036,0.50033
-13.71,28.5,0.49924,0.50081,0.50064
-10.62,28.5,0.49968,0.49995,0.50026
-7.56,28.5,0.49972,0.50017,0.50004
-4.53,28.5,0.49993,0.50013,0.49998
-1.51,28.5,0.50021,0.49985,0.50014
1.51,28.5,0.50022,0.49977,0.50044
4.53,28.5,0.49977,0.5004,0.50085
7.56,28.5,0.49957,0.50011,0.50086
10.62,28.5,0.49976,0.49898,0.50059
13.71,28.5,0.49957,0.49944,0.50065
16.83,28.5,0.49966,0.49947,0.50052
20.01,28.5,0.49993,0.49925,0.50031
23.26,28.5,0.50025,0.49896,0.50012
26.59,28.5,0.50048,0.49868,0.49998
37.27,28.5,0,0,0
45.32,28.5,0.50023,0.49924,0.49908
49.8,28.5,0.50026,0.49929,0.49887
54.75,28.5,0.49987,0.4999,0.49905
60.42,28.5,0.4998,0.49992,0.49867
67.4,28.5,0.50029,0.50027,0.49835
-23.26,31.5,0.49858,0.49996,0.49958
-20.01,31.5,0.49875,0.49996,0.49984
-16.83,31.5,0.49934,0.49931,0.50009
-13.71,31.5,0.49949,0.4998,0.50039
-10.62,31.5,0.49969,0.49973,0.50017
-7.56,31.5,0.49978,0.49989,0.49993
-4.53,31.5,0.50002,0.49981,0.49988
-1.51,31.5,0.5003,0.49954,0.50007
1.51,31.5,0.50039,0.49932,0.50037
4.53,31.5,0.49993,0.50014,0.50081
7.56,31.5,0.49975,0.49987,0.50079
10.62,31.5,0.49963,0.49971,0.50072
13.71,31.5,0.49965,0.49959,0.50062
16.83,31.5,0.49982,0.49938,0.5004
20.01,31.5,0.50009,0.49919,0.5002
23.26,31.5,0,0,0
30.02,31.5,0,0,0
37.27,31.5,0,0,0
45.32,31.5,0,0,0
49.8,31.5,0.5004,0.49929,0.49888
54.75,31.5,0.50004,0.49995,0.49908
60.42,31.5,0.49997,0.49983,0.49859
67.4,31.5,0.50027,0.50047,0.49833
-20.01,34.5,0.49872,0.49983,0.49987
-16.83,34.5,0.4992,0.49944,0.50013
-13.71,34.5,0.49943,0.4997,0.50028
-10.62,34.5,0.49944,0.50027,0.50023
-7.56,34.5,0.49964,0.50019,0.49998
-4.53,34.5,0.49978,0.50039,0.49999
-1.51,34.5,0.50017,0.49981,0.50012
1.51,34.5,0.50033,0.49953,0.50043
4.53,34.5,0.50016,0.49965,0.50069
7.56,34.5,0.50016,0.49896,0.50052
10.62,34.5,0.50011,0.49869,0.50041
13.71,34.5,0.49982,0.49947,0.50048
16.83,34.5,0.49999,0.49934,0.50029
23.26,34.5,0,0,0
26.59,34.5,0.50094,0.49783,0.49974
37.27,34.5,0,0,0
49.8,34.5,0.50054,0.4993,0.49888
54.75,34.5,0.50021,0.5,0.49907
60.42,34.5,0.50013,0.4998,0.4985
67.4,34.5,0.50032,0.50044,0.49825
-26.59,37.5,0,0,0
-16.83,37.5,0.49898,0.49989,0.5002
-13.71,37.5,0.49921,0.5001,0.50027
-10.62,37.5,0,0,0
-7.56,37.5,0.49945,0.50065,0.50009
-1.51,37.5,0,0,0
1.51,37.5,0.5002,0.49989,0.50049
4.53,37.5,0.50018,0.4997,0.50068
7.56,37.5,0,0,0
10.62,37.5,0,0,0
20.01,37.5,0.5007,0.49836,0.4999
23.26,37.5,0.50101,0.49787,0.49978
26.59,37.5,0.50101,0.4978,0.49979
30.02,37.5,0.50061,0.49828,0.49986
37.27,37.5,0,0,0
41.17,37.5,0,0,0
49.8,37.5,0.50065,0.49932,0.49888
54.75,37.5,0.50038,0.50003,0.49902
60.42,37.5,0.50029,0.4998,0.49841
67.4,37.5,0.50038,0.50036,0.49811
-4.53,40.5,0,0,0
1.51,40.5,0.50023,0.49981,0.50047
4.53,40.5,0.50022,0.4997,0.50066
10.62,40.5,0,0,0
13.71,40.5,0,0,0
16.83,40.5,0.50032,0.4994,0.50029
20.01,40.5,0.50084,0.49837,0.49997
23.26,40.5,0.50082,0.49858,0.49988
26.59,40.5,0.50065,0.49877,0.49993
30.02,40.5,0,0,0
33.57,40.5,0,0,0
37.27,40.5,0,0,0
49.8,40.5,0.50075,0.49933,0.49884
54.75,40.5,0.50054,0.50004,0.49893
60.42,40.5,0.50044,0.49982,0.49829
67.4,40.5,0.50045,0.50023,0.49791
-26.59,43.5,0.49881,0.49925,0.5
-23.26,43.5,0.49873,0.49924,0.49994
1.51,43.5,0.50023,0.49975,0.5004
4.53,43.5,0.50025,0.49967,0.50058
10.62,43.5,0.50024,0.49931,0.5004
13.71,43.5,0.50016,0.49966,0.50037
16.83,43.5,0.50027,0.49988,0.5004
20.01,43.5,0.50045,0.49966,0.50023
23.26,43.5,0.50057,0.49932,0.50002
30.02,43.5,0,0,0
33.57,43.5,0.50041,0.498,0.49968
37.27,43.5,0.50046,0.49772,0.49942
41.17,43.5,0,0,0
49.8,43.5,0.50083,0.4993,0.49877
54.75,43.5,0.50067,0.50004,0.49881
60.42,43.5,0.50057,0.49988,0.49819
-67.4,46.5,0.49812,0.49899,0.50298
-23.26,46.5,0.49866,0.49948,0.50004
-20.01,46.5,0.49895,0.49914,0.50001
10.62,46.5,0,0,0
16.83,46.5,0.50033,0.49979,0.50029
30.02,46.5,0.50026,0.49888,0.50001
33.57,46.5,0,0,0
37.27,46.5,0.50029,0.49803,0.49948
49.8,46.5,0.50085,0.49932,0.49872
54.75,46.5,0.50075,0.50004,0.49869
60.42,46.5,0.50067,0.49995,0.49808
-67.4,49.5,0.4982,0.49887,0.50292
7.56,49.5,0,0,0
23.26,49.5,0,0,0
30.02,49.5,0.50015,0.49901,0.50007
33.57,49.5,0,0,0
49.8,49.5,0.50085,0.49933,0.49867
54.75,49.5,0,0,0
60.42,49.5,0.50076,0.50002,0.49796
-67.4,52.5,0.49828,0.4988,0.50282
13.71,52.5,0,0,0
16.83,52.5,0,0,0
20.01,52.5,0,0,0
30.02,52.5,0.50026,0.49846,0.49992
33.57,52.5,0,0,0
49.8,52.5,0.5008,0.49935,0.49862
54.75,52.5,0,0,0
60.42,52.5,0.50081,0.50007,0.49784
16.83,55.5,0,0,0
26.59,55.5,0,0,0
30.02,55.5,0.49995,0.49917,0.50011
33.57,55.5,0.4998,0.49908,0.49998
37.27,55.5,0.5001,0.49819,0.49943
45.32,55.5,0,0,0
49.8,55.5,0.50081,0.49915,0.49855
54.75,55.5,0.50096,0.49962,0.49825
60.42,55.5,0.50085,0.50009,0.49772
26.59,58.5,0.50015,0.49912,0.4999
30.02,58.5,0.49985,0.49933,0.50011
33.57,58.5,0.49997,0.4985,0.49983
37.27,58.5,0.49976,0.49912,0.4996
45.32,58.5,0.50031,0.49911,0.49888
49.8,58.5,0,0,0
54.75,58.5,0.50087,0.49981,0.49823
60.42,58.5,0.50098,0.49971,0.49754
67.4,58.5,0.50057,0.49999,0.497
26.59,61.5,0.50031,0.49855,0.49973
30.02,61.5,0.50003,0.49874,0.49991
33.57,61.5,0.49974,0.49915,0.49992
37.27,61.5,0.49976,0.49917,0.49958
45.32,61.5,0.50025,0.49917,0.49893
49.8,61.5,0.50049,0.49956,0.4986
54.75,61.5,0.50075,0.49995,0.49825
60.42,61.5,0.50092,0.49982,0.49752
67.4,61.5,0.50055,0.50005,0.49693
20.01,64.5,0,0,0
26.59,64.5,0.50023,0.49866,0.49967
30.02,64.5,0.49988,0.49914,0.49988
33.57,64.5,0.4999,0.49882,0.49976
37.27,64.5,0.49972,0.49945,0.49962
41.17,64.5,0.49997,0.49928,0.49925
45.32,64.5,0.50016,0.49936,0.49901
49.8,64.5,0.50037,0.49965,0.49863
54.75,64.5,0.50052,0.50032,0.49834
60.42,64.5,0.50074,0.5002,0.49761
67.4,64.5,0.50055,0.50002,0.49682
20.01,67.5,0.50026,0.49937,0.49993
23.26,67.5,0.50021,0.49918,0.49981
26.59,67.5,0.50039,0.49821,0.49952
30.02,67.5,0.50004,0.49874,0.49967
33.57,67.5,0,0,0
37.27,67.5,0.4998,0.49947,0.4996
41.17,67.5,0,0,0
45.32,67.5,0.50009,0.49953,0.49906
49.8,67.5,0.50025,0.49976,0.49869
54.75,67.5,0.50038,0.50041,0.49842
60.42,67.5,0.50064,0.50028,0.49768
67.4,67.5,0.50055,0.49999,0.49674
10.62,70.5,0.50042,0.49956,0.4997
13.71,70.5,0,0,0
20.01,70.5,0.50024,0.49935,0.49992
23.26,70.5,0.50017,0.49933,0.4999
26.59,70.5,0.5,0.49939,0.4998
30.02,70.5,0.50034,0.49803,0.49944
33.57,70.5,0.50019,0.49841,0.49953
37.27,70.5,0.49989,0.49945,0.49956
41.17,70.5,0.4999,0.49977,0.49939
45.32,70.5,0.50004,0.49969,0.49911
49.8,70.5,0.50013,0.4999,0.49878
54.75,70.5,0.50022,0.50051,0.49854
60.42,70.5,0.50053,0.50038,0.4978
67.4,70.5,0.50055,0.49997,0.49668
4.53,73.5,0,0,0
7.56,73.5,0,0,0
10.62,73.5,0.50013,0.50047,0.4999
13.71,73.5,0.50025,0.49983,0.49986
16.83,73.5,0.50015,0.49977,0.49998
20.01,73.5,0.50021,0.49941,0.49996
23.26,73.5,0.50016,0.4994,0.49994
26.59,73.5,0.50043,0.49832,0.49958
30.02,73.5,0.50035,0.49816,0.49944
33.57,73.5,0.50022,0.49855,0.4995
37.27,73.5,0.50013,0.49903,0.49945
41.17,73.5,0,0,0
45.32,73.5,0.50001,0.49985,0.49917
49.8,73.5,0.50004,0.50004,0.49889
54.75,73.5,0.50006,0.50063,0.49871
60.42,73.5,0.50042,0.50042,0.4979
67.4,73.5,0.50055,0.49997,0.49667
-67.4,76.5,0,0,0
7.56,76.5,0,0,0
10.62,76.5,0.50016,0.50033,0.49971
13.71,76.5,0.50008,0.50032,0.49993
16.83,76.5,0.50008,0.50001,0.50011
20.01,76.5,0.50016,0.4996,0.50009
23.26,76.5,0.50038,0.49884,0.49985
26.59,76.5,0,0,0
30.02,76.5,0.50037,0.49831,0.49948
33.57,76.5,0.50023,0.49869,0.49952
37.27,76.5,0.49983,0.50007,0.4997
41.17,76.5,0.49987,0.50019,0.49952
45.32,76.5,0,0,0
49.8,76.5,0,0,0
54.75,76.5,0.49993,0.5007,0.49885
60.42,76.5,0.50031,0.50047,0.49803
67.4,76.5,0.50055,0.50003,0.49671
-67.4,79.5,0,0,0
10.62,79.5,0.50012,0.50042,0.49962
13.71,79.5,0.50011,0.50019,0.49977
16.83,79.5,0.50009,0.49995,0.50002
20.01,79.5,0.50014,0.4997,0.50013
23.26,79.5,0.50068,0.49815,0.49974
26.59,79.5,0.50059,0.49819,0.4996
30.02,79.5,0.50038,0.49847,0.49956
33.57,79.5,0.50024,0.49882,0.49958
37.27,79.5,0.49982,0.50023,0.49977
41.17,79.5,0.50004,0.49984,0.49947
45.32,79.5,0.49999,0.50014,0.49931
49.8,79.5,0.49991,0.50031,0.49914
54.75,79.5,0.49982,0.50074,0.49898
60.42,79.5,0.5002,0.50053,0.49819
67.4,79.5,0.50055,0.50007,0.49677
13.71,82.5,0.50015,0.50004,0.49961
16.83,82.5,0.50013,0.4998,0.49985
20.01,82.5,0.50018,0.49962,0.50001
23.26,82.5,0.50078,0.49793,0.49958
26.59,82.5,0.50068,0.49803,0.49946
30.02,82.5,0.50046,0.49833,0.49946
33.57,82.5,0.50026,0.4988,0.49958
37.27,82.5,0.4998,0.50036,0.49986
41.17,82.5,0,0,0
45.32,82.5,0.49999,0.50026,0.49939
49.8,82.5,0.49988,0.50044,0.49927
54.75,82.5,0.49973,0.5008,0.49911
60.42,82.5,0,0,0
67.4,82.5,0.50054,0.50014,0.49687
16.83,85.5,0.50016,0.49976,0.49971
20.01,85.5,0.50024,0.4995,0.49982
23.26,85.5,0.50085,0.49782,0.49942
26.59,85.5,0.50075,0.49793,0.49934
30.02,85.5,0,0,0
33.57,85.5,0.50028,0.49867,0.49953
37.27,85.5,0.49993,0.49993,0.49982
41.17,85.5,0.5,0.5001,0.49964
45.32,85.5,0,0,0
49.8,85.5,0.49988,0.50053,0.49938
54.75,85.5,0.49967,0.50086,0.49923
60.42,85.5,0.5,0.50071,0.49851
67.4,85.5,0.50053,0.50024,0.49699
20.01,88.5,0.50029,0.49942,0.4996
23.26,88.5,0.50089,0.49782,0.49927
26.59,88.5,0.50079,0.49792,0.49926
30.02,88.5,0.50053,0.49818,0.49935
33.57,88.5,0.50028,0.49858,0.49952
37.27,88.5,0,0,0
41.17,88.5,0,0,0
45.32,88.5,0.50021,0.49989,0.49942
49.8,88.5,0.49995,0.50048,0.49945
54.75,88.5,0.49963,0.50092,0.49932
60.42,88.5,0.49991,0.50078,0.49865
67.4,88.5,0.50051,0.50034,0.49713
16.83,91.5,0.50044,0.49915,0.4993
20.01,91.5,0,0,0
23.26,91.5,0,0,0
26.59,91.5,0.50079,0.49802,0.4992
30.02,91.5,0.50054,0.49821,0.49933
33.57,91.5,0.50025,0.49856,0.49954
37.27,91.5,0.50013,0.49905,0.49963
41.17,91.5,0.49999,0.50008,0.49975
45.32,91.5,0.50006,0.50044,0.49961
49.8,91.5,0.4999,0.50074,0.49954
54.75,91.5,0.49971,0.5007,0.49929
60.42,91.5,0.49985,0.50086,0.49873
67.4,91.5,0.50048,0.50046,0.49727
-67.4,94.5,0.4992,0.49916,0.50186
16.83,94.5,0.50022,0.49988,0.49928
20.01,94.5,0.50072,0.49857,0.49916
23.26,94.5,0.50087,0.49821,0.49915
26.59,94.5,0,0,0
30.02,94.5,0.50051,0.49832,0.49933
33.57,94.5,0.50004,0.49907,0.49968
37.27,94.5,0.5,0.49928,0.49969
41.17,94.5,0,0,0
45.32,94.5,0.50017,0.50013,0.49948
49.8,94.5,0.49992,0.50078,0.49955
54.75,94.5,0.4996,0.50101,0.49935
60.42,94.5,0.4998,0.50092,0.49877
67.4,94.5,0.50046,0.50054,0.49738
-67.4,97.5,0.49934,0.49901,0.50177
10.62,97.5,0,0,0
13.71,97.5,0.5002,0.50014,0.49908
16.83,97.5,0.50021,0.50006,0.4992
20.01,97.5,0,0,0
23.26,97.5,0.50086,0.49837,0.49903
26.59,97.5,0,0,0
30.02,97.5,0,0,0
33.57,97.5,0.50007,0.49893,0.49962
37.27,97.5,0.4998,0.49964,0.49968
41.17,97.5,0.49982,0.50018,0.49956
45.32,97.5,0.50026,0.49977,0.49931
49.8,97.5,0.50024,0.49994,0.4993
54.75,97.5,0.49961,0.50105,0.4993
60.42,97.5,0.49977,0.50094,0.49873
67.4,97.5,0.50044,0.50055,0.49742
-67.4,100.5,0.4994,0.49913,0.50176
1.51,100.5,0.50038,0.50014,0.49902
4.53,100.5,0,0,0
7.56,100.5,0,0,0
10.62,100.5,0,0,0
13.71,100.5,0,0,0
16.83,100.5,0,0,0
20.01,100.5,0.50073,0.49881,0.49877
23.26,100.5,0,0,0
26.59,100.5,0,0,0
30.02,100.5,0,0,0
33.57,100.5,0.49994,0.49923,0.49958
37.27,100.5,0,0,0
41.17,100.5,0,0,0
45.32,100.5,0.50006,0.5002,0.49931
49.8,100.5,0.50023,0.49996,0.49919
54.75,100.5,0.49963,0.50102,0.49917
60.42,100.5,0.49977,0.5009,0.49861
67.4,100.5,0.50041,0.50058,0.49744
-67.4,103.5,0.4995,0.49918,0.50174
-1.51,103.5,0,0,0
1.51,103.5,0.50036,0.50022,0.49898
4.53,103.5,0,0,0
7.56,103.5,0,0,0
10.62,103.5,0,0,0
13.71,103.5,0.5002,0.50028,0.49887
16.83,103.5,0.50027,0.50005,0.49877
20.01,103.5,0.50037,0.49988,0.49871
23.26,103.5,0,0,0
26.59,103.5,0,0,0
30.02,103.5,0,0,0
33.57,103.5,0.49993,0.49924,0.49939
37.27,103.5,0,0,0
41.17,103.5,0,0,0
45.32,103.5,0.50003,0.50012,0.49918
49.8,103.5,0.50009,0.5003,0.49913
54.75,103.5,0.49965,0.50098,0.49899
60.42,103.5,0.49978,0.50086,0.49844
67.4,103.5,0.50037,0.50062,0.49744
-67.4,106.5,0.49956,0.49936,0.50177
-1.51,106.5,0,0,0
1.51,106.5,0,0,0
7.56,106.5,0,0,0
10.62,106.5,0.50024,0.5002,0.49866
13.71,106.5,0,0,0
20.01,106.5,0.50038,0.49994,0.49852
23.26,106.5,0,0,0
26.59,106.5,0,0,0
30.02,106.5,0,0,0
33.57,106.5,0.50005,0.49889,0.49906
37.27,106.5,0.49962,0.49966,0.49913
41.17,106.5,0.49982,0.49947,0.49895
45.32,106.5,0.49997,0.50008,0.49905
49.8,106.5,0.50003,0.50035,0.499
54.75,106.5,0,0,0
60.42,106.5,0,0,0
67.4,106.5,0.50032,0.50067,0.4974
-67.4,109.5,0.49967,0.49943,0.50177
-4.53,109.5,0,0,0
-1.51,109.5,0.50017,0.50031,0.49896
10.62,109.5,0,0,0
20.01,109.5,0.50031,0.50021,0.49843
23.26,109.5,0,0,0
26.59,109.5,0,0,0
30.02,109.5,0.50003,0.50011,0.49892
33.57,109.5,0.50004,0.49898,0.4988
37.27,109.5,0.49987,0.49884,0.4987
41.17,109.5,0.4999,0.49905,0.49867
45.32,109.5,0.49989,0.50008,0.49892
49.8,109.5,0.50002,0.50019,0.49879
54.75,109.5,0.49981,0.50044,0.49843
60.42,109.5,0,0,0
67.4,109.5,0.50028,0.50071,0.49732
-67.4,112.5,0.49978,0.49951,0.50177
-41.17,112.5,0.49961,0.49864,0.50051
-37.27,112.5,0.49945,0.49891,0.50054
-33.57,112.5,0.49935,0.49922,0.50062
-7.56,112.5,0.49981,0.50015,0.49904
-4.53,112.5,0,0,0
-1.51,112.5,0.50012,0.50033,0.49887
4.53,112.5,0,0,0
23.26,112.5,0.50043,0.49997,0.49819
26.59,112.5,0.50032,0.50004,0.49839
30.02,112.5,0.50008,0.50005,0.49864
33.57,112.5,0.49978,0.49981,0.49868
37.27,112.5,0.49981,0.49897,0.49847
41.17,112.5,0.49973,0.4994,0.49856
45.32,112.5,0.4998,0.50011,0.49878
49.8,112.5,0.49994,0.50025,0.49862
54.75,112.5,0.49977,0.50046,0.49819
60.42,112.5,0.49979,0.50073,0.49783
67.4,112.5,0.50023,0.50076,0.4972
-67.4,115.5,0.49988,0.49958,0.50175
-41.17,115.5,0.4996,0.4988,0.50052
-37.27,115.5,0.49941,0.49917,0.50058
-33.57,115.5,0.49932,0.49947,0.50067
-30.02,115.5,0.49945,0.49952,0.50048
-1.51,115.5,0,0,0
1.51,115.5,0.50023,0.5,0.49855
4.53,115.5,0,0,0
7.56,115.5,0,0,0
23.26,115.5,0.50044,0.49995,0.49799
26.59,115.5,0,0,0
30.02,115.5,0,0,0
33.57,115.5,0.49984,0.49972,0.49836
37.27,115.5,0.49955,0.49976,0.49839
41.17,115.5,0.4996,0.49969,0.49843
45.32,115.5,0.49984,0.4998,0.49854
49.8,115.5,0.49985,0.5003,0.49845
54.75,115.5,0.49982,0.50023,0.49791
60.42,115.5,0.49981,0.50065,0.49759
67.4,115.5,0.50018,0.50081,0.49706
-67.4,118.5,0.49996,0.49965,0.50171
-41.17,118.5,0.49962,0.4988,0.50038
-37.27,118.5,0.49942,0.49922,0.50039
-33.57,118.5,0.49931,0.49969,0.50061
-30.02,118.5,0.49948,0.49967,0.50044
1.51,118.5,0,0,0
4.53,118.5,0,0,0
7.56,118.5,0,0,0
26.59,118.5,0.50037,0.49987,0.49788
30.02,118.5,0.50017,0.49983,0.49802
33.57,118.5,0,0,0
37.27,118.5,0.49959,0.49976,0.49815
41.17,118.5,0.49948,0.5,0.4983
45.32,118.5,0.49966,0.50012,0.49842
49.8,118.5,0.5,0.49968,0.49812
54.75,118.5,0.49974,0.50038,0.49774
60.42,118.5,0.49984,0.50052,0.49733
67.4,118.5,0.50012,0.50088,0.49689
-67.4,121.5,0.50004,0.49971,0.50164
-41.17,121.5,0.49959,0.49892,0.50024
-37.27,121.5,0.49943,0.4993,0.50017
-33.57,121.5,0.49932,0.49995,0.5005
-30.02,121.5,0.4995,0.49998,0.50043
-26.59,121.5,0.49966,0.49994,0.50009
-4.53,121.5,0.49974,0.50042,0.49871
10.62,121.5,0,0,0
16.83,121.5,0,0,0
26.59,121.5,0,0,0
30.02,121.5,0,0,0
33.57,121.5,0,0,0
37.27,121.5,0,0,0
41.17,121.5,0.4995,0.5,0.49809
45.32,121.5,0.49963,0.5001,0.4982
49.8,121.5,0.49975,0.50025,0.49807
54.75,121.5,0.49975,0.50029,0.49754
60.42,121.5,0.49987,0.50042,0.49711
67.4,121.5,0.50017,0.50068,0.49663
-67.4,124.5,0.5001,0.49976,0.50156
-37.27,124.5,0.49944,0.49948,0.49999
-33.57,124.5,0.49937,0.50015,0.5003
-30.02,124.5,0.49955,0.50033,0.50039
-26.59,124.5,0.4997,0.50019,0.50008
-1.51,124.5,0,0,0
30.02,124.5,0,0,0
41.17,124.5,0.49954,0.49993,0.49785
45.32,124.5,0.49961,0.50006,0.49797
49.8,124.5,0.4997,0.50026,0.4979
54.75,124.5,0.49976,0.50021,0.49737
60.42,124.5,0.4999,0.50035,0.49691
67.4,124.5,0.50011,0.50076,0.49641
-67.4,127.5,0.50018,0.49968,0.50142
-37.27,127.5,0.49946,0.49968,0.49982
-33.57,127.5,0.49946,0.50034,0.50008
-30.02,127.5,0.49964,0.50058,0.50024
-26.59,127.5,0.49979,0.5003,0.49992
-1.51,127.5,0,0,0
7.56,127.5,0,0,0
37.27,127.5,0,0,0
41.17,127.5,0,0,0
45.32,127.5,0,0,0
49.8,127.5,0,0,0
54.75,127.5,0,0,0
60.42,127.5,0,0,0
67.4,127.5,0.49999,0.50102,0.49622
-67.4,130.5,0.5002,0.4997,0.5013
-37.27,130.5,0.4995,0.49992,0.4997
-33.57,130.5,0.49957,0.50054,0.49989
-30.02,130.5,0.49975,0.50076,0.50005
-26.59,130.5,0.49986,0.5005,0.49981
-23.26,130.5,0.49974,0.50031,0.49951
-13.71,130.5,0,0,0
1.51,130.5,0.49978,0.50016,0.49812
4.53,130.5,0,0,0
7.56,130.5,0,0,0
33.57,130.5,0.49993,0.49997,0.49736
37.27,130.5,0,0,0
45.32,130.5,0.49961,0.50006,0.49757
49.8,130.5,0,0,0
54.75,130.5,0.5001,0.49919,0.49684
60.42,130.5,0.49995,0.50025,0.49656
67.4,130.5,0,0,0
-67.4,133.5,0.5002,0.49972,0.50117
-41.17,133.5,0.4996,0.49939,0.49995
-37.27,133.5,0.49957,0.50011,0.49961
-33.57,133.5,0.49971,0.5007,0.49972
-30.02,133.5,0.49991,0.50074,0.49975
-26.59,133.5,0.49997,0.50046,0.49955
-23.26,133.5,0.49979,0.50033,0.49936
1.51,133.5,0.49979,0.49999,0.49797
4.53,133.5,0,0,0
7.56,133.5,0,0,0
33.57,133.5,0.49992,0.50004,0.49723
41.17,133.5,0,0,0
45.32,133.5,0,0,0
49.8,133.5,0.4997,0.50004,0.49721
54.75,133.5,0.49986,0.49984,0.49682
60.42,133.5,0.50009,0.49986,0.4963
67.4,133.5,0.49992,0.50102,0.49566
-67.4,136.5,0.50019,0.49972,0.50105
-41.17,136.5,0.49961,0.49955,0.49996
-37.27,136.5,0.49966,0.50032,0.49958
-33.57,136.5,0,0,0
-30.02,136.5,0.50006,0.50071,0.49949
-26.59,136.5,0.50006,0.50045,0.49932
4.53,136.5,0,0,0
37.27,136.5,0,0,0
41.17,136.5,0,0,0
49.8,136.5,0,0,0
54.75,136.5,0.49981,0.49995,0.49666
60.42,136.5,0.5002,0.49952,0.49604
67.4,136.5,0,0,0
-67.4,139.5,0.50017,0.49971,0.50094
-41.17,139.5,0.49969,0.49949,0.49985
-37.27,139.5,0.49981,0.50025,0.49943
-33.57,139.5,0.50001,0.50085,0.49943
-30.02,139.5,0,0,0
-26.59,139.5,0.50013,0.50039,0.49911
-13.71,139.5,0.49937,0.50022,0.49864
41.17,139.5,0,0,0
45.32,139.5,0,0,0
60.42,139.5,0.50019,0.49951,0.49586
67.4,139.5,0.49983,0.50099,0.49507
-67.4,142.5,0.50013,0.4997,0.50086
-41.17,142.5,0,0,0
-37.27,142.5,0.49994,0.50021,0.49936
-33.57,142.5,0.50018,0.50065,0.49919
-30.02,142.5,0.50026,0.5006,0.49909
-26.59,142.5,0.50014,0.50045,0.49902
-10.62,142.5,0,0,0
45.32,142.5,0,0,0
49.8,142.5,0,0,0
54.75,142.5,0,0,0
60.42,142.5,0,0,0
67.4,142.5,0.49977,0.50099,0.49479
-67.4,145.5,0.50005,0.4998,0.50083
-45.32,145.5,0.49967,0.4992,0.50052
-41.17,145.5,0,0,0
-37.27,145.5,0.50003,0.50024,0.49937
-33.57,145.5,0.50031,0.50043,0.499
-30.02,145.5,0.50034,0.50041,0.49888
-16.83,145.5,0.49954,0.49991,0.49854
-10.62,145.5,0,0,0
7.56,145.5,0,0,0
60.42,145.5,0.50003,0.49979,0.49556
67.4,145.5,0.49968,0.501,0.49455
-67.4,148.5,0.50003,0.49972,0.50075
-49.8,148.5,0.49969,0.49911,0.50074
-45.32,148.5,0.49969,0.49922,0.50049
-41.17,148.5,0,0,0
-37.27,148.5,0.50012,0.50007,0.49928
-33.57,148.5,0.50039,0.5002,0.49885
-13.71,148.5,0,0,0
60.42,148.5,0.49991,0.50002,0.49541
67.4,148.5,0.4996,0.50096,0.49429
-41.17,151.5,0,0,0
-37.27,151.5,0.50019,0.49985,0.49915
-33.57,151.5,0.50041,0.5,0.49874
60.42,151.5,0.49978,0.50017,0.49518
67.4,151.5,0,0,0
67.4,154.5,0,0,0
-1.51,157.5,0,0,0
54.75,157.5,0,0,0
60.42,157.5,0,0,0
67.4,157.5,0.4994,0.50051,0.49349
67.4,160.5,0.4992,0.50076,0.49333
-1.51,163.5,0,0,0
67.4,163.5,0.49915,0.50059,0.49311
60.42,166.5,0,0,0
67.4,166.5,0.49926,0.49999,0.4928
-7.56,169.5,0,0,0
67.4,169.5,0.499,0.50051,0.4928
67.4,172.5,0.4991,0.50011,0.49264
-45.32,175.5,0,0,0
67.4,175.5,0.49908,0.50013,0.49259
-49.8,178.5,0.49981,0.49903,0.50003
-45.32,178.5,0,0,0
-41.17,178.5,0,0,0
-23.26,178.5,0.49955,0.50034,0.4983
67.4,178.5,0.49901,0.50041,0.49265
